channel1, channel2, channel3, channel4, channel5, channel6, channel7, channel8, channel9, channel10, channel11, channel12, channel13, channel14, channel15, channel16, channel17, channel18, channel19, channel20, channel21, channel22, channel23, channel24, channel25, channel26, channel27, channel28, channel29, channel30, channel31, channel32, channel33, channel34, channel35, channel36, channel37, channel38, channel39, channel40, channel41, channel42, channel43, channel44, channel45, channel46, channel47, channel48, channel49, channel50, channel51, channel52, channel53, channel54, channel55, channel56, channel57, channel58, channel59, channel60, channel61, channel62, channel63, channel64, channel65, channel66, channel67, channel68, channel69, channel70, channel71, channel72, channel73, channel74, channel75, channel76, channel77, channel78, channel79, channel80, channel81, channel82, channel83, channel84, dts
       0,        0,        0,        0,        0,        0,        0,        0,        0,         0,         0,         0,         0,         0,         0,         0,         0,         0,         0,         0,         0,         0,         0,         0,         0,         0,         0,         0,         0,         0,         0,         0,         0,         0,         0,         0,         0,         0,         0,         0,         0,         0,         0,         0,         0,         0,         0,         0,         0,         0,         0,         0,         0,         0,         0,         0,         0,         0,         0,         0,         0,         0,         0,         0,         0,         0,         0,         0,         0,         0,         0,         0,         0,         0,         0,         0,         0,         0,         0,         0,         0,         0,         0,         0,    19
       0,        0,        0,        0,        0,        0,        0,        0,        0,         0,         0,         0,         0,         0,         0,         0,         0,         0,         0,         0,         0,         0,         0,         0,         0,         0,         0,         0,         0,         0,         0,         0,         0,         0,         0,         0,         0,         0,         0,         0,         0,         0,         0,         0,         0,         0,         0,         0,         0,         0,         0,         0,         0,         0,         0,         0,         0,         0,         0,         0,         0,         0,         0,         0,         0,         0,         0,         0,         0,         0,         0,         0,         0,         0,         0,         0,         0,         0,         0,         0,         0,         0,         0,         0,    35
       0,        0,        0,        0,        0,        0,        0,        0,        0,         0,         0,         0,         0,         0,         0,         0,         0,         0,         0,         0,         0,         0,         0,         0,         0,         0,         0,         0,         0,         0,         0,         0,         0,         0,         0,         0,         0,         0,         0,         0,         0,         0,         0,         0,         0,         0,         0,         0,         0,         0,         0,         0,         0,         0,         0,         0,         0,         0,         0,         0,         0,         0,         0,         0,         0,         0,         0,         0,         0,         0,         0,         0,         0,         0,         0,         0,         0,         0,         0,         0,         0,         0,         0,         0,    69
       0,        0,        0,        0,        0,        0,        0,        0,        0,         0,         0,         0,         0,         0,         0,         0,         0,         0,         0,         0,         0,         0,         0,         0,         0,         0,         0,         0,         0,         0,         0,         0,         0,         0,         0,         0,         0,         0,         0,         0,         0,         0,         0,         0,         0,         0,         0,         0,         0,         0,         0,         0,         0,         0,         0,         0,         0,         0,         0,         0,         0,         0,         0,         0,         0,         0,         0,         0,         0,         0,         0,         0,         0,         0,         0,         0,         0,         0,         0,         0,         0,         0,         0,         0,   102
       0,        0,        0,        0,        0,        0,        0,        0,        0,         0,         0,         0,         0,         0,         0,         0,         0,         0,         0,         0,         0,         0,         0,         0,         0,         0,         0,         0,         0,         0,         0,         0,         0,         0,         0,         0,         0,         0,         0,         0,         0,         0,         0,         0,         0,         0,         0,         0,         0,         0,         0,         0,         0,         0,         0,         0,         0,         0,         0,         0,         0,         0,         0,         0,         0,         0,         0,         0,         0,         0,         0,         0,         0,         0,         0,         0,         0,         0,         0,         0,         0,         0,         0,         0,   119
       0,        0,        0,        0,        0,        0,        0,        0,        0,         0,         0,         0,         0,         0,         0,         0,         0,         0,         0,         0,         0,         0,         0,         0,         0,         0,         0,         0,         0,         0,         0,         0,         0,         0,         0,         0,         0,         0,         0,         0,         0,         0,         0,         0,         0,         0,         0,         0,         0,         0,         0,         0,         0,         0,         0,         0,         0,         0,         0,         0,         0,         0,         0,         0,         0,         0,         0,         0,         0,         0,         0,         0,         0,         0,         0,         0,         0,         0,         0,         0,         0,         0,         0,         0,   152
       0,        0,        0,        0,        0,        0,        0,        0,        0,         0,         0,         0,         0,         0,         0,         0,         0,         0,         0,         0,         0,         0,         0,         0,         0,         0,         0,         0,         0,         0,         0,         0,         0,         0,         0,         0,         0,         0,         0,         0,         0,         0,         0,         0,         0,         0,         0,         0,         0,         0,         0,         0,         0,         0,         0,         0,         0,         0,         0,         0,         0,         0,         0,         0,         0,         0,         0,         0,         0,         0,         0,         0,         0,         0,         0,         0,         0,         0,         0,         0,         0,         0,         0,         0,   186
       0,        0,        0,        0,        0,        0,        0,        0,        0,         0,         0,         0,         0,         0,         0,         0,         0,         0,         0,         0,         0,         0,         0,         0,         0,         0,         0,         0,         0,         0,         0,         0,         0,         0,         0,         0,         0,         0,         0,         0,         0,         0,         0,         0,         0,         0,         0,         0,         0,         0,         0,         0,         0,         0,         0,         0,         0,         0,         0,         0,         0,         0,         0,         0,         0,         0,         0,         0,         0,         0,         0,         0,         0,         0,         0,         0,         0,         0,         0,         0,         0,         0,         0,         0,   220
       0,        0,        0,        0,        0,        0,        0,        0,        0,         0,         0,         0,         0,         0,         0,         0,         0,         0,         0,         0,         0,         0,         0,         0,         0,         0,         0,         0,         0,         0,         0,         0,         0,         0,         0,         0,         0,         0,         0,         0,         0,         0,         0,         0,         0,         0,         0,         0,         0,         0,         0,         0,         0,         0,         0,         0,         0,         0,         0,         0,         0,         0,         0,         0,         0,         0,         0,         0,         0,         0,         0,         0,         0,         0,         0,         0,         0,         0,         0,         0,         0,         0,         0,         0,   253
       0,        0,        0,        0,        0,        0,        0,        0,        0,         0,         0,         0,         0,         0,         0,         0,         0,         0,         0,         0,         0,         0,         0,         0,         0,         0,         0,         0,         0,         0,         0,         0,         0,         0,         0,         0,         0,         0,         0,         0,         0,         0,         0,         0,         0,         0,         0,         0,         0,         0,         0,         0,         0,         0,         0,         0,         0,         0,         0,         0,         0,         0,         0,         0,         0,         0,         0,         0,         0,         0,         0,         0,         0,         0,         0,         0,         0,         0,         0,         0,         0,         0,         0,         0,   288
       0,        0,        0,        0,        0,        0,        0,        0,        0,         0,         0,         0,         0,         0,         0,         0,         0,         0,         0,         0,         0,         0,         0,         0,         0,         0,         0,         0,         0,         0,         0,         0,         0,         0,         0,         0,         0,         0,         0,         0,         0,         0,         0,         0,         0,         0,         0,         0,         0,         0,         0,         0,         0,         0,         0,         0,         0,         0,         0,         0,         0,         0,         0,         0,         0,         0,         0,         0,         0,         0,         0,         0,         0,         0,         0,         0,         0,         0,         0,         0,         0,         0,         0,         0,   319
       0,        0,        0,        0,        0,        0,        0,        0,        0,         0,         0,         0,         0,         0,         0,         0,         0,         0,         0,         0,         0,         0,         0,         0,         0,         0,         0,         0,         0,         0,         0,         0,         0,         0,         0,         0,         0,         0,         0,         0,         0,         0,         0,         0,         0,         0,         0,         0,         0,         0,         0,         0,         0,         0,         0,         0,         0,         0,         0,         0,         0,         0,         0,         0,         0,         0,         0,         0,         0,         0,         0,         0,         0,         0,         0,         0,         0,         0,         0,         0,         0,         0,         0,         0,   336
       0,        0,        0,        0,        0,        0,        0,        0,        0,         0,         0,         0,         0,         0,         0,         0,         0,         0,         0,         0,         0,         0,         0,         0,         0,         0,         0,         0,         0,         0,         0,         0,         0,         0,         0,         0,         0,         0,         0,         0,         0,         0,         0,         0,         0,         0,         0,         0,         0,         0,         0,         0,         0,         0,         0,         0,         0,         0,         0,         0,         0,         0,         0,         0,         0,         0,         0,         0,         0,         0,         0,         0,         0,         0,         0,         0,         0,         0,         0,         0,         0,         0,         0,         0,   353
       0,        0,        0,        0,        0,        0,        0,        0,        0,         0,         0,         0,         0,         0,         0,         0,         0,         0,         0,         0,         0,         0,         0,         0,         0,         0,         0,         0,         0,         0,         0,         0,         0,         0,         0,         0,         0,         0,         0,         0,         0,         0,         0,         0,         0,         0,         0,         0,         0,         0,         0,         0,         0,         0,         0,         0,         0,         0,         0,         0,         0,         0,         0,         0,         0,         0,         0,         0,         0,         0,         0,         0,         0,         0,         0,         0,         0,         0,         0,         0,         0,         0,         0,         0,   370
       0,        0,        0,        0,        0,        0,        0,        0,        0,         0,         0,         0,         0,         0,         0,         0,         0,         0,         0,         0,         0,         0,         0,         0,         0,         0,         0,         0,         0,         0,         0,         0,         0,         0,         0,         0,         0,         0,         0,         0,         0,         0,         0,         0,         0,         0,         0,         0,         0,         0,         0,         0,         0,         0,         0,         0,         0,         0,         0,         0,         0,         0,         0,         0,         0,         0,         0,         0,         0,         0,         0,         0,         0,         0,         0,         0,         0,         0,         0,         0,         0,         0,         0,         0,   386
       0,        0,        0,        0,        0,        0,        0,        0,        0,         0,         0,         0,         0,         0,         0,         0,         0,         0,         0,         0,         0,         0,         0,         0,         0,         0,         0,         0,         0,         0,         0,         0,         0,         0,         0,         0,         0,         0,         0,         0,         0,         0,         0,         0,         0,         0,         0,         0,         0,         0,         0,         0,         0,         0,         0,         0,         0,         0,         0,         0,         0,         0,         0,         0,         0,         0,         0,         0,         0,         0,         0,         0,         0,         0,         0,         0,         0,         0,         0,         0,         0,         0,         0,         0,   402
       0,        0,        0,        0,        0,        0,        0,        0,        0,         0,         0,         0,         0,         0,         0,         0,         0,         0,         0,         0,         0,         0,         0,         0,         0,         0,         0,         0,         0,         0,         0,         0,         0,         0,         0,         0,         0,         0,         0,         0,         0,         0,         0,         0,         0,         0,         0,         0,         0,         0,         0,         0,         0,         0,         0,         0,         0,         0,         0,         0,         0,         0,         0,         0,         0,         0,         0,         0,         0,         0,         0,         0,         0,         0,         0,         0,         0,         0,         0,         0,         0,         0,         0,         0,   419
       0,        0,        0,        0,        0,        0,        0,        0,        0,         0,         0,         0,         0,         0,         0,         0,         0,         0,         0,         0,         0,         0,         0,         0,         0,         0,         0,         0,         0,         0,         0,         0,         0,         0,         0,         0,         0,         0,         0,         0,         0,         0,         0,         0,         0,         0,         0,         0,         0,         0,         0,         0,         0,         0,         0,         0,         0,         0,         0,         0,         0,         0,         0,         0,         0,         0,         0,         0,         0,         0,         0,         0,         0,         0,         0,         0,         0,         0,         0,         0,         0,         0,         0,         0,   436
       0,        0,        0,        0,        0,        0,        0,        0,        0,         0,         0,         0,         0,         0,         0,         0,         0,         0,         0,         0,         0,         0,         0,         0,         0,         0,         0,         0,         0,         0,         0,         0,         0,         0,         0,         0,         0,         0,         0,         0,         0,         0,         0,         0,         0,         0,         0,         0,         0,         0,         0,         0,         0,         0,         0,         0,         0,         0,         0,         0,         0,         0,         0,         0,         0,         0,         0,         0,         0,         0,         0,         0,         0,         0,         0,         0,         0,         0,         0,         0,         0,         0,         0,         0,   469
       0,        0,        0,        0,        0,        0,        0,        0,        0,         0,         0,         0,         0,         0,         0,         0,         0,         0,         0,         0,         0,         0,         0,         0,         0,         0,         0,         0,         0,         0,         0,         0,         0,         0,         0,         0,         0,         0,         0,         0,         0,         0,         0,         0,         0,         0,         0,         0,         0,         0,         0,         0,         0,         0,         0,         0,         0,         0,         0,         0,         0,         0,         0,         0,         0,         0,         0,         0,         0,         0,         0,         0,         0,         0,         0,         0,         0,         0,         0,         0,         0,         0,         0,         0,   486
       0,        0,        0,        0,        0,        0,        0,        0,        0,         0,         0,         0,         0,         0,         0,         0,         0,         0,         0,         0,         0,         0,         0,         0,         0,         0,         0,         0,         0,         0,         0,         0,         0,         0,         0,         0,         0,         0,         0,         0,         0,         0,         0,         0,         0,         0,         0,         0,         0,         0,         0,         0,         0,         0,         0,         0,         0,         0,         0,         0,         0,         0,         0,         0,         0,         0,         0,         0,         0,         0,         0,         0,         0,         0,         0,         0,         0,         0,         0,         0,         0,         0,         0,         0,   520
       0,        0,        0,        0,        0,        0,        0,        0,        0,         0,         0,         0,         0,         0,         0,         0,         0,         0,         0,         0,         0,         0,         0,         0,         0,         0,         0,         0,         0,         0,         0,         0,         0,         0,         0,         0,         0,         0,         0,         0,         0,         0,         0,         0,         0,         0,         0,         0,         0,         0,         0,         0,         0,         0,         0,         0,         0,         0,         0,         0,         0,         0,         0,         0,         0,         0,         0,         0,         0,         0,         0,         0,         0,         0,         0,         0,         0,         0,         0,         0,         0,         0,         0,         0,   536
       0,        0,        0,        0,        0,        0,        0,        0,        0,         0,         0,         0,         0,         0,         0,         0,         0,         0,         0,         0,         0,         0,         0,         0,         0,         0,         0,         0,         0,         0,         0,         0,         0,         0,         0,         0,         0,         0,         0,         0,         0,         0,         0,         0,         0,         0,         0,         0,         0,         0,         0,         0,         0,         0,         0,         0,         0,         0,         0,         0,         0,         0,         0,         0,         0,         0,         0,         0,         0,         0,         0,         0,         0,         0,         0,         0,         0,         0,         0,         0,         0,         0,         0,         0,   570
       0,        0,        0,        0,        0,        0,        0,        0,        0,         0,         0,         0,         0,         0,         0,         0,         0,         0,         0,         0,         0,         0,         0,         0,         0,         0,         0,         0,         0,         0,         0,         0,         0,         0,         0,         0,         0,         0,         0,         0,         0,         0,         0,         0,         0,         0,         0,         0,         0,         0,         0,         0,         0,         0,         0,         0,         0,         0,         0,         0,         0,         0,         0,         0,         0,         0,         0,         0,         0,         0,         0,         0,         0,         0,         0,         0,         0,         0,         0,         0,         0,         0,         0,         0,   586
       0,        0,        0,        0,        0,        0,        0,        0,        0,         0,         0,         0,         0,         0,         0,         0,         0,         0,         0,         0,         0,         0,         0,         0,         0,         0,         0,         0,         0,         0,         0,         0,         0,         0,         0,         0,         0,         0,         0,         0,         0,         0,         0,         0,         0,         0,         0,         0,         0,         0,         0,         0,         0,         0,         0,         0,         0,         0,         0,         0,         0,         0,         0,         0,         0,         0,         0,         0,         0,         0,         0,         0,         0,         0,         0,         0,         0,         0,         0,         0,         0,         0,         0,         0,   603
       0,        0,        0,        0,        0,        0,        0,        0,        0,         0,         0,         0,         0,         0,         0,         0,         0,         0,         0,         0,         0,         0,         0,         0,         0,         0,         0,         0,         0,         0,         0,         0,         0,         0,         0,         0,         0,         0,         0,         0,         0,         0,         0,         0,         0,         0,         0,         0,         0,         0,         0,         0,         0,         0,         0,         0,         0,         0,         0,         0,         0,         0,         0,         0,         0,         0,         0,         0,         0,         0,         0,         0,         0,         0,         0,         0,         0,         0,         0,         0,         0,         0,         0,         0,   637
       0,        0,        0,        0,        0,        0,        0,        0,        0,         0,         0,         0,         0,         0,         0,         0,         0,         0,         0,         0,         0,         0,         0,         0,         0,         0,         0,         0,         0,         0,         0,         0,         0,         0,         0,         0,         0,         0,         0,         0,         0,         0,         0,         0,         0,         0,         0,         0,         0,         0,         0,         0,         0,         0,         0,         0,         0,         0,         0,         0,         0,         0,         0,         0,         0,         0,         0,         0,         0,         0,         0,         0,         0,         0,         0,         0,         0,         0,         0,         0,         0,         0,         0,         0,   654
       0,        0,        0,        0,        0,        0,        0,        0,        0,         0,         0,         0,         0,         0,         0,         0,         0,         0,         0,         0,         0,         0,         0,         0,         0,         0,         0,         0,         0,         0,         0,         0,         0,         0,         0,         0,         0,         0,         0,         0,         0,         0,         0,         0,         0,         0,         0,         0,         0,         0,         0,         0,         0,         0,         0,         0,         0,         0,         0,         0,         0,         0,         0,         0,         0,         0,         0,         0,         0,         0,         0,         0,         0,         0,         0,         0,         0,         0,         0,         0,         0,         0,         0,         0,   670
       0,        0,        0,        0,        0,        0,        0,        0,        0,         0,         0,         0,         0,         0,         0,         0,         0,         0,         0,         0,         0,         0,         0,         0,         0,         0,         0,         0,         0,         0,         0,         0,         0,         0,         0,         0,         0,         0,         0,         0,         0,         0,         0,         0,         0,         0,         0,         0,         0,         0,         0,         0,         0,         0,         0,         0,         0,         0,         0,         0,         0,         0,         0,         0,         0,         0,         0,         0,         0,         0,         0,         0,         0,         0,         0,         0,         0,         0,         0,         0,         0,         0,         0,         0,   687
       0,        0,        0,        0,        0,        0,        0,        0,        0,         0,         0,         0,         0,         0,         0,         0,         0,         0,         0,         0,         0,         0,         0,         0,         0,         0,         0,         0,         0,         0,         0,         0,         0,         0,         0,         0,         0,         0,         0,         0,         0,         0,         0,         0,         0,         0,         0,         0,         0,         0,         0,         0,         0,         0,         0,         0,         0,         0,         0,         0,         0,         0,         0,         0,         0,         0,         0,         0,         0,         0,         0,         0,         0,         0,         0,         0,         0,         0,         0,         0,         0,         0,         0,         0,   720
       0,        0,        0,        0,        0,        0,        0,        0,        0,         0,         0,         0,         0,         0,         0,         0,         0,         0,         0,         0,         0,         0,         0,         0,         0,         0,         0,         0,         0,         0,         0,         0,         0,         0,         0,         0,         0,         0,         0,         0,         0,         0,         0,         0,         0,         0,         0,         0,         0,         0,         0,         0,         0,         0,         0,         0,         0,         0,         0,         0,         0,         0,         0,         0,         0,         0,         0,         0,         0,         0,         0,         0,         0,         0,         0,         0,         0,         0,         0,         0,         0,         0,         0,         0,   753
       0,        0,        0,        0,        0,        0,        0,        0,        0,         0,         0,         0,         0,         0,         0,         0,         0,         0,         0,         0,         0,         0,         0,         0,         0,         0,         0,         0,         0,         0,         0,         0,         0,         0,         0,         0,         0,         0,         0,         0,         0,         0,         0,         0,         0,         0,         0,         0,         0,         0,         0,         0,         0,         0,         0,         0,         0,         0,         0,         0,         0,         0,         0,         0,         0,         0,         0,         0,         0,         0,         0,         0,         0,         0,         0,         0,         0,         0,         0,         0,         0,         0,         0,         0,   770
       0,        0,        0,        0,        0,        0,        0,        0,        0,         0,         0,         0,         0,         0,         0,         0,         0,         0,         0,         0,         0,         0,         0,         0,         0,         0,         0,         0,         0,         0,         0,         0,         0,         0,         0,         0,         0,         0,         0,         0,         0,         0,         0,         0,         0,         0,         0,         0,         0,         0,         0,         0,         0,         0,         0,         0,         0,         0,         0,         0,         0,         0,         0,         0,         0,         0,         0,         0,         0,         0,         0,         0,         0,         0,         0,         0,         0,         0,         0,         0,         0,         0,         0,         0,   803
       0,        0,        0,        0,        0,        0,        0,        0,        0,         0,         0,         0,         0,         0,         0,         0,         0,         0,         0,         0,         0,         0,         0,         0,         0,         0,         0,         0,         0,         0,         0,         0,         0,         0,         0,         0,         0,         0,         0,         0,         0,         0,         0,         0,         0,         0,         0,         0,         0,         0,         0,         0,         0,         0,         0,         0,         0,         0,         0,         0,         0,         0,         0,         0,         0,         0,         0,         0,         0,         0,         0,         0,         0,         0,         0,         0,         0,         0,         0,         0,         0,         0,         0,         0,   820
       0,        0,        0,        0,        0,        0,        0,        0,        0,         0,         0,         0,         0,         0,         0,         0,         0,         0,         0,         0,         0,         0,         0,         0,         0,         0,         0,         0,         0,         0,         0,         0,         0,         0,         0,         0,         0,         0,         0,         0,         0,         0,         0,         0,         0,         0,         0,         0,         0,         0,         0,         0,         0,         0,         0,         0,         0,         0,         0,         0,         0,         0,         0,         0,         0,         0,         0,         0,         0,         0,         0,         0,         0,         0,         0,         0,         0,         0,         0,         0,         0,         0,         0,         0,   836
       0,        0,        0,        0,        0,        0,        0,        0,        0,         0,         0,         0,         0,         0,         0,         0,         0,         0,         0,         0,         0,         0,         0,         0,         0,         0,         0,         0,         0,         0,         0,         0,         0,         0,         0,         0,         0,         0,         0,         0,         0,         0,         0,         0,         0,         0,         0,         0,         0,         0,         0,         0,         0,         0,         0,         0,         0,         0,         0,         0,         0,         0,         0,         0,         0,         0,         0,         0,         0,         0,         0,         0,         0,         0,         0,         0,         0,         0,         0,         0,         0,         0,         0,         0,   869
       0,        0,        0,        0,        0,        0,        0,        0,        0,         0,         0,         0,         0,         0,         0,         0,         0,         0,         0,         0,         0,         0,         0,         0,         0,         0,         0,         0,         0,         0,         0,         0,         0,         0,         0,         0,         0,         0,         0,         0,         0,         0,         0,         0,         0,         0,         0,         0,         0,         0,         0,         0,         0,         0,         0,         0,         0,         0,         0,         0,         0,         0,         0,         0,         0,         0,         0,         0,         0,         0,         0,         0,         0,         0,         0,         0,         0,         0,         0,         0,         0,         0,         0,         0,   902
       0,        0,        0,        0,        0,        0,        0,        0,        0,         0,         0,         0,         0,         0,         0,         0,         0,         0,         0,         0,         0,         0,         0,         0,         0,         0,         0,         0,         0,         0,         0,         0,         0,         0,         0,         0,         0,         0,         0,         0,         0,         0,         0,         0,         0,         0,         0,         0,         0,         0,         0,         0,         0,         0,         0,         0,         0,         0,         0,         0,         0,         0,         0,         0,         0,         0,         0,         0,         0,         0,         0,         0,         0,         0,         0,         0,         0,         0,         0,         0,         0,         0,         0,         0,   919
       0,        0,        0,        0,        0,        0,        0,        0,        0,         0,         0,         0,         0,         0,         0,         0,         0,         0,         0,         0,         0,         0,         0,         0,         0,         0,         0,         0,         0,         0,         0,         0,         0,         0,         0,         0,         0,         0,         0,         0,         0,         0,         0,         0,         0,         0,         0,         0,         0,         0,         0,         0,         0,         0,         0,         0,         0,         0,         0,         0,         0,         0,         0,         0,         0,         0,         0,         0,         0,         0,         0,         0,         0,         0,         0,         0,         0,         0,         0,         0,         0,         0,         0,         0,   942
       0,        0,        0,        0,        0,        0,        0,        0,        0,         0,         0,         0,         0,         0,         0,         0,         0,         0,         0,         0,         0,         0,         0,         0,         0,         0,         0,         0,         0,         0,         0,         0,         0,         0,         0,         0,         0,         0,         0,         0,         0,         0,         0,         0,         0,         0,         0,         0,         0,         0,         0,         0,         0,         0,         0,         0,         0,         0,         0,         0,         0,         0,         0,         0,         0,         0,         0,         0,         0,         0,         0,         0,         0,         0,         0,         0,         0,         0,         0,         0,         0,         0,         0,         0,   969
       0,        0,        0,        0,        0,        0,        0,        0,        0,         0,         0,         0,         0,         0,         0,         0,         0,         0,         0,         0,         0,         0,         0,         0,         0,         0,         0,         0,         0,         0,         0,         0,         0,         0,         0,         0,         0,         0,         0,         0,         0,         0,         0,         0,         0,         0,         0,         0,         0,         0,         0,         0,         0,         0,         0,         0,         0,         0,         0,         0,         0,         0,         0,         0,         0,         0,         0,         0,         0,         0,         0,         0,         0,         0,         0,         0,         0,         0,         0,         0,         0,         0,         0,         0,   986
       0,        0,        0,        0,        0,        0,        0,        0,        0,         0,         0,         0,         0,         0,         0,         0,         0,         0,         0,         0,         0,         0,         0,         0,         0,         0,         0,         0,         0,         0,         0,         0,         0,         0,         0,         0,         0,         0,         0,         0,         0,         0,         0,         0,         0,         0,         0,         0,         0,         0,         0,         0,         0,         0,         0,         0,         0,         0,         0,         0,         0,         0,         0,         0,         0,         0,         0,         0,         0,         0,         0,         0,         0,         0,         0,         0,         0,         0,         0,         0,         0,         0,         0,         0,  1019
       0,        0,        0,        0,        0,        0,        0,        0,        0,         0,         0,         0,         0,         0,         0,         0,         0,         0,         0,         0,         0,         0,         0,         0,         0,         0,         0,         0,         0,         0,         0,         0,         0,         0,         0,         0,         0,         0,         0,         0,         0,         0,         0,         0,         0,         0,         0,         0,         0,         0,         0,         0,         0,         0,         0,         0,         0,         0,         0,         0,         0,         0,         0,         0,         0,         0,         0,         0,         0,         0,         0,         0,         0,         0,         0,         0,         0,         0,         0,         0,         0,         0,         0,         0,  1035
       0,        0,        0,        0,        0,        0,        0,        0,        0,         0,         0,         0,         0,         0,         0,         0,         0,         0,         0,         0,         0,         0,         0,         0,         0,         0,         0,         0,         0,         0,         0,         0,         0,         0,         0,         0,         0,         0,         0,         0,         0,         0,         0,         0,         0,         0,         0,         0,         0,         0,         0,         0,         0,         0,         0,         0,         0,         0,         0,         0,         0,         0,         0,         0,         0,         0,         0,         0,         0,         0,         0,         0,         0,         0,         0,         0,         0,         0,         0,         0,         0,         0,         0,         0,  1070
       0,        0,        0,        0,        0,        0,        0,        0,        0,         0,         0,         0,         0,         0,         0,         0,         0,         0,         0,         0,         0,         0,         0,         0,         0,         0,         0,         0,         0,         0,         0,         0,         0,         0,         0,         0,         0,         0,         0,         0,         0,         0,         0,         0,         0,         0,         0,         0,         0,         0,         0,         0,         0,         0,         0,         0,         0,         0,         0,         0,         0,         0,         0,         0,         0,         0,         0,         0,         0,         0,         0,         0,         0,         0,         0,         0,         0,         0,         0,         0,         0,         0,         0,         0,  1086
       0,        0,        0,        0,        0,        0,        0,        0,        0,         0,         0,         0,         0,         0,         0,         0,         0,         0,         0,         0,         0,         0,         0,         0,         0,         0,         0,         0,         0,         0,         0,         0,         0,         0,         0,         0,         0,         0,         0,         0,         0,         0,         0,         0,         0,         0,         0,         0,         0,         0,         0,         0,         0,         0,         0,         0,         0,         0,         0,         0,         0,         0,         0,         0,         0,         0,         0,         0,         0,         0,         0,         0,         0,         0,         0,         0,         0,         0,         0,         0,         0,         0,         0,         0,  1102
       0,        0,        0,        0,        0,        0,        0,        0,        0,         0,         0,         0,         0,         0,         0,         0,         0,         0,         0,         0,         0,         0,         0,         0,         0,         0,         0,         0,         0,         0,         0,         0,         0,         0,         0,         0,         0,         0,         0,         0,         0,         0,         0,         0,         0,         0,         0,         0,         0,         0,         0,         0,         0,         0,         0,         0,         0,         0,         0,         0,         0,         0,         0,         0,         0,         0,         0,         0,         0,         0,         0,         0,         0,         0,         0,         0,         0,         0,         0,         0,         0,         0,         0,         0,  1136
       0,        0,        0,        0,        0,        0,        0,        0,        0,         0,         0,         0,         0,         0,         0,         0,         0,         0,         0,         0,         0,         0,         0,         0,         0,         0,         0,         0,         0,         0,         0,         0,         0,         0,         0,         0,         0,         0,         0,         0,         0,         0,         0,         0,         0,         0,         0,         0,         0,         0,         0,         0,         0,         0,         0,         0,         0,         0,         0,         0,         0,         0,         0,         0,         0,         0,         0,         0,         0,         0,         0,         0,         0,         0,         0,         0,         0,         0,         0,         0,         0,         0,         0,         0,  1153
       0,        0,        0,        0,        0,        0,        0,        0,        0,         0,         0,         0,         0,         0,         0,         0,         0,         0,         0,         0,         0,         0,         0,         0,         0,         0,         0,         0,         0,         0,         0,         0,         0,         0,         0,         0,         0,         0,         0,         0,         0,         0,         0,         0,         0,         0,         0,         0,         0,         0,         0,         0,         0,         0,         0,         0,         0,         0,         0,         0,         0,         0,         0,         0,         0,         0,         0,         0,         0,         0,         0,         0,         0,         0,         0,         0,         0,         0,         0,         0,         0,         0,         0,         0,  1187
       0,        0,        0,        0,        0,        0,        0,        0,        0,         0,         0,         0,         0,         0,         0,         0,         0,         0,         0,         0,         0,         0,         0,         0,         0,         0,         0,         0,         0,         0,         0,         0,         0,         0,         0,         0,         0,         0,         0,         0,         0,         0,         0,         0,         0,         0,         0,         0,         0,         0,         0,         0,         0,         0,         0,         0,         0,         0,         0,         0,         0,         0,         0,         0,         0,         0,         0,         0,         0,         0,         0,         0,         0,         0,         0,         0,         0,         0,         0,         0,         0,         0,         0,         0,  1219
       0,        0,        0,        0,        0,        0,        0,        0,        0,         0,         0,         0,         0,         0,         0,         0,         0,         0,         0,         0,         0,         0,         0,         0,         0,         0,         0,         0,         0,         0,         0,         0,         0,         0,         0,         0,         0,         0,         0,         0,         0,         0,         0,         0,         0,         0,         0,         0,         0,         0,         0,         0,         0,         0,         0,         0,         0,         0,         0,         0,         0,         0,         0,         0,         0,         0,         0,         0,         0,         0,         0,         0,         0,         0,         0,         0,         0,         0,         0,         0,         0,         0,         0,         0,  1252
       0,        0,        0,        0,        0,        0,        0,        0,        0,         0,         0,         0,         0,         0,         0,         0,         0,         0,         0,         0,         0,         0,         0,         0,         0,         0,         0,         0,         0,         0,         0,         0,         0,         0,         0,         0,         0,         0,         0,         0,         0,         0,         0,         0,         0,         0,         0,         0,         0,         0,         0,         0,         0,         0,         0,         0,         0,         0,         0,         0,         0,         0,         0,         0,         0,         0,         0,         0,         0,         0,         0,         0,         0,         0,         0,         0,         0,         0,         0,         0,         0,         0,         0,         0,  1285
       0,        0,        0,        0,        0,        0,        0,        0,        0,         0,         0,         0,         0,         0,         0,         0,         0,         0,         0,         0,         0,         0,         0,         0,         0,         0,         0,         0,         0,         0,         0,         0,         0,         0,         0,         0,         0,         0,         0,         0,         0,         0,         0,         0,         0,         0,         0,         0,         0,         0,         0,         0,         0,         0,         0,         0,         0,         0,         0,         0,         0,         0,         0,         0,         0,         0,         0,         0,         0,         0,         0,         0,         0,         0,         0,         0,         0,         0,         0,         0,         0,         0,         0,         0,  1319
       0,        0,        0,        0,        0,        0,        0,        0,        0,         0,         0,         0,         0,         0,         0,         0,         0,         0,         0,         0,         0,         0,         0,         0,         0,         0,         0,         0,         0,         0,         0,         0,         0,         0,         0,         0,         0,         0,         0,         0,         0,         0,         0,         0,         0,         0,         0,         0,         0,         0,         0,         0,         0,         0,         0,         0,         0,         0,         0,         0,         0,         0,         0,         0,         0,         0,         0,         0,         0,         0,         0,         0,         0,         0,         0,         0,         0,         0,         0,         0,         0,         0,         0,         0,  1353
       0,        0,        0,        0,        0,        0,        0,        0,        0,         0,         0,         0,         0,         0,         0,         0,         0,         0,         0,         0,         0,         0,         0,         0,         0,         0,         0,         0,         0,         0,         0,         0,         0,         0,         0,         0,         0,         0,         0,         0,         0,         0,         0,         0,         0,         0,         0,         0,         0,         0,         0,         0,         0,         0,         0,         0,         0,         0,         0,         0,         0,         0,         0,         0,         0,         0,         0,         0,         0,         0,         0,         0,         0,         0,         0,         0,         0,         0,         0,         0,         0,         0,         0,         0,  1369
       0,        0,        0,        0,        0,        0,        0,        0,        0,         0,         0,         0,         0,         0,         0,         0,         0,         0,         0,         0,         0,         0,         0,         0,         0,         0,         0,         0,         0,         0,         0,         0,         0,         0,         0,         0,         0,         0,         0,         0,         0,         0,         0,         0,         0,         0,         0,         0,         0,         0,         0,         0,         0,         0,         0,         0,         0,         0,         0,         0,         0,         0,         0,         0,         0,         0,         0,         0,         0,         0,         0,         0,         0,         0,         0,         0,         0,         0,         0,         0,         0,         0,         0,         0,  1386
       0,        0,        0,        0,        0,        0,        0,        0,        0,         0,         0,         0,         0,         0,         0,         0,         0,         0,         0,         0,         0,         0,         0,         0,         0,         0,         0,         0,         0,         0,         0,         0,         0,         0,         0,         0,         0,         0,         0,         0,         0,         0,         0,         0,         0,         0,         0,         0,         0,         0,         0,         0,         0,         0,         0,         0,         0,         0,         0,         0,         0,         0,         0,         0,         0,         0,         0,         0,         0,         0,         0,         0,         0,         0,         0,         0,         0,         0,         0,         0,         0,         0,         0,         0,  1403
       0,        0,        0,        0,        0,        0,        0,        0,        0,         0,         0,         0,         0,         0,         0,         0,         0,         0,         0,         0,         0,         0,         0,         0,         0,         0,         0,         0,         0,         0,         0,         0,         0,         0,         0,         0,         0,         0,         0,         0,         0,         0,         0,         0,         0,         0,         0,         0,         0,         0,         0,         0,         0,         0,         0,         0,         0,         0,         0,         0,         0,         0,         0,         0,         0,         0,         0,         0,         0,         0,         0,         0,         0,         0,         0,         0,         0,         0,         0,         0,         0,         0,         0,         0,  1420
       0,        0,        0,        0,        0,        0,        0,        0,        0,         0,         0,         0,         0,         0,         0,         0,         0,         0,         0,         0,         0,         0,         0,         0,         0,         0,         0,         0,         0,         0,         0,         0,         0,         0,         0,         0,         0,         0,         0,         0,         0,         0,         0,         0,         0,         0,         0,         0,         0,         0,         0,         0,         0,         0,         0,         0,         0,         0,         0,         0,         0,         0,         0,         0,         0,         0,         0,         0,         0,         0,         0,         0,         0,         0,         0,         0,         0,         0,         0,         0,         0,         0,         0,         0,  1453
       0,        0,        0,        0,        0,        0,        0,        0,        0,         0,         0,         0,         0,         0,         0,         0,         0,         0,         0,         0,         0,         0,         0,         0,         0,         0,         0,         0,         0,         0,         0,         0,         0,         0,         0,         0,         0,         0,         0,         0,         0,         0,         0,         0,         0,         0,         0,         0,         0,         0,         0,         0,         0,         0,         0,         0,         0,         0,         0,         0,         0,         0,         0,         0,         0,         0,         0,         0,         0,         0,         0,         0,         0,         0,         0,         0,         0,         0,         0,         0,         0,         0,         0,         0,  1469
       0,        0,        0,        0,        0,        0,        0,        0,        0,         0,         0,         0,         0,         0,         0,         0,         0,         0,         0,         0,         0,         0,         0,         0,         0,         0,         0,         0,         0,         0,         0,         0,         0,         0,         0,         0,         0,         0,         0,         0,         0,         0,         0,         0,         0,         0,         0,         0,         0,         0,         0,         0,         0,         0,         0,         0,         0,         0,         0,         0,         0,         0,         0,         0,         0,         0,         0,         0,         0,         0,         0,         0,         0,         0,         0,         0,         0,         0,         0,         0,         0,         0,         0,         0,  1487
       0,        0,        0,        0,        0,        0,        0,        0,        0,         0,         0,         0,         0,         0,         0,         0,         0,         0,         0,         0,         0,         0,         0,         0,         0,         0,         0,         0,         0,         0,         0,         0,         0,         0,         0,         0,         0,         0,         0,         0,         0,         0,         0,         0,         0,         0,         0,         0,         0,         0,         0,         0,         0,         0,         0,         0,         0,         0,         0,         0,         0,         0,         0,         0,         0,         0,         0,         0,         0,         0,         0,         0,         0,         0,         0,         0,         0,         0,         0,         0,         0,         0,         0,         0,  1503
       0,        0,        0,        0,        0,        0,        0,        0,        0,         0,         0,         0,         0,         0,         0,         0,         0,         0,         0,         0,         0,         0,         0,         0,         0,         0,         0,         0,         0,         0,         0,         0,         0,         0,         0,         0,         0,         0,         0,         0,         0,         0,         0,         0,         0,         0,         0,         0,         0,         0,         0,         0,         0,         0,         0,         0,         0,         0,         0,         0,         0,         0,         0,         0,         0,         0,         0,         0,         0,         0,         0,         0,         0,         0,         0,         0,         0,         0,         0,         0,         0,         0,         0,         0,  1537
       0,        0,        0,        0,        0,        0,        0,        0,        0,         0,         0,         0,         0,         0,         0,         0,         0,         0,         0,         0,         0,         0,         0,         0,         0,         0,         0,         0,         0,         0,         0,         0,         0,         0,         0,         0,         0,         0,         0,         0,         0,         0,         0,         0,         0,         0,         0,         0,         0,         0,         0,         0,         0,         0,         0,         0,         0,         0,         0,         0,         0,         0,         0,         0,         0,         0,         0,         0,         0,         0,         0,         0,         0,         0,         0,         0,         0,         0,         0,         0,         0,         0,         0,         0,  1553
       0,        0,        0,        0,        0,        0,        0,        0,        0,         0,         0,         0,         0,         0,         0,         0,         0,         0,         0,         0,         0,         0,         0,         0,         0,         0,         0,         0,         0,         0,         0,         0,         0,         0,         0,         0,         0,         0,         0,         0,         0,         0,         0,         0,         0,         0,         0,         0,         0,         0,         0,         0,         0,         0,         0,         0,         0,         0,         0,         0,         0,         0,         0,         0,         0,         0,         0,         0,         0,         0,         0,         0,         0,         0,         0,         0,         0,         0,         0,         0,         0,         0,         0,         0,  1570
       0,        0,        0,        0,        0,        0,        0,        0,        0,         0,         0,         0,         0,         0,         0,         0,         0,         0,         0,         0,         0,         0,         0,         0,         0,         0,         0,         0,         0,         0,         0,         0,         0,         0,         0,         0,         0,         0,         0,         0,         0,         0,         0,         0,         0,         0,         0,         0,         0,         0,         0,         0,         0,         0,         0,         0,         0,         0,         0,         0,         0,         0,         0,         0,         0,         0,         0,         0,         0,         0,         0,         0,         0,         0,         0,         0,         0,         0,         0,         0,         0,         0,         0,         0,  1587
       0,        0,        0,        0,        0,        0,        0,        0,        0,         0,         0,         0,         0,         0,         0,         0,         0,         0,         0,         0,         0,         0,         0,         0,         0,         0,         0,         0,         0,         0,         0,         0,         0,         0,         0,         0,         0,         0,         0,         0,         0,         0,         0,         0,         0,         0,         0,         0,         0,         0,         0,         0,         0,         0,         0,         0,         0,         0,         0,         0,         0,         0,         0,         0,         0,         0,         0,         0,         0,         0,         0,         0,         0,         0,         0,         0,         0,         0,         0,         0,         0,         0,         0,         0,  1620
       0,        0,        0,        0,        0,        0,        0,        0,        0,         0,         0,         0,         0,         0,         0,         0,         0,         0,         0,         0,         0,         0,         0,         0,         0,         0,         0,         0,         0,         0,         0,         0,         0,         0,         0,         0,         0,         0,         0,         0,         0,         0,         0,         0,         0,         0,         0,         0,         0,         0,         0,         0,         0,         0,         0,         0,         0,         0,         0,         0,         0,         0,         0,         0,         0,         0,         0,         0,         0,         0,         0,         0,         0,         0,         0,         0,         0,         0,         0,         0,         0,         0,         0,         0,  1636
       0,        0,        0,        0,        0,        0,        0,        0,        0,         0,         0,         0,         0,         0,         0,         0,         0,         0,         0,         0,         0,         0,         0,         0,         0,         0,         0,         0,         0,         0,         0,         0,         0,         0,         0,         0,         0,         0,         0,         0,         0,         0,         0,         0,         0,         0,         0,         0,         0,         0,         0,         0,         0,         0,         0,         0,         0,         0,         0,         0,         0,         0,         0,         0,         0,         0,         0,         0,         0,         0,         0,         0,         0,         0,         0,         0,         0,         0,         0,         0,         0,         0,         0,         0,  1669
       0,        0,        0,        0,        0,        0,        0,        0,        0,         0,         0,         0,         0,         0,         0,         0,         0,         0,         0,         0,         0,         0,         0,         0,         0,         0,         0,         0,         0,         0,         0,         0,         0,         0,         0,         0,         0,         0,         0,         0,         0,         0,         0,         0,         0,         0,         0,         0,         0,         0,         0,         0,         0,         0,         0,         0,         0,         0,         0,         0,         0,         0,         0,         0,         0,         0,         0,         0,         0,         0,         0,         0,         0,         0,         0,         0,         0,         0,         0,         0,         0,         0,         0,         0,  1687
       0,        0,        0,        0,        0,        0,        0,        0,        0,         0,         0,         0,         0,         0,         0,         0,         0,         0,         0,         0,         0,         0,         0,         0,         0,         0,         0,         0,         0,         0,         0,         0,         0,         0,         0,         0,         0,         0,         0,         0,         0,         0,         0,         0,         0,         0,         0,         0,         0,         0,         0,         0,         0,         0,         0,         0,         0,         0,         0,         0,         0,         0,         0,         0,         0,         0,         0,         0,         0,         0,         0,         0,         0,         0,         0,         0,         0,         0,         0,         0,         0,         0,         0,         0,  1720
       0,        0,        0,        0,        0,        0,        0,        0,        0,         0,         0,         0,         0,         0,         0,         0,         0,         0,         0,         0,         0,         0,         0,         0,         0,         0,         0,         0,         0,         0,         0,         0,         0,         0,         0,         0,         0,         0,         0,         0,         0,         0,         0,         0,         0,         0,         0,         0,         0,         0,         0,         0,         0,         0,         0,         0,         0,         0,         0,         0,         0,         0,         0,         0,         0,         0,         0,         0,         0,         0,         0,         0,         0,         0,         0,         0,         0,         0,         0,         0,         0,         0,         0,         0,  1736
       0,        0,        0,        0,        0,        0,        0,        0,        0,         0,         0,         0,         0,         0,         0,         0,         0,         0,         0,         0,         0,         0,         0,         0,         0,         0,         0,         0,         0,         0,         0,         0,         0,         0,         0,         0,         0,         0,         0,         0,         0,         0,         0,         0,         0,         0,         0,         0,         0,         0,         0,         0,         0,         0,         0,         0,         0,         0,         0,         0,         0,         0,         0,         0,         0,         0,         0,         0,         0,         0,         0,         0,         0,         0,         0,         0,         0,         0,         0,         0,         0,         0,         0,         0,  1753
       0,        0,        0,        0,        0,        0,        0,        0,        0,         0,         0,         0,         0,         0,         0,         0,         0,         0,         0,         0,         0,         0,         0,         0,         0,         0,         0,         0,         0,         0,         0,         0,         0,         0,         0,         0,         0,         0,         0,         0,         0,         0,         0,         0,         0,         0,         0,         0,         0,         0,         0,         0,         0,         0,         0,         0,         0,         0,         0,         0,         0,         0,         0,         0,         0,         0,         0,         0,         0,         0,         0,         0,         0,         0,         0,         0,         0,         0,         0,         0,         0,         0,         0,         0,  1786
       0,        0,        0,        0,        0,        0,        0,        0,        0,         0,         0,         0,         0,         0,         0,         0,         0,         0,         0,         0,         0,         0,         0,         0,         0,         0,         0,         0,         0,         0,         0,         0,         0,         0,         0,         0,         0,         0,         0,         0,         0,         0,         0,         0,         0,         0,         0,         0,         0,         0,         0,         0,         0,         0,         0,         0,         0,         0,         0,         0,         0,         0,         0,         0,         0,         0,         0,         0,         0,         0,         0,         0,         0,         0,         0,         0,         0,         0,         0,         0,         0,         0,         0,         0,  1803
       0,        0,        0,        0,        0,        0,        0,        0,        0,         0,         0,         0,         0,         0,         0,         0,         0,         0,         0,         0,         0,         0,         0,         0,         0,         0,         0,         0,         0,         0,         0,         0,         0,         0,         0,         0,         0,         0,         0,         0,         0,         0,         0,         0,         0,         0,         0,         0,         0,         0,         0,         0,         0,         0,         0,         0,         0,         0,         0,         0,         0,         0,         0,         0,         0,         0,         0,         0,         0,         0,         0,         0,         0,         0,         0,         0,         0,         0,         0,         0,         0,         0,         0,         0,  1820
       0,        0,        0,        0,        0,        0,        0,        0,        0,         0,         0,         0,         0,         0,         0,         0,         0,         0,         0,         0,         0,         0,         0,         0,         0,         0,         0,         0,         0,         0,         0,         0,         0,         0,         0,         0,         0,         0,         0,         0,         0,         0,         0,         0,         0,         0,         0,         0,         0,         0,         0,         0,         0,         0,         0,         0,         0,         0,         0,         0,         0,         0,         0,         0,         0,         0,         0,         0,         0,         0,         0,         0,         0,         0,         0,         0,         0,         0,         0,         0,         0,         0,         0,         0,  1853
       0,        0,        0,        0,        0,        0,        0,        0,        0,         0,         0,         0,         0,         0,         0,         0,         0,         0,         0,         0,         0,         0,         0,         0,         0,         0,         0,         0,         0,         0,         0,         0,         0,         0,         0,         0,         0,         0,         0,         0,         0,         0,         0,         0,         0,         0,         0,         0,         0,         0,         0,         0,         0,         0,         0,         0,         0,         0,         0,         0,         0,         0,         0,         0,         0,         0,         0,         0,         0,         0,         0,         0,         0,         0,         0,         0,         0,         0,         0,         0,         0,         0,         0,         0,  1886
       0,        0,        0,        0,        0,        0,        0,        0,        0,         0,         0,         0,         0,         0,         0,         0,         0,         0,         0,         0,         0,         0,         0,         0,         0,         0,         0,         0,         0,         0,         0,         0,         0,         0,         0,         0,         0,         0,         0,         0,         0,         0,         0,         0,         0,         0,         0,         0,         0,         0,         0,         0,         0,         0,         0,         0,         0,         0,         0,         0,         0,         0,         0,         0,         0,         0,         0,         0,         0,         0,         0,         0,         0,         0,         0,         0,         0,         0,         0,         0,         0,         0,         0,         0,  1920
       0,        0,        0,        0,        0,        0,        0,        0,        0,         0,         0,         0,         0,         0,         0,         0,         0,         0,         0,         0,         0,         0,         0,         0,         0,         0,         0,         0,         0,         0,         0,         0,         0,         0,         0,         0,         0,         0,         0,         0,         0,         0,         0,         0,         0,         0,         0,         0,         0,         0,         0,         0,         0,         0,         0,         0,         0,         0,         0,         0,         0,         0,         0,         0,         0,         0,         0,         0,         0,         0,         0,         0,         0,         0,         0,         0,         0,         0,         0,         0,         0,         0,         0,         0,  1953
       0,        0,        0,        0,        0,        0,        0,        0,        0,         0,         0,         0,         0,         0,         0,         0,         0,         0,         0,         0,         0,         0,         0,         0,         0,         0,         0,         0,         0,         0,         0,         0,         0,         0,         0,         0,         0,         0,         0,         0,         0,         0,         0,         0,         0,         0,         0,         0,         0,         0,         0,         0,         0,         0,         0,         0,         0,         0,         0,         0,         0,         0,         0,         0,         0,         0,         0,         0,         0,         0,         0,         0,         0,         0,         0,         0,         0,         0,         0,         0,         0,         0,         0,         0,  1986
       0,        0,        0,        0,        0,        0,        0,        0,        0,         0,         0,         0,         0,         0,         0,         0,         0,         0,         0,         0,         0,         0,         0,         0,         0,         0,         0,         0,         0,         0,         0,         0,         0,         0,         0,         0,         0,         0,         0,         0,         0,         0,         0,         0,         0,         0,         0,         0,         0,         0,         0,         0,         0,         0,         0,         0,         0,         0,         0,         0,         0,         0,         0,         0,         0,         0,         0,         0,         0,         0,         0,         0,         0,         0,         0,         0,         0,         0,         0,         0,         0,         0,         0,         0,  2019
       0,        0,        0,        0,        0,        0,        0,        0,        0,         0,         0,         0,         0,         0,         0,         0,         0,         0,         0,         0,         0,         0,         0,         0,         0,         0,         0,         0,         0,         0,         0,         0,         0,         0,         0,         0,         0,         0,         0,         0,         0,         0,         0,         0,         0,         0,         0,         0,         0,         0,         0,         0,         0,         0,         0,         0,         0,         0,         0,         0,         0,         0,         0,         0,         0,         0,         0,         0,         0,         0,         0,         0,         0,         0,         0,         0,         0,         0,         0,         0,         0,         0,         0,         0,  2036
       0,        0,        0,        0,        0,        0,        0,        0,        0,         0,         0,         0,         0,         0,         0,         0,         0,         0,         0,         0,         0,         0,         0,         0,         0,         0,         0,         0,         0,         0,         0,         0,         0,         0,         0,         0,         0,         0,         0,         0,         0,         0,         0,         0,         0,         0,         0,         0,         0,         0,         0,         0,         0,         0,         0,         0,         0,         0,         0,         0,         0,         0,         0,         0,         0,         0,         0,         0,         0,         0,         0,         0,         0,         0,         0,         0,         0,         0,         0,         0,         0,         0,         0,         0,  2070
       0,        0,        0,        0,        0,        0,        0,        0,        0,         0,         0,         0,         0,         0,         0,         0,         0,         0,         0,         0,         0,         0,         0,         0,         0,         0,         0,         0,         0,         0,         0,         0,         0,         0,         0,         0,         0,         0,         0,         0,         0,         0,         0,         0,         0,         0,         0,         0,         0,         0,         0,         0,         0,         0,         0,         0,         0,         0,         0,         0,         0,         0,         0,         0,         0,         0,         0,         0,         0,         0,         0,         0,         0,         0,         0,         0,         0,         0,         0,         0,         0,         0,         0,         0,  2087
       0,        0,        0,        0,        0,        0,        0,        0,        0,         0,         0,         0,         0,         0,         0,         0,         0,         0,         0,         0,         0,         0,         0,         0,         0,         0,         0,         0,         0,         0,         0,         0,         0,         0,         0,         0,         0,         0,         0,         0,         0,         0,         0,         0,         0,         0,         0,         0,         0,         0,         0,         0,         0,         0,         0,         0,         0,         0,         0,         0,         0,         0,         0,         0,         0,         0,         0,         0,         0,         0,         0,         0,         0,         0,         0,         0,         0,         0,         0,         0,         0,         0,         0,         0,  2103
       0,        0,        0,        0,        0,        0,        0,        0,        0,         0,         0,         0,         0,         0,         0,         0,         0,         0,         0,         0,         0,         0,         0,         0,         0,         0,         0,         0,         0,         0,         0,         0,         0,         0,         0,         0,         0,         0,         0,         0,         0,         0,         0,         0,         0,         0,         0,         0,         0,         0,         0,         0,         0,         0,         0,         0,         0,         0,         0,         0,         0,         0,         0,         0,         0,         0,         0,         0,         0,         0,         0,         0,         0,         0,         0,         0,         0,         0,         0,         0,         0,         0,         0,         0,  2120
       0,        0,        0,        0,        0,        0,        0,        0,        0,         0,         0,         0,         0,         0,         0,         0,         0,         0,         0,         0,         0,         0,         0,         0,         0,         0,         0,         0,         0,         0,         0,         0,         0,         0,         0,         0,         0,         0,         0,         0,         0,         0,         0,         0,         0,         0,         0,         0,         0,         0,         0,         0,         0,         0,         0,         0,         0,         0,         0,         0,         0,         0,         0,         0,         0,         0,         0,         0,         0,         0,         0,         0,         0,         0,         0,         0,         0,         0,         0,         0,         0,         0,         0,         0,  2153
       0,        0,        0,        0,        0,        0,        0,        0,        0,         0,         0,         0,         0,         0,         0,         0,         0,         0,         0,         0,         0,         0,         0,         0,         0,         0,         0,         0,         0,         0,         0,         0,         0,         0,         0,         0,         0,         0,         0,         0,         0,         0,         0,         0,         0,         0,         0,         0,         0,         0,         0,         0,         0,         0,         0,         0,         0,         0,         0,         0,         0,         0,         0,         0,         0,         0,         0,         0,         0,         0,         0,         0,         0,         0,         0,         0,         0,         0,         0,         0,         0,         0,         0,         0,  2187
       0,        0,        0,        0,        0,        0,        0,        0,        0,         0,         0,         0,         0,         0,         0,         0,         0,         0,         0,         0,         0,         0,         0,         0,         0,         0,         0,         0,         0,         0,         0,         0,         0,         0,         0,         0,         0,         0,         0,         0,         0,         0,         0,         0,         0,         0,         0,         0,         0,         0,         0,         0,         0,         0,         0,         0,         0,         0,         0,         0,         0,         0,         0,         0,         0,         0,         0,         0,         0,         0,         0,         0,         0,         0,         0,         0,         0,         0,         0,         0,         0,         0,         0,         0,  2203
       0,        0,        0,        0,        0,        0,        0,        0,        0,         0,         0,         0,         0,         0,         0,         0,         0,         0,         0,         0,         0,         0,         0,         0,         0,         0,         0,         0,         0,         0,         0,         0,         0,         0,         0,         0,         0,         0,         0,         0,         0,         0,         0,         0,         0,         0,         0,         0,         0,         0,         0,         0,         0,         0,         0,         0,         0,         0,         0,         0,         0,         0,         0,         0,         0,         0,         0,         0,         0,         0,         0,         0,         0,         0,         0,         0,         0,         0,         0,         0,         0,         0,         0,         0,  2236
       0,        0,        0,        0,        0,        0,        0,        0,        0,         0,         0,         0,         0,         0,         0,         0,         0,         0,         0,         0,         0,         0,         0,         0,         0,         0,         0,         0,         0,         0,         0,         0,         0,         0,         0,         0,         0,         0,         0,         0,         0,         0,         0,         0,         0,         0,         0,         0,         0,         0,         0,         0,         0,         0,         0,         0,         0,         0,         0,         0,         0,         0,         0,         0,         0,         0,         0,         0,         0,         0,         0,         0,         0,         0,         0,         0,         0,         0,         0,         0,         0,         0,         0,         0,  2269
       0,        0,        0,        0,        0,        0,        0,        0,        0,         0,         0,         0,         0,         0,         0,         0,         0,         0,         0,         0,         0,         0,         0,         0,         0,         0,         0,         0,         0,         0,         0,         0,         0,         0,         0,         0,         0,         0,         0,         0,         0,         0,         0,         0,         0,         0,         0,         0,         0,         0,         0,         0,         0,         0,         0,         0,         0,         0,         0,         0,         0,         0,         0,         0,         0,         0,         0,         0,         0,         0,         0,         0,         0,         0,         0,         0,         0,         0,         0,         0,         0,         0,         0,         0,  2286
       0,        0,        0,        0,        0,        0,        0,        0,        0,         0,         0,         0,         0,         0,         0,         0,         0,         0,         0,         0,         0,         0,         0,         0,         0,         0,         0,         0,         0,         0,         0,         0,         0,         0,         0,         0,         0,         0,         0,         0,         0,         0,         0,         0,         0,         0,         0,         0,         0,         0,         0,         0,         0,         0,         0,         0,         0,         0,         0,         0,         0,         0,         0,         0,         0,         0,         0,         0,         0,         0,         0,         0,         0,         0,         0,         0,         0,         0,         0,         0,         0,         0,         0,         0,  2320
       0,        0,        0,        0,        0,        0,        0,        0,        0,         0,         0,         0,         0,         0,         0,         0,         0,         0,         0,         0,         0,         0,         0,         0,         0,         0,         0,         0,         0,         0,         0,         0,         0,         0,         0,         0,         0,         0,         0,         0,         0,         0,         0,         0,         0,         0,         0,         0,         0,         0,         0,         0,         0,         0,         0,         0,         0,         0,         0,         0,         0,         0,         0,         0,         0,         0,         0,         0,         0,         0,         0,         0,         0,         0,         0,         0,         0,         0,         0,         0,         0,         0,         0,         0,  2336
       0,        0,        0,        0,        0,        0,        0,        0,        0,         0,         0,         0,         0,         0,         0,         0,         0,         0,         0,         0,         0,         0,         0,         0,         0,         0,         0,         0,         0,         0,         0,         0,         0,         0,         0,         0,         0,         0,         0,         0,         0,         0,         0,         0,         0,         0,         0,         0,         0,         0,         0,         0,         0,         0,         0,         0,         0,         0,         0,         0,         0,         0,         0,         0,         0,         0,         0,         0,         0,         0,         0,         0,         0,         0,         0,         0,         0,         0,         0,         0,         0,         0,         0,         0,  2370
       0,        0,        0,        0,        0,        0,        0,        0,        0,         0,         0,         0,         0,         0,         0,         0,         0,         0,         0,         0,         0,         0,         0,         0,         0,         0,         0,         0,         0,         0,         0,         0,         0,         0,         0,         0,         0,         0,         0,         0,         0,         0,         0,         0,         0,         0,         0,         0,         0,         0,         0,         0,         0,         0,         0,         0,         0,         0,         0,         0,         0,         0,         0,         0,         0,         0,         0,         0,         0,         0,         0,         0,         0,         0,         0,         0,         0,         0,         0,         0,         0,         0,         0,         0,  2402
       0,        0,        0,        0,        0,        0,        0,        0,        0,         0,         0,         0,         0,         0,         0,         0,         0,         0,         0,         0,         0,         0,         0,         0,         0,         0,         0,         0,         0,         0,         0,         0,         0,         0,         0,         0,         0,         0,         0,         0,         0,         0,         0,         0,         0,         0,         0,         0,         0,         0,         0,         0,         0,         0,         0,         0,         0,         0,         0,         0,         0,         0,         0,         0,         0,         0,         0,         0,         0,         0,         0,         0,         0,         0,         0,         0,         0,         0,         0,         0,         0,         0,         0,         0,  2419
       0,        0,        0,        0,        0,        0,        0,        0,        0,         0,         0,         0,         0,         0,         0,         0,         0,         0,         0,         0,         0,         0,         0,         0,         0,         0,         0,         0,         0,         0,         0,         0,         0,         0,         0,         0,         0,         0,         0,         0,         0,         0,         0,         0,         0,         0,         0,         0,         0,         0,         0,         0,         0,         0,         0,         0,         0,         0,         0,         0,         0,         0,         0,         0,         0,         0,         0,         0,         0,         0,         0,         0,         0,         0,         0,         0,         0,         0,         0,         0,         0,         0,         0,         0,  2452
       0,        0,        0,        0,        0,        0,        0,        0,        0,         0,         0,         0,         0,         0,         0,         0,         0,         0,         0,         0,         0,         0,         0,         0,         0,         0,         0,         0,         0,         0,         0,         0,         0,         0,         0,         0,         0,         0,         0,         0,         0,         0,         0,         0,         0,         0,         0,         0,         0,         0,         0,         0,         0,         0,         0,         0,         0,         0,         0,         0,         0,         0,         0,         0,         0,         0,         0,         0,         0,         0,         0,         0,         0,         0,         0,         0,         0,         0,         0,         0,         0,         0,         0,         0,  2486
       0,        0,        0,        0,        0,        0,        0,        0,        0,         0,         0,         0,         0,         0,         0,         0,         0,         0,         0,         0,         0,         0,         0,         0,         0,         0,         0,         0,         0,         0,         0,         0,         0,         0,         0,         0,         0,         0,         0,         0,         0,         0,         0,         0,         0,         0,         0,         0,         0,         0,         0,         0,         0,         0,         0,         0,         0,         0,         0,         0,         0,         0,         0,         0,         0,         0,         0,         0,         0,         0,         0,         0,         0,         0,         0,         0,         0,         0,         0,         0,         0,         0,         0,         0,  2519
       0,        0,        0,        0,        0,        0,        0,        0,        0,         0,         0,         0,         0,         0,         0,         0,         0,         0,         0,         0,         0,         0,         0,         0,         0,         0,         0,         0,         0,         0,         0,         0,         0,         0,         0,         0,         0,         0,         0,         0,         0,         0,         0,         0,         0,         0,         0,         0,         0,         0,         0,         0,         0,         0,         0,         0,         0,         0,         0,         0,         0,         0,         0,         0,         0,         0,         0,         0,         0,         0,         0,         0,         0,         0,         0,         0,         0,         0,         0,         0,         0,         0,         0,         0,  2536
       0,        0,        0,        0,        0,        0,        0,        0,        0,         0,         0,         0,         0,         0,         0,         0,         0,         0,         0,         0,         0,         0,         0,         0,         0,         0,         0,         0,         0,         0,         0,         0,         0,         0,         0,         0,         0,         0,         0,         0,         0,         0,         0,         0,         0,         0,         0,         0,         0,         0,         0,         0,         0,         0,         0,         0,         0,         0,         0,         0,         0,         0,         0,         0,         0,         0,         0,         0,         0,         0,         0,         0,         0,         0,         0,         0,         0,         0,         0,         0,         0,         0,         0,         0,  2569
       0,        0,        0,        0,        0,        0,        0,        0,        0,         0,         0,         0,         0,         0,         0,         0,         0,         0,         0,         0,         0,         0,         0,         0,         0,         0,         0,         0,         0,         0,         0,         0,         0,         0,         0,         0,         0,         0,         0,         0,         0,         0,         0,         0,         0,         0,         0,         0,         0,         0,         0,         0,         0,         0,         0,         0,         0,         0,         0,         0,         0,         0,         0,         0,         0,         0,         0,         0,         0,         0,         0,         0,         0,         0,         0,         0,         0,         0,         0,         0,         0,         0,         0,         0,  2587
       0,        0,        0,        0,        0,        0,        0,        0,        0,         0,         0,         0,         0,         0,         0,         0,         0,         0,         0,         0,         0,         0,         0,         0,         0,         0,         0,         0,         0,         0,         0,         0,         0,         0,         0,         0,         0,         0,         0,         0,         0,         0,         0,         0,         0,         0,         0,         0,         0,         0,         0,         0,         0,         0,         0,         0,         0,         0,         0,         0,         0,         0,         0,         0,         0,         0,         0,         0,         0,         0,         0,         0,         0,         0,         0,         0,         0,         0,         0,         0,         0,         0,         0,         0,  2603
       0,        0,        0,        0,        0,        0,        0,        0,        0,         0,         0,         0,         0,         0,         0,         0,         0,         0,         0,         0,         0,         0,         0,         0,         0,         0,         0,         0,         0,         0,         0,         0,         0,         0,         0,         0,         0,         0,         0,         0,         0,         0,         0,         0,         0,         0,         0,         0,         0,         0,         0,         0,         0,         0,         0,         0,         0,         0,         0,         0,         0,         0,         0,         0,         0,         0,         0,         0,         0,         0,         0,         0,         0,         0,         0,         0,         0,         0,         0,         0,         0,         0,         0,         0,  2620
       0,        0,        0,        0,        0,        0,        0,        0,        0,         0,         0,         0,         0,         0,         0,         0,         0,         0,         0,         0,         0,         0,         0,         0,         0,         0,         0,         0,         0,         0,         0,         0,         0,         0,         0,         0,         0,         0,         0,         0,         0,         0,         0,         0,         0,         0,         0,         0,         0,         0,         0,         0,         0,         0,         0,         0,         0,         0,         0,         0,         0,         0,         0,         0,         0,         0,         0,         0,         0,         0,         0,         0,         0,         0,         0,         0,         0,         0,         0,         0,         0,         0,         0,         0,  2636
       0,        0,        0,        0,        0,        0,        0,        0,        0,         0,         0,         0,         0,         0,         0,         0,         0,         0,         0,         0,         0,         0,         0,         0,         0,         0,         0,         0,         0,         0,         0,         0,         0,         0,         0,         0,         0,         0,         0,         0,         0,         0,         0,         0,         0,         0,         0,         0,         0,         0,         0,         0,         0,         0,         0,         0,         0,         0,         0,         0,         0,         0,         0,         0,         0,         0,         0,         0,         0,         0,         0,         0,         0,         0,         0,         0,         0,         0,         0,         0,         0,         0,         0,         0,  2670
       0,        0,        0,        0,        0,        0,        0,        0,        0,         0,         0,         0,         0,         0,         0,         0,         0,         0,         0,         0,         0,         0,         0,         0,         0,         0,         0,         0,         0,         0,         0,         0,         0,         0,         0,         0,         0,         0,         0,         0,         0,         0,         0,         0,         0,         0,         0,         0,         0,         0,         0,         0,         0,         0,         0,         0,         0,         0,         0,         0,         0,         0,         0,         0,         0,         0,         0,         0,         0,         0,         0,         0,         0,         0,         0,         0,         0,         0,         0,         0,         0,         0,         0,         0,  2688
       0,        0,        0,        0,        0,        0,        0,        0,        0,         0,         0,         0,         0,         0,         0,         0,         0,         0,         0,         0,         0,         0,         0,         0,         0,         0,         0,         0,         0,         0,         0,         0,         0,         0,         0,         0,         0,         0,         0,         0,         0,         0,         0,         0,         0,         0,         0,         0,         0,         0,         0,         0,         0,         0,         0,         0,         0,         0,         0,         0,         0,         0,         0,         0,         0,         0,         0,         0,         0,         0,         0,         0,         0,         0,         0,         0,         0,         0,         0,         0,         0,         0,         0,         0,  2703
       0,        0,        0,        0,       20,       20,      122,       34,     3003,      2693,         0,         0,         0,         0,         0,         0,         0,         0,         0,         0,         0,         0,         0,         0,         0,         0,         0,         0,         0,         0,         0,         0,         0,         0,         0,         0,         0,         0,         0,         0,         0,         0,         0,         0,         0,         0,         0,         0,         0,         0,         0,         0,         0,         0,         0,         0,         0,         0,         0,         0,         0,         0,         0,         0,         0,         0,         0,         0,         0,         0,         0,         0,         0,         0,         0,        26,         0,         0,         0,         0,         0,         0,         0,         0,  2720
       0,        0,        0,        0,       20,       20,      122,       34,     3003,      2693,      1450,      1000,      1654,      3678,       107,      6205,      3000,      4272,      3281,      3874,      1980,       104,      4125,      1245,      1951,       697,      2004,      2844,        87,       770,       628,      1991,      1534,       256,         0,         0,         0,         0,         0,         0,         0,         0,         0,         0,         0,         0,         0,         0,         0,         0,         0,         0,         0,         0,         0,         0,         0,         0,         0,         0,         0,         0,         0,         0,         0,         0,         0,         0,         0,         0,         0,         0,         0,         0,         0,        26,         0,         0,         0,         0,         0,         0,         0,         0,  2736
       0,        0,        0,       15,       23,       40,      112,       35,     1231,      2669,       981,      1043,      1002,      2110,        54,      5904,      2478,      3454,      2922,      3903,      1906,        28,      4125,      1245,      1951,       697,      2004,      2844,        87,       770,       628,      1991,      1534,       256,         0,         0,         0,         0,         0,         0,         0,         0,         0,         0,         0,         0,         0,         0,         0,         0,         0,         0,         0,         0,         0,         0,         0,         0,         0,       364,      2103,       697,         0,         0,         0,         0,       193,      2074,      1112,         0,         0,         0,         0,         0,         0,         0,         0,         0,         0,         0,         0,         0,         0,         0,  2769
       0,        0,        0,       15,       23,       40,      112,       35,     1231,      2669,       981,      1043,      1002,      2110,        54,      5904,      2478,      3454,      2922,      3903,      1906,        28,      2892,      1168,      1862,       715,      1721,      2956,        55,      2604,       190,      1928,      1387,      2037,       533,         0,        70,       278,      1946,      1236,      1859,       114,         0,         0,         0,         0,        18,         0,         0,         0,         0,         0,        16,        20,         0,         0,         0,         0,         0,       364,      2103,       697,         0,         0,         0,         0,       193,      2074,      1112,         0,         0,         0,         0,         0,         0,         0,         0,         0,         0,         0,         0,         0,         0,         0,  2786
      20,      513,      380,      324,     2091,      892,      304,       40,      133,      2697,       649,       623,       292,        56,        42,       230,      2025,      2087,      1758,      4451,       812,         0,         0,        19,        19,        15,        31,         0,       100,       854,       532,      2189,      1279,      2018,       533,         0,        70,       278,      1946,      1236,      1859,       114,         0,         0,         0,         0,        18,         0,         0,         0,         0,         0,        16,        20,        20,        20,         0,         0,      2145,       423,      2902,      5180,       116,         0,       732,       838,       509,      1493,      3691,        61,       495,      1749,      1708,      1006,       738,      2142,       130,       164,       337,       360,       764,       176,      1639,        43,  2819
      23,      334,      403,      269,     1936,      851,      301,       35,      967,      2638,       970,       475,       232,        45,        63,       872,      2009,      1956,      1758,      4451,       812,         0,         0,        19,        19,        15,        31,         0,       100,       854,       532,      2189,      1279,      2018,       547,        18,       122,       128,      2301,       878,      3049,       361,       102,      2047,      1544,      1507,      1622,      2181,       209,       509,      2636,       525,       391,      1111,      2028,       172,       162,       783,      1430,       840,      2631,      4929,        99,       393,      1017,       781,       517,      1545,      3837,        54,       497,      1488,      1513,       292,       155,       843,        18,       185,       316,       428,       830,       256,      1752,         0,  2852
      27,      516,      403,      269,     1936,      851,      301,       35,      967,      2638,       970,       475,       232,        45,        63,       872,      2009,      1956,      1696,      4248,      1478,        59,       576,       388,      1901,       502,      1223,      1905,        91,       930,       263,      2203,      1509,      1964,       473,        19,       124,       120,      2202,       939,      3032,       401,        91,      1951,      1535,      1103,       822,      1520,       192,       512,      2663,       542,       422,      1257,      2154,       334,       164,       747,      1415,       789,      2606,      4774,       108,       598,       847,       730,       421,      1449,      3488,        68,       513,      1602,      1716,       948,       662,      1969,        37,       178,       300,       378,       766,       196,      1681,        16,  2885
      27,      516,      414,      297,     2178,     1001,      514,       31,     1169,      2687,       551,       511,       229,        45,        71,       988,      2160,      2327,      1502,      3995,      1511,        27,       196,       303,      1716,       442,      1371,      2414,        88,      1015,       282,      2191,      2043,      1804,       640,        20,       116,       103,      2047,      1513,      2858,       595,        92,      2151,      1650,      1294,      2045,      2031,       472,       511,      2721,       528,       373,      1205,      2037,      1004,       167,       747,      1405,       859,      2465,      4856,       112,       266,       825,       774,       421,      1449,      3488,        68,       513,      1602,      1716,       948,       662,      1969,        37,       178,       300,       378,       766,       196,      1681,        16,  2919
      27,      477,      379,      559,     2073,      993,      514,       31,     1180,      2646,       933,       461,       221,        49,        71,       988,      2160,      2327,      1502,      3995,      1511,        27,       196,       303,      1716,       442,      1371,      2414,        88,      1015,       282,      2191,      2043,      1804,       640,        20,       116,       103,      2047,      1513,      2858,       595,        92,      2151,      1650,      1294,      2045,      2031,       472,       511,      2721,       528,       373,      1205,      2037,      1004,       167,       747,      1405,       859,      2465,      4856,       112,       266,       825,       774,       550,      1513,      3758,        57,       515,      1427,      1494,       310,       164,       982,        24,       190,       303,       427,       843,       258,      1782,        16,  2936
      27,      477,      379,      559,     2073,      993,      514,       31,     1180,      2646,       933,       461,       221,        49,        67,      1033,      2122,      2208,      1505,      4351,      1546,        43,       484,       352,      1830,       387,      1056,      1969,        95,      1015,       270,      2177,      1529,      1975,       516,        20,       130,       120,      2215,       750,      3071,       434,       100,      2080,      1640,      1397,      1531,      2071,       222,       521,      2664,       534,       408,      1234,      2211,       201,       175,       761,      1435,       830,      2587,      4944,        98,       258,       859,       774,       522,      1511,      3577,        59,       529,      1602,      1685,       722,       471,      1828,        34,       179,       307,       375,       774,       202,      1782,        16,  2970
      19,      558,      368,      924,     2266,     1092,      656,       27,     1263,      2629,       980,       600,       170,        49,        55,       931,      2298,      2031,      2213,      4449,      1484,        64,       555,       403,      1800,       479,      1193,      2143,        88,       938,       270,      2177,      1529,      1975,       516,        20,       130,       120,      2215,       750,      3071,       434,       100,      2080,      1640,      1397,      1531,      2071,       222,       521,      2664,       534,       408,      1234,      2211,       201,       175,       761,      1435,       830,      2587,      4944,        98,       258,       859,       774,       522,      1511,      3577,        59,       529,      1602,      1685,       722,       471,      1828,        34,       179,       307,       375,       774,       202,      1657,        34,  2986
      23,      598,      389,      968,     2793,     1298,      773,       31,     1316,      2627,      1004,       422,       190,        49,        55,       931,      2298,      2031,      2213,      4449,      1484,        64,       555,       403,      1800,       479,      1193,      2143,        88,       938,       244,      2173,      1679,      1936,       686,        20,       123,       112,      2204,       742,      2943,       635,        99,      2106,      1658,      1452,      1606,      2042,       528,       521,      2657,       539,       421,      1261,      2077,       818,       175,       750,      1426,       839,      2578,      4761,       441,       251,       843,       745,       468,      1472,      3530,       287,       558,      1726,      1762,       864,       624,      1897,       120,       171,       316,       369,       761,       185,      1634,        49,  3020
      23,      598,      389,      968,     2793,     1298,      773,       31,     1316,      2627,      1004,       422,       190,        49,        71,      1134,      2181,      2320,      1588,      4189,      1617,        43,       412,       292,      1476,       364,      1123,      2230,        91,       997,       247,      2262,      1673,      1923,       710,        15,       130,       113,      2205,       746,      3011,       650,        95,      2130,      1664,      1428,      1609,      2084,       554,       515,      2714,       520,       373,      1195,      1915,      1660,       163,       747,      1406,       806,      2552,      4823,       897,       239,       839,       722,       423,      1455,      3471,       313,       554,      1678,      1789,      1010,       713,      2044,       133,       171,       316,       369,       761,       185,      1634,        49,  3053
      23,      625,      389,      935,     2389,     1199,      710,       27,     1216,      2716,      1021,       432,       228,        49,        71,      1053,      2251,      2399,      1490,      4373,      1609,        19,       162,       155,      1189,       307,      1185,      2126,        95,      1022,       287,      2300,      1700,      1952,       675,        19,       128,       113,      2209,       741,      3009,       639,        99,      2114,      1669,      1448,      1657,      2114,       545,       514,      2709,       524,       374,      1254,      1889,      1638,       167,       760,      1407,       809,      2548,      4729,       897,       239,       839,       722,       423,      1455,      3471,       313,       554,      1678,      1789,      1010,       713,      2044,       133,       171,       313,       374,       767,       190,      1640,        49,  3086
      23,      679,      411,      955,     2407,     1162,      718,       31,     1176,      2717,      1021,       432,       228,        49,        71,      1053,      2251,      2399,      1490,      4373,      1609,        19,       162,       155,      1189,       307,      1185,      2126,        95,      1022,       287,      2300,      1700,      1952,       675,        19,       128,       113,      2209,       741,      3009,       639,        99,      2114,      1669,      1448,      1657,      2114,       545,       514,      2709,       524,       374,      1254,      1889,      1638,       167,       760,      1407,       809,      2548,      4729,       879,       235,       845,       721,       423,      1436,      3359,       298,       543,      1812,      1784,       960,       714,      2268,       149,       171,       330,       375,       754,       189,      1616,        44,  3102
      23,      679,      411,      955,     2407,     1162,      718,       31,     1176,      2717,      1006,       438,       206,        50,        55,       943,      2200,      2160,      1975,      4476,      1483,        59,       555,       355,      1740,       465,      1392,      2309,        88,       989,       236,      2185,      1866,      1859,       703,        15,       123,       113,      2213,       718,      2975,       657,        99,      2114,      1669,      1448,      1657,      2114,       545,       514,      2709,       524,       374,      1254,      1889,      1638,       167,       760,      1407,       809,      2548,      4729,       879,       235,       845,       721,       423,      1436,      3359,       298,       543,      1812,      1784,       960,       714,      2268,       149,       171,       330,       375,       754,       189,      1616,        44,  3119
      31,     1001,      513,      996,     2878,     1275,     1003,       31,     1316,      2679,      1003,       427,       192,        51,        55,      1023,      2127,      2159,      1631,      4140,      1632,        55,       566,       349,      1681,       429,      1392,      2309,        88,       989,       236,      2185,      1866,      1859,       703,        15,       123,       113,      2213,       718,      2975,       657,        99,      2184,      1683,      1473,      1663,      2110,       551,       518,      2686,       527,       389,      1185,      1878,      1673,       167,       748,      1402,       816,      2549,      4740,       907,       235,       844,       721,       421,      1442,      3389,       307,       562,      1847,      1831,      1004,       732,      2198,       144,       171,       324,       370,       755,       175,      1613,        44,  3153
      28,      778,      448,      990,     3005,     1313,     1003,       31,     1316,      2679,      1003,       427,       192,        51,        55,      1023,      2127,      2159,      1631,      4140,      1632,        55,       566,       349,      1681,       429,      1279,      2432,        87,      1018,       241,      2296,      1846,      1923,       719,        19,       125,       113,      2196,       717,      2993,       665,        95,      2164,      1667,      1453,      1676,      2133,       566,       521,      2730,       513,       375,      1189,      1929,      1835,       160,       758,      1402,       808,      2536,      4715,       973,       236,       853,       720,       416,      1433,      3382,       324,       566,      1892,      1851,      1035,       755,      2281,       158,       172,       320,       363,       750,       177,      1611,        46,  3186
      28,      778,      448,      990,     3005,     1313,      826,       32,     1303,      2661,       970,       426,       192,        50,        60,       981,      2211,      2224,      1446,      4277,      1621,        39,       329,       250,      1442,       344,      1207,      2245,        96,      1051,       251,      2284,      1873,      1901,       694,        20,       130,       115,      2225,       754,      2995,       650,        96,      2162,      1678,      1458,      1691,      2133,       556,       521,      2723,       525,       375,      1203,      1923,      1807,       164,       757,      1405,       802,      2620,      4638,       945,       236,       843,       717,       417,      1391,      3371,       325,       570,      1850,      1826,       984,       755,      2281,       158,       172,       320,       363,       750,       177,      1611,        46,  3220
      32,     1021,      539,     1042,     2904,     1255,     1271,       28,     1192,      2684,       967,       414,       180,        52,        56,       962,      2195,      2139,      1668,      4183,      1685,        60,       535,       336,      1576,       396,      1190,      2351,        92,      1020,       251,      2333,      1866,      1927,       727,        20,       131,       114,      2199,       719,      2989,       668,       100,      2147,      1672,      1465,      1676,      2140,       579,       517,      2709,       523,       404,      1296,      1981,      1920,       164,       745,      1405,       802,      2620,      4638,       945,       236,       843,       717,       417,      1391,      3371,       325,       570,      1850,      1826,       984,       735,      2273,       162,       172,       319,       365,       760,       186,      1617,        46,  3253
      32,     1051,      542,     1027,     3080,     1281,     1271,       28,     1192,      2684,       967,       414,       180,        52,        56,       962,      2195,      2139,      1668,      4183,      1685,        60,       535,       336,      1576,       396,      1190,      2351,        92,      1020,       251,      2333,      1866,      1927,       727,        20,       131,       114,      2199,       719,      2989,       668,       100,      2147,      1672,      1465,      1676,      2140,       579,       517,      2709,       523,       404,      1296,      1981,      1920,       164,       745,      1407,       793,      2514,      4739,       974,       236,       838,       714,       413,      1439,      3363,       332,       569,      1850,      1842,      1016,       750,      2312,       165,       172,       319,       361,       752,       179,      1611,        47,  3269
      32,     1051,      542,     1027,     3080,     1281,     1395,       28,     1205,      2670,       944,       417,       181,        46,        56,       974,      2091,      2157,      1676,      4183,      1692,        56,       562,       326,      1554,       391,      1046,      2167,        88,      1014,       234,      2312,      1972,      1911,       717,        16,       125,       113,      2199,       719,      2989,       668,       100,      2147,      1672,      1465,      1676,      2140,       579,       517,      2709,       523,       404,      1296,      1981,      1920,       164,       745,      1407,       793,      2514,      4739,       974,       236,       838,       714,       413,      1439,      3363,       332,       569,      1850,      1842,      1016,       750,      2312,       165,       172,       319,       361,       752,       179,      1611,        47,  3286
      32,     1085,      549,     1014,     2712,     1258,     1093,       28,     1218,      2662,       965,       421,       192,        52,        55,       953,      2128,      2139,      1676,      4183,      1692,        56,       562,       326,      1554,       391,      1046,      2167,        88,      1014,       234,      2312,      1972,      1911,       717,        16,       125,       113,      2196,       722,      2984,       675,        96,      2164,      1698,      1454,      1659,      2109,       580,       521,      2722,       525,       398,      1341,      2034,      1924,       168,       748,      1402,       798,      2489,      4632,       966,       236,       834,       711,       415,      1432,      3333,       326,       581,      1855,      1857,      1013,       750,      2316,       167,       172,       319,       365,       748,       176,      1608,        52,  3319
      32,     1085,      549,     1014,     2712,     1258,     1093,       28,     1218,      2662,       965,       421,       192,        52,        55,       953,      2128,      2139,      1649,      4195,      1652,        59,       577,       349,      1652,       397,      1066,      2196,        88,      1009,       234,      2310,      1915,      1942,       713,        16,       124,       113,      2189,       713,      3000,       674,       100,      2157,      1697,      1455,      1656,      2122,       579,       521,      2722,       525,       398,      1341,      2034,      1924,       168,       748,      1402,       798,      2489,      4632,       966,       236,       834,       711,       415,      1432,      3333,       326,       581,      1855,      1857,      1013,       750,      2316,       167,       172,       319,       365,       748,       176,      1608,        52,  3337
      32,     1128,      564,     1039,     3088,     1284,     1337,       28,     1221,      2673,       940,       409,       181,        53,        56,       966,      2153,      2139,      1666,      4125,      1825,        60,       569,       350,      1606,       418,      1181,      2464,        88,      1007,       236,      2306,      1967,      1909,       713,        16,       124,       113,      2189,       713,      3000,       674,       100,      2157,      1697,      1455,      1656,      2122,       579,       521,      2718,       529,       399,      1331,      2025,      1916,       164,       747,      1403,       798,      2483,      4642,       967,       236,       833,       715,       415,      1432,      3352,       329,       585,      1845,      1857,      1022,       756,      2366,       173,       172,       319,       364,       757,       179,      1613,        47,  3369
      32,     1128,      564,     1039,     3088,     1284,     1337,       28,     1221,      2673,       940,       409,       181,        53,        56,       966,      2153,      2139,      1666,      4125,      1825,        60,       569,       350,      1606,       418,      1181,      2464,        88,      1007,       236,      2306,      1967,      1909,       736,        16,       125,       107,      2189,       716,      2995,       688,        96,      2165,      1692,      1458,      1679,      2125,       593,       521,      2725,       526,       400,      1323,      2025,      1952,       164,       752,      1402,       793,      2500,      4653,       982,       232,       839,       711,       415,      1432,      3352,       329,       585,      1845,      1857,      1022,       756,      2366,       173,       172,       319,       364,       757,       179,      1613,        47,  3386
      32,     1143,      555,     1050,     3038,     1296,     1209,       28,     1222,      2640,       957,       416,       193,        52,        56,       963,      2121,      2148,      1666,      4125,      1825,        60,       569,       350,      1606,       418,      1181,      2464,        88,      1007,       236,      2306,      1967,      1909,       736,        16,       125,       107,      2189,       716,      2995,       688,        96,      2165,      1692,      1458,      1679,      2125,       593,       521,      2725,       526,       400,      1323,      2025,      1952,       164,       752,      1402,       793,      2500,      4653,       982,       232,       839,       711,       417,      1434,      3329,       329,       574,      1883,      1857,      1026,       760,      2400,       175,       168,       321,       362,       759,       179,      1602,        46,  3403
      32,     1143,      555,     1050,     3038,     1296,     1209,       28,     1222,      2640,       957,       416,       193,        52,        56,       963,      2121,      2148,      1649,      4227,      1669,        56,       571,       343,      1591,       400,      1095,      2213,        88,      1010,       236,      2300,      2025,      1913,       713,        20,       125,       107,      2183,       725,      2986,       679,        96,      2170,      1703,      1457,      1656,      2123,       586,       517,      2732,       526,       400,      1350,      2039,      1968,       164,       752,      1402,       791,      2489,      4620,       983,       236,       844,       711,       416,      1428,      3306,       332,       574,      1865,      1850,      1014,       760,      2407,       177,       168,       321,       362,       746,       179,      1602,        46,  3435
      32,     1262,      590,     1038,     2994,     1252,     1451,       28,     1192,      2615,       947,       418,       182,        54,        56,       957,      2083,      2134,      1672,      4145,      1852,        60,       564,       334,      1637,       418,      1195,      2489,        88,      1011,       234,      2310,      1989,      1902,       735,        20,       125,       113,      2186,       717,      2984,       691,        96,      2180,      1699,      1446,      1655,      2118,       595,       522,      2731,       526,       398,      1349,      2027,      1972,       164,       753,      1402,       780,      2502,      4635,       983,       236,       844,       711,       416,      1428,      3306,       332,       574,      1865,      1850,      1014,       760,      2407,       177,       168,       321,       362,       746,       179,      1604,        48,  3470
      32,     1145,      555,     1066,     3062,     1275,     1384,       28,     1224,      2649,       965,       410,       193,        53,        56,       964,      2116,      2141,      1686,      4175,      1680,        60,       572,       334,      1590,       419,      1195,      2387,        92,      1018,       235,      2308,      2001,      1913,       724,        20,       125,       106,      2189,       718,      2984,       682,        96,      2178,      1702,      1448,      1655,      2118,       595,       522,      2731,       526,       398,      1349,      2027,      1972,       164,       753,      1402,       780,      2502,      4635,      1000,       236,       840,       711,       415,      1435,      3321,       337,       574,      1893,      1850,      1022,       760,      2403,       181,       168,       322,       363,       757,       179,      1605,        48,  3503
      32,     1145,      555,     1066,     3062,     1275,     1384,       28,     1224,      2649,       965,       410,       193,        53,        56,       964,      2116,      2141,      1686,      4175,      1680,        60,       572,       334,      1590,       419,      1195,      2387,        92,      1018,       235,      2308,      2001,      1913,       724,        20,       125,       106,      2189,       718,      2984,       682,        96,      2178,      1702,      1448,      1659,      2118,       587,       517,      2735,       526,       399,      1360,      2038,      1976,       164,       760,      1410,       791,      2497,      4635,       995,       236,       838,       712,       416,      1444,      3310,       338,       578,      1883,      1858,      1025,       760,      2414,       178,       172,       322,       362,       748,       179,      1605,        48,  3519
      32,     1264,      591,     1047,     3011,     1275,     1409,       28,     1202,      2642,       948,       418,       193,        53,        56,       951,      2094,      2146,      1685,      4184,      1696,        60,       566,       327,      1580,       427,      1218,      2428,        88,      1014,       235,      2308,      2001,      1913,       724,        20,       125,       106,      2189,       718,      2984,       682,        96,      2178,      1702,      1448,      1659,      2118,       587,       517,      2735,       526,       399,      1360,      2038,      1976,       164,       760,      1410,       791,      2497,      4635,       995,       236,       838,       712,       416,      1444,      3310,       338,       578,      1883,      1858,      1025,       760,      2414,       178,       172,       322,       362,       748,       179,      1604,        47,  3536
      32,     1265,      591,     1074,     3022,     1275,     1428,       28,     1211,      2651,       948,       418,       193,        53,        56,       951,      2094,      2146,      1685,      4184,      1696,        60,       566,       327,      1580,       427,      1218,      2428,        88,      1014,       234,      2310,      2000,      1913,       720,        20,       125,       113,      2188,       718,      2984,       678,        96,      2177,      1702,      1455,      1659,      2118,       589,       522,      2727,       527,       399,      1361,      2027,      1977,       164,       762,      1403,       790,      2495,      4646,       994,       232,       849,       712,       415,      1428,      3314,       333,       574,      1904,      1860,      1031,       761,      2425,       184,       168,       322,       363,       757,       179,      1605,        53,  3569
      32,     1265,      591,     1074,     3022,     1275,     1428,       28,     1211,      2651,       956,       419,       182,        53,        56,       952,      2094,      2156,      1685,      4179,      1698,        60,       566,       334,      1572,       419,      1230,      2428,        88,      1005,       235,      2312,      2000,      1913,       716,        16,       125,       113,      2196,       717,      2984,       680,        96,      2177,      1695,      1455,      1659,      2118,       589,       522,      2727,       527,       399,      1361,      2027,      1977,       164,       762,      1403,       790,      2495,      4646,       994,       232,       849,       712,       415,      1428,      3314,       333,       574,      1904,      1860,      1031,       761,      2425,       184,       168,       322,       363,       757,       179,      1605,        53,  3587
      32,     1265,      598,     1064,     3017,     1277,     1468,       28,     1202,      2642,       956,       419,       182,        53,        52,       959,      2101,      2154,      1683,      4196,      1717,        60,       566,       327,      1572,       428,      1230,      2428,        88,      1005,       235,      2312,      2000,      1913,       716,        16,       125,       113,      2196,       717,      2984,       680,        96,      2177,      1695,      1455,      1658,      2118,       590,       518,      2727,       534,       399,      1367,      2038,      1976,       164,       754,      1404,       790,      2495,      4635,       997,       236,       849,       712,       415,      1444,      3321,       340,       574,      1894,      1858,      1031,       769,      2425,       179,       172,       322,       363,       748,       179,      1605,        47,  3620
      32,     1265,      598,     1064,     3017,     1277,     1468,       28,     1202,      2642,       956,       419,       182,        53,        52,       959,      2101,      2154,      1683,      4196,      1717,        60,       566,       327,      1572,       428,      1241,      2443,        92,      1014,       235,      2321,      2011,      1913,       726,        16,       125,       113,      2189,       728,      2984,       683,        96,      2177,      1702,      1455,      1662,      2118,       590,       518,      2727,       526,       399,      1361,      2027,      1979,       164,       754,      1403,       791,      2485,      4635,       997,       236,       849,       712,       415,      1444,      3321,       340,       574,      1894,      1858,      1031,       769,      2425,       179,       172,       322,       363,       748,       179,      1605,        47,  3636
      32,     1257,      591,     1064,     2990,     1220,     1468,       28,     1202,      2642,       956,       419,       182,        53,        52,       959,      2101,      2154,      1683,      4196,      1717,        60,       566,       327,      1572,       428,      1241,      2443,        92,      1014,       235,      2321,      2011,      1913,       726,        16,       125,       113,      2189,       728,      2984,       683,        96,      2177,      1702,      1455,      1662,      2118,       590,       518,      2727,       526,       399,      1361,      2027,      1979,       164,       754,      1403,       791,      2485,      4635,       996,       232,       849,       719,       416,      1431,      3314,       331,       574,      1894,      1858,      1032,       762,      2428,       184,       168,       322,       363,       758,       179,      1607,        49,  3653
      32,     1257,      591,     1064,     2990,     1220,     1915,       24,     1211,      2644,       957,       420,       182,        61,        56,       951,      2102,      2156,      1686,      4161,      1784,        60,       566,       334,      1573,       428,      1230,      2435,        88,      1014,       235,      2314,      2020,      1913,       720,        20,       125,       106,      2189,       719,      2987,       683,        96,      2161,      1703,      1455,      1660,      2109,       591,       522,      2735,       527,       407,      1369,      2027,      1979,       164,       754,      1403,       790,      2482,      4629,       998,       236,       849,       712,       415,      1429,      3306,       338,       574,      1894,      1860,      1023,       762,      2428,       184,       168,       322,       363,       758,       179,      1607,        49,  3687
      32,     1265,      591,     1048,     2993,     1220,     1935,       28,     1210,      2642,       956,       419,       182,        61,        56,       959,      2101,      2154,      1678,      4184,      1787,        64,       565,       334,      1548,       420,      1230,      2435,        88,      1014,       235,      2314,      2020,      1913,       720,        20,       125,       106,      2189,       719,      2987,       683,        96,      2161,      1703,      1455,      1660,      2109,       591,       522,      2735,       527,       407,      1369,      2027,      1979,       164,       754,      1403,       790,      2482,      4629,       998,       236,       849,       712,       415,      1429,      3306,       338,       574,      1894,      1860,      1023,       762,      2451,       184,       172,       322,       363,       748,       179,      1605,        49,  3703
      28,     1161,      591,     1048,     2993,     1220,     1935,       28,     1210,      2642,       956,       419,       182,        61,        56,       959,      2101,      2154,      1678,      4184,      1787,        64,       565,       334,      1548,       420,      1230,      2436,        92,      1012,       235,      2312,      2032,      1902,       721,        16,       133,       114,      2188,       728,      2987,       683,        96,      2182,      1703,      1458,      1656,      2109,       598,       522,      2739,       534,       400,      1373,      2041,      1977,       164,       761,      1405,       800,      2487,      4640,       998,       232,       848,       713,       417,      1440,      3318,       332,       570,      1901,      1861,      1042,       763,      2440,       184,       168,       321,       363,       758,       180,      1607,        49,  3737
      36,     1264,      592,     1064,     3011,     1212,     2283,       28,     1209,      2653,       956,       409,       184,        75,        56,       950,      2111,      2146,      1663,      4405,      1797,        60,       558,       335,      1539,       409,      1327,      2439,        88,      1013,       235,      2339,      1953,      1949,       727,        20,       125,       114,      2186,       715,      3002,       689,       100,      2181,      1710,      1454,      1662,      2119,       594,       522,      2730,       527,       399,      1364,      2041,      1979,       164,       754,      1405,       790,      2485,      4630,       993,       236,       849,       713,       416,      1432,      3306,       335,       578,      1896,      1861,      1040,       767,      2456,       183,       172,       322,       364,       757,       179,      1603,        50,  3919
      32,     1265,      591,     1048,     2975,     1200,     2292,       28,     1210,      2653,       948,       417,       184,        75,        56,       950,      2111,      2146,      1663,      4405,      1797,        60,       558,       335,      1539,       409,      1327,      2439,        88,      1013,       235,      2339,      1953,      1949,       722,        20,       125,       114,      2188,       708,      2990,       697,        96,      2183,      1703,      1455,      1655,      2115,       595,       522,      2723,       527,       399,      1373,      2032,      1983,       164,       754,      1404,       790,      2491,      4630,       994,       236,       840,       706,       415,      1433,      3314,       335,       582,      1893,      1868,      1039,       767,      2448,       183,       168,       322,       363,       757,       179,      1605,        50,  3953
      32,     1265,      591,     1048,     2975,     1200,     2292,       28,     1210,      2653,       948,       417,       184,        75,        56,       959,      2111,      2154,      1663,      4434,      1792,        64,       558,       328,      1547,       409,      1327,      2431,        88,      1014,       235,      2329,      1970,      1939,       721,        20,       125,       114,      2188,       708,      3005,       690,        96,      2177,      1704,      1455,      1658,      2113,       595,       522,      2735,       527,       399,      1366,      2043,      1983,       164,       755,      1405,       790,      2487,      4630,       994,       236,       841,       713,       416,      1434,      3317,       335,       578,      1896,      1868,      1039,       760,      2459,       190,       172,       322,       370,       757,       179,      1605,        50,  3986
      32,     1257,      592,     1048,     2982,     1200,     2300,       28,     1209,      2646,       948,       410,       184,        76,        56,       959,      2104,      2146,      1659,      4434,      1793,        60,       557,       328,      1540,       410,      1327,      2428,        92,      1013,       235,      2331,      1982,      1939,       722,        16,       125,       106,      2188,       718,      2990,       690,        96,      2174,      1711,      1457,      1666,      2124,       595,       522,      2733,       527,       399,      1376,      2043,      1983,       164,       754,      1405,       791,      2487,      4630,       994,       236,       840,       720,       416,      1434,      3317,       335,       578,      1896,      1868,      1039,       760,      2459,       190,       172,       322,       370,       757,       179,      1605,        50,  4019
      32,     1264,      592,     1049,     2965,     1200,     2294,       28,     1210,      2646,       948,       418,       184,        69,        56,       959,      2104,      2146,      1659,      4434,      1793,        60,       557,       328,      1540,       410,      1327,      2428,        92,      1013,       235,      2331,      1982,      1939,       722,        16,       125,       106,      2188,       718,      2990,       690,        96,      2174,      1711,      1457,      1666,      2124,       595,       522,      2733,       527,       399,      1376,      2043,      1983,       164,       754,      1405,       791,      2487,      4630,       994,       236,       840,       720,       415,      1435,      3302,       335,       578,      1885,      1861,      1039,       760,      2459,       183,       172,       322,       363,       757,       179,      1605,        50,  4036
      32,     1264,      592,     1049,     2965,     1200,     2294,       28,     1210,      2646,       948,       418,       184,        69,        56,       951,      2102,      2146,      1656,      4434,      1799,        56,       565,       335,      1546,       401,      1327,      2427,        88,      1014,       235,      2329,      1991,      1939,       722,        20,       125,       114,      2188,       709,      2994,       690,        96,      2185,      1704,      1455,      1658,      2124,       596,       518,      2735,       527,       399,      1368,      2043,      1978,       164,       746,      1406,       790,      2478,      4630,       995,       233,       840,       712,       415,      1435,      3314,       336,       578,      1886,      1868,      1039,       769,      2459,       190,       168,       322,       363,       757,       179,      1605,        50,  4069
      32,     1265,      592,     1039,     2968,     1189,     2301,       28,     1210,      2646,       948,       410,       184,        76,        56,       950,      2111,      2146,      1666,      4439,      1800,        60,       565,       335,      1555,       410,      1327,      2430,        92,      1014,       235,      2321,      1991,      1942,       722,        20,       125,       114,      2188,       709,      2990,       691,       100,      2177,      1711,      1447,      1658,      2113,       596,       522,      2735,       527,       399,      1367,      2043,      1984,       164,       754,      1405,       791,      2489,      4630,       995,       233,       840,       712,       415,      1435,      3314,       336,       578,      1886,      1868,      1039,       769,      2459,       190,       168,       322,       363,       757,       179,      1605,        57,  4102
      36,     1264,      592,     1049,     2965,     1189,     2309,       32,     1209,      2648,       948,       410,       184,        76,        56,       950,      2111,      2146,      1666,      4439,      1800,        60,       565,       335,      1555,       410,      1327,      2430,        92,      1014,       235,      2321,      1991,      1942,       722,        20,       125,       114,      2188,       709,      2990,       691,       100,      2177,      1711,      1447,      1658,      2113,       596,       522,      2735,       527,       399,      1367,      2043,      1984,       164,       754,      1405,       791,      2489,      4630,       995,       237,       849,       713,       415,      1437,      3302,       336,       582,      1886,      1862,      1039,       769,      2462,       190,       168,       322,       363,       757,       179,      1605,        50,  4119
      36,     1264,      592,     1049,     2965,     1189,     2309,       32,     1209,      2648,       949,       418,       184,        76,        56,       950,      2102,      2146,      1666,      4439,      1802,        60,       566,       328,      1573,       418,      1327,      2422,        88,      1014,       235,      2321,      1991,      1953,       722,        16,       125,       114,      2189,       718,      3002,       691,       100,      2177,      1711,      1447,      1658,      2113,       596,       522,      2735,       527,       399,      1367,      2043,      1984,       164,       754,      1405,       791,      2489,      4630,       995,       237,       849,       713,       415,      1437,      3302,       336,       582,      1886,      1862,      1039,       769,      2462,       190,       168,       322,       363,       757,       179,      1605,        50,  4136
      32,     1265,      592,     1040,     2948,     1190,     2301,       28,     1209,      2646,       949,       410,       184,        76,        56,       959,      2111,      2139,      1668,      4434,      1808,        60,       566,       335,      1582,       418,      1327,      2422,        88,      1014,       235,      2321,      1991,      1953,       722,        16,       125,       114,      2189,       718,      3002,       691,        96,      2185,      1704,      1457,      1658,      2113,       596,       522,      2733,       527,       399,      1377,      2043,      1979,       164,       754,      1405,       791,      2491,      4630,       996,       232,       840,       713,       424,      1435,      3302,       336,       578,      1893,      1862,      1039,       760,      2459,       183,       168,       322,       364,       757,       179,      1605,        50,  4169
      32,     1264,      592,     1040,     2940,     1163,     2313,       28,     1209,      2646,       949,       410,       184,        76,        56,       959,      2111,      2139,      1668,      4434,      1808,        60,       566,       335,      1582,       418,      1327,      2423,        88,      1014,       235,      2323,      1993,      1939,       723,        20,       125,       114,      2188,       710,      3002,       691,        96,      2175,      1718,      1457,      1668,      2124,       596,       522,      2733,       528,       399,      1376,      2043,      1986,       164,       754,      1405,       791,      2487,      4623,       994,       236,       840,       713,       415,      1427,      3310,       335,       582,      1885,      1870,      1040,       777,      2465,       190,       172,       321,       364,       757,       179,      1609,        50,  4202
      32,     1264,      592,     1040,     2940,     1163,     2313,       28,     1209,      2646,       948,       418,       182,        69,        56,       959,      2111,      2148,      1685,      4189,      1869,        64,       572,       335,      1582,       419,      1231,      2446,        88,      1013,       235,      2323,      1991,      1915,       728,        20,       125,       114,      2181,       710,      2990,       690,        96,      2183,      1711,      1448,      1659,      2123,       595,       522,      2741,       535,       407,      1376,      2043,      1989,       164,       754,      1406,       791,      2487,      4634,       994,       236,       840,       713,       416,      1435,      3310,       335,       582,      1875,      1861,      1040,       777,      2465,       190,       172,       321,       364,       757,       179,      1609,        50,  4236
      36,     1263,      592,     1041,     2942,     1167,     2305,       28,     1208,      2646,       949,       418,       184,        69,        52,       957,      2104,      2148,      1675,      4200,      1863,        64,       565,       335,      1598,       419,      1231,      2446,        88,      1013,       235,      2323,      1991,      1915,       728,        20,       125,       114,      2181,       710,      2990,       690,        96,      2183,      1711,      1448,      1659,      2123,       595,       522,      2741,       535,       407,      1376,      2043,      1989,       164,       754,      1406,       791,      2487,      4634,       994,       236,       840,       713,       416,      1435,      3310,       335,       582,      1875,      1861,      1040,       769,      2462,       183,       172,       321,       363,       757,       179,      1609,        50,  4252
      36,     1263,      592,     1041,     2942,     1167,     2305,       28,     1208,      2646,       949,       418,       184,        69,        52,       957,      2104,      2148,      1675,      4200,      1863,        64,       565,       335,      1598,       419,      1244,      2446,        88,      1012,       235,      2321,      2000,      1920,       728,        20,       125,       114,      2188,       709,      2990,       690,        96,      2183,      1720,      1457,      1658,      2123,       595,       522,      2731,       527,       399,      1368,      2043,      1989,       164,       754,      1406,       791,      2487,      4634,       994,       236,       840,       713,       416,      1435,      3310,       335,       582,      1875,      1861,      1040,       769,      2462,       183,       172,       321,       363,       757,       179,      1609,        50,  4270
      32,     1264,      585,     1040,     2948,     1164,     2305,       28,     1208,      2646,       949,       418,       184,        69,        52,       957,      2104,      2148,      1675,      4200,      1863,        64,       565,       335,      1598,       419,      1244,      2446,        88,      1012,       235,      2321,      2000,      1920,       728,        20,       125,       114,      2188,       709,      2990,       690,        96,      2183,      1720,      1457,      1658,      2123,       595,       522,      2731,       527,       399,      1368,      2041,      1983,       164,       753,      1406,       790,      2487,      4629,       994,       236,       840,       713,       416,      1435,      3306,       335,       582,      1883,      1870,      1040,       769,      2462,       183,       168,       322,       370,       757,       179,      1607,        50,  4286
      32,     1264,      585,     1040,     2948,     1164,     2305,       28,     1208,      2648,       949,       419,       182,        75,        56,       958,      2104,      2139,      1675,      4178,      1868,        60,       565,       335,      1605,       419,      1232,      2444,        88,      1012,       235,      2314,      1991,      1915,       734,        16,       125,       114,      2191,       709,      2990,       690,        96,      2174,      1711,      1458,      1668,      2123,       601,       522,      2731,       535,       400,      1368,      2041,      1982,       164,       754,      1405,       791,      2489,      4634,      1001,       236,       839,       713,       416,      1446,      3306,       335,       582,      1885,      1861,      1040,       769,      2462,       183,       168,       322,       370,       757,       179,      1607,        50,  4320
      36,     1264,      585,     1040,     2953,     1174,     2305,       28,     1208,      2639,       950,       410,       182,        69,        52,       958,      2098,      2141,      1678,      4178,      1869,        60,       572,       342,      1633,       428,      1221,      2446,        88,      1013,       228,      2308,      2003,      1904,       728,        20,       125,       114,      2183,       719,      2990,       697,       100,      2183,      1718,      1450,      1660,      2125,       602,       522,      2731,       527,       400,      1378,      2041,      1982,       164,       754,      1405,       791,      2489,      4634,      1001,       236,       839,       713,       416,      1446,      3306,       335,       582,      1885,      1861,      1040,       769,      2454,       183,       168,       321,       363,       758,       179,      1607,        50,  4353
      32,     1263,      585,     1040,     2953,     1174,     2305,       28,     1208,      2639,       950,       410,       182,        69,        52,       958,      2098,      2141,      1678,      4178,      1869,        60,       572,       342,      1633,       428,      1221,      2446,        88,      1013,       228,      2308,      2003,      1904,       728,        20,       125,       114,      2183,       719,      2990,       697,       100,      2183,      1718,      1450,      1660,      2125,       602,       522,      2731,       527,       400,      1378,      2029,      1983,       164,       745,      1404,       790,      2491,      4623,       994,       236,       832,       713,       416,      1431,      3306,       335,       582,      1875,      1868,      1041,       769,      2462,       190,       172,       321,       370,       758,       179,      1609,        44,  4371
      32,     1263,      592,     1040,     2951,     1175,     2306,       28,     1208,      2646,       941,       419,       182,        69,        56,       949,      2109,      2141,      1668,      4173,      1863,        60,       572,       334,      1625,       419,      1232,      2446,        88,      1012,       235,      2308,      2003,      1906,       728,        16,       125,       114,      2181,       719,      2990,       690,        96,      2182,      1704,      1457,      1660,      2114,       602,       522,      2731,       527,       400,      1368,      2031,      1983,       164,       746,      1404,       791,      2482,      4623,       994,       236,       840,       713,       416,      1429,      3299,       335,       582,      1875,      1868,      1041,       769,      2462,       190,       172,       321,       370,       758,       179,      1609,        44,  4403
      32,     1264,      591,     1041,     2953,     1175,     2306,       28,     1209,      2644,       950,       419,       182,        76,        52,       957,      2102,      2133,      1678,      4178,      1869,        60,       572,       334,      1634,       428,      1221,      2446,        88,      1012,       235,      2310,      2003,      1906,       728,        20,       125,       114,      2193,       719,      2976,       697,        96,      2175,      1703,      1451,      1660,      2123,       595,       522,      2731,       527,       400,      1368,      2031,      1983,       164,       746,      1404,       791,      2482,      4623,       994,       236,       840,       713,       416,      1429,      3299,       335,       582,      1875,      1860,      1041,       761,      2465,       183,       168,       321,       363,       758,       179,      1609,        50,  4436
      32,     1264,      584,     1041,     2953,     1174,     2313,       28,     1208,      2644,       950,       410,       182,        69,        56,       950,      2104,      2135,      1678,      4173,      1869,        60,       573,       342,      1651,       428,      1221,      2446,        88,      1012,       235,      2310,      2022,      1915,       728,        20,       125,       114,      2193,       719,      2976,       697,        96,      2175,      1703,      1451,      1660,      2123,       595,       522,      2739,       527,       400,      1378,      2043,      1989,       164,       745,      1404,       783,      2491,      4629,      1001,       236,       839,       712,       408,      1438,      3306,       335,       582,      1875,      1867,      1041,       770,      2465,       183,       172,       321,       363,       758,       179,      1609,        50,  4470
      32,     1264,      584,     1041,     2953,     1174,     2313,       28,     1208,      2644,       950,       410,       182,        69,        56,       950,      2104,      2135,      1678,      4173,      1869,        60,       573,       342,      1651,       428,      1221,      2446,        88,      1012,       235,      2310,      2022,      1915,       728,        20,       125,       114,      2191,       720,      2987,       697,        96,      2175,      1703,      1450,      1662,      2120,       595,       518,      2733,       527,       400,      1378,      2041,      1989,       164,       754,      1405,       791,      2491,      4629,      1000,       236,       840,       713,       408,      1438,      3306,       335,       582,      1875,      1867,      1041,       770,      2465,       183,       172,       321,       363,       758,       179,      1609,        50,  4486
      32,     1264,      585,     1041,     2953,     1164,     2306,       28,     1209,      2646,       950,       419,       182,        69,        56,       949,      2104,      2133,      1676,      4161,      1868,        60,       565,       335,      1650,       427,      1220,      2446,        88,      1013,       228,      2310,      2011,      1904,       728,        16,       125,       114,      2183,       718,      2987,       690,        96,      2175,      1720,      1451,      1659,      2109,       595,       518,      2733,       527,       400,      1378,      2041,      1989,       164,       754,      1405,       791,      2491,      4629,      1000,       236,       840,       713,       417,      1437,      3310,       342,       582,      1877,      1868,      1042,       761,      2462,       183,       172,       322,       364,       758,       179,      1609,        50,  4520
      36,     1264,      585,     1041,     2951,     1163,     2306,       28,     1209,      2639,       950,       419,       171,        69,        52,       949,      2097,      2133,      1668,      4161,      1869,        60,       565,       342,      1651,       428,      1220,      2446,        88,      1013,       228,      2310,      2011,      1904,       728,        16,       125,       114,      2183,       718,      2987,       690,        96,      2175,      1720,      1451,      1659,      2109,       595,       518,      2723,       528,       391,      1371,      2029,      1983,       164,       754,      1406,       783,      2485,      4623,       994,       236,       832,       713,       416,      1429,      3295,       335,       582,      1883,      1861,      1042,       769,      2468,       190,       168,       322,       364,       758,       179,      1607,        50,  4552
      32,     1264,      584,     1050,     2953,     1174,     2306,       24,     1209,      2646,       941,       410,       182,        69,        52,       949,      2097,      2133,      1668,      4161,      1869,        60,       565,       342,      1651,       428,      1221,      2446,        88,      1012,       235,      2308,      2010,      1904,       728,        16,       125,       114,      2183,       719,      2990,       697,        96,      2174,      1711,      1450,      1660,      2109,       595,       518,      2731,       528,       400,      1377,      2043,      1984,       164,       754,      1406,       792,      2482,      4623,       994,       236,       832,       713,       408,      1429,      3299,       336,       582,      1875,      1862,      1042,       770,      2451,       183,       172,       322,       356,       758,       171,      1607,        50,  4585
      32,     1264,      584,     1050,     2953,     1174,     2306,       24,     1209,      2646,       941,       410,       182,        69,        52,       949,      2098,      2141,      1675,      4161,      1875,        60,       573,       342,      1641,       419,      1208,      2433,        88,      1012,       235,      2301,      2010,      1904,       728,        16,       125,       106,      2183,       710,      2987,       690,        96,      2174,      1711,      1450,      1660,      2109,       595,       518,      2731,       528,       400,      1377,      2043,      1984,       164,       754,      1406,       792,      2482,      4623,       994,       236,       832,       713,       408,      1429,      3299,       336,       582,      1875,      1862,      1042,       770,      2451,       183,       172,       322,       356,       758,       171,      1607,        50,  4603
      32,     1263,      585,     1041,     2951,     1174,     2313,       24,     1208,      2639,       942,       419,       182,        75,        52,       958,      2105,      2133,      1669,      4173,      1883,        60,       565,       335,      1643,       419,      1150,      2370,        88,      1005,       235,      2301,      2010,      1904,       728,        16,       125,       106,      2183,       710,      2987,       690,        96,      2174,      1721,      1451,      1662,      2120,       595,       522,      2733,       528,       400,      1379,      2041,      1989,       164,       753,      1406,       792,      2482,      4618,       994,       236,       832,       713,       416,      1429,      3306,       336,       582,      1875,      1862,      1042,       762,      2462,       183,       168,       322,       364,       758,       179,      1605,        50,  4628
      32,     1263,      585,     1041,     2951,     1174,     2313,       24,     1208,      2639,       942,       419,       182,        75,        52,       958,      2105,      2133,      1669,      4173,      1883,        60,       565,       335,      1643,       419,      1150,      2370,        88,      1005,       228,      2300,      2020,      1902,       728,        16,       125,       114,      2185,       719,      2987,       690,        96,      2175,      1720,      1452,      1660,      2109,       595,       518,      2733,       528,       408,      1379,      2038,      1989,       164,       746,      1399,       791,      2485,      4618,       994,       236,       832,       713,       416,      1429,      3306,       336,       582,      1875,      1862,      1042,       762,      2462,       183,       168,       322,       364,       758,       179,      1605,        50,  4653
      32,     1265,      585,     1041,     2953,     1174,     2314,       24,     1209,      2640,       942,       419,       182,        75,        52,       958,      2105,      2133,      1669,      4173,      1883,        60,       565,       335,      1643,       419,      1150,      2370,        88,      1005,       228,      2300,      2020,      1902,       728,        16,       125,       114,      2185,       719,      2987,       690,        96,      2175,      1720,      1452,      1660,      2109,       595,       518,      2733,       528,       408,      1379,      2038,      1989,       164,       746,      1399,       791,      2485,      4618,       994,       236,       832,       706,       417,      1429,      3306,       335,       582,      1877,      1862,      1034,       761,      2451,       183,       168,       322,       364,       758,       179,      1605,        50,  4670
      32,     1265,      585,     1041,     2953,     1174,     2314,       24,     1209,      2640,       941,       410,       182,        76,        52,       966,      2105,      2133,      1669,      4161,      1889,        60,       573,       342,      1641,       419,      1163,      2379,        88,      1013,       235,      2300,      2020,      1904,       729,        16,       125,       114,      2185,       719,      2987,       691,        96,      2175,      1720,      1452,      1660,      2109,       595,       518,      2733,       528,       408,      1379,      2038,      1989,       164,       746,      1399,       791,      2485,      4618,       994,       236,       832,       706,       417,      1429,      3306,       335,       582,      1877,      1862,      1034,       761,      2451,       183,       168,       322,       364,       758,       179,      1605,        50,  4685
      32,     1265,      585,     1041,     2953,     1174,     2314,       24,     1209,      2640,       941,       410,       182,        76,        52,       966,      2105,      2133,      1669,      4161,      1889,        60,       573,       342,      1641,       419,      1163,      2379,        88,      1013,       235,      2300,      2020,      1904,       729,        16,       125,       114,      2185,       719,      2987,       691,        96,      2177,      1704,      1451,      1660,      2120,       596,       522,      2735,       527,       400,      1378,      2038,      1991,       164,       746,      1405,       783,      2482,      4618,       996,       236,       833,       713,       408,      1431,      3302,       336,       582,      1874,      1861,      1042,       761,      2451,       183,       168,       322,       364,       758,       179,      1605,        50,  4703
      32,     1281,      592,     1042,     2964,     1174,     2322,       24,     1258,      2639,       942,       411,       182,        76,        52,      1077,      2089,      2135,      1669,      4161,      1892,        60,       594,       335,      1651,       419,      1174,      2401,        88,      1022,       235,      2301,      2013,      1904,       730,        16,       126,       114,      2185,       719,      2976,       693,        96,      2188,      1704,      1451,      1662,      2120,       599,       522,      2741,       528,       400,      1380,      2038,      1991,       164,       746,      1405,       783,      2482,      4618,       996,       236,       833,       713,       408,      1431,      3302,       336,       582,      1874,      1861,      1042,       762,      2451,       183,       168,       323,       356,       758,       171,      1607,        50,  4736
      36,     1285,      584,     1042,     2953,     1163,     2340,       24,     1269,      2639,       942,       411,       182,        76,        52,      1102,      2091,      2126,      1669,      4150,      1950,        60,       595,       335,      1643,       419,      1163,      2429,        88,      1015,       228,      2303,      2011,      1892,       741,        16,       126,       114,      2185,       719,      2976,       693,        96,      2188,      1704,      1451,      1662,      2120,       599,       522,      2741,       528,       400,      1380,      2041,      1984,       164,       744,      1398,       792,      2487,      4618,      1002,       236,       840,       713,       417,      1440,      3306,       338,       582,      1880,      1861,      1043,       762,      2462,       185,       168,       325,       364,       758,       179,      1609,        51,  4769
      32,     1285,      584,     1043,     2964,     1163,     2330,       24,     1277,      2639,       942,       419,       182,        70,        52,      1111,      2082,      2136,      1669,      4150,      1950,        60,       595,       335,      1643,       419,      1163,      2429,        88,      1015,       228,      2303,      2011,      1892,       741,        16,       126,       114,      2185,       711,      2990,       696,        96,      2182,      1703,      1451,      1662,      2123,       601,       522,      2748,       527,       400,      1380,      2041,      1988,       164,       746,      1405,       783,      2482,      4623,      1003,       232,       841,       706,       417,      1431,      3306,       338,       578,      1877,      1861,      1042,       762,      2462,       185,       168,       317,       356,       758,       179,      1607,        51,  4802
      32,     1285,      584,     1043,     2964,     1163,     2330,       24,     1277,      2639,       942,       419,       182,        70,        52,      1111,      2082,      2136,      1669,      4155,      1942,        60,       595,       335,      1643,       419,      1151,      2421,        84,      1022,       228,      2301,      2011,      1904,       734,        20,       126,       114,      2186,       719,      2976,       696,        96,      2184,      1704,      1452,      1662,      2123,       601,       522,      2741,       528,       400,      1380,      2041,      1988,       164,       746,      1405,       783,      2482,      4623,      1003,       232,       841,       706,       417,      1431,      3306,       338,       578,      1877,      1861,      1042,       762,      2462,       185,       168,       317,       356,       758,       179,      1607,        51,  4819
      32,     1284,      584,     1043,     2964,     1163,     2330,       24,     1277,      2639,       942,       419,       182,        70,        52,      1111,      2082,      2136,      1669,      4155,      1942,        60,       595,       335,      1643,       419,      1151,      2421,        84,      1022,       228,      2301,      2011,      1904,       734,        20,       126,       114,      2186,       719,      2976,       696,        96,      2184,      1704,      1452,      1662,      2123,       601,       522,      2741,       528,       400,      1380,      2031,      1994,       164,       752,      1405,       792,      2485,      4611,       997,       236,       832,       713,       408,      1431,      3295,       332,       582,      1879,      1862,      1043,       762,      2462,       185,       168,       325,       356,       759,       180,      1601,        51,  4835
      32,     1284,      584,     1043,     2958,     1169,     2335,       28,     1268,      2640,       943,       411,       171,        70,        52,      1102,      2089,      2118,      1663,      4221,      1946,        60,       594,       335,      1652,       420,      1167,      2421,        92,      1022,       235,      2295,      2024,      1912,       738,        20,       126,       114,      2186,       711,      2979,       698,        96,      2188,      1704,      1451,      1660,      2123,       602,       518,      2743,       527,       391,      1379,      2043,      1991,       160,       753,      1405,       784,      2474,      4606,      1005,       236,       840,       706,       408,      1431,      3295,       332,       582,      1879,      1862,      1043,       762,      2462,       185,       168,       325,       356,       759,       180,      1601,        51,  4869
      36,     1285,      584,     1051,     2956,     1164,     2361,       24,     1276,      2639,       943,       411,       182,        77,        52,      1102,      2082,      2126,      1663,      4221,      1946,        60,       594,       335,      1652,       420,      1167,      2421,        92,      1022,       235,      2295,      2024,      1912,       738,        20,       126,       114,      2186,       711,      2979,       698,        96,      2188,      1704,      1451,      1660,      2123,       602,       518,      2743,       527,       391,      1379,      2043,      1991,       160,       753,      1405,       784,      2474,      4606,      1005,       236,       840,       706,       417,      1431,      3310,       333,       578,      1879,      1861,      1043,       762,      2448,       185,       168,       325,       356,       759,       179,      1592,        44,  4886
      36,     1285,      584,     1051,     2956,     1164,     2361,       24,     1276,      2639,       943,       411,       182,        77,        52,      1102,      2082,      2126,      1669,      4171,      1970,        60,       603,       335,      1652,       428,      1165,      2439,        84,      1023,       235,      2303,      2013,      1906,       739,        16,       126,       106,      2186,       719,      2990,       700,        96,      2182,      1710,      1452,      1663,      2111,       610,       522,      2738,       527,       409,      1380,      2043,      1998,       164,       746,      1404,       792,      2485,      4623,      1003,       237,       841,       713,       417,      1429,      3310,       341,       582,      1879,      1861,      1043,       762,      2468,       186,       168,       325,       363,       759,       179,      1592,        44,  4919
      32,     1284,      584,     1043,     2956,     1152,     2363,       24,     1269,      2640,       951,       410,       182,        70,        52,      1102,      2088,      2136,      1670,      4143,      2005,        64,       595,       335,      1644,       410,      1152,      2453,        88,      1022,       228,      2295,      2013,      1906,       747,        20,       118,       114,      2195,       711,      2979,       701,        96,      2180,      1704,      1452,      1662,      2111,       605,       522,      2735,       527,       401,      1379,      2043,      1997,       164,       753,      1398,       792,      2482,      4611,       998,       232,       832,       706,       417,      1429,      3310,       341,       582,      1879,      1861,      1043,       762,      2468,       186,       168,       325,       363,       759,       179,      1609,        51,  4952
      36,     1284,      584,     1050,     2962,     1164,     2364,       24,     1268,      2639,       951,       411,       182,        70,        56,      1094,      2089,      2128,      1670,      4143,      2012,        60,       594,       335,      1636,       419,      1154,      2459,        88,      1015,       228,      2303,      2011,      1906,       748,        16,       126,       114,      2185,       719,      2979,       703,        96,      2188,      1704,      1452,      1662,      2111,       605,       522,      2735,       527,       401,      1379,      2043,      1997,       164,       753,      1398,       792,      2482,      4611,       998,       232,       832,       706,       417,      1431,      3299,       334,       582,      1880,      1861,      1043,       762,      2457,       186,       168,       325,       363,       759,       179,      1609,        51,  4986
      36,     1284,      584,     1050,     2962,     1164,     2364,       24,     1268,      2639,       951,       411,       182,        70,        56,      1094,      2089,      2128,      1670,      4143,      2012,        60,       594,       335,      1636,       419,      1154,      2459,        88,      1015,       228,      2303,      2011,      1906,       748,        16,       126,       114,      2185,       719,      2979,       703,        96,      2188,      1704,      1452,      1660,      2119,       608,       522,      2743,       527,       400,      1379,      2036,      2005,       168,       753,      1405,       784,      2485,      4622,      1002,       236,       833,       713,       417,      1439,      3302,       343,       582,      1879,      1868,      1042,       762,      2468,       187,       168,       325,       363,       758,       179,      1609,        51,  5003
      32,     1285,      584,     1051,     2956,     1154,     2399,       28,     1268,      2639,       951,       411,       182,        71,        52,      1095,      2089,      2141,      1660,      4155,      2036,        60,       579,       328,      1575,       411,      1152,      2477,        88,      1030,       228,      2303,      2011,      1906,       748,        16,       126,       114,      2185,       719,      2979,       703,        96,      2188,      1704,      1452,      1660,      2119,       608,       522,      2743,       527,       400,      1379,      2036,      2005,       168,       753,      1405,       784,      2485,      4622,      1002,       236,       833,       713,       417,      1439,      3302,       343,       582,      1879,      1868,      1042,       762,      2468,       187,       168,       325,       363,       758,       179,      1611,        51,  5016
      32,     1285,      584,     1051,     2956,     1154,     2399,       28,     1268,      2639,       951,       411,       182,        71,        52,      1095,      2089,      2141,      1660,      4155,      2036,        60,       579,       328,      1575,       411,      1152,      2477,        88,      1030,       235,      2325,      2020,      1906,       752,        20,       126,       114,      2191,       719,      2979,       707,        96,      2180,      1704,      1458,      1670,      2111,       609,       522,      2743,       520,       399,      1378,      2043,      2006,       164,       745,      1405,       791,      2476,      4617,      1012,       233,       832,       713,       415,      1429,      3310,       343,       582,      1879,      1868,      1042,       762,      2468,       187,       168,       325,       363,       758,       179,      1611,        51,  5037
      36,     1292,      592,     1057,     2956,     1152,     2401,       28,     1275,      2646,       957,       411,       182,        77,        56,      1109,      2104,      2189,      1679,      4143,      2032,        56,       579,       328,      1575,       411,      1152,      2477,        88,      1030,       235,      2325,      2020,      1906,       752,        20,       126,       114,      2191,       719,      2979,       707,        96,      2180,      1704,      1458,      1670,      2111,       609,       522,      2743,       520,       399,      1378,      2043,      2006,       164,       745,      1405,       791,      2476,      4617,      1012,       233,       832,       713,       415,      1429,      3310,       343,       582,      1879,      1861,      1040,       762,      2465,       188,       168,       325,       363,       766,       179,      1611,        51,  5053
      36,     1292,      592,     1057,     2956,     1152,     2401,       28,     1275,      2646,       957,       411,       182,        77,        56,      1109,      2104,      2189,      1679,      4143,      2032,        56,       522,       292,      1407,       385,      1141,      2477,        92,      1030,       235,      2354,      2022,      1906,       757,        20,       126,       114,      2196,       719,      2979,       705,        96,      2188,      1704,      1455,      1660,      2111,       608,       522,      2741,       527,       407,      1379,      2031,      2003,       164,       752,      1405,       790,      2485,      4611,      1004,       236,       839,       706,       423,      1439,      3299,       343,       582,      1877,      1868,      1039,       762,      2465,       188,       168,       325,       363,       766,       179,      1611,        51,  5087
      32,     1291,      591,     1064,     2956,     1152,     2420,       28,     1275,      2644,       964,       419,       182,        77,        60,      1125,      2109,      2212,      1679,      4132,      2051,        52,       507,       278,      1331,       368,      1141,      2475,        88,      1038,       235,      2362,      2022,      1906,       754,        16,       126,       114,      2194,       719,      2979,       708,        96,      2188,      1704,      1464,      1662,      2114,       612,       522,      2746,       527,       407,      1379,      2031,      2000,       164,       753,      1405,       790,      2485,      4611,      1004,       236,       839,       706,       423,      1439,      3299,       343,       582,      1877,      1868,      1039,       762,      2477,       188,       168,       324,       363,       765,       180,      1609,        51,  5119
      32,     1292,      584,     1055,     2953,     1144,     2420,       28,     1275,      2644,       964,       419,       182,        77,        60,      1125,      2109,      2212,      1679,      4132,      2051,        52,       507,       278,      1331,       368,      1141,      2475,        88,      1038,       235,      2362,      2022,      1906,       754,        16,       126,       114,      2194,       719,      2979,       708,        96,      2188,      1704,      1464,      1662,      2114,       612,       522,      2746,       527,       407,      1379,      2031,      2000,       164,       753,      1405,       790,      2485,      4611,      1002,       236,       840,       713,       415,      1431,      3299,       338,       582,      1887,      1868,      1039,       762,      2454,       188,       168,       325,       363,       764,       179,      1609,        52,  5135
      32,     1292,      584,     1055,     2953,     1144,     2441,       28,     1276,      2646,       964,       411,       182,       557,        56,      1141,      2111,      2219,      1669,      4121,      2032,        52,       483,       271,      1255,       351,      1130,      2480,        92,      1047,       242,      2385,      2030,      1906,       747,        16,       126,       106,      2200,       710,      2994,       707,        96,      2190,      1703,      1468,      1662,      2125,       610,       522,      2743,       527,       406,      1379,      2043,      2006,       164,       745,      1405,       797,      2487,      4605,      1011,       236,       841,       713,       423,      1432,      3302,       335,       582,      1880,      1868,      1045,       762,      2454,       188,       168,       325,       363,       764,       179,      1609,        52,  5169
      36,     1293,      592,     1062,     2941,     1108,     2332,       28,     1285,      2646,       979,       471,       320,       617,        56,      1149,      2111,      2265,      1680,      4125,      2036,        48,       483,       271,      1255,       351,      1130,      2480,        92,      1047,       242,      2385,      2030,      1906,       747,        16,       126,       106,      2200,       710,      2994,       707,        96,      2190,      1703,      1468,      1662,      2125,       610,       522,      2743,       527,       406,      1379,      2043,      2006,       164,       745,      1405,       797,      2487,      4605,      1011,       236,       841,       713,       423,      1432,      3302,       335,       582,      1880,      1868,      1045,       762,      2457,       190,       172,       325,       363,       763,       180,      1611,        45,  5186
      36,     1293,      592,     1062,     2941,     1108,     2332,       28,     1285,      2646,       979,       471,       320,       617,        56,      1149,      2111,      2265,      1680,      4125,      2036,        48,       452,       242,      1062,       334,      1121,      2477,        92,      1055,       249,      2414,      2030,      1910,       754,        20,       126,       106,      2197,       719,      2986,       716,       100,      2198,      1711,      1468,      1662,      2114,       604,       522,      2743,       527,       406,      1389,      2045,      2001,       164,       753,      1405,       796,      2476,      4622,      1009,       236,       833,       713,       422,      1432,      3306,       341,       582,      1879,      1861,      1045,       771,      2474,       190,       168,       325,       363,       763,       180,      1611,        45,  5203
      36,     1285,      584,     1060,     2947,     1109,     2324,       28,     1285,      2653,       978,       480,       331,       630,        60,      1158,      2118,      2270,      1679,      4137,      2028,        48,       452,       242,      1019,       325,      1120,      2483,        92,      1054,       249,      2429,      2039,      1922,       754,        20,       126,       106,      2197,       719,      2986,       716,       100,      2198,      1711,      1468,      1662,      2114,       604,       522,      2743,       527,       406,      1389,      2045,      2001,       164,       753,      1405,       796,      2476,      4622,      1009,       236,       833,       713,       422,      1432,      3306,       341,       582,      1879,      1861,      1045,       771,      2474,       190,       168,       325,       356,       762,       180,      1600,        52,  5237
      36,     1285,      584,     1060,     2947,     1109,     2324,       28,     1285,      2653,       978,       480,       331,       630,        60,      1158,      2118,      2270,      1679,      4137,      2028,        48,       452,       242,      1019,       325,      1120,      2483,        92,      1054,       249,      2429,      2039,      1922,       755,        16,       126,       114,      2203,       719,      2986,       716,        96,      2188,      1704,      1475,      1670,      2114,       610,       522,      2753,       527,       414,      1378,      2048,      2009,       164,       752,      1405,       795,      2482,      4599,      1005,       236,       840,       713,       422,      1439,      3306,       341,       582,      1879,      1868,      1043,       771,      2474,       190,       168,       325,       356,       762,       180,      1600,        52,  5253
      36,     1284,      584,     1058,     2936,     1109,     2323,       28,     1284,      2646,       984,       471,       331,       624,        60,      1149,      2125,      2324,      1686,      4141,      2030,        44,       436,       235,       985,       325,      1132,      2477,        92,      1054,       249,      2408,      2041,      1908,       749,        20,       126,       114,      2205,       719,      2986,       716,        96,      2187,      1704,      1472,      1669,      2116,       611,       522,      2751,       527,       413,      1379,      2048,      2009,       164,       752,      1405,       795,      2482,      4599,      1005,       236,       840,       713,       422,      1439,      3306,       341,       582,      1879,      1868,      1043,       771,      2457,       190,       168,       325,       363,       769,       179,      1600,        52,  5287
      32,     1284,      584,     1058,     2947,     1109,     2339,       28,     1283,      2653,       983,       470,       331,       617,        56,      1141,      2125,      2332,      1688,      4141,      2034,        52,       467,       256,      1133,       342,      1120,      2467,        88,      1053,       249,      2433,      2032,      1922,       749,        16,       126,       114,      2205,       719,      2986,       716,        96,      2187,      1704,      1472,      1669,      2116,       611,       522,      2751,       527,       413,      1379,      2045,      2003,       164,       752,      1405,       794,      2476,      4605,      1005,       236,       839,       713,       421,      1429,      3306,       341,       582,      1879,      1868,      1041,       771,      2468,       190,       172,       324,       363,       769,       179,      1611,        52,  5320
      32,     1284,      584,     1057,     2939,     1109,     2350,       28,     1284,      2651,       983,       479,       331,       638,        56,      1149,      2125,      2322,      1688,      4141,      2034,        52,       467,       256,      1133,       342,      1120,      2467,        88,      1053,       249,      2433,      2032,      1922,       749,        16,       126,       114,      2200,       719,      2986,       710,        96,      2196,      1703,      1471,      1660,      2114,       612,       522,      2751,       527,       413,      1386,      2045,      2005,       164,       753,      1405,       793,      2482,      4617,      1007,       236,       840,       713,       421,      1431,      3302,       342,       582,      1879,      1862,      1049,       762,      2459,       184,       168,       325,       356,       760,       179,      1600,        52,  5344
      32,     1284,      584,     1057,     2939,     1109,     2350,       28,     1284,      2651,       983,       479,       331,       638,        56,      1149,      2125,      2322,      1686,      4148,      2039,        44,       404,       199,       644,       274,      1098,      2468,        92,      1063,       256,      2471,      2037,      1908,       757,        16,       126,       114,      2206,       719,      2986,       711,        97,      2193,      1704,      1464,      1660,      2114,       612,       536,      2742,       520,       413,      1379,      2045,      2005,       164,       753,      1405,       793,      2482,      4617,      1007,       236,       840,       713,       421,      1431,      3302,       342,       582,      1879,      1862,      1049,       762,      2459,       184,       168,       325,       356,       760,       179,      1600,        52,  5369
      33,     1289,      591,     1066,     2939,     1108,     2371,       29,     1289,      2651,       991,       479,       331,       658,        62,      1146,      2125,      2338,      1686,      4153,      2035,        45,       406,       199,       645,       274,      1123,      2458,        96,      1059,       256,      2471,      2039,      1910,       757,        16,       126,       114,      2206,       719,      2986,       711,        97,      2193,      1704,      1464,      1660,      2114,       612,       536,      2742,       520,       413,      1379,      2045,      2009,       169,       748,      1405,       793,      2485,      4605,      1007,       247,       827,       713,       413,      1431,      3306,       342,       643,      1855,      1868,      1041,       763,      2459,       191,       199,       310,       356,       760,       180,      1601,        52,  5403
      33,     1283,      592,     1058,     2941,     1098,     2399,       29,     1282,      2646,       983,       471,       331,       681,        62,      1146,      2125,      2338,      1686,      4153,      2035,        45,       406,       199,       645,       274,      1123,      2458,        96,      1059,       256,      2471,      2039,      1910,       751,        16,       127,       114,      2196,       719,      2982,       706,       100,      2183,      1697,      1471,      1662,      2114,       600,       546,      2733,       527,       404,      1380,      2034,      2000,       176,       749,      1405,       801,      2487,      4610,      1003,       260,       820,       713,       421,      1432,      3302,       336,       686,      1824,      1854,      1041,       763,      2457,       185,       215,       294,       356,       760,       180,      1611,        52,  5426
      33,     1283,      592,     1058,     2941,     1098,     2399,       29,     1282,      2646,       983,       471,       331,       681,        63,      1147,      2132,      2338,      1690,      4130,      2063,        46,       398,       199,       636,       274,      1097,      2466,        97,      1060,       256,      2471,      2041,      1910,       746,        16,       127,       114,      2206,       720,      2982,       707,       105,      2185,      1704,      1462,      1663,      2110,       608,       549,      2733,       527,       404,      1380,      2034,      2000,       176,       749,      1405,       801,      2487,      4610,      1003,       260,       820,       713,       421,      1432,      3302,       336,       686,      1824,      1854,      1041,       763,      2457,       185,       215,       294,       356,       760,       180,      1611,        52,  5452
      38,     1283,      584,     1057,     2939,     1109,     2397,       25,     1283,      2653,       983,       480,       335,       715,        63,      1148,      2127,      2330,      1679,      4358,      1994,        46,       398,       199,       636,       265,      1167,      2432,        97,      1060,       256,      2471,      2041,      1910,       746,        16,       127,       114,      2206,       720,      2982,       707,       105,      2185,      1704,      1462,      1663,      2110,       608,       549,      2735,       527,       404,      1380,      2043,      2000,       177,       741,      1406,       794,      2487,      4618,      1006,       266,       829,       713,       413,      1440,      3298,       344,       698,      1819,      1855,      1033,       763,      2459,       191,       224,       295,       356,       760,       179,      1597,        52,  5487
      38,     1283,      584,     1057,     2939,     1109,     2397,       25,     1283,      2653,       983,       480,       335,       715,        63,      1148,      2127,      2330,      1679,      4358,      1994,        46,       398,       199,       636,       265,      1167,      2432,        97,      1060,       256,      2471,      2047,      1942,       748,        21,       127,       114,      2206,       720,      2982,       702,       106,      2194,      1704,      1471,      1663,      2115,       603,       551,      2737,       527,       413,      1380,      2034,      1996,       178,       741,      1398,       793,      2476,      4606,      1001,       267,       822,       713,       421,      1431,      3294,       338,       704,      1811,      1854,      1033,       762,      2450,       185,       220,       295,       356,       760,       179,      1597,        52,  5503
      38,     1284,      584,     1066,     2939,     1111,     2408,       29,     1284,      2646,       991,       471,       335,       710,        63,      1157,      2125,      2338,      1678,      4363,      1997,        46,       399,       199,       636,       265,      1157,      2435,        97,      1061,       256,      2471,      2047,      1942,       748,        21,       127,       114,      2206,       720,      2982,       702,       106,      2194,      1704,      1471,      1663,      2115,       603,       551,      2737,       527,       413,      1380,      2034,      1996,       178,       741,      1398,       793,      2476,      4606,      1001,       267,       822,       713,       421,      1431,      3294,       338,       704,      1811,      1854,      1033,       762,      2450,       185,       220,       295,       356,       760,       179,      1608,        53,  5520
      38,     1284,      584,     1066,     2939,     1111,     2408,       29,     1284,      2646,       991,       471,       335,       710,        63,      1157,      2125,      2338,      1678,      4363,      1997,        46,       399,       199,       636,       265,      1157,      2435,        97,      1061,       242,      2471,      2030,      1942,       743,        16,       127,       106,      2206,       711,      2986,       710,       101,      2186,      1704,      1462,      1655,      2115,       603,       552,      2731,       520,       404,      1379,      2034,      1996,       178,       741,      1398,       793,      2476,      4606,      1001,       267,       822,       713,       421,      1431,      3294,       338,       704,      1811,      1854,      1033,       762,      2450,       185,       220,       295,       356,       760,       179,      1608,        53,  5538
      33,     1285,      584,     1058,     2939,     1109,     2403,       29,     1285,      2648,       983,       470,       335,       701,        63,      1166,      2125,      2330,      1670,      4358,      2006,        46,       399,       199,       636,       265,      1167,      2438,        97,      1062,       249,      2473,      2030,      1930,       743,        16,       127,       106,      2206,       711,      2986,       710,       101,      2186,      1704,      1462,      1655,      2115,       603,       552,      2731,       520,       404,      1379,      2034,      2005,       174,       742,      1398,       794,      2482,      4612,      1001,       263,       822,       713,       413,      1431,      3294,       338,       705,      1813,      1855,      1033,       762,      2453,       192,       225,       295,       349,       760,       179,      1597,        53,  5572
      38,     1293,      584,     1058,     2939,     1109,     2425,       25,     1294,      2655,       983,       470,       335,       701,        63,      1166,      2125,      2330,      1670,      4358,      2006,        46,       399,       199,       636,       265,      1167,      2438,        97,      1062,       249,      2473,      2030,      1930,       742,        16,       127,       106,      2206,       710,      2982,       709,        97,      2178,      1704,      1471,      1663,      2115,       609,       552,      2723,       521,       404,      1379,      2037,      2002,       178,       742,      1405,       793,      2485,      4601,      1007,       267,       822,       706,       413,      1440,      3294,       338,       705,      1813,      1854,      1041,       762,      2462,       192,       225,       295,       356,       760,       180,      1608,        53,  5603
      38,     1293,      584,     1058,     2939,     1109,     2425,       25,     1294,      2655,       983,       471,       335,       696,        63,      1166,      2132,      2332,      1678,      4358,      2017,        46,       391,       192,       636,       265,      1167,      2435,        97,      1062,       249,      2473,      2030,      1932,       743,        21,       127,       114,      2208,       711,      2994,       704,       102,      2180,      1704,      1471,      1660,      2115,       604,       552,      2731,       520,       405,      1379,      2037,      2000,       178,       743,      1398,       793,      2474,      4601,      1003,       267,       822,       713,       413,      1429,      3294,       338,       710,      1811,      1854,      1033,       762,      2462,       192,       225,       295,       356,       760,       180,      1608,        53,  5635
      34,     1284,      585,     1057,     2936,     1111,     2410,       25,     1285,      2653,       992,       471,       335,       690,        63,      1158,      2132,      2338,      1678,      4363,      2022,        46,       391,       192,       636,       265,      1167,      2435,        97,      1062,       249,      2473,      2030,      1932,       743,        21,       127,       114,      2208,       711,      2994,       704,       102,      2180,      1704,      1471,      1660,      2115,       604,       552,      2731,       520,       405,      1379,      2037,      2000,       178,       743,      1398,       793,      2474,      4601,      1003,       267,       822,       713,       413,      1429,      3294,       338,       710,      1811,      1854,      1033,       761,      2439,       185,       225,       295,       356,       760,       179,      1597,        46,  5653
      34,     1293,      592,     1058,     2939,     1109,     2423,       29,     1284,      2655,       992,       471,       335,       690,        63,      1158,      2132,      2338,      1678,      4363,      2022,        46,       399,       199,       636,       273,      1168,      2443,        97,      1062,       256,      2473,      2020,      1942,       743,        17,       127,       114,      2208,       710,      2982,       710,       102,      2186,      1705,      1472,      1660,      2118,       610,       553,      2731,       521,       405,      1379,      2037,      1998,       182,       742,      1406,       794,      2482,      4618,      1002,       268,       822,       706,       413,      1439,      3298,       338,       715,      1813,      1854,      1033,       770,      2453,       192,       225,       295,       349,       769,       180,      1608,        53,  5686
      34,     1293,      592,     1058,     2939,     1109,     2423,       29,     1284,      2655,       983,       470,       335,       691,        63,      1157,      2132,      2340,      1678,      4363,      2025,        46,       391,       199,       636,       265,      1168,      2453,        97,      1062,       256,      2481,      2037,      1932,       742,        17,       127,       114,      2208,       710,      2982,       710,       102,      2186,      1705,      1472,      1660,      2118,       610,       553,      2731,       521,       405,      1379,      2037,      1998,       182,       742,      1406,       794,      2482,      4618,      1002,       268,       822,       706,       413,      1439,      3298,       338,       715,      1813,      1854,      1033,       770,      2453,       192,       225,       295,       349,       769,       180,      1608,        53,  5696
      34,     1293,      592,     1058,     2939,     1109,     2423,       29,     1284,      2655,       983,       470,       335,       691,        63,      1157,      2132,      2340,      1678,      4363,      2025,        46,       391,       199,       636,       265,      1168,      2453,        97,      1062,       256,      2481,      2037,      1932,       742,        17,       127,       114,      2214,       719,      2986,       709,       102,      2196,      1705,      1472,      1660,      2115,       610,       553,      2731,       528,       413,      1378,      2048,      2003,       178,       742,      1398,       801,      2485,      4618,      1009,       272,       822,       713,       421,      1438,      3298,       345,       715,      1813,      1854,      1033,       770,      2453,       192,       225,       295,       349,       769,       180,      1608,        53,  5712
      34,     1292,      592,     1066,     2945,     1111,     2438,       34,     1285,      2655,       992,       471,       324,       684,        63,      1157,      2134,      2338,      1679,      4363,      2027,        46,       391,       192,       628,       265,      1168,      2453,        97,      1062,       256,      2481,      2037,      1932,       742,        17,       127,       114,      2214,       719,      2986,       709,       102,      2196,      1705,      1472,      1660,      2115,       610,       553,      2731,       528,       413,      1378,      2048,      2003,       178,       742,      1398,       801,      2485,      4618,      1009,       272,       822,       713,       421,      1438,      3298,       345,       711,      1811,      1854,      1033,       761,      2450,       192,       225,       295,       356,       760,       179,      1608,        53,  5736
      34,     1292,      592,     1066,     2945,     1111,     2438,       34,     1285,      2655,       992,       471,       324,       684,        63,      1157,      2134,      2338,      1679,      4363,      2027,        46,       391,       192,       628,       265,      1156,      2443,       102,      1061,       256,      2481,      2029,      1942,       743,        21,       127,       106,      2208,       719,      2997,       710,       106,      2188,      1705,      1472,      1660,      2118,       611,       553,      2729,       528,       405,      1379,      2048,      2003,       178,       742,      1398,       801,      2485,      4618,      1009,       272,       822,       713,       421,      1438,      3298,       345,       711,      1811,      1854,      1033,       761,      2450,       192,       225,       295,       356,       760,       179,      1608,        53,  5752
      38,     1285,      592,     1057,     2950,     1111,     2430,       29,     1285,      2653,       983,       471,       324,       651,        63,      1158,      2134,      2338,      1680,      4358,      2021,        46,       391,       199,       636,       265,      1167,      2451,        97,      1062,       256,      2473,      2041,      1930,       743,        21,       127,       106,      2208,       719,      2997,       710,       106,      2188,      1705,      1472,      1660,      2118,       611,       553,      2729,       528,       405,      1379,      2046,      2005,       178,       742,      1398,       802,      2485,      4618,      1009,       272,       822,       713,       421,      1439,      3310,       345,       711,      1813,      1855,      1041,       762,      2465,       192,       225,       295,       356,       760,       179,      1608,        46,  5778
      38,     1285,      592,     1057,     2950,     1111,     2430,       29,     1285,      2653,       983,       471,       324,       651,        63,      1158,      2134,      2338,      1680,      4358,      2021,        46,       391,       199,       636,       265,      1167,      2451,        97,      1062,       256,      2473,      2041,      1930,       750,        21,       127,       114,      2208,       721,      2982,       710,       106,      2188,      1705,      1471,      1663,      2118,       611,       557,      2731,       528,       404,      1380,      2037,      2007,       178,       742,      1398,       793,      2478,      4618,      1003,       264,       822,       706,       413,      1439,      3294,       339,       711,      1813,      1855,      1041,       762,      2465,       192,       225,       295,       356,       760,       179,      1608,        46,  5803
      34,     1293,      592,     1066,     2950,     1111,     2446,       29,     1285,      2653,       983,       471,       323,       657,        63,      1166,      2132,      2330,      1680,      4369,      2038,        46,       391,       199,       620,       265,      1167,      2448,       102,      1062,       256,      2479,      2041,      1944,       749,        17,       127,       114,      2206,       711,      2997,       710,       106,      2196,      1704,      1471,      1663,      2118,       611,       557,      2731,       528,       404,      1380,      2037,      2007,       178,       742,      1398,       793,      2478,      4618,      1003,       264,       822,       706,       413,      1439,      3294,       339,       711,      1813,      1854,      1033,       762,      2453,       192,       225,       295,       356,       760,       179,      1595,        53,  5837
      38,     1285,      584,     1057,     2947,     1121,     2463,       29,     1285,      2655,       991,       470,       335,       685,        63,      1166,      2132,      2338,      1670,      4363,      2037,        51,       399,       192,       628,       265,      1168,      2441,       102,      1061,       256,      2479,      2041,      1944,       749,        17,       127,       114,      2206,       711,      2997,       710,       106,      2196,      1704,      1471,      1662,      2115,       610,       557,      2739,       520,       413,      1380,      2037,      2005,       178,       742,      1405,       793,      2476,      4623,      1008,       268,       822,       713,       421,      1439,      3294,       345,       711,      1813,      1854,      1041,       762,      2450,       192,       225,       295,       349,       760,       179,      1608,        46,  5870
      38,     1285,      584,     1057,     2947,     1121,     2463,       29,     1285,      2655,       991,       470,       335,       685,        63,      1166,      2132,      2338,      1670,      4363,      2037,        51,       399,       192,       628,       265,      1168,      2441,       102,      1061,       256,      2481,      2037,      1942,       751,        21,       127,       114,      2208,       711,      2997,       711,       106,      2188,      1704,      1462,      1660,      2118,       611,       557,      2731,       528,       413,      1378,      2048,      2002,       178,       742,      1406,       793,      2485,      4612,      1003,       268,       822,       713,       421,      1439,      3294,       345,       711,      1813,      1854,      1041,       762,      2450,       192,       225,       295,       349,       760,       179,      1608,        46,  5885
      34,     1293,      592,     1066,     2947,     1122,     2450,       29,     1286,      2657,       991,       470,       335,       685,        63,      1166,      2132,      2338,      1670,      4363,      2037,        51,       399,       192,       628,       265,      1168,      2441,       102,      1061,       256,      2481,      2037,      1942,       751,        21,       127,       114,      2208,       711,      2997,       711,       106,      2188,      1704,      1462,      1660,      2118,       611,       557,      2731,       528,       413,      1378,      2048,      2002,       178,       742,      1406,       793,      2485,      4612,      1003,       268,       822,       713,       421,      1431,      3298,       339,       711,      1813,      1855,      1042,       762,      2450,       192,       225,       295,       349,       760,       179,      1581,        46,  5902
      34,     1293,      592,     1066,     2947,     1122,     2450,       29,     1286,      2657,       983,       470,       335,       712,        63,      1158,      2127,      2330,      1679,      4363,      2029,        46,       391,       192,       619,       265,      1167,      2453,       102,      1061,       256,      2473,      2030,      1944,       751,        21,       127,       114,      2206,       719,      2997,       711,       106,      2188,      1705,      1472,      1662,      2118,       611,       553,      2731,       528,       413,      1386,      2048,      2009,       183,       742,      1399,       793,      2487,      4618,      1004,       268,       830,       706,       421,      1440,      3298,       339,       711,      1806,      1855,      1033,       762,      2453,       186,       225,       295,       349,       760,       179,      1581,        46,  5937
      34,     1293,      592,     1066,     2950,     1111,     2450,       29,     1294,      2655,       983,       471,       335,       685,        63,      1174,      2127,      2338,      1680,      4358,      2023,        46,       391,       192,       619,       265,      1156,      2448,        97,      1063,       256,      2479,      2030,      1932,       752,        17,       127,       121,      2206,       711,      2986,       712,       106,      2190,      1705,      1471,      1662,      2129,       612,       558,      2733,       528,       404,      1379,      2046,      2011,       179,       743,      1406,       793,      2485,      4618,      1004,       268,       830,       706,       421,      1440,      3298,       339,       711,      1806,      1855,      1033,       762,      2453,       186,       225,       295,       357,       769,       180,      1608,        53,  5969
      38,     1294,      592,     1057,     2950,     1111,     2451,       29,     1294,      2655,       983,       480,       335,       692,        63,      1175,      2134,      2330,      1679,      4363,      2037,        51,       392,       192,       628,       265,      1168,      2443,        98,      1063,       256,      2479,      2030,      1932,       746,        17,       127,       114,      2206,       719,      2994,       706,       106,      2190,      1705,      1471,      1662,      2129,       612,       558,      2733,       528,       404,      1379,      2046,      2011,       179,       743,      1406,       793,      2485,      4618,      1005,       268,       824,       713,       421,      1431,      3298,       339,       716,      1808,      1861,      1033,       762,      2450,       186,       225,       295,       356,       760,       179,      1608,        46,  6000
      38,     1293,      592,     1058,     2950,     1111,     2460,       29,     1294,      2653,       984,       471,       324,       665,        63,      1175,      2134,      2338,      1678,      4363,      2043,        46,       392,       192,       628,       265,      1168,      2443,        98,      1063,       256,      2479,      2030,      1932,       746,        17,       127,       114,      2206,       719,      2994,       706,       102,      2190,      1704,      1471,      1662,      2118,       606,       554,      2733,       520,       404,      1380,      2048,      2005,       179,       743,      1406,       802,      2485,      4618,      1005,       272,       823,       706,       421,      1439,      3294,       339,       715,      1814,      1854,      1041,       763,      2465,       186,       230,       295,       356,       769,       179,      1608,        53,  6036
      38,     1294,      592,     1058,     2953,     1111,     2460,       29,     1294,      2653,       984,       471,       324,       665,        63,      1175,      2134,      2338,      1678,      4363,      2043,        46,       392,       192,       628,       265,      1167,      2450,       102,      1063,       256,      2479,      2029,      1944,       752,        21,       127,       106,      2206,       719,      2986,       711,       106,      2190,      1698,      1471,      1662,      2115,       612,       558,      2736,       528,       404,      1380,      2034,      2003,       183,       743,      1405,       801,      2485,      4618,      1004,       268,       823,       713,       413,      1439,      3298,       339,       711,      1805,      1854,      1041,       771,      2468,       192,       225,       295,       356,       760,       179,      1608,        53,  6069
      38,     1294,      592,     1058,     2953,     1111,     2473,       29,     1294,      2655,       992,       471,       324,       664,        68,      1183,      2134,      2340,      1679,      4375,      2043,        46,       399,       192,       628,       265,      1157,      2450,        98,      1063,       249,      2471,      2030,      1944,       745,        21,       127,       114,      2208,       711,      2982,       712,       106,      2190,      1698,      1471,      1662,      2115,       612,       558,      2736,       528,       404,      1380,      2034,      2003,       183,       743,      1405,       801,      2485,      4618,      1004,       268,       823,       713,       413,      1439,      3298,       339,       711,      1805,      1854,      1041,       771,      2468,       192,       225,       295,       356,       760,       179,      1608,        53,  6086
      34,     1294,      592,     1066,     2947,     1111,     2483,       29,     1285,      2655,       983,       479,       347,       781,        63,      1175,      2132,      2338,      1679,      4358,      2056,        46,       399,       192,       628,       265,      1157,      2450,        98,      1063,       249,      2471,      2030,      1944,       745,        21,       127,       114,      2208,       711,      2982,       712,       106,      2196,      1705,      1472,      1662,      2118,       612,       558,      2731,       528,       413,      1379,      2048,      2011,       179,       743,      1406,       802,      2485,      4618,      1012,       272,       823,       713,       421,      1439,      3310,       346,       716,      1813,      1857,      1033,       762,      2453,       193,       225,       295,       356,       760,       179,      1597,        53,  6120
      34,     1294,      592,     1066,     2947,     1111,     2483,       29,     1285,      2655,       983,       479,       347,       781,        63,      1175,      2132,      2338,      1679,      4358,      2056,        46,       399,       199,       628,       265,      1168,      2448,       102,      1054,       256,      2471,      2030,      1944,       747,        17,       127,       114,      2206,       711,      2982,       707,       102,      2190,      1704,      1471,      1662,      2118,       607,       554,      2736,       528,       413,      1379,      2037,      2008,       179,       743,      1406,       802,      2485,      4618,      1012,       272,       823,       713,       421,      1439,      3310,       346,       716,      1813,      1857,      1033,       762,      2453,       193,       225,       295,       356,       760,       179,      1597,        53,  6135
      34,     1294,      592,     1066,     2947,     1111,     2483,       29,     1285,      2655,       983,       479,       347,       781,        63,      1175,      2132,      2338,      1679,      4358,      2056,        46,       399,       199,       628,       265,      1168,      2448,       102,      1054,       256,      2471,      2030,      1944,       747,        17,       127,       114,      2206,       711,      2982,       707,       102,      2190,      1704,      1471,      1662,      2118,       607,       554,      2736,       528,       413,      1379,      2037,      2008,       179,       743,      1398,       793,      2485,      4618,      1007,       272,       823,       706,       421,      1439,      3310,       340,       712,      1805,      1855,      1033,       770,      2453,       186,       226,       295,       356,       760,       179,      1597,        53,  6152
      34,     1294,      584,     1057,     2939,     1109,     2471,       29,     1294,      2653,       991,       471,       347,       753,        63,      1175,      2134,      2338,      1669,      4351,      2048,        46,       391,       199,       636,       274,      1168,      2453,        98,      1063,       256,      2471,      2029,      1930,       753,        21,       127,       114,      2208,       719,      2997,       706,       106,      2188,      1704,      1472,      1660,      2118,       613,       554,      2731,       527,       404,      1379,      2048,      2008,       179,       735,      1406,       802,      2476,      4612,      1007,       272,       823,       706,       413,      1440,      3298,       340,       712,      1805,      1855,      1033,       770,      2453,       186,       226,       295,       356,       760,       179,      1597,        53,  6186
      38,     1294,      592,     1057,     2947,     1111,     2463,       29,     1286,      2653,       984,       479,       347,       773,        68,      1176,      2134,      2338,      1669,      4351,      2048,        46,       391,       199,       636,       274,      1168,      2453,        98,      1063,       256,      2471,      2029,      1930,       753,        21,       127,       114,      2208,       719,      2997,       706,       106,      2188,      1704,      1472,      1660,      2118,       613,       554,      2731,       527,       404,      1379,      2048,      2008,       179,       735,      1406,       802,      2476,      4612,      1007,       272,       823,       706,       413,      1440,      3298,       340,       716,      1806,      1854,      1033,       762,      2453,       186,       226,       295,       349,       760,       180,      1597,        53,  6202
      38,     1294,      592,     1057,     2947,     1111,     2463,       29,     1286,      2653,       984,       479,       347,       773,        68,      1176,      2134,      2338,      1679,      4363,      2045,        46,       400,       192,       628,       273,      1168,      2460,        98,      1063,       256,      2473,      2029,      1942,       746,        17,       128,       114,      2206,       719,      2994,       713,       102,      2192,      1705,      1479,      1663,      2118,       606,       554,      2731,       527,       404,      1379,      2048,      2008,       179,       735,      1406,       802,      2476,      4612,      1007,       272,       823,       706,       413,      1440,      3298,       340,       716,      1806,      1854,      1033,       762,      2453,       186,       226,       295,       349,       760,       180,      1597,        53,  6219
      38,     1294,      592,     1057,     2947,     1111,     2463,       29,     1286,      2653,       984,       479,       347,       773,        68,      1176,      2134,      2338,      1679,      4363,      2045,        46,       400,       192,       628,       273,      1168,      2460,        98,      1063,       256,      2473,      2029,      1942,       746,        17,       128,       114,      2206,       719,      2994,       713,       102,      2192,      1705,      1479,      1663,      2118,       606,       554,      2733,       528,       413,      1380,      2048,      2006,       183,       743,      1406,       802,      2487,      4618,      1007,       273,       822,       706,       421,      1440,      3298,       340,       712,      1806,      1855,      1042,       763,      2453,       193,       230,       296,       356,       760,       179,      1608,        53,  6235
      38,     1294,      592,     1057,     2945,     1111,     2434,       29,     1296,      2653,       983,       479,       347,       788,        63,      1184,      2132,      2338,      1669,      4363,      2036,        46,       391,       192,       628,       265,      1157,      2443,        98,      1063,       249,      2462,      2039,      1944,       748,        17,       128,       114,      2208,       711,      3001,       715,       106,      2196,      1705,      1472,      1662,      2118,       608,       554,      2733,       528,       413,      1380,      2048,      2006,       179,       743,      1399,       802,      2487,      4618,      1010,       272,       815,       706,       421,      1440,      3298,       340,       712,      1806,      1855,      1042,       763,      2453,       193,       230,       296,       356,       760,       179,      1608,        53,  6269
      34,     1294,      585,     1058,     2945,     1098,     2466,       29,     1294,      2655,       983,       479,       370,       831,        63,      1175,      2128,      2332,      1662,      4351,      2042,        46,       391,       199,       636,       274,      1157,      2449,        98,      1064,       249,      2473,      2037,      1932,       750,        21,       128,       114,      2208,       711,      2997,       709,       102,      2192,      1705,      1472,      1660,      2115,       609,       554,      2733,       528,       413,      1380,      2048,      2006,       179,       743,      1399,       802,      2487,      4618,      1010,       272,       815,       706,       413,      1438,      3298,       341,       716,      1808,      1855,      1043,       761,      2456,       187,       226,       295,       356,       769,       179,      1597,        53,  6302
      34,     1296,      592,     1057,     2947,     1099,     2444,       29,     1296,      2655,       984,       479,       358,       836,        64,      1175,      2134,      2332,      1672,      4363,      2050,        46,       391,       192,       628,       265,      1168,      2444,        98,      1056,       249,      2473,      2037,      1932,       750,        21,       128,       114,      2208,       711,      2997,       709,       102,      2192,      1705,      1472,      1660,      2115,       609,       554,      2733,       527,       404,      1380,      2037,      2008,       183,       743,      1406,       793,      2478,      4618,      1004,       268,       823,       706,       421,      1439,      3298,       341,       716,      1800,      1857,      1033,       762,      2453,       187,       226,       295,       356,       760,       171,      1597,        46,  6336
      38,     1296,      592,     1058,     2950,     1087,     2432,       29,     1296,      2655,       984,       488,       358,       864,        64,      1175,      2134,      2332,      1672,      4363,      2050,        46,       391,       192,       628,       265,      1168,      2444,        98,      1056,       256,      2462,      2039,      1932,       743,        17,       127,       114,      2208,       719,      2986,       709,       102,      2190,      1705,      1472,      1662,      2104,       609,       555,      2728,       528,       405,      1380,      2037,      2008,       179,       736,      1399,       793,      2478,      4618,      1012,       273,       823,       706,       421,      1440,      3298,       341,       718,      1800,      1847,      1042,       763,      2453,       187,       230,       296,       349,       769,       180,      1597,        53,  6369
      38,     1296,      592,     1058,     2950,     1087,     2432,       29,     1296,      2655,       984,       488,       358,       864,        64,      1176,      2125,      2324,      1672,      4351,      2038,        47,       400,       199,       628,       265,      1157,      2446,        98,      1064,       256,      2473,      2041,      1932,       750,        21,       128,       114,      2208,       711,      2986,       710,       102,      2193,      1705,      1464,      1662,      2104,       609,       555,      2728,       528,       405,      1380,      2037,      2008,       179,       736,      1399,       793,      2478,      4618,      1012,       273,       823,       706,       421,      1440,      3298,       341,       718,      1800,      1847,      1042,       763,      2453,       187,       230,       296,       349,       769,       180,      1597,        53,  6386
      34,     1297,      592,     1057,     2950,     1099,     2464,       29,     1305,      2655,       992,       488,       370,       872,        64,      1184,      2134,      2330,      1672,      4351,      2046,        47,       400,       192,       620,       257,      1168,      2449,       102,      1056,       256,      2473,      2041,      1932,       750,        21,       128,       114,      2208,       711,      2986,       710,       102,      2193,      1705,      1464,      1662,      2118,       609,       555,      2736,       528,       405,      1380,      2037,      2010,       183,       744,      1398,       801,      2478,      4618,      1011,       269,       816,       713,       421,      1432,      3298,       341,       722,      1800,      1857,      1033,       763,      2453,       187,       230,       296,       356,       760,       180,      1608,        53,  6419
      34,     1297,      592,     1057,     2950,     1099,     2464,       29,     1305,      2655,       992,       488,       370,       872,        64,      1184,      2134,      2330,      1672,      4351,      2046,        47,       400,       192,       620,       257,      1168,      2449,       102,      1056,       249,      2473,      2041,      1932,       751,        17,       128,       107,      2208,       711,      2986,       710,       106,      2184,      1705,      1472,      1663,      2118,       610,       555,      2728,       528,       413,      1380,      2037,      2005,       183,       744,      1405,       794,      2487,      4606,      1011,       269,       816,       713,       421,      1432,      3298,       341,       722,      1800,      1857,      1033,       763,      2453,       187,       230,       296,       356,       760,       180,      1608,        53,  6436
      38,     1296,      592,     1058,     2941,     1099,     2446,       29,     1297,      2653,       984,       488,       370,       891,        64,      1192,      2134,      2332,      1672,      4351,      2045,        47,       400,       199,       637,       265,      1168,      2446,        98,      1056,       249,      2475,      2041,      1932,       751,        21,       128,       107,      2208,       720,      2997,       710,       106,      2184,      1705,      1472,      1663,      2118,       610,       555,      2728,       528,       413,      1380,      2037,      2005,       183,       744,      1405,       794,      2487,      4606,      1005,       269,       824,       713,       421,      1432,      3298,       341,       718,      1801,      1855,      1043,       763,      2465,       187,       230,       296,       356,       760,       180,      1595,        53,  6469
      38,     1296,      592,     1058,     2941,     1099,     2446,       29,     1297,      2653,       984,       488,       370,       891,        64,      1192,      2134,      2332,      1672,      4351,      2045,        47,       400,       199,       637,       265,      1168,      2446,        98,      1056,       249,      2475,      2041,      1932,       751,        21,       128,       107,      2208,       720,      2997,       710,       102,      2184,      1705,      1472,      1660,      2118,       610,       555,      2728,       520,       405,      1379,      2037,      2006,       183,       736,      1399,       802,      2485,      4601,      1006,       273,       816,       706,       413,      1439,      3298,       335,       722,      1800,      1854,      1033,       763,      2465,       187,       230,       296,       356,       760,       180,      1595,        53,  6485
      34,     1296,      585,     1057,     2947,     1087,     2441,       29,     1296,      2653,       992,       488,       370,       872,        64,      1184,      2134,      2334,      1672,      4351,      2046,        47,       400,       192,       628,       265,      1168,      2456,        98,      1056,       249,      2473,      2049,      1932,       744,        17,       128,       114,      2208,       720,      2986,       710,       102,      2193,      1705,      1472,      1663,      2118,       610,       555,      2728,       528,       413,      1380,      2037,      2006,       179,       744,      1399,       802,      2485,      4601,      1006,       273,       816,       706,       413,      1439,      3298,       335,       722,      1800,      1854,      1033,       754,      2442,       187,       230,       288,       356,       760,       171,      1597,        46,  6519
      34,     1297,      592,     1058,     2952,     1099,     2461,       29,     1304,      2657,       992,       488,       370,       898,        64,      1184,      2127,      2324,      1672,      4363,      2053,        47,       400,       199,       620,       265,      1157,      2449,        98,      1064,       256,      2473,      2049,      1932,       751,        21,       128,       114,      2208,       720,      2986,       710,       102,      2193,      1705,      1472,      1663,      2118,       610,       555,      2728,       528,       413,      1380,      2037,      2006,       179,       744,      1399,       802,      2487,      4601,      1006,       273,       824,       713,       421,      1440,      3298,       348,       722,      1801,      1855,      1033,       763,      2453,       194,       226,       296,       356,       769,       179,      1583,        46,  6552
      34,     1297,      592,     1059,     2941,     1099,     2456,       29,     1305,      2657,       992,       488,       381,       906,        64,      1192,      2135,      2340,      1680,      4351,      2045,        47,       400,       199,       620,       265,      1157,      2449,        98,      1064,       256,      2473,      2049,      1932,       751,        21,       128,       114,      2208,       721,      2997,       711,       106,      2192,      1705,      1472,      1663,      2118,       610,       556,      2728,       527,       405,      1380,      2037,      2012,       183,       736,      1406,       802,      2489,      4618,      1012,       273,       816,       713,       421,      1440,      3298,       348,       722,      1800,      1855,      1033,       763,      2465,       187,       230,       296,       356,       761,       180,      1608,        53,  6586
      38,     1296,      592,     1059,     2941,     1099,     2456,       29,     1305,      2657,       992,       488,       381,       906,        64,      1192,      2135,      2340,      1680,      4351,      2045,        47,       400,       192,       620,       257,      1157,      2439,        98,      1064,       256,      2473,      2049,      1932,       751,        21,       128,       114,      2208,       711,      2986,       710,       106,      2184,      1705,      1472,      1665,      2118,       610,       556,      2730,       528,       405,      1380,      2037,      2004,       183,       744,      1406,       802,      2478,      4623,      1006,       273,       824,       714,       413,      1432,      3298,       342,       722,      1800,      1855,      1033,       763,      2453,       187,       230,       288,       356,       760,       180,      1608,        53,  6619
      38,     1296,      592,     1058,     2958,     1111,     2453,       29,     1296,      2655,       992,       489,       370,       919,        64,      1184,      2132,      2340,      1673,      4351,      2060,        47,       400,       192,       620,       265,      1157,      2441,        98,      1064,       249,      2481,      2049,      1944,       751,        17,       128,       114,      2208,       711,      2986,       710,       106,      2184,      1705,      1472,      1665,      2118,       610,       556,      2730,       528,       405,      1380,      2037,      2004,       183,       744,      1406,       802,      2478,      4623,      1006,       273,       824,       714,       413,      1432,      3298,       342,       722,      1800,      1855,      1033,       763,      2453,       187,       230,       288,       356,       760,       180,      1608,        53,  6635
      38,     1296,      592,     1058,     2950,     1100,     2452,       29,     1294,      2655,       992,       489,       381,       934,        64,      1184,      2134,      2332,      1673,      4351,      2048,        47,       400,       192,       620,       265,      1157,      2441,        98,      1064,       249,      2481,      2049,      1944,       751,        17,       128,       114,      2208,       720,      2986,       710,       106,      2193,      1705,      1473,      1665,      2118,       610,       556,      2728,       528,       404,      1380,      2037,      2012,       179,       736,      1398,       794,      2480,      4618,      1012,       269,       824,       706,       413,      1440,      3298,       342,       727,      1808,      1855,      1033,       763,      2453,       194,       230,       296,       356,       760,       171,      1597,        53,  6669
      38,     1296,      592,     1058,     2950,     1100,     2452,       29,     1294,      2655,       992,       489,       381,       934,        64,      1184,      2134,      2332,      1673,      4351,      2048,        47,       392,       192,       620,       266,      1157,      2444,        94,      1056,       256,      2473,      2051,      1932,       745,        17,       128,       114,      2200,       712,      2997,       712,       106,      2192,      1705,      1472,      1665,      2115,       611,       560,      2736,       528,       405,      1381,      2037,      2012,       179,       736,      1398,       794,      2480,      4618,      1012,       269,       824,       706,       413,      1440,      3298,       342,       727,      1808,      1855,      1033,       763,      2453,       194,       230,       296,       356,       760,       171,      1597,        53,  6686
      38,     1288,      592,     1049,     2961,     1087,     2452,       29,     1296,      2655,       992,       488,       381,       926,        64,      1168,      2134,      2342,      1673,      4351,      2053,        47,       392,       192,       612,       257,      1156,      2449,        98,      1064,       256,      2475,      2051,      1932,       745,        17,       128,       114,      2200,       712,      2997,       712,       106,      2192,      1705,      1472,      1665,      2115,       611,       560,      2736,       528,       405,      1381,      2037,      2008,       179,       744,      1399,       802,      2489,      4618,      1008,       269,       823,       706,       413,      1442,      3298,       342,       722,      1798,      1855,      1042,       763,      2453,       188,       230,       296,       356,       769,       180,      1595,        47,  6719
      38,     1296,      592,     1058,     2952,     1099,     2464,       29,     1296,      2655,       992,       489,       381,       913,        64,      1192,      2134,      2340,      1673,      4351,      2053,        47,       392,       192,       612,       257,      1156,      2449,        98,      1064,       256,      2475,      2051,      1932,       752,        21,       127,       114,      2210,       721,      2997,       711,       106,      2192,      1705,      1472,      1663,      2120,       610,       560,      2728,       528,       405,      1381,      2037,      2013,       179,       744,      1399,       802,      2480,      4606,      1007,       269,       824,       706,       421,      1442,      3298,       342,       722,      1800,      1855,      1043,       763,      2453,       194,       230,       288,       356,       769,       180,      1608,        53,  6752
      38,     1296,      592,     1058,     2952,     1099,     2464,       29,     1296,      2655,       992,       489,       381,       913,        64,      1192,      2134,      2340,      1672,      4351,      2055,        42,       392,       192,       628,       257,      1157,      2444,       102,      1064,       256,      2473,      2061,      1932,       745,        21,       128,       114,      2208,       721,      3001,       711,       102,      2193,      1705,      1480,      1666,      2118,       611,       556,      2728,       528,       405,      1381,      2037,      2013,       179,       744,      1399,       802,      2480,      4606,      1007,       269,       824,       706,       421,      1442,      3298,       342,       722,      1800,      1855,      1043,       763,      2453,       194,       230,       288,       356,       769,       180,      1608,        53,  6769
      38,     1296,      592,     1058,     2952,     1099,     2464,       29,     1296,      2655,       992,       489,       381,       913,        64,      1192,      2134,      2340,      1672,      4351,      2055,        42,       392,       192,       628,       257,      1157,      2444,       102,      1064,       256,      2473,      2061,      1932,       745,        21,       128,       114,      2208,       721,      3001,       711,       102,      2193,      1705,      1480,      1666,      2118,       611,       556,      2730,       528,       413,      1381,      2048,      2001,       179,       744,      1405,       802,      2480,      4618,      1008,       273,       825,       706,       421,      1433,      3302,       342,       722,      1809,      1855,      1033,       763,      2468,       194,       230,       288,       356,       769,       180,      1608,        53,  6786
      38,     1298,      592,     1066,     2957,     1089,     2469,       29,     1306,      2650,       992,       498,       381,       977,        64,      1193,      2134,      2332,      1675,      4351,      2070,        47,       400,       192,       628,       266,      1157,      2454,        98,      1065,       256,      2473,      2070,      1932,       747,        17,       136,       114,      2200,       721,      2986,       707,       107,      2195,      1697,      1472,      1666,      2118,       613,       556,      2732,       527,       405,      1391,      2025,      2009,       184,       745,      1399,       802,      2480,      4618,      1005,       273,       817,       713,       421,      1434,      3298,       344,       723,      1804,      1857,      1033,       764,      2465,       195,       226,       296,       357,       769,       180,      1608,        53,  6969
      38,     1307,      592,     1059,     2955,     1076,     2484,       29,     1306,      2648,       992,       498,       381,       977,        64,      1193,      2134,      2332,      1675,      4351,      2070,        47,       400,       192,       628,       266,      1157,      2454,        98,      1065,       256,      2473,      2070,      1932,       748,        17,       136,       114,      2208,       721,      2989,       708,       102,      2187,      1705,      1464,      1665,      2118,       614,       556,      2732,       528,       405,      1383,      2037,      2009,       184,       745,      1408,       802,      2482,      4606,      1012,       273,       825,       713,       421,      1434,      3298,       344,       723,      1802,      1855,      1042,       764,      2465,       188,       231,       288,       356,       769,       180,      1597,        47,  7003
      38,     1307,      592,     1059,     2955,     1076,     2484,       29,     1306,      2648,       992,       489,       382,      1012,        64,      1201,      2134,      2332,      1666,      4340,      2064,        47,       400,       192,       620,       257,      1170,      2457,        98,      1066,       257,      2475,      2070,      1935,       750,        17,       128,       107,      2208,       721,      2989,       715,       107,      2195,      1705,      1472,      1666,      2120,       614,       556,      2732,       521,       413,      1383,      2039,      2013,       184,       745,      1399,       802,      2482,      4634,      1006,       273,       816,       713,       413,      1443,      3302,       344,       728,      1801,      1855,      1042,       764,      2465,       188,       231,       288,       356,       769,       180,      1597,        47,  7036
      38,     1306,      592,     1058,     2946,     1077,     2474,       34,     1305,      2648,       992,       498,       393,      1008,        68,      1192,      2134,      2334,      1675,      4340,      2077,        47,       392,       192,       620,       266,      1171,      2469,        98,      1065,       257,      2473,      2070,      1935,       751,        21,       128,       114,      2201,       721,      2986,       710,       106,      2185,      1705,      1473,      1666,      2120,       608,       556,      2730,       521,       405,      1383,      2037,      2016,       179,       745,      1399,       802,      2482,      4634,      1006,       273,       816,       713,       413,      1443,      3302,       344,       728,      1801,      1855,      1042,       764,      2468,       189,       231,       288,       349,       761,       180,      1597,        54,  7069
      38,     1306,      592,     1066,     2952,     1077,     2474,       34,     1305,      2648,       992,       498,       393,      1008,        68,      1192,      2134,      2334,      1675,      4340,      2077,        47,       392,       192,       620,       266,      1171,      2469,        98,      1065,       257,      2473,      2070,      1935,       751,        21,       128,       114,      2201,       721,      2986,       710,       106,      2185,      1705,      1473,      1666,      2120,       608,       556,      2730,       521,       405,      1383,      2037,      2016,       179,       745,      1399,       802,      2482,      4623,      1014,       273,       825,       714,       422,      1444,      3302,       345,       723,      1802,      1857,      1043,       764,      2468,       189,       235,       296,       357,       769,       180,      1599,        54,  7085
      38,     1306,      592,     1066,     2952,     1077,     2489,       29,     1305,      2657,       992,       497,       381,      1008,        64,      1201,      2141,      2340,      1666,      4345,      2090,        47,       400,       192,       620,       265,      1168,      2454,        98,      1057,       257,      2475,      2068,      1932,       750,        21,       128,       114,      2208,       711,      2989,       717,       102,      2185,      1705,      1473,      1663,      2118,       609,       560,      2730,       521,       413,      1381,      2037,      2012,       179,       737,      1399,       802,      2489,      4618,      1008,       273,       817,       713,       421,      1440,      3302,       345,       723,      1802,      1855,      1033,       764,      2468,       189,       235,       296,       357,       769,       180,      1599,        54,  7119
      38,     1298,      592,     1058,     2944,     1089,     2503,       29,     1306,      2655,       984,       489,       393,      1044,        68,      1192,      2134,      2342,      1665,      4345,      2086,        47,       392,       192,       620,       266,      1168,      2452,       102,      1065,       250,      2475,      2060,      1932,       745,        17,       136,       114,      2208,       721,      2989,       711,       107,      2195,      1705,      1472,      1665,      2118,       616,       560,      2734,       528,       413,      1381,      2037,      2012,       179,       737,      1399,       802,      2489,      4618,      1008,       273,       817,       713,       421,      1440,      3302,       345,       723,      1802,      1855,      1033,       763,      2468,       196,       231,       296,       357,       769,       180,      1597,        47,  7152
      38,     1307,      592,     1058,     2944,     1076,     2486,       29,     1315,      2657,       993,       497,       393,      1058,        64,      1210,      2135,      2340,      1665,      4345,      2096,        47,       392,       192,       612,       266,      1168,      2449,        98,      1065,       256,      2473,      2070,      1935,       746,        21,       136,       114,      2208,       721,      2989,       711,       107,      2195,      1705,      1472,      1665,      2118,       616,       560,      2734,       528,       413,      1381,      2050,      2012,       184,       737,      1399,       802,      2482,      4618,      1009,       269,       817,       707,       413,      1434,      3302,       345,       727,      1804,      1862,      1043,       763,      2465,       189,       235,       296,       356,       760,       180,      1599,        47,  7186
      34,     1307,      592,     1058,     2941,     1076,     2481,       29,     1307,      2655,       992,       497,       393,      1057,        68,      1201,      2134,      2340,      1665,      4340,      2088,        47,       392,       192,       612,       266,      1168,      2449,        98,      1065,       256,      2473,      2070,      1935,       746,        21,       136,       114,      2208,       720,      2989,       711,       106,      2195,      1698,      1472,      1665,      2120,       610,       560,      2732,       528,       413,      1383,      2039,      2021,       184,       745,      1407,       794,      2484,      4623,      1010,       278,       817,       714,       421,      1443,      3302,       345,       723,      1801,      1857,      1042,       772,      2465,       196,       231,       288,       356,       769,       180,      1597,        54,  7219
      38,     1307,      592,     1058,     2941,     1076,     2481,       29,     1307,      2655,       992,       497,       393,      1057,        68,      1201,      2134,      2340,      1665,      4340,      2088,        47,       400,       192,       620,       257,      1158,      2455,        98,      1065,       249,      2479,      2058,      1932,       745,        21,       128,       114,      2208,       711,      2989,       712,       107,      2197,      1705,      1473,      1665,      2118,       610,       560,      2734,       528,       413,      1380,      2050,      2016,       184,       745,      1399,       802,      2489,      4623,      1011,       273,       817,       706,       421,      1440,      3287,       339,       723,      1804,      1855,      1042,       763,      2468,       189,       231,       288,       357,       760,       180,      1610,        47,  7252
      38,     1307,      585,     1058,     2941,     1076,     2484,       29,     1307,      2657,       992,       497,       393,      1073,        64,      1211,      2142,      2338,      1665,      4350,      2089,        47,       392,       192,       612,       257,      1158,      2449,       102,      1066,       257,      2481,      2068,      1935,       753,        17,       128,       114,      2208,       721,      3001,       712,       107,      2195,      1707,      1472,      1673,      2120,       617,       556,      2734,       528,       413,      1381,      2039,      2016,       179,       737,      1399,       802,      2489,      4611,      1011,       273,       825,       706,       421,      1433,      3302,       346,       723,      1804,      1855,      1042,       763,      2468,       189,       231,       288,       357,       760,       180,      1610,        47,  7285
      38,     1307,      592,     1059,     2952,     1077,     2488,       29,     1315,      2664,       992,       497,       393,      1080,        64,      1209,      2141,      2340,      1656,      4345,      2087,        42,       384,       185,       595,       248,      1158,      2455,        98,      1066,       257,      2481,      2068,      1935,       755,        21,       128,       114,      2200,       721,      2989,       714,       107,      2197,      1700,      1472,      1665,      2118,       612,       560,      2734,       528,       413,      1381,      2039,      2016,       179,       737,      1399,       802,      2489,      4611,      1011,       273,       825,       706,       421,      1433,      3302,       346,       727,      1796,      1864,      1050,       763,      2468,       197,       235,       296,       357,       769,       180,      1610,        54,  7319
      34,     1306,      592,     1059,     2952,     1077,     2488,       29,     1315,      2664,       992,       497,       393,      1080,        64,      1209,      2141,      2340,      1656,      4345,      2087,        42,       384,       185,       595,       248,      1158,      2455,        98,      1066,       257,      2481,      2068,      1935,       755,        21,       128,       114,      2200,       721,      2989,       714,       107,      2197,      1700,      1472,      1665,      2118,       612,       560,      2732,       528,       413,      1381,      2039,      2013,       179,       737,      1406,       802,      2489,      4606,      1013,       273,       817,       714,       413,      1442,      3302,       346,       723,      1802,      1862,      1042,       763,      2465,       190,       231,       296,       356,       769,       180,      1599,        47,  7335
      34,     1306,      592,     1058,     2952,     1066,     2489,       29,     1307,      2655,       984,       498,       393,      1108,        64,      1209,      2141,      2342,      1665,      4333,      2093,        47,       384,       185,       595,       257,      1168,      2455,       102,      1066,       256,      2481,      2068,      1935,       748,        21,       128,       114,      2208,       712,      2989,       714,       106,      2195,      1705,      1471,      1656,      2120,       612,       560,      2734,       528,       413,      1381,      2037,      2013,       179,       745,      1399,       802,      2489,      4611,      1013,       273,       817,       706,       413,      1442,      3302,       346,       723,      1802,      1862,      1042,       763,      2465,       190,       231,       296,       356,       769,       180,      1599,        47,  7369
      38,     1306,      592,     1058,     2944,     1066,     2482,       29,     1314,      2657,       992,       498,       393,      1099,        64,      1201,      2135,      2340,      1665,      4340,      2087,        47,       384,       185,       603,       266,      1158,      2447,        98,      1065,       257,      2473,      2060,      1935,       754,        21,       128,       114,      2208,       721,      3001,       713,       102,      2187,      1708,      1472,      1656,      2120,       612,       560,      2734,       528,       413,      1381,      2037,      2013,       179,       745,      1399,       802,      2489,      4611,      1013,       273,       817,       706,       421,      1433,      3302,       340,       722,      1802,      1862,      1042,       764,      2456,       190,       231,       288,       350,       768,       180,      1599,        54,  7402
      38,     1298,      592,     1058,     2944,     1077,     2496,       29,     1306,      2657,       984,       497,       405,      1123,        64,      1209,      2142,      2332,      1665,      4350,      2096,        47,       392,       192,       603,       257,      1158,      2448,       102,      1065,       257,      2473,      2060,      1935,       754,        21,       128,       114,      2208,       721,      3001,       713,       102,      2187,      1708,      1472,      1665,      2120,       611,       560,      2732,       521,       413,      1381,      2039,      2012,       184,       745,      1407,       802,      2489,      4623,      1012,       273,       825,       714,       421,      1442,      3302,       346,       723,      1794,      1857,      1043,       763,      2468,       190,       231,       296,       357,       761,       180,      1610,        47,  7435
      38,     1306,      593,     1058,     2946,     1077,     2503,       29,     1305,      2657,       984,       497,       405,      1123,        64,      1209,      2142,      2332,      1665,      4350,      2096,        47,       392,       192,       603,       257,      1158,      2448,       102,      1065,       250,      2473,      2060,      1932,       755,        21,       128,       114,      2210,       721,      2989,       714,       106,      2187,      1707,      1472,      1663,      2120,       612,       560,      2732,       528,       405,      1390,      2039,      2014,       179,       745,      1400,       802,      2489,      4623,      1014,       273,       825,       714,       421,      1442,      3290,       340,       727,      1802,      1857,      1043,       773,      2470,       190,       231,       296,       357,       769,       180,      1599,        54,  7469
      38,     1306,      593,     1058,     2946,     1077,     2503,       29,     1305,      2657,       984,       498,       393,      1116,        68,      1201,      2142,      2340,      1673,      4350,      2103,        47,       384,       185,       612,       266,      1170,      2464,       102,      1065,       257,      2481,      2060,      1935,       755,        17,       136,       114,      2208,       729,      2993,       721,       107,      2195,      1707,      1472,      1663,      2120,       612,       560,      2732,       528,       405,      1390,      2039,      2014,       179,       745,      1400,       802,      2489,      4623,      1014,       273,       825,       714,       421,      1442,      3290,       340,       727,      1802,      1857,      1043,       773,      2470,       190,       231,       296,       357,       769,       180,      1599,        54,  7486
      38,     1306,      592,     1058,     2944,     1077,     2498,       34,     1306,      2648,       993,       497,       393,      1108,        68,      1192,      2142,      2340,      1665,      4345,      2103,        47,       392,       185,       603,       257,      1170,      2464,       102,      1065,       257,      2481,      2060,      1935,       755,        17,       136,       114,      2208,       729,      2993,       721,       107,      2195,      1707,      1472,      1663,      2120,       612,       556,      2732,       528,       413,      1383,      2050,      2021,       184,       745,      1400,       802,      2489,      4611,      1014,       273,       817,       714,       413,      1433,      3302,       347,       723,      1802,      1857,      1041,       772,      2468,       190,       231,       288,       357,       760,       180,      1610,        54,  7519
      38,     1305,      592,     1050,     2944,     1077,     2498,       34,     1306,      2648,       993,       497,       393,      1108,        68,      1192,      2142,      2340,      1665,      4345,      2103,        47,       392,       185,       603,       257,      1170,      2464,       102,      1065,       257,      2481,      2060,      1935,       755,        21,       128,       114,      2208,       720,      2993,       714,       106,      2193,      1707,      1472,      1665,      2120,       612,       560,      2732,       528,       413,      1381,      2039,      2021,       183,       745,      1400,       810,      2480,      4618,      1013,       273,       825,       707,       421,      1442,      3302,       346,       727,      1801,      1857,      1042,       763,      2465,       190,       231,       296,       356,       769,       180,      1610,        54,  7552
      38,     1305,      592,     1050,     2944,     1077,     2500,       29,     1306,      2662,       993,       498,       393,      1130,        64,      1192,      2142,      2340,      1666,      4328,      2104,        47,       392,       192,       603,       266,      1157,      2452,        98,      1064,       257,      2483,      2061,      1935,       749,        21,       136,       114,      2208,       721,      2977,       715,       106,      2193,      1707,      1472,      1665,      2120,       612,       560,      2732,       528,       413,      1381,      2039,      2021,       183,       745,      1400,       810,      2480,      4618,      1013,       273,       825,       707,       421,      1442,      3302,       346,       727,      1801,      1857,      1042,       763,      2465,       190,       231,       296,       356,       769,       180,      1610,        54,  7569
      38,     1298,      592,     1058,     2944,     1066,     2501,       29,     1297,      2662,       992,       497,       405,      1145,        68,      1192,      2141,      2342,      1673,      4328,      2106,        47,       392,       192,       603,       266,      1157,      2452,        98,      1064,       257,      2483,      2061,      1935,       749,        21,       136,       114,      2208,       721,      2977,       715,       106,      2193,      1707,      1473,      1656,      2122,       613,       560,      2738,       528,       405,      1390,      2037,      2016,       179,       745,      1400,       802,      2480,      4618,      1014,       273,       816,       713,       421,      1442,      3298,       347,       727,      1801,      1857,      1033,       772,      2468,       190,       231,       296,       357,       768,       180,      1610,        47,  7602
      38,     1297,      592,     1058,     2944,     1064,     2496,       29,     1297,      2664,       992,       497,       405,      1145,        68,      1192,      2141,      2342,      1673,      4328,      2106,        47,       384,       185,       603,       257,      1134,      2440,        98,      1064,       256,      2473,      2060,      1944,       749,        17,       128,       114,      2208,       712,      2986,       715,       107,      2193,      1705,      1472,      1665,      2120,       613,       556,      2730,       528,       405,      1381,      2037,      2019,       184,       744,      1408,       802,      2480,      4618,      1009,       273,       824,       714,       421,      1442,      3302,       341,       723,      1801,      1857,      1042,       763,      2465,       197,       231,       288,       357,       760,       180,      1606,        54,  7635
      38,     1297,      592,     1058,     2944,     1064,     2496,       29,     1297,      2664,       983,       506,       405,      1152,        68,      1184,      2134,      2338,      1673,      4277,      2128,        47,       376,       185,       595,       257,      1144,      2462,        98,      1064,       257,      2475,      2068,      1942,       757,        21,       128,       114,      2208,       721,      2997,       716,       107,      2192,      1705,      1472,      1666,      2118,       613,       556,      2738,       521,       413,      1383,      2046,      2012,       184,       744,      1400,       802,      2480,      4618,      1016,       273,       825,       714,       421,      1434,      3294,       347,       723,      1801,      1857,      1042,       763,      2465,       197,       231,       288,       357,       760,       180,      1606,        54,  7670
      38,     1305,      592,     1050,     2946,     1064,     2496,       25,     1297,      2664,       992,       506,       393,      1174,        64,      1193,      2142,      2340,      1666,      4328,      2109,        47,       384,       185,       603,       257,      1157,      2450,       102,      1064,       256,      2475,      2070,      1946,       750,        21,       128,       114,      2208,       721,      2986,       709,       107,      2193,      1707,      1472,      1666,      2113,       614,       560,      2738,       528,       413,      1381,      2032,      2019,       184,       744,      1400,       802,      2480,      4618,      1016,       273,       825,       714,       421,      1434,      3294,       347,       727,      1801,      1857,      1033,       763,      2459,       190,       231,       296,       356,       760,       180,      1597,        47,  7702
      38,     1306,      592,     1058,     2946,     1055,     2494,       29,     1298,      2664,       992,       506,       390,      1186,        68,      1209,      2141,      2349,      1682,      4139,      2169,        47,       384,       185,       603,       257,      1090,      2476,       102,      1065,       257,      2481,      2060,      1915,       757,        17,       128,       114,      2208,       721,      2986,       709,       107,      2193,      1707,      1472,      1666,      2113,       614,       560,      2738,       528,       413,      1381,      2032,      2019,       184,       744,      1400,       802,      2491,      4623,      1017,       273,       816,       714,       421,      1442,      3302,       341,       723,      1802,      1857,      1033,       764,      2465,       197,       231,       288,       357,       769,       180,      1597,        47,  7736
      34,     1307,      592,     1058,     2946,     1061,     2489,       29,     1307,      2655,       992,       506,       401,      1193,        64,      1218,      2142,      2340,      1682,      4139,      2169,        47,       384,       185,       603,       257,      1090,      2476,       102,      1065,       257,      2481,      2060,      1915,       757,        17,       128,       114,      2206,       721,      2985,       716,       107,      2197,      1705,      1473,      1665,      2123,       613,       560,      2740,       528,       413,      1381,      2045,      2019,       184,       745,      1407,       802,      2482,      4610,      1009,       273,       817,       714,       421,      1442,      3302,       347,       727,      1804,      1857,      1043,       772,      2468,       190,       231,       296,       356,       769,       180,      1595,        54,  7769
      34,     1307,      592,     1058,     2946,     1061,     2489,       29,     1307,      2655,       992,       506,       401,      1193,        64,      1218,      2142,      2340,      1675,      4128,      2169,        47,       384,       185,       603,       266,      1064,      2470,        98,      1066,       257,      2481,      2068,      1910,       763,        21,       128,       114,      2210,       721,      2986,       716,       102,      2199,      1707,      1472,      1665,      2116,       613,       560,      2740,       528,       413,      1381,      2045,      2019,       184,       745,      1407,       802,      2482,      4610,      1009,       273,       817,       714,       421,      1442,      3302,       347,       727,      1804,      1857,      1043,       772,      2468,       190,       231,       296,       356,       769,       180,      1595,        54,  7786
      38,     1307,      592,     1050,     2946,     1053,     2491,       29,     1307,      2655,       983,       506,       400,      1216,        64,      1227,      2142,      2342,      1682,      4100,      2180,        47,       385,       192,       603,       266,      1065,      2479,        98,      1067,       257,      2473,      2060,      1910,       763,        21,       128,       114,      2210,       721,      2986,       716,       102,      2199,      1707,      1472,      1665,      2116,       613,       560,      2734,       528,       405,      1381,      2036,      2019,       179,       745,      1399,       802,      2482,      4610,      1017,       273,       825,       714,       422,      1443,      3295,       341,       723,      1802,      1855,      1042,       763,      2462,       197,       231,       296,       356,       769,       180,      1603,        54,  7819
      38,     1307,      592,     1050,     2946,     1053,     2491,       29,     1307,      2655,       983,       506,       400,      1216,        64,      1227,      2142,      2342,      1682,      4100,      2180,        47,       385,       192,       603,       266,      1065,      2479,        98,      1067,       257,      2473,      2060,      1910,       758,        17,       128,       107,      2200,       720,      2989,       724,       107,      2197,      1707,      1472,      1665,      2119,       614,       560,      2742,       528,       413,      1381,      2036,      2023,       184,       746,      1406,       802,      2482,      4616,      1017,       273,       826,       713,       421,      1433,      3306,       341,       723,      1802,      1855,      1042,       763,      2462,       197,       231,       296,       356,       769,       180,      1603,        54,  7836
      34,     1308,      592,     1058,     2944,     1041,     2486,       29,     1315,      2657,       983,       506,       400,      1216,        64,      1226,      2142,      2349,      1682,      4100,      2180,        47,       385,       192,       603,       266,      1065,      2479,        98,      1067,       257,      2473,      2060,      1910,       758,        17,       128,       107,      2200,       720,      2989,       724,       107,      2197,      1707,      1472,      1665,      2119,       614,       560,      2742,       528,       413,      1381,      2036,      2023,       184,       746,      1406,       802,      2482,      4616,      1017,       273,       826,       713,       421,      1433,      3306,       341,       723,      1804,      1855,      1042,       763,      2462,       191,       231,       288,       356,       760,       180,      1601,        54,  7853
      34,     1308,      592,     1058,     2944,     1041,     2486,       29,     1315,      2657,       983,       506,       400,      1216,        64,      1226,      2142,      2349,      1672,      4112,      2178,        47,       384,       185,       603,       266,      1075,      2479,        98,      1066,       257,      2473,      2060,      1910,       758,        21,       128,       114,      2218,       721,      2986,       717,       107,      2199,      1707,      1472,      1672,      2116,       614,       556,      2736,       528,       405,      1381,      2036,      2021,       184,       746,      1400,       802,      2480,      4616,      1017,       274,       826,       714,       413,      1442,      3306,       341,       723,      1805,      1857,      1042,       763,      2459,       191,       235,       296,       357,       769,       180,      1601,        54,  7886
      38,     1307,      592,     1059,     2944,     1052,     2493,       29,     1315,      2657,       993,       506,       400,      1215,        68,      1227,      2135,      2349,      1673,      4096,      2191,        47,       385,       185,       603,       266,      1064,      2486,       102,      1067,       250,      2481,      2068,      1910,       758,        21,       128,       114,      2208,       721,      2986,       716,       107,      2197,      1707,      1472,      1665,      2128,       614,       560,      2734,       528,       413,      1381,      2036,      2021,       184,       746,      1400,       811,      2489,      4616,      1017,       274,       826,       714,       413,      1442,      3306,       341,       723,      1805,      1857,      1042,       763,      2459,       191,       235,       296,       357,       769,       180,      1601,        54,  7919
      38,     1308,      592,     1058,     2944,     1052,     2491,       25,     1308,      2657,       993,       506,       400,      1222,        68,      1235,      2135,      2349,      1673,      4096,      2191,        47,       385,       185,       603,       266,      1064,      2486,       102,      1067,       250,      2481,      2068,      1910,       758,        21,       128,       114,      2208,       721,      2986,       716,       107,      2197,      1707,      1472,      1665,      2128,       614,       560,      2734,       528,       413,      1381,      2036,      2021,       184,       746,      1400,       811,      2489,      4616,      1017,       274,       826,       714,       430,      1450,      3310,       348,       728,      1805,      1857,      1042,       773,      2474,       198,       235,       296,       357,       769,       180,      1615,        54,  7936
      38,     1308,      592,     1058,     2944,     1052,     2491,       25,     1308,      2657,       993,       506,       400,      1222,        68,      1235,      2135,      2349,      1682,      4084,      2187,        47,       385,       185,       604,       266,      1075,      2479,       102,      1066,       257,      2483,      2060,      1910,       758,        21,       128,       114,      2198,       721,      2986,       716,       107,      2197,      1698,      1472,      1665,      2128,       614,       560,      2734,       528,       413,      1381,      2036,      2021,       184,       746,      1400,       811,      2489,      4616,      1017,       274,       826,       714,       430,      1450,      3310,       348,       728,      1805,      1857,      1042,       773,      2474,       198,       235,       296,       357,       769,       180,      1615,        54,  7952
      38,     1307,      592,     1058,     2935,     1041,     2488,       29,     1315,      2655,       984,       497,       389,      1216,        64,      1226,      2141,      2340,      1682,      4084,      2187,        42,       385,       185,       604,       257,      1075,      2479,       102,      1066,       257,      2483,      2060,      1910,       758,        21,       128,       114,      2198,       721,      2986,       716,       107,      2197,      1698,      1472,      1665,      2116,       614,       560,      2734,       528,       413,      1380,      2036,      2015,       184,       737,      1399,       802,      2489,      4610,      1017,       273,       825,       713,       413,      1433,      3295,       348,       723,      1804,      1855,      1033,       763,      2459,       191,       231,       288,       357,       769,       171,      1601,        54,  7986
      38,     1308,      592,     1059,     2944,     1041,     2486,       29,     1316,      2655,       984,       497,       389,      1216,        64,      1226,      2141,      2340,      1682,      4084,      2187,        42,       385,       185,       604,       257,      1064,      2479,       102,      1067,       250,      2481,      2060,      1910,       759,        17,       128,       114,      2210,       721,      2989,       717,       107,      2199,      1705,      1473,      1665,      2116,       614,       556,      2736,       521,       413,      1381,      2036,      2016,       179,       746,      1407,       802,      2489,      4622,      1010,       273,       825,       714,       421,      1442,      3295,       341,       723,      1805,      1855,      1043,       763,      2459,       191,       231,       288,       357,       769,       180,      1601,        54,  8019
      38,     1308,      592,     1059,     2944,     1041,     2486,       29,     1316,      2655,       985,       506,       400,      1215,        68,      1227,      2134,      2350,      1672,      4084,      2185,        47,       385,       192,       604,       265,      1065,      2481,       102,      1067,       256,      2483,      2049,      1910,       765,        21,       128,       114,      2210,       721,      2986,       717,       107,      2200,      1707,      1473,      1665,      2116,       614,       556,      2736,       521,       413,      1381,      2036,      2016,       179,       746,      1407,       802,      2489,      4622,      1010,       273,       825,       714,       421,      1442,      3295,       341,       723,      1805,      1855,      1043,       763,      2459,       191,       231,       288,       357,       769,       180,      1601,        54,  8036
      38,     1308,      592,     1059,     2944,     1041,     2486,       29,     1316,      2655,       985,       506,       400,      1215,        68,      1227,      2134,      2350,      1672,      4084,      2185,        47,       385,       192,       604,       265,      1065,      2481,       102,      1067,       256,      2483,      2049,      1910,       765,        21,       128,       114,      2210,       721,      2986,       717,       107,      2200,      1707,      1473,      1663,      2116,       614,       556,      2736,       528,       405,      1380,      2036,      2015,       179,       746,      1400,       802,      2489,      4621,      1018,       273,       826,       713,       421,      1442,      3295,       348,       723,      1805,      1857,      1042,       763,      2462,       191,       231,       288,       357,       769,       180,      1601,        54,  8052
      38,     1308,      592,     1058,     2944,     1041,     2494,       29,     1316,      2655,       992,       497,       400,      1230,        64,      1227,      2134,      2350,      1682,      4084,      2178,        47,       385,       185,       604,       257,      1064,      2474,       102,      1067,       256,      2475,      2051,      1910,       758,        21,       128,       114,      2208,       721,      2986,       718,       107,      2199,      1698,      1473,      1665,      2116,       607,       556,      2736,       528,       405,      1381,      2036,      2016,       184,       746,      1400,       802,      2489,      4621,      1018,       273,       826,       713,       421,      1442,      3295,       348,       723,      1805,      1857,      1042,       763,      2462,       191,       231,       288,       357,       769,       180,      1601,        54,  8086
      34,     1308,      592,     1059,     2935,     1041,     2494,       29,     1316,      2655,       992,       497,       400,      1230,        64,      1227,      2134,      2350,      1682,      4084,      2178,        47,       385,       185,       604,       257,      1064,      2474,       102,      1067,       256,      2475,      2051,      1910,       758,        21,       128,       114,      2208,       721,      2986,       718,       107,      2199,      1698,      1473,      1665,      2116,       607,       556,      2736,       528,       405,      1381,      2036,      2016,       184,       746,      1407,       811,      2489,      4622,      1010,       273,       826,       713,       413,      1442,      3306,       341,       723,      1797,      1862,      1042,       772,      2459,       191,       231,       296,       357,       761,       180,      1601,        54,  8103
      34,     1308,      592,     1059,     2935,     1041,     2488,       29,     1316,      2655,       992,       497,       400,      1238,        64,      1227,      2134,      2350,      1675,      4096,      2187,        47,       385,       192,       595,       265,      1062,      2474,        98,      1067,       249,      2475,      2060,      1915,       759,        21,       128,       114,      2208,       721,      2986,       718,       107,      2199,      1705,      1472,      1665,      2116,       615,       560,      2736,       521,       413,      1381,      2036,      2016,       183,       738,      1399,       802,      2489,      4610,      1018,       273,       827,       713,       422,      1442,      3295,       341,       723,      1797,      1862,      1042,       772,      2459,       191,       231,       296,       357,       761,       180,      1601,        54,  8136
      38,     1308,      592,     1059,     2938,     1053,     2496,       29,     1316,      2655,       993,       506,       403,      1226,        68,      1235,      2134,      2342,      1675,      4096,      2187,        47,       377,       185,       604,       266,      1065,      2479,        98,      1068,       256,      2483,      2079,      1912,       758,        21,       128,       114,      2210,       721,      2989,       718,       107,      2191,      1700,      1480,      1665,      2119,       615,       556,      2736,       521,       405,      1383,      2036,      2016,       183,       738,      1399,       802,      2489,      4610,      1018,       273,       827,       713,       422,      1442,      3295,       341,       723,      1797,      1855,      1042,       773,      2474,       191,       231,       296,       349,       769,       180,      1603,        54,  8169
      29,     1299,      592,     1059,     2938,     1053,     2496,       29,     1316,      2655,       993,       506,       403,      1226,        68,      1235,      2134,      2342,      1675,      4096,      2187,        47,       377,       185,       604,       266,      1065,      2479,        98,      1068,       256,      2483,      2079,      1912,       758,        21,       128,       114,      2210,       721,      2989,       718,       107,      2191,      1700,      1480,      1665,      2119,       615,       556,      2736,       521,       405,      1383,      2041,      2017,       179,       738,      1406,       802,      2480,      4616,      1011,       273,       826,       713,       421,      1443,      3310,       341,       723,      1807,      1861,      1033,       764,      2468,       198,       235,       297,       357,       760,       180,      1588,        47,  8186
      29,     1299,      584,     1041,     2924,     1030,     2494,       25,     1307,      2646,       983,       497,       388,      1238,        59,      1226,      2132,      2340,      1665,      4237,      2120,        47,       376,       185,       587,       248,      1064,      2457,        94,      1067,       249,      2473,      2049,      1899,       752,        17,       120,       106,      2198,       711,      2971,       710,        98,      2189,      1690,      1462,      1655,      2105,       608,       556,      2734,       513,       404,      1372,      2022,      2009,       175,       738,      1390,       802,      2478,      4599,      1011,       265,       818,       713,       413,      1432,      3283,       334,       723,      1807,      1861,      1033,       764,      2468,       198,       235,       297,       357,       760,       180,      1588,        47,  8219
      34,     1301,      592,     1058,     2927,     1041,     2489,       25,     1309,      2664,       993,       506,       400,      1251,        68,      1244,      2134,      2342,      1665,      4237,      2120,        47,       376,       185,       587,       248,      1064,      2457,        94,      1067,       249,      2473,      2049,      1899,       752,        17,       120,       106,      2198,       711,      2971,       710,        98,      2189,      1690,      1462,      1655,      2105,       608,       556,      2734,       513,       404,      1372,      2022,      2009,       175,       738,      1390,       802,      2478,      4599,      1011,       265,       818,       713,       413,      1432,      3283,       334,       718,      1797,      1854,      1033,       755,      2453,       184,       226,       288,       349,       752,       171,      1590,        47,  8236
      38,     1309,      592,     1058,     2927,     1041,     2489,       25,     1309,      2664,       993,       506,       400,      1251,        68,      1244,      2134,      2342,      1673,      4100,      2183,        47,       385,       185,       596,       257,      1118,      2465,       102,      1076,       256,      2475,      2070,      1937,       753,        21,       136,       114,      2210,       721,      2989,       718,       107,      2200,      1700,      1481,      1665,      2130,       616,       560,      2738,       528,       413,      1383,      2043,      2013,       184,       738,      1399,       802,      2482,      4619,      1020,       273,       827,       713,       422,      1442,      3291,       342,       723,      1800,      1855,      1043,       763,      2462,       191,       231,       289,       349,       769,       180,      1603,        54,  8269
      38,     1309,      592,     1059,     2935,     1049,     2486,       29,     1317,      2655,       992,       506,       414,      1254,        68,      1244,      2135,      2342,      1675,      4256,      2152,        47,       393,       192,       604,       266,      1095,      2452,        98,      1068,       249,      2483,      2061,      1928,       753,        21,       136,       114,      2210,       721,      2989,       718,       107,      2200,      1700,      1481,      1665,      2130,       616,       560,      2738,       528,       413,      1383,      2043,      2013,       184,       738,      1399,       802,      2482,      4619,      1020,       273,       827,       713,       422,      1442,      3291,       342,       723,      1800,      1855,      1043,       763,      2462,       191,       231,       289,       349,       769,       180,      1603,        54,  8286
      38,     1309,      592,     1059,     2946,     1061,     2500,       29,     1316,      2655,       993,       506,       403,      1260,        68,      1244,      2135,      2342,      1675,      4256,      2152,        47,       393,       192,       604,       266,      1095,      2452,        98,      1068,       249,      2483,      2061,      1928,       753,        21,       128,       114,      2210,       721,      2983,       712,       107,      2200,      1700,      1473,      1666,      2119,       616,       560,      2738,       528,       413,      1383,      2039,      2020,       179,       738,      1399,       802,      2482,      4630,      1013,       273,       827,       721,       422,      1442,      3294,       349,       728,      1807,      1855,      1043,       764,      2465,       191,       231,       289,       350,       761,       180,      1603,        54,  8319
      38,     1309,      592,     1059,     2946,     1061,     2500,       29,     1316,      2655,       993,       506,       403,      1260,        68,      1252,      2134,      2342,      1675,      4239,      2136,        47,       385,       185,       596,       257,      1107,      2452,       102,      1068,       257,      2475,      2070,      1926,       753,        17,       136,       114,      2210,       721,      2995,       719,       107,      2192,      1698,      1473,      1666,      2119,       616,       560,      2738,       528,       413,      1383,      2039,      2020,       179,       738,      1399,       802,      2482,      4630,      1013,       273,       827,       721,       422,      1442,      3294,       349,       728,      1807,      1855,      1043,       764,      2465,       191,       231,       289,       350,       761,       180,      1603,        54,  8335
      34,     1310,      592,     1059,     2938,     1062,     2486,       29,     1317,      2648,       993,       497,       415,      1268,        68,      1262,      2134,      2340,      1683,      4096,      2184,        47,       385,       185,       596,       266,      1052,      2465,       102,      1069,       257,      2475,      2070,      1926,       753,        17,       136,       114,      2210,       721,      2995,       719,       107,      2192,      1698,      1473,      1665,      2119,       616,       556,      2738,       521,       413,      1383,      2039,      2013,       184,       746,      1399,       802,      2482,      4618,      1014,       273,       819,       713,       421,      1433,      3298,       342,       723,      1799,      1855,      1033,       764,      2456,       191,       231,       297,       356,       769,       180,      1605,        47,  8369
      34,     1310,      592,     1059,     2938,     1062,     2486,       29,     1317,      2648,       993,       497,       415,      1268,        68,      1262,      2134,      2340,      1683,      4096,      2184,        47,       385,       185,       596,       266,      1052,      2465,       102,      1069,       256,      2483,      2060,      1923,       753,        17,       128,       114,      2210,       721,      2989,       718,       102,      2194,      1705,      1473,      1665,      2119,       616,       561,      2751,       521,       405,      1381,      2039,      2021,       184,       747,      1406,       802,      2482,      4625,      1014,       273,       819,       713,       421,      1433,      3298,       342,       723,      1799,      1855,      1033,       764,      2456,       191,       231,       297,       356,       769,       180,      1605,        47,  8385
      38,     1310,      600,     1059,     2946,     1049,     2488,       29,     1318,      2650,       993,       506,       412,      1280,        64,      1262,      2142,      2342,      1675,      4089,      2186,        47,       385,       185,       604,       266,      1064,      2467,        98,      1069,       256,      2475,      2068,      1910,       760,        21,       128,       114,      2210,       721,      2989,       719,       107,      2194,      1707,      1473,      1665,      2119,       616,       561,      2751,       521,       405,      1381,      2039,      2021,       184,       747,      1406,       802,      2482,      4625,      1013,       274,       828,       713,       421,      1442,      3310,       349,       723,      1810,      1855,      1042,       764,      2468,       192,       231,       297,       356,       769,       180,      1591,        48,  8419
      38,     1310,      592,     1058,     2938,     1053,     2496,       34,     1326,      2657,       993,       506,       412,      1282,        64,      1263,      2135,      2350,      1675,      4116,      2174,        47,       386,       185,       604,       266,      1064,      2467,        98,      1069,       256,      2475,      2068,      1910,       760,        21,       128,       114,      2210,       721,      2989,       719,       107,      2194,      1707,      1473,      1665,      2128,       616,       561,      2743,       528,       413,      1381,      2043,      2024,       184,       740,      1406,       802,      2491,      4630,      1022,       274,       827,       714,       413,      1443,      3302,       349,       723,      1810,      1857,      1043,       764,      2459,       191,       231,       297,       364,       769,       180,      1605,        54,  8452
      38,     1318,      592,     1058,     2946,     1042,     2488,       29,     1326,      2655,       993,       506,       412,      1282,        64,      1263,      2135,      2350,      1675,      4116,      2174,        47,       386,       185,       604,       266,      1065,      2469,       102,      1078,       256,      2483,      2070,      1915,       761,        21,       128,       114,      2210,       721,      2993,       719,       107,      2204,      1707,      1473,      1665,      2121,       617,       556,      2741,       528,       413,      1383,      2041,      2021,       184,       747,      1399,       802,      2484,      4616,      1021,       274,       827,       713,       422,      1444,      3306,       342,       723,      1808,      1864,      1034,       764,      2462,       192,       231,       297,       356,       769,       180,      1601,        54,  8485
      38,     1318,      592,     1058,     2946,     1042,     2488,       29,     1326,      2655,      1001,       506,       400,      1289,        68,      1254,      2134,      2340,      1675,      4116,      2181,        47,       385,       185,       596,       257,      1065,      2460,        98,      1069,       257,      2483,      2061,      1912,       760,        21,       128,       114,      2210,       721,      2989,       720,       107,      2204,      1707,      1473,      1665,      2121,       617,       556,      2741,       528,       413,      1383,      2041,      2021,       184,       747,      1399,       802,      2484,      4616,      1021,       274,       827,       713,       422,      1444,      3306,       342,       723,      1808,      1864,      1034,       764,      2462,       192,       231,       297,       356,       769,       180,      1601,        54,  8502
      38,     1318,      592,     1058,     2946,     1042,     2488,       29,     1326,      2655,      1001,       506,       400,      1289,        68,      1254,      2134,      2340,      1675,      4116,      2181,        47,       385,       185,       596,       257,      1065,      2460,        98,      1069,       257,      2483,      2061,      1912,       760,        21,       128,       114,      2210,       721,      2989,       720,       107,      2196,      1707,      1481,      1666,      2119,       616,       556,      2743,       528,       413,      1383,      2027,      2016,       179,       739,      1400,       811,      2489,      4633,      1021,       273,       827,       721,       422,      1442,      3310,       342,       723,      1808,      1858,      1043,       764,      2462,       192,       231,       297,       356,       769,       180,      1601,        54,  8519
      38,     1319,      600,     1059,     2944,     1042,     2496,       29,     1318,      2657,       993,       506,       412,      1297,        64,      1263,      2135,      2350,      1675,      4112,      2174,        42,       385,       185,       604,       257,      1065,      2462,        98,      1077,       257,      2475,      2068,      1915,       761,        17,       128,       114,      2210,       721,      2996,       720,       107,      2202,      1707,      1473,      1675,      2130,       617,       560,      2741,       527,       405,      1383,      2038,      2016,       179,       747,      1400,       811,      2489,      4633,      1021,       273,       827,       721,       422,      1442,      3310,       342,       723,      1808,      1858,      1043,       772,      2462,       198,       231,       297,       357,       769,       180,      1603,        54,  8552
      38,     1319,      592,     1059,     2938,     1044,     2496,       29,     1318,      2657,       993,       506,       412,      1297,        64,      1263,      2135,      2350,      1675,      4112,      2174,        42,       385,       185,       604,       257,      1065,      2462,        98,      1077,       257,      2475,      2068,      1915,       761,        17,       128,       114,      2210,       721,      2996,       720,       107,      2202,      1707,      1473,      1675,      2130,       617,       560,      2741,       527,       405,      1383,      2038,      2016,       179,       747,      1400,       802,      2482,      4616,      1015,       273,       828,       714,       422,      1443,      3306,       342,       723,      1800,      1857,      1043,       764,      2471,       192,       231,       297,       356,       769,       180,      1607,        48,  8569
      38,     1319,      592,     1059,     2938,     1044,     2481,       29,     1318,      2655,       993,       506,       413,      1296,        68,      1263,      2135,      2342,      1676,      4100,      2175,        47,       385,       185,       596,       266,      1053,      2448,       102,      1069,       257,      2483,      2061,      1919,       761,        21,       128,       114,      2201,       721,      2993,       713,       107,      2202,      1700,      1473,      1666,      2121,       610,       556,      2741,       528,       405,      1383,      2041,      2016,       184,       739,      1399,       802,      2482,      4610,      1015,       273,       828,       713,       422,      1443,      3302,       342,       723,      1800,      1857,      1043,       764,      2471,       192,       231,       297,       356,       769,       180,      1607,        48,  8602
      38,     1310,      592,     1051,     2944,     1041,     2491,       29,     1327,      2648,       985,       506,       411,      1297,        64,      1262,      2141,      2340,      1675,      4112,      2182,        47,       385,       185,       596,       257,      1066,      2462,        98,      1069,       257,      2475,      2060,      1912,       761,        21,       128,       114,      2201,       721,      2989,       712,       107,      2202,      1698,      1472,      1666,      2121,       617,       560,      2743,       521,       413,      1391,      2041,      2016,       184,       739,      1399,       802,      2482,      4610,      1015,       273,       828,       713,       422,      1443,      3302,       342,       723,      1808,      1857,      1042,       772,      2462,       192,       231,       297,       357,       769,       180,      1603,        54,  8635
      34,     1310,      592,     1058,     2935,     1042,     2496,       29,     1318,      2655,       985,       506,       400,      1296,        64,      1254,      2134,      2342,      1673,      4080,      2172,        38,       385,       185,       596,       266,      1053,      2462,        98,      1069,       257,      2483,      2070,      1910,       761,        17,       128,       114,      2201,       721,      2989,       712,       107,      2202,      1698,      1472,      1666,      2121,       617,       560,      2743,       521,       413,      1391,      2038,      2024,       184,       747,      1407,       811,      2480,      4616,      1015,       273,       819,       706,       422,      1442,      3295,       342,       723,      1800,      1864,      1043,       773,      2459,       191,       231,       297,       356,       769,       180,      1603,        48,  8669
      34,     1310,      592,     1058,     2935,     1042,     2496,       29,     1318,      2655,       985,       506,       400,      1296,        64,      1254,      2134,      2342,      1673,      4080,      2172,        38,       385,       185,       596,       266,      1053,      2462,        98,      1069,       257,      2483,      2070,      1910,       761,        17,       128,       114,      2210,       721,      2974,       713,       102,      2202,      1698,      1473,      1666,      2119,       610,       560,      2738,       528,       413,      1381,      2038,      2016,       183,       747,      1400,       802,      2482,      4616,      1015,       269,       819,       714,       413,      1443,      3298,       342,       723,      1800,      1864,      1043,       773,      2459,       191,       231,       297,       356,       769,       180,      1603,        48,  8686
      38,     1310,      592,     1058,     2938,     1041,     2496,       29,     1318,      2657,       993,       506,       400,      1289,        59,      1254,      2142,      2342,      1673,      4080,      2172,        38,       385,       185,       596,       266,      1053,      2462,        98,      1069,       257,      2483,      2070,      1910,       761,        17,       128,       114,      2210,       721,      2974,       713,       102,      2202,      1698,      1473,      1666,      2119,       610,       560,      2738,       528,       413,      1381,      2038,      2016,       183,       747,      1400,       802,      2482,      4616,      1015,       269,       819,       714,       413,      1443,      3298,       342,       723,      1800,      1855,      1034,       763,      2465,       192,       231,       289,       357,       761,       180,      1601,        54,  8702
      38,     1310,      592,     1058,     2938,     1041,     2496,       29,     1318,      2657,       993,       506,       400,      1289,        59,      1254,      2142,      2342,      1683,      4107,      2187,        47,       393,       185,       604,       257,      1053,      2455,        98,      1068,       256,      2475,      2070,      1912,       761,        21,       128,       114,      2208,       721,      2986,       720,       107,      2200,      1698,      1473,      1666,      2130,       617,       556,      2741,       528,       413,      1383,      2036,      2016,       179,       739,      1407,       802,      2482,      4597,      1015,       273,       827,       714,       413,      1443,      3302,       350,       727,      1810,      1857,      1043,       764,      2459,       192,       231,       289,       357,       769,       180,      1601,        54,  8736
      34,     1318,      592,     1059,     2949,     1048,     2500,       29,     1327,      2657,       984,       498,       414,      1297,        64,      1263,      2134,      2342,      1666,      4162,      2177,        47,       385,       185,       587,       266,      1091,      2457,        98,      1069,       257,      2473,      2080,      1917,       761,        21,       128,       114,      2208,       721,      2986,       720,       107,      2200,      1698,      1473,      1666,      2130,       617,       556,      2741,       528,       413,      1383,      2036,      2016,       179,       739,      1407,       802,      2482,      4597,      1015,       273,       827,       714,       413,      1443,      3302,       350,       727,      1810,      1857,      1043,       764,      2459,       192,       231,       289,       357,       769,       180,      1607,        48,  8752
      34,     1318,      592,     1059,     2949,     1048,     2500,       29,     1327,      2657,       984,       498,       414,      1297,        64,      1263,      2134,      2342,      1666,      4162,      2177,        47,       385,       185,       587,       266,      1091,      2457,        98,      1069,       257,      2473,      2080,      1917,       762,        21,       128,       107,      2208,       722,      2988,       720,       107,      2194,      1707,      1472,      1668,      2131,       617,       556,      2741,       528,       413,      1383,      2029,      2017,       179,       740,      1400,       802,      2484,      4626,      1022,       273,       828,       714,       413,      1443,      3302,       350,       727,      1810,      1857,      1043,       764,      2459,       192,       231,       289,       357,       769,       180,      1607,        48,  8770
      38,     1310,      592,     1059,     2938,     1056,     2496,       29,     1318,      2657,       984,       507,       413,      1297,        64,      1262,      2142,      2342,      1666,      4167,      2175,        47,       385,       185,       595,       257,      1079,      2462,        98,      1069,       257,      2475,      2070,      1915,       755,        21,       128,       107,      2208,       730,      2993,       720,       102,      2196,      1700,      1472,      1666,      2123,       617,       560,      2741,       528,       413,      1383,      2029,      2017,       179,       740,      1400,       802,      2484,      4626,      1022,       273,       828,       714,       422,      1443,      3291,       343,       723,      1800,      1857,      1042,       765,      2468,       192,       235,       289,       350,       769,       180,      1605,        54,  8801
      38,     1310,      592,     1059,     2938,     1056,     2496,       29,     1318,      2657,       984,       507,       413,      1297,        64,      1262,      2142,      2342,      1666,      4167,      2175,        47,       385,       185,       595,       257,      1079,      2462,        98,      1069,       257,      2475,      2070,      1915,       755,        21,       128,       107,      2208,       730,      2993,       720,       102,      2196,      1700,      1472,      1666,      2123,       617,       560,      2741,       528,       413,      1383,      2043,      2024,       184,       740,      1400,       802,      2480,      4620,      1015,       273,       820,       714,       413,      1443,      3306,       343,       723,      1802,      1857,      1042,       764,      2479,       192,       231,       289,       350,       769,       180,      1605,        54,  8819
      34,     1310,      592,     1059,     2938,     1045,     2491,       29,     1327,      2657,       992,       515,       413,      1297,        64,      1263,      2142,      2340,      1673,      4165,      2155,        47,       394,       192,       595,       266,      1090,      2463,        98,      1069,       257,      2475,      2070,      1915,       755,        21,       128,       107,      2208,       730,      2993,       720,       102,      2196,      1700,      1472,      1666,      2123,       617,       560,      2741,       528,       413,      1383,      2043,      2024,       184,       740,      1400,       802,      2480,      4620,      1015,       273,       820,       714,       413,      1443,      3306,       343,       723,      1802,      1857,      1042,       764,      2479,       192,       231,       297,       357,       760,       180,      1607,        54,  8835
      38,     1310,      592,     1059,     2940,     1047,     2489,       29,     1327,      2657,       992,       515,       413,      1297,        64,      1263,      2142,      2340,      1673,      4165,      2155,        47,       394,       192,       595,       266,      1090,      2463,        98,      1069,       257,      2481,      2070,      1917,       761,        21,       128,       114,      2210,       722,      2981,       713,       107,      2202,      1700,      1473,      1666,      2119,       610,       556,      2743,       528,       413,      1383,      2036,      2023,       184,       740,      1400,       802,      2493,      4615,      1015,       274,       820,       721,       422,      1434,      3310,       350,       728,      1802,      1858,      1043,       765,      2459,       192,       231,       297,       350,       769,       180,      1599,        48,  8869
      38,     1310,      592,     1059,     2940,     1047,     2489,       29,     1327,      2657,       991,       507,       414,      1298,        68,      1263,      2135,      2340,      1675,      4133,      2161,        47,       386,       185,       595,       266,      1094,      2463,        98,      1069,       257,      2483,      2072,      1910,       755,        21,       128,       114,      2208,       721,      2991,       720,       102,      2204,      1700,      1472,      1668,      2114,       610,       561,      2743,       521,       405,      1385,      2039,      2017,       179,       740,      1401,       802,      2484,      4614,      1015,       273,       820,       721,       422,      1444,      3302,       343,       723,      1802,      1857,      1042,       765,      2462,       185,       231,       297,       350,       769,       180,      1599,        48,  8903
      38,     1311,      600,     1059,     2943,     1048,     2491,       29,     1327,      2648,       976,       499,       402,      1298,        64,      1262,      2137,      2342,      1676,      4200,      2156,        47,       386,       185,       596,       266,      1104,      2470,        98,      1069,       257,      2483,      2072,      1910,       755,        21,       128,       114,      2208,       721,      2991,       720,       102,      2204,      1700,      1472,      1668,      2114,       610,       561,      2743,       521,       405,      1385,      2039,      2017,       179,       740,      1401,       802,      2484,      4614,      1015,       273,       820,       721,       422,      1444,      3302,       343,       723,      1802,      1857,      1042,       765,      2462,       185,       231,       297,       357,       769,       180,      1599,        48,  8919
      38,     1311,      600,     1059,     2943,     1048,     2491,       29,     1327,      2648,       976,       499,       402,      1298,        64,      1262,      2137,      2342,      1676,      4200,      2156,        47,       386,       185,       596,       266,      1104,      2470,        98,      1069,       257,      2464,      2080,      1921,       754,        21,       128,       114,      2208,       731,      2991,       713,       102,      2202,      1700,      1472,      1668,      2117,       610,       556,      2743,       528,       413,      1384,      2032,      2017,       184,       748,      1400,       810,      2487,      4620,      1015,       273,       820,       721,       422,      1444,      3302,       343,       723,      1802,      1857,      1042,       765,      2462,       185,       231,       297,       357,       769,       180,      1599,        48,  8935
      38,     1318,      592,     1059,     2943,     1043,     2486,       29,     1327,      2650,       993,       507,       414,      1304,        68,      1262,      2135,      2342,      1676,      4200,      2156,        47,       386,       192,       604,       266,      1105,      2458,        98,      1078,       257,      2483,      2072,      1910,       755,        17,       128,       114,      2210,       722,      2981,       713,       102,      2202,      1700,      1472,      1668,      2117,       610,       556,      2743,       528,       413,      1384,      2032,      2017,       184,       748,      1400,       810,      2487,      4620,      1016,       273,       828,       714,       421,      1443,      3302,       343,       723,      1810,      1864,      1043,       764,      2462,       192,       231,       297,       357,       769,       180,      1599,        54,  8969
      38,     1318,      592,     1059,     2943,     1043,     2486,       29,     1327,      2650,       993,       507,       414,      1304,        68,      1262,      2135,      2342,      1676,      4200,      2156,        47,       386,       192,       604,       266,      1105,      2458,        98,      1078,       257,      2483,      2072,      1910,       755,        17,       128,       114,      2210,       722,      2981,       713,       107,      2202,      1700,      1472,      1669,      2112,       618,       560,      2749,       528,       413,      1385,      2039,      2027,       179,       740,      1400,       802,      2487,      4619,      1016,       274,       828,       714,       422,      1445,      3302,       343,       723,      1802,      1857,      1042,       764,      2462,       192,       231,       297,       357,       769,       180,      1599,        54,  8986
      38,     1318,      592,     1060,     2940,     1047,     2486,       29,     1327,      2659,       994,       507,       425,      1318,        64,      1262,      2135,      2336,      1669,      4200,      2149,        42,       393,       185,       596,       257,      1093,      2465,        98,      1069,       257,      2475,      2082,      1910,       755,        21,       128,       114,      2206,       722,      2988,       714,       102,      2194,      1700,      1472,      1668,      2117,       611,       556,      2743,       528,       405,      1384,      2039,      2026,       179,       740,      1400,       802,      2487,      4619,      1016,       274,       828,       714,       422,      1445,      3302,       343,       723,      1802,      1857,      1042,       765,      2465,       192,       231,       297,       356,       769,       180,      1601,        54,  9019
      38,     1319,      592,     1059,     2940,     1048,     2486,       29,     1327,      2659,       994,       507,       425,      1318,        64,      1262,      2135,      2336,      1669,      4200,      2149,        42,       393,       185,       596,       257,      1093,      2465,        98,      1069,       257,      2475,      2082,      1910,       755,        21,       128,       114,      2206,       722,      2988,       714,       102,      2194,      1700,      1472,      1668,      2117,       611,       556,      2743,       528,       405,      1384,      2039,      2026,       179,       740,      1400,       802,      2484,      4614,      1016,       269,       827,       714,       422,      1445,      3295,       350,       723,      1800,      1865,      1042,       765,      2462,       192,       231,       297,       357,       769,       180,      1599,        54,  9035
      38,     1319,      592,     1059,     2940,     1048,     2479,       29,     1327,      2657,       984,       507,       413,      1318,        64,      1262,      2142,      2342,      1676,      4172,      2156,        47,       385,       192,       603,       266,      1093,      2457,       102,      1069,       257,      2475,      2080,      1901,       755,         0,       120,       114,      2208,       731,      2985,       713,       107,      2204,      1700,      1472,      1660,      2121,       611,       560,      2743,       528,       413,      1384,      2036,      2017,       184,       740,      1407,       802,      2487,      4616,      1015,       274,       819,       714,       422,      1435,      3310,       343,       723,      1800,      1865,      1042,       765,      2462,       192,       231,       297,       357,       769,       180,      1599,        54,  9069
      38,     1319,      592,     1059,     2946,     1042,     2491,       29,     1318,      2657,       992,       506,       412,      1324,        64,      1263,      2142,      2342,      1675,      4089,      2194,        47,       385,       192,       603,       266,      1093,      2457,       102,      1069,       257,      2475,      2080,      1901,       755,         0,       120,       114,      2208,       731,      2985,       713,       107,      2204,      1700,      1472,      1660,      2121,       611,       560,      2743,       528,       413,      1384,      2036,      2017,       184,       740,      1407,       802,      2487,      4616,      1015,       274,       819,       714,       422,      1435,      3310,       343,       727,      1800,      1855,      1043,       765,      2462,       198,       231,       297,       357,       769,       180,      1603,        48,  9085
      34,     1311,      592,     1059,     2946,     1042,     2491,       29,     1318,      2657,       992,       506,       412,      1324,        64,      1263,      2142,      2342,      1675,      4089,      2194,        47,       385,       185,       603,       266,      1065,      2475,       102,      1069,       257,      2473,      2070,      1901,       761,        17,       136,       114,      2201,       721,      2978,       720,       107,      2196,      1707,      1472,      1676,      2116,       617,       556,      2741,       521,       405,      1384,      2036,      2023,       184,       740,      1400,       802,      2482,      4627,      1015,       274,       828,       714,       421,      1434,      3295,       342,       723,      1803,      1857,      1042,       765,      2459,       192,       231,       289,       357,       769,       180,      1601,        54,  9120
      34,     1311,      592,     1059,     2944,     1042,     2489,       29,     1327,      2657,       984,       506,       411,      1310,        64,      1271,      2142,      2340,      1675,      4089,      2196,        47,       394,       192,       604,       257,      1066,      2469,       102,      1070,       264,      2483,      2082,      1912,       761,        21,       128,       114,      2208,       722,      2993,       720,       107,      2204,      1700,      1472,      1666,      2119,       617,       560,      2743,       528,       413,      1384,      2027,      2016,       179,       748,      1400,       802,      2484,      4610,      1015,       273,       829,       721,       421,      1443,      3295,       350,       723,      1803,      1857,      1042,       765,      2459,       192,       231,       289,       357,       769,       180,      1601,        54,  9153
      38,     1320,      600,     1059,     2946,     1042,     2491,       29,     1327,      2657,       985,       507,       412,      1317,        64,      1271,      2135,      2342,      1675,      4089,      2196,        47,       394,       192,       604,       257,      1066,      2469,       102,      1070,       264,      2483,      2082,      1912,       761,        21,       128,       114,      2208,       722,      2993,       720,       107,      2204,      1700,      1472,      1666,      2119,       617,       560,      2743,       528,       413,      1384,      2027,      2016,       179,       748,      1400,       802,      2484,      4610,      1015,       273,       829,       721,       421,      1443,      3295,       350,       723,      1811,      1857,      1043,       764,      2471,       192,       231,       297,       357,       769,       180,      1601,        54,  9169
      38,     1320,      600,     1059,     2946,     1042,     2491,       29,     1327,      2657,       985,       507,       412,      1317,        64,      1271,      2135,      2342,      1675,      4084,      2194,        47,       386,       185,       604,       266,      1064,      2475,       102,      1069,       257,      2475,      2080,      1901,       754,        17,       128,       107,      2208,       730,      2986,       713,       102,      2196,      1700,      1472,      1668,      2116,       617,       556,      2743,       528,       413,      1384,      2027,      2016,       179,       748,      1400,       802,      2484,      4610,      1015,       273,       829,       721,       421,      1443,      3295,       350,       723,      1811,      1857,      1043,       764,      2471,       192,       231,       297,       357,       769,       180,      1601,        54,  9186
      38,     1311,      600,     1059,     2946,     1042,     2491,       29,     1327,      2657,       985,       507,       412,      1317,        64,      1271,      2135,      2342,      1675,      4084,      2194,        47,       386,       185,       604,       266,      1064,      2475,       102,      1069,       257,      2475,      2080,      1901,       754,        17,       128,       107,      2208,       730,      2986,       713,       102,      2196,      1700,      1472,      1668,      2116,       617,       556,      2743,       528,       413,      1385,      2036,      2023,       179,       748,      1400,       802,      2484,      4616,      1015,       273,       819,       714,       421,      1434,      3295,       342,       723,      1802,      1857,      1042,       765,      2462,       198,       231,       289,       357,       769,       180,      1603,        54,  9203
      38,     1311,      592,     1050,     2949,     1041,     2491,       29,     1327,      2659,       976,       499,       400,      1317,        64,      1272,      2135,      2340,      1678,      4105,      2187,        47,       386,       192,       603,       266,      1064,      2469,       102,      1069,       257,      2473,      2070,      1910,       761,        17,       128,       107,      2200,       722,      2974,       713,       107,      2196,      1701,      1472,      1669,      2119,       610,       556,      2743,       528,       405,      1385,      2036,      2017,       179,       739,      1400,       802,      2487,      4616,      1015,       273,       828,       707,       430,      1435,      3306,       350,       723,      1802,      1857,      1042,       765,      2462,       198,       231,       289,       357,       769,       180,      1603,        54,  9232
      38,     1311,      592,     1050,     2949,     1042,     2491,       29,     1326,      2657,       985,       507,       412,      1317,        64,      1262,      2135,      2340,      1676,      4100,      2181,        47,       377,       185,       603,       258,      1064,      2475,       102,      1069,       250,      2473,      2089,      1901,       761,        21,       128,       114,      2210,       722,      2986,       713,       107,      2206,      1708,      1480,      1669,      2116,       610,       560,      2743,       528,       405,      1385,      2036,      2017,       179,       739,      1400,       802,      2487,      4616,      1015,       273,       828,       707,       430,      1435,      3306,       350,       723,      1802,      1857,      1041,       764,      2459,       192,       231,       297,       357,       769,       180,      1590,        48,  9270
      38,     1311,      592,     1050,     2949,     1042,     2491,       29,     1326,      2657,       985,       507,       412,      1317,        64,      1262,      2135,      2340,      1676,      4100,      2181,        47,       377,       185,       603,       258,      1064,      2475,       102,      1069,       250,      2473,      2089,      1901,       761,        21,       128,       114,      2210,       722,      2986,       713,       107,      2206,      1708,      1480,      1669,      2116,       610,       560,      2743,       528,       413,      1384,      2036,      2024,       179,       740,      1400,       802,      2484,      4610,      1015,       274,       820,       714,       413,      1444,      3298,       350,       723,      1808,      1857,      1042,       765,      2459,       192,       231,       289,       350,       769,       180,      1603,        54,  9287
      38,     1311,      593,     1050,     2955,     1041,     2489,       29,     1319,      2659,       985,       506,       412,      1323,        64,      1279,      2137,      2340,      1675,      4089,      2189,        47,       385,       185,       603,       257,      1052,      2484,        98,      1069,       257,      2475,      2070,      1910,       761,        21,       128,       114,      2200,       722,      2986,       720,       102,      2204,      1700,      1472,      1668,      2116,       618,       556,      2743,       528,       405,      1383,      2025,      2019,       179,       740,      1400,       802,      2484,      4616,      1015,       274,       820,       714,       413,      1444,      3298,       350,       723,      1808,      1857,      1042,       765,      2459,       192,       231,       289,       350,       769,       180,      1603,        54,  9320
      38,     1319,      592,     1051,     2949,     1042,     2486,       29,     1327,      2659,       984,       507,       412,      1338,        64,      1271,      2142,      2340,      1675,      4084,      2189,        47,       386,       185,       595,       257,      1064,      2470,        98,      1069,       257,      2473,      2070,      1910,       761,        21,       128,       114,      2210,       721,      2986,       713,       102,      2204,      1708,      1472,      1668,      2116,       618,       556,      2743,       528,       405,      1383,      2025,      2019,       179,       740,      1400,       802,      2484,      4616,      1016,       274,       820,       714,       421,      1444,      3298,       343,       723,      1802,      1857,      1042,       765,      2471,       199,       231,       297,       357,       760,       180,      1601,        48,  9352
      38,     1311,      593,     1050,     2946,     1042,     2493,       29,     1319,      2666,       984,       506,       412,      1332,        64,      1271,      2135,      2340,      1675,      4100,      2175,        42,       386,       192,       603,       266,      1064,      2470,        98,      1069,       257,      2473,      2070,      1910,       761,        21,       128,       114,      2210,       721,      2986,       713,       102,      2204,      1708,      1472,      1665,      2116,       618,       556,      2745,       528,       405,      1383,      2025,      2017,       179,       739,      1400,       794,      2491,      4616,      1015,       274,       820,       714,       421,      1435,      3295,       343,       723,      1802,      1858,      1033,       764,      2474,       192,       226,       289,       350,       769,       180,      1603,        48,  9386
      38,     1311,      593,     1050,     2946,     1042,     2493,       29,     1319,      2666,       984,       506,       412,      1332,        64,      1271,      2135,      2340,      1675,      4100,      2175,        42,       386,       192,       603,       266,      1064,      2470,        98,      1069,       250,      2473,      2072,      1899,       755,        17,       128,       114,      2208,       713,      2974,       713,       102,      2196,      1707,      1472,      1666,      2119,       610,       556,      2743,       528,       413,      1383,      2027,      2024,       179,       740,      1401,       802,      2482,      4610,      1016,       273,       828,       714,       413,      1443,      3295,       343,       723,      1802,      1858,      1033,       764,      2474,       192,       226,       289,       350,       769,       180,      1603,        48,  9403
      38,     1311,      592,     1051,     2955,     1041,     2481,       29,     1320,      2657,       984,       506,       412,      1332,        64,      1271,      2135,      2340,      1675,      4100,      2175,        42,       386,       192,       603,       266,      1064,      2470,        98,      1069,       250,      2473,      2072,      1899,       755,        17,       128,       114,      2208,       713,      2974,       713,       102,      2196,      1707,      1472,      1666,      2119,       610,       556,      2743,       528,       413,      1383,      2027,      2024,       179,       740,      1401,       802,      2482,      4610,      1016,       273,       828,       714,       413,      1443,      3295,       343,       723,      1802,      1858,      1042,       764,      2471,       192,       226,       289,       350,       769,       180,      1601,        48,  9420
      38,     1311,      592,     1051,     2955,     1041,     2481,       29,     1320,      2657,       992,       507,       411,      1346,        64,      1280,      2142,      2340,      1676,      4100,      2177,        47,       386,       185,       603,       257,      1065,      2472,        98,      1069,       250,      2473,      2072,      1910,       762,        21,       128,       114,      2208,       721,      2974,       714,       107,      2202,      1700,      1472,      1666,      2119,       610,       556,      2743,       528,       413,      1383,      2027,      2024,       179,       740,      1401,       802,      2482,      4610,      1016,       273,       828,       714,       413,      1443,      3295,       343,       723,      1802,      1858,      1042,       764,      2471,       192,       226,       289,       350,       769,       180,      1601,        48,  9436
      38,     1311,      592,     1051,     2955,     1041,     2481,       29,     1320,      2657,       992,       507,       411,      1346,        64,      1280,      2142,      2340,      1676,      4100,      2177,        47,       386,       185,       603,       257,      1065,      2472,        98,      1069,       250,      2473,      2072,      1910,       762,        21,       128,       114,      2208,       721,      2974,       714,       107,      2202,      1700,      1472,      1666,      2116,       618,       560,      2743,       521,       413,      1383,      2027,      2026,       184,       748,      1401,       802,      2484,      4610,      1016,       273,       828,       714,       421,      1443,      3298,       343,       723,      1802,      1864,      1034,       764,      2462,       192,       231,       289,       350,       769,       180,      1601,        48,  9453
      34,     1320,      592,     1050,     2957,     1042,     2486,       29,     1327,      2664,       984,       506,       423,      1338,        64,      1271,      2142,      2340,      1675,      4089,      2177,        42,       386,       185,       603,       249,      1065,      2458,        98,      1069,       257,      2481,      2072,      1912,       762,        21,       128,       114,      2208,       722,      2989,       721,       102,      2204,      1700,      1480,      1668,      2119,       611,       561,      2743,       528,       413,      1384,      2025,      2026,       184,       739,      1401,       802,      2484,      4610,      1016,       273,       828,       714,       421,      1443,      3298,       343,       723,      1802,      1864,      1034,       764,      2462,       192,       231,       289,       356,       769,       180,      1590,        54,  9487
      34,     1310,      592,     1050,     2952,     1042,     2486,       29,     1327,      2664,       984,       506,       423,      1338,        64,      1271,      2142,      2340,      1675,      4089,      2177,        42,       386,       185,       603,       249,      1065,      2458,        98,      1069,       257,      2481,      2072,      1912,       762,        21,       128,       114,      2208,       722,      2989,       721,       102,      2204,      1700,      1480,      1668,      2119,       611,       561,      2743,       528,       413,      1384,      2025,      2026,       184,       739,      1400,       802,      2493,      4616,      1016,       273,       820,       714,       421,      1443,      3298,       336,       723,      1792,      1857,      1042,       764,      2471,       192,       231,       297,       357,       769,       180,      1601,        54,  9502
      34,     1310,      592,     1050,     2952,     1042,     2486,       29,     1327,      2657,       984,       506,       412,      1332,        64,      1271,      2142,      2340,      1675,      4089,      2177,        47,       386,       192,       595,       257,      1052,      2450,        98,      1069,       257,      2473,      2070,      1912,       762,        21,       128,       114,      2208,       721,      2986,       721,       102,      2196,      1700,      1472,      1666,      2116,       617,       556,      2745,       528,       404,      1383,      2025,      2019,       179,       740,      1400,       802,      2493,      4616,      1016,       273,       820,       714,       421,      1443,      3298,       336,       723,      1792,      1857,      1042,       764,      2471,       192,       231,       297,       357,       769,       180,      1601,        54,  9520
      38,     1311,      593,     1050,     2957,     1042,     2486,       29,     1327,      2657,       984,       506,       412,      1332,        64,      1271,      2142,      2340,      1675,      4089,      2177,        47,       386,       192,       595,       257,      1052,      2450,        98,      1069,       257,      2473,      2070,      1912,       762,        21,       128,       114,      2208,       721,      2986,       721,       102,      2196,      1700,      1472,      1666,      2116,       617,       556,      2745,       528,       404,      1383,      2025,      2019,       179,       740,      1400,       794,      2484,      4610,      1016,       269,       828,       707,       421,      1444,      3295,       343,       723,      1802,      1857,      1041,       764,      2462,       192,       231,       289,       357,       769,       171,      1601,        48,  9537
      38,     1311,      593,     1050,     2957,     1042,     2486,       29,     1319,      2666,       985,       506,       423,      1339,        64,      1271,      2144,      2342,      1675,      4084,      2177,        47,       386,       185,       604,       257,      1065,      2458,        98,      1069,       257,      2483,      2080,      1912,       755,        21,       128,       114,      2208,       722,      2978,       721,       102,      2206,      1701,      1472,      1666,      2107,       618,       561,      2745,       528,       405,      1383,      2038,      2026,       184,       740,      1400,       794,      2484,      4610,      1016,       269,       828,       707,       421,      1444,      3295,       343,       723,      1802,      1857,      1041,       764,      2462,       192,       231,       289,       357,       769,       171,      1601,        48,  9570
      34,     1311,      592,     1050,     2946,     1041,     2487,       29,     1328,      2659,       984,       506,       412,      1339,        64,      1280,      2142,      2340,      1675,      4100,      2177,        42,       394,       185,       603,       257,      1064,      2472,        98,      1070,       257,      2473,      2070,      1912,       762,        17,       128,       114,      2198,       713,      2989,       714,       102,      2206,      1701,      1472,      1666,      2107,       618,       561,      2745,       528,       405,      1383,      2038,      2026,       184,       740,      1400,       802,      2482,      4616,      1023,       274,       829,       714,       421,      1444,      3298,       343,       723,      1803,      1857,      1042,       765,      2462,       192,       231,       297,       350,       761,       180,      1603,        54,  9603
      34,     1311,      592,     1050,     2946,     1041,     2487,       29,     1328,      2659,       984,       506,       412,      1339,        64,      1280,      2142,      2340,      1675,      4100,      2177,        42,       394,       185,       603,       257,      1064,      2472,        98,      1070,       257,      2473,      2070,      1912,       762,        17,       128,       114,      2198,       713,      2989,       714,       107,      2206,      1692,      1480,      1666,      2119,       611,       560,      2745,       521,       413,      1384,      2027,      2019,       184,       740,      1400,       802,      2484,      4616,      1017,       274,       829,       714,       421,      1435,      3298,       343,       723,      1803,      1857,      1042,       765,      2462,       192,       231,       297,       350,       761,       180,      1603,        54,  9620
      34,     1312,      592,     1051,     2955,     1043,     2484,       29,     1319,      2657,       984,       507,       417,      1334,        64,      1280,      2144,      2340,      1668,      4282,      2132,        47,       394,       185,       603,       257,      1064,      2472,        98,      1070,       257,      2473,      2070,      1912,       762,        17,       128,       114,      2198,       713,      2989,       714,       107,      2206,      1692,      1480,      1666,      2119,       611,       560,      2745,       521,       413,      1384,      2027,      2019,       184,       740,      1400,       802,      2484,      4616,      1017,       274,       829,       714,       421,      1435,      3298,       343,       728,      1803,      1857,      1049,       765,      2462,       192,       231,       297,       357,       769,       180,      1592,        54,  9637
      34,     1317,      593,     1050,     2966,     1056,     2484,       29,     1319,      2657,       984,       507,       417,      1334,        64,      1280,      2144,      2340,      1668,      4282,      2132,        47,       394,       192,       604,       257,      1120,      2455,       102,      1071,       257,      2483,      2072,      1932,       756,        21,       128,       114,      2210,       722,      2982,       722,       107,      2207,      1715,      1473,      1668,      2129,       619,       561,      2745,       529,       413,      1384,      2053,      2023,       184,       740,      1401,       802,      2484,      4611,      1024,       278,       821,       715,       422,      1444,      3302,       343,       728,      1811,      1859,      1050,       773,      2471,       199,      1063,       833,       500,       844,       197,      1749,        61,  9670
      34,     1317,      593,     1050,     2966,     1056,     2487,       30,     1333,      2668,       984,       507,       425,      1347,        61,      1286,      2144,      2340,      1676,      4144,      2177,        48,       388,       193,       604,       266,      1090,      2458,        96,      1075,       257,      2483,      2079,      1921,       762,        17,       129,       114,      2216,       721,      2980,       722,       104,      2208,      1701,      1480,      1676,      2130,       618,       541,      2734,       522,       405,      1384,      2038,      2026,       174,       735,      1402,       802,      2484,      4616,      1024,       257,       816,       715,       422,      1444,      3298,       343,       728,      1811,      1859,      1050,       773,      2471,       199,      1063,       833,       500,       844,       197,      1749,        61,  9704
      39,     1325,      593,     1051,     2963,     1042,     2487,       30,     1325,      2659,       985,       507,       412,      1346,        61,      1285,      2145,      2342,      1675,      4094,      2190,        48,       396,       185,       604,       266,      1065,      2465,        96,      1075,       250,      2475,      2072,      1912,       762,        17,       129,       107,      2201,       722,      2989,       721,       100,      2208,      1700,      1481,      1676,      2130,       618,       537,      2734,       522,       405,      1384,      2038,      2026,       174,       735,      1402,       802,      2484,      4616,      1024,       257,       816,       715,       422,      1444,      3298,       343,       659,      1770,      1844,      1043,       765,      2462,       192,      1123,       840,       500,       852,       197,      1752,        61,  9736
      39,     1325,      593,     1051,     2963,     1042,     2487,       30,     1325,      2659,       985,       507,       412,      1346,        61,      1285,      2145,      2342,      1675,      4094,      2190,        48,       396,       185,       604,       266,      1065,      2465,        96,      1075,       250,      2475,      2072,      1912,       762,        17,       129,       107,      2201,       722,      2989,       721,       100,      2208,      1700,      1481,      1676,      2130,       618,       537,      2732,       521,       405,      1384,      2025,      2027,       174,       743,      1401,       802,      2493,      4627,      1024,       258,       817,       714,       422,      1444,      3310,       343,       656,      1770,      1851,      1051,       765,      2462,       199,      1132,       849,       507,       851,       197,      1752,        61,  9744
      34,     1317,      600,     1051,     2969,     1042,     2487,       30,     1333,      2666,       985,       515,       423,      1353,        65,      1286,      2144,      2340,      1676,      4089,      2192,        43,       396,       192,       604,       257,      1042,      2451,       100,      1076,       250,      2475,      2072,      1912,       762,        17,       129,       107,      2201,       722,      2989,       721,       100,      2208,      1700,      1481,      1676,      2130,       618,       537,      2732,       521,       405,      1384,      2025,      2027,       174,       743,      1401,       802,      2493,      4627,      1024,       258,       817,       714,       422,      1444,      3310,       343,       656,      1770,      1851,      1051,       765,      2462,       199,      1132,       849,       507,       851,       197,      1752,        54,  9760
      34,     1317,      600,     1051,     2969,     1042,     2487,       30,     1333,      2666,       985,       515,       423,      1353,        65,      1286,      2144,      2340,      1676,      4089,      2192,        43,       396,       192,       604,       257,      1042,      2451,       100,      1076,       257,      2481,      2080,      1912,       762,        21,       129,       114,      2208,       722,      2989,       721,       100,      2206,      1701,      1473,      1668,      2119,       618,       537,      2742,       522,       413,      1385,      2038,      2027,       174,       743,      1402,       802,      2493,      4616,      1017,       257,       816,       714,       422,      1444,      3310,       343,       656,      1770,      1851,      1051,       765,      2462,       199,      1132,       849,       507,       851,       197,      1752,        54,  9786
      34,     1318,      593,     1051,     2969,     1042,     2487,       30,     1333,      2668,       985,       507,       423,      1367,        65,      1286,      2144,      2340,      1676,      4089,      2192,        43,       396,       192,       604,       257,      1042,      2451,       100,      1076,       257,      2481,      2080,      1912,       762,        21,       129,       114,      2208,       722,      2989,       721,       100,      2206,      1701,      1473,      1668,      2119,       618,       537,      2742,       522,       413,      1385,      2038,      2027,       174,       743,      1402,       802,      2493,      4616,      1017,       257,       816,       714,       421,      1445,      3298,       350,       660,      1763,      1844,      1042,       765,      2465,       199,      1136,       848,       500,       852,       197,      1752,        61,  9806
      34,     1318,      593,     1051,     2969,     1042,     2487,       30,     1333,      2668,       985,       507,       423,      1367,        61,      1285,      2144,      2350,      1685,      4089,      2187,        48,       396,       193,       603,       258,      1043,      2439,        96,      1075,       257,      2481,      2072,      1912,       762,        17,       129,       114,      2208,       722,      3001,       721,       100,      2208,      1701,      1480,      1669,      2119,       618,       538,      2732,       521,       413,      1384,      2038,      2027,       174,       735,      1401,       810,      2487,      4616,      1024,       253,       817,       715,       421,      1444,      3302,       350,       660,      1771,      1851,      1043,       765,      2462,       192,      1136,       848,       500,       852,       197,      1752,        61,  9826
      34,     1318,      600,     1051,     2963,     1042,     2479,       30,     1333,      2659,       993,       515,       423,      1368,        65,      1294,      2144,      2342,      1685,      4100,      2180,        48,       396,       192,       604,       266,      1053,      2453,        96,      1067,       257,      2481,      2072,      1912,       762,        17,       129,       114,      2208,       722,      3001,       721,       100,      2208,      1701,      1480,      1669,      2119,       618,       538,      2732,       521,       413,      1384,      2038,      2027,       174,       735,      1401,       810,      2487,      4616,      1024,       253,       817,       715,       421,      1444,      3302,       350,       660,      1771,      1851,      1043,       765,      2462,       192,      1136,       848,       507,       852,       189,      1752,        54,  9846
      34,     1318,      600,     1051,     2963,     1042,     2479,       30,     1333,      2659,       993,       515,       423,      1368,        65,      1294,      2144,      2342,      1685,      4100,      2180,        48,       396,       192,       604,       266,      1053,      2453,        96,      1067,       257,      2481,      2072,      1912,       762,        21,       129,       114,      2210,       722,      2989,       722,       104,      2208,      1702,      1481,      1668,      2130,       618,       538,      2734,       528,       413,      1385,      2027,      2020,       174,       736,      1402,       811,      2493,      4616,      1024,       253,       817,       715,       421,      1444,      3302,       350,       660,      1771,      1851,      1043,       765,      2462,       192,      1136,       848,       507,       852,       189,      1752,        54,  9870
      39,     1318,      600,     1050,     2966,     1041,     2482,       34,     1334,      2659,       985,       515,       423,      1368,        61,      1293,      2145,      2342,      1685,      4100,      2185,        48,       396,       193,       604,       258,      1042,      2448,       100,      1076,       257,      2483,      2072,      1912,       762,        21,       129,       121,      2210,       722,      2993,       722,       104,      2208,      1702,      1481,      1668,      2130,       618,       538,      2734,       528,       413,      1385,      2027,      2020,       174,       736,      1402,       811,      2493,      4616,      1024,       253,       825,       715,       430,      1444,      3298,       343,       655,      1763,      1851,      1050,       773,      2462,       199,      1141,       857,       500,       852,       197,      1752,        55,  9904
      35,     1317,      600,     1051,     2957,     1043,     2481,       30,     1334,      2659,       985,       515,       423,      1367,        61,      1286,      2144,      2342,      1685,      4100,      2185,        48,       396,       193,       604,       258,      1042,      2448,       100,      1076,       257,      2483,      2072,      1912,       762,        21,       129,       121,      2210,       722,      2993,       722,       100,      2200,      1702,      1481,      1675,      2130,       618,       542,      2734,       529,       413,      1383,      2038,      2020,       174,       736,      1401,       811,      2484,      4627,      1024,       258,       817,       714,       422,      1444,      3302,       350,       656,      1763,      1852,      1043,       773,      2462,       199,      1150,       857,       515,       852,       197,      1775,        61,  9935
      35,     1319,      600,     1051,     2966,     1055,     2481,       30,     1334,      2659,       985,       515,       423,      1367,        61,      1286,      2144,      2342,      1675,      4105,      2178,        43,       388,       192,       604,       257,      1043,      2439,        96,      1075,       250,      2483,      2072,      1912,       763,        17,       129,       114,      2210,       722,      2989,       722,       104,      2208,      1702,      1481,      1668,      2119,       618,       538,      2734,       528,       413,      1392,      2027,      2027,       174,       744,      1402,       811,      2484,      4621,      1016,       253,       817,       714,       422,      1443,      3298,       343,       656,      1763,      1851,      1043,       773,      2465,       199,      1247,       930,       522,       860,       197,      1777,        61,  9969
      35,     1319,      600,     1051,     2966,     1055,     2481,       30,     1334,      2668,       985,       515,       424,      1375,        61,      1287,      2145,      2342,      1686,      4128,      2173,        43,       396,       185,       612,       257,      1055,      2448,        96,      1068,       257,      2475,      2070,      1915,       763,        21,       129,       121,      2212,       722,      2993,       721,       104,      2208,      1702,      1481,      1668,      2119,       618,       538,      2734,       528,       413,      1392,      2027,      2027,       174,       744,      1402,       811,      2484,      4621,      1016,       253,       817,       714,       422,      1443,      3298,       343,       656,      1763,      1851,      1043,       773,      2465,       199,      1247,       930,       522,       860,       197,      1777,        61,  9986
      35,     1319,      600,     1051,     2966,     1055,     2481,       30,     1334,      2668,       985,       515,       424,      1375,        61,      1287,      2145,      2342,      1686,      4128,      2173,        43,       396,       185,       612,       257,      1055,      2448,        96,      1068,       257,      2475,      2070,      1915,       763,        21,       129,       121,      2212,       722,      2993,       721,       100,      2202,      1709,      1473,      1675,      2119,       618,       535,      2726,       522,       413,      1384,      2027,      2028,       175,       736,      1402,       811,      2493,      4616,      1017,       254,       817,       714,       422,      1453,      3302,       343,       641,      1757,      1851,      1043,       773,      2465,       199,      1247,       930,       522,       860,       197,      1777,        61, 10002
      35,     1329,      593,     1052,     2966,     1042,     2482,       30,     1336,      2659,       985,       507,       424,      1382,        61,      1288,      2138,      2350,      1686,      4128,      2173,        43,       396,       185,       612,       257,      1055,      2448,        96,      1068,       257,      2475,      2070,      1915,       763,        21,       129,       121,      2212,       722,      2993,       721,       100,      2202,      1709,      1473,      1675,      2119,       618,       535,      2726,       522,       413,      1384,      2027,      2028,       175,       736,      1402,       811,      2493,      4616,      1017,       254,       817,       714,       422,      1453,      3302,       343,       641,      1757,      1851,      1043,       773,      2462,       192,      1353,       995,       536,       869,       197,      1798,        61, 10019
      35,     1329,      593,     1052,     2966,     1042,     2482,       30,     1336,      2659,       985,       507,       424,      1382,        61,      1288,      2138,      2350,      1685,      4116,      2192,        43,       380,       193,       604,       257,      1043,      2441,        92,      1068,       257,      2475,      2072,      1912,       763,        17,       137,       114,      2210,       722,      2993,       721,       101,      2202,      1701,      1473,      1668,      2130,       618,       532,      2730,       522,       405,      1384,      2027,      2028,       175,       736,      1402,       811,      2493,      4616,      1017,       254,       817,       714,       422,      1453,      3302,       343,       641,      1757,      1851,      1043,       773,      2462,       192,      1353,       995,       536,       869,       197,      1798,        61, 10036
      39,     1329,      593,     1051,     2966,     1043,     2481,       30,     1337,      2660,       985,       515,       424,      1375,        61,      1296,      2144,      2342,      1683,      4105,      2185,        44,       388,       193,       604,       257,      1042,      2441,        96,      1069,       250,      2483,      2072,      1915,       763,        22,       129,       114,      2210,       722,      2993,       721,       101,      2202,      1701,      1473,      1668,      2130,       618,       532,      2730,       522,       405,      1384,      2027,      2028,       167,       736,      1402,       811,      2493,      4621,      1017,       250,       818,       715,       422,      1444,      3302,       343,       638,      1758,      1844,      1043,       764,      2462,       199,      1404,      1012,       551,       869,       197,      1798,        61, 10064
      39,     1320,      600,     1051,     2966,     1064,     2481,       30,     1337,      2660,       985,       515,       424,      1375,        61,      1296,      2144,      2342,      1683,      4105,      2185,        44,       388,       193,       604,       257,      1042,      2441,        96,      1069,       250,      2483,      2072,      1915,       763,        22,       129,       114,      2210,       721,      2993,       721,       101,      2204,      1702,      1483,      1668,      2121,       618,       533,      2739,       522,       414,      1384,      2029,      2028,       171,       737,      1401,       811,      2493,      4621,      1017,       250,       817,       714,       422,      1453,      3302,       343,       638,      1750,      1845,      1043,       773,      2456,       199,      1417,      1012,       543,       869,       197,      1793,        61, 10091
      39,     1320,      600,     1051,     2966,     1064,     2484,       30,     1329,      2659,       985,       524,       428,      1363,        61,      1296,      2137,      2334,      1668,      4305,      2128,        44,       388,       185,       596,       257,      1042,      2441,        96,      1069,       250,      2483,      2072,      1915,       763,        22,       129,       114,      2210,       721,      2993,       721,       101,      2204,      1702,      1483,      1668,      2121,       618,       533,      2739,       522,       414,      1384,      2029,      2028,       171,       737,      1401,       811,      2493,      4621,      1017,       250,       817,       714,       422,      1453,      3302,       343,       638,      1750,      1845,      1043,       773,      2456,       199,      1417,      1012,       543,       869,       197,      1793,        61, 10104
      39,     1320,      600,     1051,     2966,     1064,     2484,       30,     1329,      2659,       985,       524,       428,      1363,        61,      1296,      2137,      2334,      1668,      4305,      2128,        44,       388,       185,       596,       257,      1111,      2424,        96,      1069,       257,      2477,      2074,      1932,       757,        22,       129,       114,      2210,       722,      3001,       716,       101,      2204,      1709,      1483,      1669,      2132,       619,       533,      2728,       522,       414,      1392,      2048,      2031,       171,       737,      1402,       811,      2493,      4618,      1019,       251,       818,       715,       430,      1453,      3302,       350,       638,      1758,      1845,      1043,       773,      2453,       192,      1422,      1012,       543,       869,       197,      1793,        68, 10137
      39,     1320,      600,     1052,     2966,     1064,     2484,       30,     1337,      2660,       985,       516,       428,      1377,        61,      1296,      2145,      2342,      1676,      4305,      2129,        48,       397,       193,       604,       258,      1111,      2417,        96,      1069,       257,      2475,      2072,      1932,       757,        22,       137,       114,      2218,       722,      2997,       716,       101,      2204,      1716,      1473,      1668,      2141,       619,       533,      2730,       522,       405,      1383,      2037,      2024,       171,       737,      1403,       811,      2493,      4618,      1019,       251,       818,       715,       430,      1453,      3302,       350,       638,      1758,      1845,      1043,       773,      2453,       192,      1422,      1012,       543,       869,       197,      1793,        68, 10169
      35,     1320,      601,     1052,     2969,     1064,     2486,       30,     1338,      2670,       993,       524,       428,      1377,        61,      1296,      2145,      2342,      1676,      4305,      2129,        48,       397,       193,       604,       258,      1111,      2417,        96,      1069,       257,      2475,      2072,      1932,       757,        22,       137,       114,      2218,       722,      2997,       716,       101,      2204,      1716,      1473,      1668,      2141,       619,       533,      2730,       522,       405,      1383,      2037,      2024,       171,       737,      1403,       811,      2493,      4618,      1019,       250,       818,       715,       430,      1444,      3298,       344,       634,      1758,      1845,      1043,       773,      2468,       192,      1422,      1012,       551,       877,       206,      1793,        61, 10184
      35,     1320,      601,     1052,     2969,     1064,     2486,       30,     1338,      2670,       993,       524,       428,      1377,        66,      1297,      2145,      2342,      1676,      4293,      2128,        48,       388,       185,       604,       258,      1099,      2410,        92,      1077,       257,      2475,      2072,      1944,       750,        22,       129,       114,      2210,       722,      3001,       716,       101,      2204,      1709,      1473,      1676,      2118,       619,       532,      2730,       529,       413,      1394,      2039,      2024,       171,       737,      1402,       802,      2495,      4618,      1019,       251,       818,       715,       430,      1445,      3298,       344,       638,      1750,      1846,      1043,       765,      2465,       199,      1422,      1012,       551,       877,       206,      1793,        61, 10220
      39,     1329,      594,     1060,     2969,     1064,     2487,       30,     1337,      2670,       985,       516,       439,      1385,        66,      1297,      2147,      2344,      1668,      4298,      2129,        44,       388,       193,       596,       258,      1112,      2419,        92,      1077,       257,      2477,      2074,      1935,       758,        22,       137,       114,      2210,       722,      2997,       716,       101,      2204,      1710,      1473,      1668,      2122,       619,       533,      2730,       522,       414,      1385,      2041,      2030,       171,       737,      1403,       811,      2487,      4630,      1019,       251,       818,       715,       430,      1445,      3298,       344,       638,      1750,      1846,      1043,       765,      2465,       199,      1422,      1021,       551,       878,       206,      1793,        62, 10252
      39,     1320,      594,     1051,     2971,     1066,     2487,       30,     1337,      2662,       985,       516,       439,      1385,        66,      1297,      2147,      2344,      1668,      4298,      2129,        44,       388,       193,       596,       258,      1112,      2419,        92,      1077,       257,      2477,      2074,      1935,       758,        22,       137,       114,      2210,       722,      2997,       716,       101,      2204,      1710,      1473,      1668,      2122,       619,       533,      2730,       522,       414,      1385,      2041,      2030,       171,       737,      1403,       811,      2487,      4630,      1026,       251,       818,       715,       430,      1445,      3298,       350,       638,      1750,      1846,      1043,       774,      2468,       199,      1427,      1029,       551,       877,       197,      1798,        62, 10269
      39,     1320,      594,     1051,     2971,     1066,     2487,       30,     1337,      2662,       985,       516,       428,      1385,        61,      1288,      2147,      2334,      1669,      4315,      2122,        44,       397,       193,       604,       258,      1113,      2405,        96,      1077,       265,      2485,      2082,      1948,       758,        22,       129,       114,      2210,       722,      2989,       724,       101,      2204,      1710,      1473,      1668,      2122,       619,       533,      2730,       522,       414,      1385,      2041,      2030,       171,       737,      1403,       811,      2487,      4630,      1026,       251,       818,       715,       430,      1445,      3298,       350,       638,      1750,      1846,      1043,       774,      2468,       199,      1427,      1029,       551,       877,       197,      1798,        62, 10286
      35,     1329,      600,     1051,     2969,     1055,     2481,       35,     1337,      2668,       985,       515,       429,      1391,        61,      1288,      2138,      2334,      1669,      4327,      2115,        44,       397,       193,       596,       258,      1113,      2405,        96,      1077,       265,      2485,      2082,      1948,       758,        22,       129,       114,      2210,       722,      2989,       724,       101,      2204,      1710,      1483,      1678,      2137,       612,       532,      2730,       529,       405,      1385,      2039,      2026,       171,       737,      1403,       803,      2495,      4628,      1019,       250,       818,       715,       430,      1445,      3306,       351,       638,      1758,      1846,      1043,       774,      2470,       192,      1422,      1021,       550,       877,       197,      1798,        62, 10319
      39,     1321,      601,     1051,     2969,     1067,     2489,       30,     1338,      2662,       985,       515,       429,      1391,        61,      1288,      2138,      2334,      1669,      4327,      2115,        44,       397,       193,       596,       258,      1125,      2413,        96,      1069,       257,      2475,      2074,      1937,       758,        22,       137,       121,      2212,       731,      3004,       723,       101,      2204,      1717,      1474,      1669,      2122,       620,       533,      2730,       529,       414,      1385,      2041,      2027,       176,       738,      1410,       803,      2487,      4628,      1020,       250,       819,       715,       430,      1454,      3294,       344,       634,      1751,      1846,      1035,       774,      2459,       200,      1417,      1021,       544,       878,       197,      1798,        68, 10352
      39,     1321,      601,     1051,     2969,     1067,     2489,       30,     1338,      2662,       985,       515,       440,      1393,        61,      1296,      2140,      2344,      1678,      4338,      2117,        48,       388,       193,       604,       258,      1125,      2406,        96,      1070,       257,      2475,      2074,      1937,       751,        22,       129,       114,      2210,       722,      2993,       717,       101,      2204,      1709,      1481,      1669,      2122,       620,       532,      2730,       529,       413,      1384,      2041,      2022,       171,       737,      1402,       811,      2487,      4628,      1020,       250,       819,       715,       422,      1445,      3306,       345,       638,      1751,      1845,      1043,       774,      2459,       200,      1422,      1021,       544,       878,       197,      1798,        68, 10387
      39,     1330,      601,     1052,     2969,     1068,     2482,       30,     1337,      2668,       985,       516,       441,      1400,        66,      1296,      2138,      2336,      1669,      4338,      2117,        48,       389,       193,       605,       258,      1125,      2406,        96,      1070,       257,      2475,      2074,      1937,       751,        22,       129,       114,      2210,       722,      2993,       717,       101,      2204,      1709,      1481,      1669,      2122,       620,       532,      2730,       529,       413,      1384,      2041,      2022,       171,       737,      1402,       811,      2487,      4628,      1020,       250,       819,       715,       422,      1445,      3306,       345,       638,      1751,      1845,      1043,       774,      2459,       200,      1422,      1012,       543,       869,       198,      1798,        62, 10403
      35,     1321,      593,     1052,     2969,     1067,     2482,       30,     1337,      2668,       985,       516,       441,      1400,        66,      1296,      2138,      2336,      1669,      4338,      2117,        48,       389,       193,       605,       258,      1112,      2413,        96,      1077,       257,      2477,      2075,      1939,       758,        22,       137,       121,      2212,       722,      2993,       724,       101,      2206,      1709,      1481,      1669,      2122,       620,       532,      2733,       529,       414,      1385,      2032,      2027,       171,       737,      1402,       812,      2495,      4628,      1027,       250,       818,       708,       422,      1445,      3294,       344,       634,      1750,      1845,      1043,       774,      2470,       200,      1422,      1021,       550,       878,       197,      1798,        62, 10437
      35,     1321,      593,     1052,     2969,     1067,     2487,       35,     1338,      2668,       985,       507,       441,      1393,        61,      1304,      2145,      2336,      1669,      4338,      2118,        48,       389,       193,       596,       249,      1113,      2420,        96,      1077,       257,      2475,      2080,      1937,       751,        17,       129,       114,      2212,       731,      3004,       724,       101,      2206,      1709,      1481,      1669,      2122,       620,       532,      2733,       529,       414,      1385,      2032,      2027,       171,       737,      1402,       812,      2495,      4628,      1027,       250,       818,       708,       422,      1445,      3294,       344,       634,      1750,      1845,      1043,       774,      2470,       200,      1422,      1021,       550,       878,       197,      1798,        62, 10453
      39,     1321,      600,     1052,     2969,     1055,     2481,       30,     1337,      2660,       985,       516,       439,      1400,        61,      1296,      2138,      2336,      1670,      4338,      2117,        44,       389,       193,       596,       249,      1113,      2420,        96,      1077,       257,      2475,      2080,      1937,       751,        17,       129,       114,      2212,       731,      3004,       724,       101,      2204,      1709,      1481,      1678,      2125,       613,       533,      2730,       522,       405,      1385,      2030,      2027,       171,       737,      1402,       811,      2495,      4617,      1020,       250,       818,       708,       422,      1445,      3294,       344,       634,      1759,      1845,      1043,       774,      2459,       200,      1418,      1012,       544,       878,       197,      1798,        62, 10485
      39,     1321,      600,     1052,     2969,     1055,     2481,       30,     1337,      2660,       985,       516,       439,      1400,        61,      1296,      2138,      2336,      1670,      4338,      2117,        44,       388,       185,       596,       258,      1114,      2413,        96,      1077,       257,      2479,      2080,      1937,       751,        17,       137,       114,      2212,       731,      3004,       717,       101,      2204,      1709,      1474,      1669,      2122,       613,       533,      2730,       522,       405,      1385,      2030,      2027,       171,       737,      1402,       811,      2495,      4617,      1020,       250,       818,       708,       422,      1445,      3294,       344,       634,      1759,      1845,      1043,       774,      2459,       200,      1418,      1012,       544,       878,       197,      1798,        62, 10502
      35,     1320,      600,     1052,     2969,     1055,     2481,       30,     1337,      2660,       985,       516,       439,      1400,        61,      1296,      2138,      2336,      1670,      4338,      2117,        44,       388,       185,       596,       258,      1114,      2413,        96,      1077,       257,      2479,      2080,      1937,       751,        17,       137,       114,      2212,       731,      3004,       717,       101,      2204,      1709,      1474,      1669,      2122,       613,       533,      2722,       522,       413,      1384,      2041,      2020,       176,       737,      1402,       802,      2487,      4617,      1020,       250,       819,       715,       430,      1445,      3306,       344,       634,      1750,      1845,      1043,       765,      2468,       193,      1413,      1012,       543,       869,       197,      1796,        62, 10518
      35,     1320,      600,     1043,     2966,     1055,     2489,       30,     1338,      2660,       976,       515,       429,      1406,        61,      1305,      2140,      2336,      1668,      4338,      2117,        44,       389,       185,       596,       258,      1113,      2413,        96,      1077,       257,      2479,      2080,      1937,       751,        17,       137,       114,      2212,       731,      3004,       717,       101,      2204,      1709,      1474,      1669,      2122,       613,       533,      2722,       522,       413,      1384,      2041,      2020,       176,       737,      1402,       802,      2487,      4617,      1020,       250,       819,       715,       430,      1445,      3306,       344,       634,      1750,      1845,      1043,       765,      2468,       193,      1413,      1012,       543,       869,       197,      1796,        62, 10528
      35,     1320,      600,     1043,     2966,     1055,     2489,       30,     1338,      2660,       976,       515,       429,      1406,        61,      1305,      2140,      2336,      1668,      4338,      2117,        44,       389,       185,       596,       258,      1113,      2413,        96,      1077,       257,      2477,      2080,      1937,       751,        17,       129,       121,      2220,       731,      3004,       717,       101,      2204,      1709,      1483,      1678,      2134,       620,       532,      2730,       522,       414,      1385,      2030,      2028,       171,       738,      1402,       811,      2487,      4617,      1020,       251,       819,       708,       422,      1445,      3306,       351,       634,      1750,      1845,      1043,       765,      2468,       193,      1413,      1012,       543,       869,       197,      1796,        62, 10544
      35,     1321,      593,     1052,     2966,     1067,     2489,       30,     1338,      2660,       985,       515,       429,      1406,        61,      1297,      2138,      2336,      1668,      4338,      2117,        44,       389,       185,       596,       258,      1113,      2413,        96,      1077,       257,      2477,      2080,      1937,       751,        17,       129,       121,      2220,       731,      3004,       717,       101,      2204,      1709,      1483,      1678,      2134,       620,       532,      2730,       522,       414,      1385,      2030,      2028,       171,       738,      1402,       811,      2487,      4617,      1020,       251,       819,       708,       422,      1445,      3306,       351,       638,      1751,      1845,      1052,       774,      2470,       200,      1418,      1013,       543,       878,       197,      1798,        62, 10569
      35,     1321,      593,     1052,     2966,     1067,     2489,       30,     1338,      2660,       985,       515,       429,      1406,        61,      1297,      2138,      2336,      1669,      4338,      2110,        48,       397,       185,       588,       257,      1100,      2393,        92,      1078,       257,      2477,      2072,      1925,       751,        22,       137,       114,      2212,       731,      3004,       717,       101,      2206,      1709,      1483,      1669,      2122,       620,       533,      2730,       522,       414,      1385,      2030,      2028,       171,       738,      1402,       811,      2487,      4617,      1020,       251,       819,       708,       422,      1445,      3306,       351,       638,      1751,      1845,      1052,       774,      2470,       200,      1418,      1013,       543,       878,       197,      1798,        62, 10585
      35,     1330,      600,     1044,     2966,     1054,     2474,       30,     1338,      2660,       985,       516,       440,      1405,        61,      1305,      2147,      2336,      1669,      4338,      2117,        44,       397,       185,       596,       249,      1090,      2393,        96,      1071,       257,      2477,      2072,      1925,       751,        22,       137,       114,      2212,       731,      3004,       717,       101,      2206,      1709,      1483,      1669,      2122,       620,       533,      2733,       522,       414,      1385,      2039,      2026,       176,       738,      1402,       811,      2487,      4617,      1020,       251,       819,       715,       430,      1454,      3306,       344,       638,      1753,      1838,      1043,       775,      2470,       199,      1418,      1013,       543,       878,       197,      1796,        62, 10620
      35,     1330,      600,     1044,     2966,     1054,     2474,       30,     1338,      2660,       985,       516,       440,      1405,        61,      1305,      2147,      2336,      1669,      4338,      2117,        44,       397,       185,       596,       249,      1090,      2393,        96,      1071,       257,      2477,      2082,      1935,       758,        22,       137,       114,      2212,       722,      3004,       724,       101,      2207,      1703,      1483,      1669,      2122,       620,       533,      2725,       529,       414,      1384,      2030,      2020,       171,       738,      1402,       812,      2484,      4628,      1019,       250,       811,       715,       430,      1454,      3306,       344,       638,      1753,      1838,      1043,       775,      2470,       199,      1418,      1013,       543,       878,       197,      1796,        62, 10637
      39,     1321,      593,     1043,     2966,     1055,     2481,       30,     1338,      2668,       986,       515,       440,      1406,        61,      1305,      2147,      2336,      1669,      4338,      2117,        44,       397,       185,       596,       249,      1090,      2393,        96,      1071,       257,      2477,      2082,      1935,       758,        22,       137,       114,      2212,       722,      3004,       724,       101,      2207,      1703,      1483,      1669,      2122,       620,       533,      2725,       529,       414,      1384,      2030,      2020,       171,       738,      1402,       812,      2484,      4628,      1019,       250,       811,       715,       422,      1453,      3306,       344,       638,      1751,      1845,      1043,       773,      2470,       193,      1417,      1013,       544,       877,       197,      1798,        62, 10656
      39,     1321,      593,     1043,     2966,     1055,     2481,       30,     1338,      2668,       986,       515,       440,      1406,        61,      1297,      2138,      2334,      1668,      4338,      2115,        44,       389,       185,       596,       249,      1090,      2391,        96,      1078,       257,      2477,      2072,      1937,       751,        22,       129,       114,      2212,       722,      2993,       716,       105,      2207,      1709,      1474,      1669,      2122,       620,       537,      2727,       522,       405,      1385,      2041,      2020,       171,       738,      1402,       811,      2484,      4628,      1019,       251,       811,       708,       422,      1453,      3306,       344,       638,      1751,      1845,      1043,       773,      2470,       193,      1417,      1013,       544,       877,       197,      1798,        62, 10670
      35,     1330,      593,     1043,     2969,     1055,     2475,       30,     1337,      2659,       985,       515,       440,      1405,        61,      1297,      2138,      2334,      1660,      4327,      2115,        44,       397,       185,       596,       258,      1090,      2391,        96,      1078,       257,      2477,      2072,      1937,       751,        22,       129,       114,      2212,       722,      2993,       716,       105,      2207,      1709,      1474,      1669,      2122,       620,       537,      2727,       522,       405,      1385,      2041,      2020,       171,       738,      1402,       811,      2484,      4628,      1019,       251,       811,       708,       422,      1444,      3302,       344,       634,      1759,      1845,      1052,       774,      2459,       192,      1418,      1013,       544,       869,       197,      1798,        61, 10696
      35,     1330,      593,     1043,     2969,     1055,     2475,       30,     1337,      2659,       985,       515,       440,      1405,        61,      1297,      2138,      2334,      1660,      4327,      2115,        44,       397,       185,       596,       258,      1089,      2393,        96,      1078,       257,      2475,      2072,      1937,       751,        22,       129,       114,      2212,       722,      2993,       716,       101,      2206,      1709,      1474,      1669,      2122,       613,       533,      2735,       522,       405,      1384,      2041,      2026,       171,       738,      1402,       811,      2487,      4617,      1019,       251,       811,       708,       422,      1444,      3302,       344,       634,      1759,      1845,      1052,       774,      2459,       192,      1418,      1013,       544,       869,       197,      1798,        61, 10720
      39,     1321,      593,     1043,     2969,     1055,     2481,       30,     1338,      2668,       986,       516,       452,      1413,        61,      1305,      2145,      2336,      1669,      4338,      2110,        44,       397,       193,       605,       258,      1090,      2386,        96,      1070,       257,      2477,      2074,      1937,       751,        22,       129,       114,      2212,       722,      3004,       717,       101,      2206,      1709,      1474,      1669,      2122,       613,       533,      2735,       522,       405,      1384,      2041,      2026,       171,       738,      1402,       811,      2487,      4617,      1019,       251,       811,       708,       430,      1444,      3306,       351,       638,      1751,      1845,      1043,       765,      2470,       200,      1422,      1021,       543,       869,       198,      1798,        62, 10753
      39,     1321,      593,     1043,     2969,     1055,     2481,       30,     1338,      2668,       986,       516,       452,      1413,        61,      1305,      2145,      2336,      1669,      4338,      2110,        44,       397,       193,       605,       258,      1090,      2386,        96,      1070,       257,      2477,      2074,      1937,       751,        22,       129,       114,      2212,       722,      3004,       717,       101,      2207,      1716,      1474,      1669,      2122,       613,       528,      2725,       529,       405,      1384,      2027,      2020,       171,       729,      1402,       811,      2487,      4617,      1020,       251,       819,       715,       430,      1445,      3290,       344,       634,      1753,      1845,      1043,       765,      2459,       193,      1422,      1021,       543,       869,       198,      1798,        62, 10762
      35,     1321,      600,     1052,     2969,     1055,     2484,       30,     1338,      2660,       985,       516,       428,      1413,        61,      1305,      2147,      2338,      1669,      4338,      2117,        44,       397,       185,       596,       249,      1078,      2386,        96,      1078,       257,      2475,      2080,      1937,       751,        22,       129,       114,      2212,       722,      3004,       717,       101,      2207,      1716,      1474,      1669,      2122,       613,       528,      2725,       529,       405,      1384,      2027,      2020,       171,       729,      1402,       811,      2487,      4617,      1020,       251,       819,       715,       430,      1445,      3290,       344,       634,      1753,      1845,      1043,       765,      2459,       193,      1422,      1021,       550,       878,       197,      1798,        62, 10786
      35,     1321,      600,     1052,     2969,     1055,     2484,       30,     1338,      2660,       985,       516,       428,      1413,        61,      1305,      2147,      2338,      1669,      4338,      2117,        44,       397,       185,       596,       249,      1078,      2386,        96,      1078,       257,      2475,      2080,      1937,       751,        22,       129,       114,      2210,       722,      2993,       717,       101,      2197,      1709,      1483,      1669,      2122,       613,       528,      2733,       528,       405,      1385,      2041,      2028,       171,       729,      1394,       811,      2493,      4628,      1019,       251,       819,       715,       422,      1444,      3294,       344,       634,      1753,      1845,      1043,       765,      2459,       193,      1422,      1021,       550,       878,       197,      1798,        62, 10803
      35,     1330,      600,     1043,     2969,     1055,     2491,       30,     1338,      2660,       985,       515,       440,      1413,        61,      1306,      2138,      2336,      1668,      4327,      2117,        44,       389,       185,       596,       249,      1090,      2393,        92,      1078,       257,      2479,      2072,      1937,       758,        17,       129,       121,      2210,       722,      2993,       717,       101,      2197,      1709,      1483,      1669,      2122,       613,       528,      2733,       528,       405,      1385,      2041,      2028,       171,       729,      1394,       811,      2493,      4628,      1019,       251,       819,       715,       422,      1444,      3294,       344,       634,      1751,      1845,      1043,       765,      2459,       193,      1427,      1022,       550,       877,       197,      1798,        62, 10834
      35,     1331,      600,     1052,     2969,     1055,     2475,       30,     1338,      2668,       986,       524,       440,      1427,        61,      1305,      2138,      2336,      1669,      4327,      2117,        44,       389,       185,       596,       249,      1090,      2393,        92,      1078,       257,      2479,      2072,      1937,       758,        17,       129,       121,      2201,       722,      3004,       717,       101,      2206,      1709,      1483,      1669,      2134,       614,       533,      2727,       522,       406,      1384,      2030,      2022,       171,       738,      1394,       812,      2487,      4617,      1021,       251,       811,       715,       430,      1444,      3294,       344,       634,      1751,      1838,      1052,       774,      2459,       193,      1427,      1022,       550,       878,       206,      1798,        62, 10869
      35,     1331,      600,     1052,     2969,     1055,     2475,       30,     1338,      2668,       986,       524,       440,      1427,        61,      1305,      2138,      2336,      1669,      4327,      2117,        44,       397,       186,       596,       249,      1102,      2393,        92,      1070,       257,      2477,      2074,      1937,       751,        22,       129,       121,      2212,       722,      3004,       724,       101,      2206,      1709,      1474,      1669,      2122,       613,       533,      2727,       522,       414,      1385,      2030,      2022,       171,       738,      1394,       812,      2487,      4617,      1021,       251,       811,       715,       430,      1444,      3294,       344,       634,      1751,      1838,      1052,       774,      2459,       193,      1427,      1022,       550,       878,       206,      1798,        62, 10885
      35,     1321,      593,     1044,     2969,     1055,     2475,       26,     1338,      2660,       985,       516,       440,      1413,        57,      1306,      2145,      2336,      1669,      4327,      2117,        44,       389,       185,       596,       249,      1090,      2386,        92,      1070,       257,      2470,      2074,      1937,       751,        22,       129,       121,      2212,       722,      3004,       724,       101,      2206,      1709,      1474,      1669,      2122,       613,       533,      2727,       522,       414,      1385,      2030,      2027,       171,       738,      1402,       811,      2487,      4617,      1021,       251,       819,       715,       431,      1447,      3294,       344,       634,      1743,      1845,      1043,       774,      2459,       200,      1432,      1021,       550,       878,       197,      1800,        62, 10920
      35,     1321,      593,     1044,     2969,     1055,     2475,       26,     1338,      2660,       985,       516,       440,      1413,        57,      1306,      2145,      2336,      1669,      4327,      2117,        44,       389,       185,       596,       249,      1090,      2386,        92,      1070,       257,      2470,      2074,      1937,       751,        22,       137,       114,      2212,       722,      3004,       716,       101,      2197,      1709,      1483,      1669,      2134,       613,       533,      2725,       522,       405,      1385,      2030,      2027,       171,       738,      1409,       811,      2487,      4617,      1020,       251,       811,       715,       422,      1445,      3294,       344,       634,      1743,      1845,      1043,       774,      2459,       200,      1432,      1021,       550,       878,       197,      1800,        62, 10936
      35,     1321,      600,     1043,     2969,     1055,     2475,       26,     1339,      2662,       985,       516,       440,      1420,        61,      1306,      2154,      2336,      1659,      4338,      2117,        48,       389,       186,       596,       249,      1102,      2393,        92,      1079,       257,      2477,      2074,      1937,       752,        22,       129,       114,      2205,       722,      2993,       717,       101,      2206,      1710,      1474,      1669,      2122,       613,       533,      2725,       522,       405,      1385,      2030,      2027,       171,       738,      1409,       811,      2487,      4617,      1020,       251,       811,       715,       422,      1445,      3294,       344,       634,      1743,      1838,      1043,       765,      2462,       193,      1432,      1021,       550,       878,       197,      1798,        55, 10969
      35,     1331,      593,     1035,     2969,     1055,     2475,       26,     1339,      2662,       985,       516,       440,      1420,        61,      1306,      2154,      2336,      1659,      4338,      2117,        48,       389,       186,       596,       249,      1102,      2393,        92,      1079,       257,      2477,      2074,      1937,       752,        22,       129,       114,      2205,       722,      2993,       717,       101,      2206,      1710,      1474,      1669,      2122,       613,       533,      2735,       522,       405,      1385,      2030,      2027,       167,       738,      1403,       812,      2487,      4617,      1020,       251,       819,       708,       422,      1437,      3294,       344,       630,      1742,      1845,      1044,       765,      2459,       200,      1436,      1030,       551,       878,       197,      1798,        62, 10987
      35,     1331,      593,     1035,     2969,     1055,     2475,       30,     1339,      2660,       985,       516,       440,      1428,        61,      1306,      2147,      2328,      1669,      4327,      2118,        44,       397,       185,       596,       249,      1102,      2408,        97,      1071,       257,      2479,      2082,      1939,       752,        22,       137,       114,      2212,       731,      2993,       717,       101,      2206,      1709,      1474,      1668,      2122,       620,       533,      2735,       522,       414,      1385,      2030,      2020,       171,       738,      1402,       811,      2495,      4628,      1020,       251,       819,       715,       422,      1437,      3294,       344,       630,      1742,      1845,      1044,       765,      2459,       200,      1436,      1030,       551,       878,       197,      1798,        62, 11019
      35,     1323,      600,     1043,     2966,     1055,     2477,       30,     1339,      2670,       985,       516,       440,      1435,        61,      1306,      2147,      2328,      1669,      4327,      2118,        44,       397,       185,       596,       249,      1102,      2408,        97,      1071,       257,      2479,      2082,      1939,       752,        22,       137,       114,      2212,       731,      2993,       717,       101,      2206,      1709,      1474,      1668,      2122,       620,       533,      2735,       522,       414,      1385,      2030,      2020,       171,       738,      1402,       811,      2495,      4628,      1020,       251,       819,       715,       430,      1444,      3294,       344,       630,      1753,      1838,      1043,       765,      2459,       193,      1437,      1030,       544,       878,       197,      1798,        62, 11036
      35,     1323,      600,     1043,     2966,     1055,     2477,       30,     1339,      2670,       985,       516,       440,      1435,        61,      1306,      2145,      2334,      1668,      4327,      2118,        48,       389,       186,       605,       258,      1100,      2401,        96,      1071,       257,      2477,      2072,      1937,       752,        22,       129,       114,      2210,       722,      2993,       717,       101,      2206,      1709,      1481,      1668,      2120,       614,       529,      2735,       522,       414,      1385,      2030,      2020,       171,       738,      1402,       811,      2495,      4628,      1020,       251,       819,       715,       430,      1444,      3294,       344,       630,      1753,      1838,      1043,       765,      2459,       193,      1437,      1030,       544,       878,       197,      1798,        62, 11053
      35,     1323,      600,     1043,     2966,     1055,     2477,       30,     1339,      2670,       985,       516,       440,      1435,        61,      1306,      2145,      2334,      1668,      4327,      2118,        48,       389,       186,       605,       258,      1100,      2401,        96,      1071,       257,      2477,      2072,      1937,       752,        22,       129,       114,      2210,       722,      2993,       717,       101,      2206,      1709,      1481,      1668,      2120,       614,       529,      2725,       522,       405,      1385,      2030,      2022,       171,       730,      1394,       804,      2484,      4617,      1014,       246,       811,       708,       422,      1437,      3294,       345,       630,      1751,      1839,      1044,       765,      2459,       186,      1441,      1030,       543,       877,       197,      1798,        62, 11069
      35,     1331,      600,     1043,     2969,     1055,     2477,       30,     1347,      2670,       985,       515,       440,      1435,        61,      1306,      2140,      2334,      1668,      4327,      2120,        44,       389,       186,       597,       249,      1113,      2403,        97,      1080,       257,      2479,      2082,      1937,       752,        22,       129,       114,      2212,       731,      2993,       717,       101,      2207,      1710,      1484,      1668,      2122,       621,       533,      2727,       522,       405,      1385,      2041,      2022,       171,       738,      1402,       811,      2484,      4600,      1014,       246,       811,       708,       422,      1437,      3294,       345,       630,      1751,      1839,      1044,       765,      2459,       186,      1441,      1030,       543,       877,       197,      1796,        62, 11102
      30,     1321,      593,     1034,     2949,     1042,     2468,       22,     1338,      2651,       976,       506,       428,      1427,        57,      1297,      2138,      2326,      1658,      4327,      2117,        44,       389,       185,       597,       249,      1090,      2396,        97,      1070,       257,      2477,      2074,      1937,       752,        22,       129,       114,      2201,       722,      2993,       710,       101,      2199,      1702,      1474,      1668,      2122,       621,       533,      2727,       522,       405,      1385,      2041,      2022,       171,       738,      1402,       811,      2484,      4600,      1013,       242,       810,       700,       422,      1435,      3275,       337,       625,      1743,      1838,      1034,       756,      2444,       186,      1436,      1030,       543,       877,       189,      1782,        55, 11135
      35,     1331,      601,     1043,     2966,     1055,     2477,       30,     1339,      2660,       986,       516,       429,      1442,        61,      1305,      2145,      2336,      1669,      4333,      2118,        44,       389,       193,       597,       249,      1090,      2396,        97,      1070,       257,      2477,      2074,      1937,       752,        22,       129,       114,      2201,       722,      2993,       710,       101,      2199,      1702,      1474,      1668,      2122,       614,       529,      2735,       522,       405,      1375,      2030,      2022,       171,       738,      1403,       811,      2484,      4617,      1021,       251,       819,       708,       422,      1444,      3294,       352,       630,      1751,      1838,      1053,       765,      2459,       200,      1441,      1030,       551,       878,       197,      1798,        62, 11169
      35,     1331,      601,     1043,     2966,     1055,     2477,       30,     1339,      2660,       986,       516,       429,      1442,        61,      1305,      2145,      2336,      1669,      4333,      2118,        44,       389,       193,       597,       249,      1090,      2394,        92,      1070,       257,      2468,      2074,      1937,       752,        22,       129,       121,      2205,       722,      2993,       717,        97,      2207,      1709,      1474,      1678,      2122,       621,       528,      2735,       529,       406,      1385,      2030,      2022,       171,       730,      1403,       820,      2487,      4617,      1021,       251,       819,       708,       422,      1444,      3294,       352,       630,      1751,      1838,      1053,       765,      2459,       200,      1441,      1030,       551,       878,       197,      1798,        62, 11186
      39,     1331,      594,     1035,     2969,     1055,     2479,       30,     1339,      2662,       985,       516,       440,      1442,        57,      1306,      2147,      2338,      1669,      4327,      2118,        44,       397,       193,       596,       249,      1113,      2396,        97,      1066,       257,      2479,      2074,      1935,       752,        22,       130,       121,      2215,       722,      3016,       718,        97,      2207,      1709,      1474,      1678,      2122,       621,       528,      2735,       529,       406,      1385,      2030,      2022,       171,       730,      1403,       820,      2487,      4617,      1021,       246,       811,       715,       430,      1444,      3294,       345,       635,      1753,      1838,      1052,       774,      2459,       200,      1446,      1038,       550,       886,       197,      1809,        62, 11219
      39,     1331,      594,     1035,     2969,     1055,     2479,       30,     1339,      2662,       985,       516,       440,      1442,        57,      1306,      2147,      2338,      1669,      4327,      2118,        44,       397,       193,       596,       249,      1113,      2396,        97,      1066,       257,      2479,      2074,      1935,       752,        22,       130,       121,      2215,       722,      3016,       718,       101,      2206,      1712,      1474,      1678,      2134,       621,       529,      2736,       522,       414,      1385,      2041,      2023,       167,       732,      1395,       812,      2487,      4617,      1014,       251,       813,       708,       422,      1445,      3294,       345,       630,      1750,      1846,      1053,       774,      2459,       200,      1446,      1038,       550,       886,       197,      1809,        62, 11236
      39,     1579,      665,     1086,     2997,     1067,     2493,       30,     1293,      2648,       977,       507,       440,      1443,        61,      1286,      2140,      2336,      1660,      4327,      2111,        44,       382,       186,       597,       249,      1102,      2408,        97,      1074,       257,      2479,      2074,      1937,       752,        22,       130,       114,      2205,       722,      2993,       717,       101,      2195,      1712,      1484,      1669,      2122,       614,       529,      2725,       522,       406,      1385,      2041,      2023,       176,       739,      1395,       812,      2487,      4617,      1014,       251,       813,       708,       422,      1445,      3294,       345,       630,      1750,      1846,      1053,       773,      2459,       193,      1446,      1033,       551,       878,       197,      1798,        62, 11269
      39,     1579,      665,     1094,     3003,     1067,     2501,       30,     1285,      2650,       970,       507,       429,      1443,        61,      1285,      2141,      2330,      1669,      4327,      2121,        44,       390,       186,       588,       249,      1102,      2396,        97,      1066,       257,      2470,      2074,      1948,       753,        22,       130,       114,      2205,       722,      2993,       717,       101,      2195,      1712,      1484,      1669,      2122,       614,       529,      2725,       522,       406,      1385,      2041,      2023,       176,       739,      1403,       812,      2495,      4628,      1021,       251,       822,       715,       431,      1445,      3306,       352,       635,      1750,      1846,      1052,       774,      2459,       193,      1451,      1034,       551,       878,       197,      1798,        62, 11302
      44,     1571,      666,     1094,     3003,     1067,     2501,       30,     1286,      2650,       978,       516,       440,      1451,        61,      1278,      2141,      2331,      1660,      4338,      2121,        48,       390,       186,       588,       249,      1102,      2396,        97,      1066,       257,      2470,      2074,      1948,       753,        22,       130,       114,      2213,       730,      3004,       718,       101,      2196,      1710,      1475,      1669,      2122,       615,       533,      2728,       522,       406,      1385,      2041,      2024,       172,       732,      1395,       820,      2487,      4617,      1022,       251,       813,       715,       431,      1445,      3294,       345,       630,      1750,      1840,      1053,       765,      2470,       193,      1446,      1033,       551,       886,       197,      1798,        62, 11336
      39,     1578,      666,     1094,     3003,     1067,     2501,       30,     1286,      2650,       978,       516,       440,      1451,        61,      1278,      2141,      2331,      1660,      4338,      2121,        48,       382,       186,       588,       249,      1078,      2377,        97,      1066,       257,      2479,      2072,      1937,       753,        22,       130,       114,      2213,       722,      3004,       718,       101,      2196,      1710,      1474,      1669,      2122,       615,       533,      2728,       522,       414,      1385,      2030,      2030,       171,       741,      1396,       812,      2487,      4628,      1022,       251,       813,       716,       431,      1445,      3294,       345,       635,      1749,      1846,      1044,       773,      2459,       193,      1446,      1033,       551,       878,       197,      1809,        62, 11369
      39,     1578,      666,     1094,     3003,     1066,     2501,       30,     1293,      2648,       969,       516,       440,      1450,        61,      1278,      2141,      2338,      1660,      4327,      2120,        44,       382,       186,       596,       249,      1090,      2389,        97,      1074,       257,      2477,      2082,      1937,       752,        22,       138,       114,      2213,       722,      3004,       718,       101,      2196,      1710,      1474,      1669,      2122,       615,       533,      2728,       522,       414,      1385,      2030,      2030,       171,       741,      1396,       812,      2487,      4628,      1022,       251,       813,       716,       431,      1445,      3294,       345,       635,      1749,      1846,      1044,       773,      2459,       193,      1446,      1033,       551,       878,       197,      1809,        62, 11385
      39,     1570,      666,     1094,     3003,     1067,     2494,       30,     1293,      2648,       978,       507,       440,      1451,        61,      1277,      2134,      2330,      1660,      4327,      2120,        44,       382,       186,       596,       249,      1090,      2389,        97,      1074,       257,      2477,      2082,      1937,       752,        22,       138,       114,      2213,       722,      3004,       718,       101,      2206,      1712,      1475,      1669,      2122,       621,       533,      2728,       529,       406,      1385,      2041,      2023,       172,       741,      1396,       812,      2487,      4617,      1015,       251,       814,       716,       430,      1437,      3306,       352,       635,      1749,      1839,      1053,       774,      2459,       193,      1455,      1034,       551,       878,       197,      1798,        62, 11418
      39,     1570,      666,     1094,     3003,     1067,     2494,       30,     1293,      2648,       978,       507,       440,      1451,        61,      1277,      2134,      2330,      1659,      4327,      2121,        44,       382,       186,       597,       249,      1102,      2398,        97,      1074,       257,      2479,      2082,      1937,       753,        22,       130,       114,      2212,       722,      3004,       719,       101,      2206,      1712,      1484,      1669,      2122,       615,       533,      2728,       529,       406,      1385,      2041,      2023,       172,       741,      1396,       812,      2487,      4617,      1015,       251,       814,       716,       430,      1437,      3306,       352,       635,      1749,      1839,      1053,       774,      2459,       193,      1455,      1034,       551,       878,       197,      1798,        62, 11435
      39,     1579,      666,     1094,     3006,     1080,     2501,       30,     1294,      2650,       969,       516,       440,      1458,        61,      1294,      2140,      2331,      1669,      4327,      2123,        44,       382,       186,       596,       249,      1090,      2384,        97,      1066,       257,      2470,      2074,      1937,       753,        22,       130,       114,      2212,       722,      3004,       719,       101,      2206,      1712,      1484,      1669,      2122,       615,       533,      2725,       530,       414,      1385,      2030,      2026,       172,       741,      1404,       812,      2487,      4628,      1022,       251,       822,       716,       422,      1445,      3294,       352,       635,      1750,      1848,      1053,       765,      2459,       193,      1455,      1042,       551,       878,       206,      1798,        62, 11469
      39,     1571,      665,     1094,     3003,     1068,     2500,       30,     1294,      2650,       978,       507,       452,      1459,        61,      1294,      2140,      2331,      1669,      4327,      2123,        44,       382,       186,       596,       249,      1090,      2384,        97,      1066,       257,      2470,      2074,      1937,       752,        22,       130,       114,      2213,       722,      2993,       718,       101,      2198,      1712,      1475,      1669,      2122,       621,       529,      2728,       522,       414,      1385,      2030,      2024,       171,       741,      1396,       812,      2495,      4617,      1015,       251,       814,       716,       431,      1447,      3294,       352,       635,      1758,      1848,      1053,       765,      2470,       200,      1451,      1034,       551,       887,       206,      1798,        62, 11503
      39,     1571,      665,     1094,     3003,     1068,     2500,       30,     1294,      2650,       978,       507,       452,      1459,        61,      1286,      2141,      2330,      1669,      4338,      2123,        44,       391,       186,       597,       249,      1078,      2375,        97,      1066,       257,      2470,      2074,      1937,       753,        22,       130,       114,      2213,       731,      3004,       718,        92,      2198,      1712,      1484,      1669,      2122,       615,       529,      2728,       522,       414,      1385,      2041,      2024,       171,       741,      1404,       812,      2487,      4617,      1022,       251,       814,       716,       431,      1445,      3306,       345,       630,      1750,      1848,      1053,       774,      2470,       193,      1451,      1035,       551,       878,       206,      1798,        62, 11535
      39,     1579,      666,     1102,     3003,     1067,     2501,       30,     1294,      2657,       978,       516,       440,      1466,        61,      1287,      2141,      2338,      1668,      4327,      2130,        44,       382,       186,       596,       249,      1078,      2385,        97,      1066,       257,      2477,      2082,      1951,       753,        22,       130,       114,      2213,       722,      3004,       719,       101,      2206,      1712,      1475,      1669,      2122,       622,       529,      2728,       522,       406,      1385,      2030,      2027,       171,       741,      1404,       812,      2495,      4617,      1016,       251,       814,       716,       431,      1445,      3306,       345,       630,      1750,      1848,      1053,       774,      2470,       193,      1451,      1035,       551,       878,       206,      1809,        62, 11569
      39,     1579,      665,     1094,     3003,     1055,     2510,       30,     1294,      2648,       978,       507,       440,      1474,        61,      1286,      2140,      2330,      1668,      4327,      2130,        44,       382,       186,       596,       249,      1078,      2385,        97,      1066,       257,      2477,      2082,      1951,       753,        22,       130,       114,      2213,       722,      3004,       719,       101,      2206,      1712,      1475,      1669,      2122,       622,       529,      2728,       522,       406,      1385,      2030,      2027,       171,       741,      1404,       812,      2495,      4617,      1016,       251,       814,       716,       431,      1447,      3306,       352,       634,      1752,      1848,      1053,       774,      2470,       200,      1446,      1043,       551,       887,       197,      1800,        62, 11587
      39,     1579,      665,     1094,     3003,     1055,     2510,       30,     1294,      2648,       978,       507,       440,      1474,        61,      1286,      2140,      2330,      1669,      4327,      2131,        44,       382,       186,       588,       258,      1090,      2394,        97,      1074,       257,      2479,      2082,      1937,       754,        22,       138,       121,      2213,       723,      3004,       719,       101,      2208,      1709,      1475,      1669,      2122,       616,       533,      2728,       522,       414,      1385,      2041,      2027,       171,       732,      1402,       820,      2487,      4617,      1017,       251,       823,       715,       431,      1445,      3306,       346,       634,      1760,      1846,      1044,       766,      2459,       200,      1449,      1035,       550,       887,       197,      1800,        62, 11619
      39,     1579,      665,     1101,     3006,     1067,     2506,       30,     1294,      2648,       970,       507,       440,      1468,        57,      1294,      2134,      2330,      1670,      4327,      2132,        44,       382,       193,       597,       258,      1078,      2387,        97,      1074,       257,      2479,      2074,      1937,       754,        17,       130,       114,      2213,       723,      2996,       719,       101,      2206,      1709,      1474,      1669,      2122,       616,       529,      2728,       522,       406,      1385,      2030,      2029,       171,       741,      1403,       812,      2487,      4617,      1017,       251,       823,       715,       431,      1445,      3306,       346,       634,      1760,      1846,      1044,       766,      2459,       200,      1449,      1035,       550,       887,       197,      1809,        62, 11652
      39,     1579,      665,     1093,     3003,     1067,     2506,       30,     1286,      2646,       970,       507,       440,      1468,        57,      1294,      2134,      2330,      1670,      4327,      2132,        44,       382,       193,       597,       258,      1078,      2387,        97,      1074,       257,      2479,      2074,      1937,       754,        17,       130,       114,      2213,       723,      2996,       719,       101,      2206,      1709,      1474,      1669,      2122,       616,       529,      2728,       522,       406,      1385,      2030,      2029,       171,       741,      1403,       812,      2487,      4617,      1024,       246,       822,       708,       430,      1445,      3306,       353,       634,      1752,      1846,      1043,       774,      2459,       200,      1450,      1043,       551,       878,       197,      1798,        55, 11668
      39,     1579,      665,     1093,     3003,     1067,     2506,       30,     1286,      2646,       970,       507,       440,      1475,        61,      1294,      2133,      2330,      1660,      4327,      2126,        44,       390,       186,       588,       249,      1090,      2380,        97,      1066,       257,      2479,      2082,      1937,       754,        17,       130,       114,      2213,       722,      2993,       720,       101,      2206,      1710,      1475,      1669,      2125,       616,       533,      2736,       522,       414,      1385,      2030,      2029,       172,       741,      1403,       812,      2487,      4617,      1018,       251,       814,       708,       431,      1445,      3294,       346,       634,      1758,      1846,      1053,       774,      2459,       200,      1450,      1043,       551,       878,       197,      1798,        55, 11702
      39,     1587,      665,     1094,     3003,     1067,     2506,       30,     1294,      2648,       978,       516,       440,      1475,        61,      1286,      2133,      2338,      1669,      4338,      2131,        44,       390,       186,       588,       249,      1090,      2380,        97,      1066,       257,      2479,      2082,      1937,       754,        17,       130,       114,      2213,       722,      2993,       720,       101,      2206,      1710,      1475,      1669,      2125,       616,       533,      2736,       522,       414,      1385,      2030,      2029,       172,       741,      1403,       812,      2487,      4617,      1018,       251,       814,       708,       431,      1445,      3294,       346,       634,      1758,      1846,      1053,       765,      2470,       200,      1455,      1043,       551,       878,       197,      1798,        62, 11720
      39,     1579,      665,     1094,     3003,     1067,     2506,       30,     1294,      2648,       978,       516,       440,      1475,        61,      1286,      2133,      2338,      1669,      4338,      2131,        44,       390,       186,       597,       258,      1090,      2396,        97,      1066,       257,      2479,      2074,      1937,       754,        22,       130,       114,      2213,       722,      3004,       720,       101,      2208,      1703,      1484,      1669,      2122,       616,       533,      2728,       529,       414,      1385,      2041,      2030,       171,       741,      1403,       812,      2487,      4617,      1018,       251,       814,       715,       431,      1444,      3298,       346,       635,      1760,      1846,      1044,       765,      2470,       193,      1450,      1042,       551,       878,       197,      1809,        62, 11752
      39,     1579,      665,     1094,     3003,     1067,     2513,       30,     1286,      2648,       969,       507,       440,      1475,        61,      1286,      2140,      2328,      1659,      4327,      2132,        44,       383,       186,       597,       249,      1090,      2389,        97,      1075,       257,      2479,      2074,      1948,       755,        22,       130,       114,      2213,       722,      3004,       720,       101,      2208,      1703,      1484,      1669,      2122,       616,       533,      2728,       529,       414,      1385,      2041,      2030,       171,       741,      1403,       812,      2487,      4617,      1018,       251,       814,       715,       431,      1444,      3298,       346,       635,      1760,      1846,      1044,       765,      2470,       193,      1450,      1042,       551,       878,       197,      1809,        62, 11769
      39,     1579,      665,     1094,     3003,     1067,     2513,       30,     1286,      2648,       969,       507,       440,      1475,        61,      1286,      2140,      2328,      1659,      4327,      2132,        44,       383,       186,       597,       249,      1090,      2389,        97,      1075,       257,      2479,      2074,      1948,       755,        22,       130,       114,      2213,       714,      2996,       720,       101,      2196,      1710,      1475,      1669,      2122,       617,       533,      2730,       522,       406,      1385,      2041,      2030,       171,       732,      1403,       812,      2487,      4634,      1024,       251,       814,       716,       431,      1445,      3310,       346,       634,      1750,      1846,      1053,       765,      2470,       193,      1450,      1042,       551,       878,       197,      1809,        62, 11786
      39,     1579,      666,     1095,     3012,     1055,     2506,       30,     1294,      2648,       978,       507,       452,      1489,        61,      1286,      2133,      2330,      1669,      4327,      2128,        44,       383,       186,       597,       249,      1090,      2389,        97,      1075,       257,      2479,      2074,      1948,       755,        22,       130,       114,      2213,       714,      2996,       720,       101,      2196,      1710,      1475,      1669,      2122,       617,       533,      2730,       522,       406,      1385,      2041,      2030,       171,       732,      1403,       812,      2487,      4634,      1024,       251,       814,       716,       431,      1445,      3310,       346,       634,      1750,      1846,      1053,       774,      2462,       200,      1450,      1042,       551,       887,       197,      1809,        62, 11802
      39,     1579,      666,     1095,     3012,     1055,     2506,       30,     1294,      2648,       978,       507,       452,      1489,        61,      1286,      2133,      2330,      1669,      4327,      2128,        44,       382,       186,       597,       249,      1090,      2390,        92,      1066,       257,      2479,      2074,      1939,       755,        22,       130,       114,      2213,       722,      2993,       720,       101,      2206,      1710,      1475,      1678,      2134,       616,       533,      2728,       522,       406,      1385,      2041,      2030,       171,       732,      1403,       812,      2487,      4634,      1024,       251,       814,       716,       431,      1445,      3310,       346,       634,      1750,      1846,      1053,       774,      2462,       200,      1450,      1042,       551,       887,       197,      1809,        62, 11818
      39,     1589,      666,     1095,     3012,     1055,     2506,       30,     1294,      2648,       978,       507,       452,      1489,        61,      1286,      2133,      2330,      1669,      4327,      2128,        44,       382,       186,       597,       249,      1090,      2390,        92,      1066,       257,      2479,      2074,      1939,       755,        22,       130,       114,      2213,       722,      2993,       720,       101,      2206,      1710,      1475,      1678,      2134,       616,       533,      2728,       522,       406,      1385,      2041,      2029,       172,       732,      1403,       812,      2487,      4617,      1018,       251,       822,       716,       431,      1444,      3306,       346,       635,      1752,      1846,      1044,       765,      2470,       193,      1460,      1051,       551,       887,       197,      1809,        62, 11835
      39,     1589,      665,     1094,     3009,     1055,     2508,       30,     1287,      2655,       970,       507,       440,      1481,        61,      1286,      2133,      2330,      1660,      4327,      2134,        44,       382,       186,       597,       249,      1102,      2397,        92,      1074,       250,      2479,      2082,      1937,       755,        22,       138,       114,      2213,       722,      3004,       720,       101,      2206,      1703,      1475,      1669,      2122,       616,       533,      2728,       522,       414,      1385,      2030,      2031,       172,       732,      1403,       812,      2487,      4617,      1018,       251,       814,       715,       431,      1445,      3306,       346,       635,      1752,      1846,      1044,       765,      2470,       193,      1460,      1051,       551,       887,       197,      1809,        62, 11869
      44,     1587,      665,     1094,     3000,     1067,     2500,       26,     1294,      2655,       977,       507,       441,      1489,        61,      1285,      2140,      2330,      1660,      4327,      2128,        44,       382,       186,       597,       249,      1090,      2397,        97,      1066,       250,      2479,      2072,      1937,       754,        22,       138,       114,      2215,       723,      3004,       727,       101,      2208,      1710,      1484,      1678,      2122,       616,       529,      2728,       522,       414,      1385,      2030,      2031,       172,       732,      1403,       812,      2487,      4617,      1018,       251,       814,       715,       431,      1445,      3306,       346,       634,      1750,      1846,      1044,       765,      2459,       194,      1455,      1042,       551,       878,       197,      1798,        55, 11902
      39,     1579,      665,     1095,     3000,     1055,     2508,       30,     1302,      2655,       970,       507,       452,      1490,        61,      1302,      2141,      2330,      1660,      4332,      2132,        44,       382,       186,       597,       249,      1102,      2399,        97,      1066,       257,      2479,      2074,      1948,       754,        22,       138,       114,      2215,       723,      3004,       727,       101,      2208,      1710,      1484,      1678,      2122,       616,       529,      2733,       522,       406,      1385,      2030,      2030,       172,       741,      1395,       812,      2484,      4617,      1025,       251,       814,       708,       431,      1445,      3306,       346,       635,      1750,      1848,      1053,       765,      2459,       194,      1451,      1034,       551,       878,       197,      1798,        62, 11935
      44,     1579,      666,     1095,     3003,     1055,     2517,       30,     1294,      2650,       970,       516,       440,      1490,        61,      1286,      2140,      2330,      1660,      4332,      2132,        44,       382,       186,       597,       249,      1102,      2399,        97,      1066,       257,      2479,      2074,      1948,       755,        22,       138,       114,      2213,       722,      3004,       721,       101,      2205,      1710,      1484,      1668,      2122,       616,       529,      2736,       522,       406,      1385,      2044,      2030,       172,       732,      1395,       812,      2484,      4628,      1025,       251,       823,       715,       431,      1444,      3294,       346,       639,      1750,      1839,      1053,       773,      2459,       201,      1456,      1042,       558,       887,       206,      1811,        62, 11969
      44,     1579,      666,     1095,     3003,     1055,     2517,       30,     1294,      2650,       970,       516,       440,      1490,        61,      1286,      2140,      2330,      1659,      4332,      2135,        44,       382,       193,       588,       249,      1090,      2392,        92,      1067,       257,      2479,      2084,      1937,       755,        22,       138,       114,      2212,       722,      3004,       721,       101,      2206,      1710,      1484,      1669,      2125,       616,       529,      2736,       522,       406,      1385,      2044,      2030,       172,       732,      1395,       812,      2484,      4628,      1025,       251,       823,       715,       431,      1444,      3294,       346,       639,      1750,      1839,      1053,       773,      2459,       201,      1456,      1042,       558,       887,       206,      1811,        62, 11985
      39,     1579,      665,     1085,     3000,     1056,     2508,       30,     1293,      2655,       970,       516,       440,      1490,        61,      1294,      2140,      2330,      1659,      4332,      2128,        44,       390,       186,       597,       249,      1091,      2392,        97,      1066,       257,      2479,      2084,      1937,       755,        22,       138,       114,      2212,       722,      3004,       721,       101,      2206,      1710,      1484,      1669,      2125,       616,       529,      2728,       522,       414,      1384,      2030,      2030,       172,       741,      1395,       812,      2487,      4628,      1025,       251,       822,       715,       431,      1445,      3298,       346,       635,      1750,      1848,      1053,       765,      2470,       194,      1456,      1042,       551,       887,       197,      1811,        62, 12019
      39,     1579,      666,     1094,     3003,     1067,     2508,       30,     1294,      2657,       970,       516,       440,      1490,        61,      1294,      2140,      2330,      1659,      4332,      2128,        44,       390,       186,       597,       249,      1091,      2392,        97,      1066,       257,      2479,      2072,      1937,       755,        17,       138,       114,      2213,       722,      2993,       713,       101,      2206,      1703,      1477,      1669,      2122,       616,       529,      2728,       530,       406,      1385,      2041,      2030,       172,       732,      1396,       812,      2495,      4610,      1018,       251,       814,       708,       422,      1445,      3294,       346,       631,      1749,      1848,      1053,       765,      2459,       200,      1460,      1042,       551,       878,       197,      1798,        62, 12053
      39,     1579,      666,     1094,     3003,     1067,     2508,       30,     1294,      2657,       978,       507,       440,      1490,        57,      1286,      2141,      2330,      1660,      4327,      2127,        44,       390,       186,       588,       249,      1080,      2378,        97,      1074,       257,      2479,      2072,      1937,       756,        22,       130,       121,      2213,       722,      2993,       721,       101,      2198,      1712,      1485,      1670,      2134,       616,       529,      2728,       530,       406,      1385,      2032,      2031,       172,       741,      1404,       813,      2487,      4617,      1019,       251,       814,       716,       431,      1445,      3306,       346,       635,      1750,      1849,      1044,       765,      2470,       194,      1460,      1042,       551,       878,       197,      1798,        62, 12086
      44,     1579,      673,     1094,     3003,     1067,     2508,       30,     1294,      2650,       978,       507,       440,      1497,        61,      1287,      2141,      2330,      1660,      4338,      2135,        48,       382,       186,       597,       249,      1102,      2392,        97,      1066,       257,      2479,      2072,      1937,       755,        22,       130,       114,      2205,       722,      3004,       720,       101,      2198,      1712,      1484,      1669,      2122,       617,       533,      2728,       522,       414,      1386,      2044,      2031,       172,       732,      1395,       812,      2487,      4617,      1019,       251,       814,       716,       431,      1445,      3306,       346,       635,      1750,      1849,      1044,       765,      2470,       194,      1460,      1042,       551,       879,       197,      1798,        62, 12119
      39,     1579,      666,     1094,     3003,     1067,     2517,       30,     1303,      2657,       970,       507,       452,      1497,        57,      1294,      2141,      2330,      1669,      4332,      2128,        44,       390,       193,       605,       249,      1091,      2385,        92,      1066,       257,      2479,      2074,      1937,       755,        22,       130,       114,      2212,       722,      2996,       721,       101,      2198,      1712,      1484,      1669,      2122,       617,       533,      2728,       522,       414,      1386,      2044,      2031,       172,       732,      1395,       812,      2487,      4617,      1019,       251,       814,       715,       431,      1445,      3294,       346,       630,      1752,      1848,      1044,       765,      2459,       194,      1455,      1042,       551,       878,       197,      1798,        62, 12152
      39,     1587,      673,     1094,     3020,     1067,     2503,       30,     1294,      2650,       970,       507,       440,      1490,        61,      1294,      2140,      2330,      1660,      4327,      2135,        44,       382,       186,       588,       249,      1091,      2385,        92,      1066,       257,      2479,      2074,      1937,       755,        22,       130,       114,      2212,       722,      2996,       721,       101,      2198,      1710,      1475,      1669,      2122,       617,       529,      2728,       522,       414,      1385,      2030,      2024,       172,       741,      1396,       812,      2493,      4622,      1019,       251,       814,       709,       431,      1445,      3283,       346,       635,      1750,      1848,      1053,       773,      2462,       194,      1460,      1043,       551,       887,       197,      1800,        62, 12185
      39,     1581,      666,     1094,     3003,     1055,     2503,       30,     1294,      2650,       970,       507,       440,      1490,        61,      1294,      2140,      2330,      1660,      4327,      2135,        44,       382,       186,       588,       249,      1090,      2390,        92,      1067,       250,      2479,      2074,      1937,       755,        22,       130,       114,      2205,       722,      2993,       721,       101,      2208,      1712,      1484,      1669,      2134,       617,       533,      2728,       522,       406,      1385,      2030,      2030,       172,       741,      1404,       812,      2487,      4622,      1018,       251,       814,       709,       422,      1445,      3294,       346,       631,      1758,      1840,      1044,       765,      2459,       194,      1456,      1043,       551,       887,       197,      1798,        62, 12219
      39,     1581,      666,     1094,     3003,     1055,     2510,       30,     1294,      2650,       978,       516,       452,      1497,        61,      1294,      2133,      2330,      1670,      4327,      2128,        44,       383,       186,       588,       249,      1091,      2392,        97,      1066,       250,      2479,      2074,      1937,       755,        22,       130,       121,      2205,       722,      3004,       714,       101,      2208,      1712,      1475,      1669,      2125,       617,       529,      2728,       522,       414,      1384,      2044,      2026,       172,       733,      1395,       812,      2487,      4617,      1019,       251,       814,       716,       430,      1445,      3298,       346,       635,      1752,      1840,      1053,       765,      2459,       194,      1456,      1043,       551,       887,       197,      1798,        62, 12252
      39,     1581,      665,     1094,     3003,     1055,     2510,       30,     1287,      2650,       970,       507,       452,      1504,        61,      1295,      2141,      2340,      1660,      4332,      2137,        44,       382,       186,       597,       249,      1078,      2378,        92,      1074,       257,      2477,      2074,      1937,       755,        22,       130,       114,      2205,       722,      2993,       714,       101,      2205,      1712,      1475,      1669,      2122,       617,       529,      2728,       522,       414,      1385,      2044,      2026,       172,       733,      1395,       812,      2487,      4617,      1019,       251,       814,       716,       430,      1445,      3298,       346,       635,      1752,      1840,      1053,       765,      2459,       201,      1460,      1043,       551,       878,       197,      1798,        62, 12285
      39,     1579,      673,     1094,     3012,     1067,     2519,       30,     1295,      2648,       978,       516,       440,      1498,        61,      1294,      2141,      2330,      1660,      4327,      2135,        44,       382,       186,       596,       249,      1080,      2380,        97,      1066,       257,      2479,      2074,      1939,       756,        22,       130,       114,      2205,       722,      2993,       714,       101,      2205,      1712,      1475,      1669,      2122,       617,       529,      2728,       522,       414,      1385,      2030,      2033,       167,       732,      1404,       812,      2487,      4617,      1020,       251,       814,       715,       431,      1437,      3310,       346,       631,      1750,      1846,      1053,       774,      2470,       201,      1465,      1042,       551,       878,       197,      1811,        62, 12318
      39,     1587,      665,     1094,     3003,     1055,     2510,       26,     1286,      2648,       970,       507,       440,      1505,        61,      1286,      2140,      2330,      1660,      4327,      2135,        44,       382,       186,       596,       249,      1080,      2380,        97,      1066,       257,      2479,      2074,      1939,       756,        22,       130,       114,      2212,       722,      3004,       728,       101,      2206,      1712,      1484,      1669,      2125,       617,       534,      2738,       529,       406,      1386,      2044,      2033,       172,       741,      1395,       812,      2495,      4622,      1020,       251,       814,       708,       422,      1437,      3294,       346,       635,      1752,      1846,      1053,       765,      2470,       201,      1465,      1050,       551,       878,       197,      1800,        62, 12352
      39,     1579,      665,     1094,     3003,     1055,     2510,       26,     1286,      2648,       970,       507,       440,      1505,        61,      1286,      2140,      2330,      1660,      4327,      2137,        44,       382,       178,       596,       249,      1080,      2392,        97,      1065,       250,      2470,      2074,      1937,       756,        22,       130,       114,      2205,       722,      2993,       714,       101,      2198,      1703,      1475,      1669,      2134,       617,       530,      2728,       522,       406,      1385,      2030,      2031,       167,       732,      1403,       821,      2487,      4617,      1026,       251,       822,       709,       422,      1445,      3294,       346,       635,      1752,      1846,      1053,       774,      2462,       194,      1479,      1051,       551,       887,       198,      1798,        62, 12385
      39,     1579,      665,     1094,     3012,     1056,     2510,       30,     1294,      2655,       979,       507,       440,      1504,        61,      1295,      2141,      2330,      1669,      4327,      2127,        44,       382,       186,       597,       249,      1067,      2371,        97,      1066,       257,      2479,      2074,      1937,       755,        22,       138,       114,      2213,       722,      2996,       721,       101,      2198,      1704,      1475,      1669,      2122,       617,       529,      2728,       522,       414,      1385,      2032,      2031,       167,       732,      1396,       812,      2489,      4605,      1020,       251,       822,       709,       422,      1447,      3306,       353,       635,      1752,      1846,      1053,       774,      2462,       194,      1479,      1051,       551,       887,       198,      1798,        62, 12419
      39,     1579,      673,     1094,     3012,     1068,     2512,       30,     1286,      2657,       970,       507,       440,      1504,        61,      1286,      2148,      2330,      1660,      4327,      2128,        44,       382,       193,       589,       249,      1078,      2378,        97,      1066,       257,      2479,      2074,      1937,       755,        17,       130,       114,      2215,       722,      2993,       721,       101,      2206,      1703,      1475,      1669,      2122,       617,       530,      2728,       522,       414,      1385,      2032,      2031,       167,       732,      1396,       812,      2489,      4605,      1020,       251,       822,       709,       422,      1447,      3306,       353,       636,      1750,      1840,      1044,       766,      2459,       194,      1488,      1050,       558,       887,       206,      1798,        62, 12452
      39,     1579,      673,     1094,     3012,     1068,     2512,       30,     1286,      2657,       970,       507,       440,      1504,        61,      1286,      2148,      2330,      1660,      4327,      2128,        44,       382,       193,       589,       249,      1078,      2378,        97,      1066,       257,      2479,      2074,      1937,       755,        17,       130,       114,      2215,       722,      2993,       721,       101,      2206,      1703,      1475,      1669,      2122,       617,       530,      2728,       522,       406,      1386,      2041,      2031,       172,       741,      1395,       812,      2487,      4617,      1019,       247,       814,       709,       431,      1445,      3294,       346,       631,      1750,      1840,      1053,       765,      2459,       194,      1497,      1058,       558,       887,       197,      1798,        62, 12469
      39,     1578,      666,     1094,     3012,     1067,     2510,       30,     1286,      2648,       970,       516,       440,      1504,        61,      1286,      2141,      2330,      1660,      4332,      2128,        44,       382,       193,       597,       249,      1078,      2371,        92,      1066,       250,      2470,      2074,      1939,       755,        22,       138,       114,      2205,       722,      3004,       720,       101,      2208,      1712,      1475,      1669,      2134,       617,       530,      2728,       522,       406,      1385,      2030,      2024,       172,       732,      1396,       820,      2487,      4605,      1019,       247,       814,       709,       431,      1445,      3294,       346,       631,      1750,      1840,      1053,       765,      2459,       194,      1497,      1058,       558,       887,       197,      1798,        55, 12502
      39,     1563,      665,     1094,     3012,     1067,     2503,       30,     1294,      2655,       970,       507,       441,      1497,        57,      1286,      2147,      2330,      1669,      4327,      2128,        44,       382,       193,       597,       249,      1080,      2371,        92,      1074,       250,      2479,      2082,      1937,       755,        22,       130,       114,      2213,       723,      3004,       721,       101,      2198,      1703,      1475,      1669,      2134,       617,       530,      2728,       522,       406,      1385,      2030,      2024,       172,       732,      1396,       820,      2487,      4605,      1026,       247,       814,       709,       430,      1454,      3294,       346,       627,      1750,      1840,      1053,       765,      2462,       201,      1511,      1075,       558,       887,       197,      1809,        62, 12535
      39,     1571,      666,     1093,     3012,     1055,     2517,       30,     1295,      2650,       969,       507,       452,      1504,        61,      1294,      2141,      2330,      1660,      4332,      2128,        44,       383,       186,       597,       249,      1078,      2378,        92,      1067,       250,      2479,      2082,      1937,       755,        22,       130,       114,      2213,       723,      3004,       721,       101,      2198,      1703,      1475,      1669,      2122,       617,       530,      2728,       522,       406,      1385,      2030,      2031,       172,       741,      1403,       812,      2487,      4617,      1019,       251,       814,       716,       431,      1445,      3298,       346,       627,      1750,      1840,      1053,       765,      2462,       194,      1516,      1075,       558,       887,       197,      1798,        62, 12570
      39,     1581,      665,     1093,     3012,     1056,     2519,       26,     1295,      2657,       970,       516,       440,      1504,        61,      1294,      2141,      2330,      1660,      4332,      2128,        44,       383,       186,       597,       249,      1078,      2378,        92,      1067,       264,      2477,      2074,      1937,       755,        22,       130,       114,      2213,       731,      3004,       721,       101,      2208,      1712,      1484,      1669,      2125,       624,       530,      2738,       522,       406,      1386,      2044,      2031,       172,       741,      1403,       812,      2489,      4628,      1026,       247,       814,       715,       422,      1447,      3294,       346,       632,      1752,      1846,      1053,       766,      2459,       194,      1516,      1075,       558,       886,       197,      1809,        62, 12602
      39,     1581,      665,     1093,     3012,     1056,     2519,       26,     1295,      2657,       970,       516,       440,      1504,        61,      1295,      2141,      2330,      1660,      4332,      2135,        44,       383,       186,       597,       249,      1078,      2378,        92,      1067,       257,      2479,      2082,      1937,       756,        22,       130,       121,      2215,       723,      3004,       721,       101,      2210,      1712,      1484,      1669,      2125,       624,       530,      2738,       522,       406,      1386,      2044,      2031,       172,       741,      1403,       812,      2489,      4628,      1026,       247,       814,       715,       422,      1447,      3294,       346,       632,      1752,      1846,      1053,       766,      2459,       194,      1516,      1075,       558,       886,       197,      1809,        62, 12618
      39,     1581,      665,     1093,     3012,     1056,     2519,       26,     1295,      2657,       970,       516,       440,      1504,        61,      1295,      2141,      2330,      1660,      4332,      2135,        44,       383,       186,       597,       249,      1078,      2378,        92,      1067,       257,      2479,      2082,      1937,       756,        22,       130,       121,      2215,       723,      3004,       721,       101,      2210,      1712,      1484,      1669,      2122,       617,       530,      2730,       522,       406,      1385,      2030,      2026,       172,       733,      1396,       812,      2495,      4622,      1020,       247,       815,       716,       431,      1445,      3283,       346,       627,      1752,      1848,      1053,       766,      2459,       194,      1516,      1075,       558,       886,       197,      1809,        62, 12628
      39,     1571,      666,     1094,     3012,     1055,     2512,       30,     1286,      2657,       969,       516,       440,      1520,        57,      1303,      2148,      2330,      1662,      4327,      2137,        44,       383,       186,       597,       249,      1078,      2380,        97,      1067,       250,      2479,      2075,      1937,       756,        22,       130,       121,      2215,       723,      3004,       721,       101,      2210,      1712,      1484,      1669,      2122,       617,       530,      2730,       522,       406,      1385,      2030,      2026,       172,       733,      1396,       812,      2495,      4622,      1020,       247,       815,       716,       431,      1445,      3283,       346,       627,      1752,      1848,      1053,       765,      2462,       194,      1520,      1075,       558,       887,       198,      1809,        62, 12654
      44,     1572,      666,     1093,     3012,     1056,     2519,       30,     1287,      2659,       969,       516,       440,      1520,        57,      1303,      2148,      2330,      1662,      4327,      2137,        44,       383,       186,       597,       249,      1078,      2380,        97,      1067,       250,      2479,      2075,      1937,       755,        22,       130,       114,      2205,       714,      3004,       721,       101,      2208,      1712,      1475,      1669,      2125,       617,       526,      2730,       522,       406,      1386,      2032,      2033,       172,       733,      1404,       812,      2489,      4610,      1019,       251,       814,       715,       422,      1437,      3294,       346,       627,      1752,      1839,      1053,       775,      2459,       194,      1520,      1075,       558,       887,       197,      1809,        62, 12686
      44,     1572,      666,     1093,     3012,     1056,     2519,       30,     1287,      2659,       970,       507,       452,      1520,        61,      1295,      2157,      2330,      1662,      4343,      2130,        44,       383,       186,       588,       249,      1090,      2385,        92,      1067,       250,      2479,      2082,      1937,       755,        22,       138,       114,      2205,       722,      3004,       714,       101,      2206,      1706,      1475,      1678,      2122,       625,       530,      2730,       523,       414,      1385,      2030,      2027,       172,       741,      1398,       812,      2487,      4617,      1020,       247,       814,       709,       431,      1445,      3294,       346,       627,      1744,      1842,      1053,       765,      2459,       194,      1525,      1075,       558,       887,       197,      1809,        62, 12719
      39,     1572,      667,     1094,     3014,     1067,     2519,       30,     1286,      2668,       970,       516,       440,      1520,        61,      1295,      2157,      2330,      1659,      4327,      2138,        44,       383,       186,       588,       249,      1078,      2373,        92,      1059,       250,      2479,      2082,      1937,       756,        22,       130,       114,      2205,       722,      2996,       722,        97,      2208,      1713,      1477,      1669,      2122,       617,       530,      2730,       523,       414,      1386,      2032,      2034,       172,       741,      1398,       812,      2487,      4617,      1020,       247,       814,       709,       431,      1445,      3294,       346,       627,      1744,      1842,      1053,       765,      2459,       194,      1525,      1075,       559,       887,       197,      1809,        62, 12752
      39,     1571,      666,     1094,     3012,     1067,     2520,       30,     1287,      2666,       970,       508,       441,      1520,        61,      1294,      2159,      2330,      1660,      4332,      2138,        44,       383,       186,       597,       249,      1068,      2381,        92,      1066,       250,      2479,      2082,      1937,       756,        17,       130,       114,      2205,       722,      2996,       722,        97,      2208,      1713,      1477,      1669,      2122,       617,       530,      2730,       523,       414,      1386,      2032,      2034,       172,       741,      1397,       812,      2489,      4605,      1020,       247,       822,       716,       431,      1445,      3298,       347,       627,      1742,      1842,      1045,       765,      2459,       194,      1525,      1083,       559,       887,       197,      1809,        62, 12786
      39,     1571,      667,     1086,     3014,     1068,     2529,       30,     1295,      2666,       970,       508,       452,      1549,        61,      1295,      2159,      2330,      1660,      4332,      2126,        44,       383,       186,       597,       249,      1068,      2381,        92,      1066,       250,      2479,      2082,      1937,       756,        17,       130,       114,      2213,       732,      2993,       721,        97,      2208,      1707,      1484,      1669,      2122,       625,       530,      2730,       523,       406,      1385,      2030,      2027,       172,       733,      1405,       820,      2487,      4605,      1020,       252,       814,       716,       431,      1447,      3298,       347,       628,      1744,      1849,      1053,       766,      2459,       201,      1525,      1083,       559,       896,       198,      1811,        62, 12819
      39,     1571,      667,     1086,     3014,     1068,     2529,       30,     1295,      2666,       970,       508,       452,      1549,        61,      1295,      2159,      2330,      1660,      4332,      2126,        44,       382,       186,       588,       249,      1078,      2375,        92,      1067,       258,      2479,      2082,      1939,       757,        22,       138,       114,      2205,       722,      3008,       715,       101,      2208,      1698,      1477,      1670,      2125,       625,       530,      2738,       523,       406,      1386,      2030,      2027,       172,       733,      1405,       820,      2487,      4605,      1020,       252,       814,       716,       431,      1447,      3298,       347,       628,      1744,      1849,      1053,       766,      2459,       201,      1525,      1083,       559,       896,       198,      1811,        62, 12836
      39,     1572,      673,     1086,     3006,     1055,     2508,       30,     1287,      2666,       970,       508,       440,      1535,        57,      1294,      2157,      2330,      1662,      4343,      2133,        44,       382,       186,       588,       249,      1055,      2361,        97,      1066,       250,      2479,      2074,      1925,       756,        17,       130,       121,      2205,       722,      3008,       715,       101,      2208,      1698,      1477,      1670,      2125,       625,       530,      2738,       523,       406,      1386,      2030,      2030,       172,       741,      1397,       821,      2495,      4617,      1020,       247,       814,       717,       431,      1447,      3298,       347,       623,      1744,      1842,      1053,       766,      2462,       194,      1530,      1083,       566,       887,       198,      1811,        62, 12860
      39,     1572,      673,     1086,     3006,     1055,     2508,       30,     1287,      2666,       970,       508,       440,      1535,        57,      1294,      2157,      2330,      1662,      4343,      2133,        44,       382,       186,       588,       249,      1055,      2361,        97,      1066,       250,      2479,      2074,      1925,       756,        17,       130,       121,      2213,       714,      2993,       715,        97,      2210,      1706,      1475,      1669,      2122,       618,       530,      2730,       523,       405,      1376,      2018,      2020,       167,       741,      1397,       820,      2489,      4605,      1020,       247,       814,       709,       431,      1445,      3294,       347,       623,      1744,      1842,      1053,       766,      2462,       194,      1530,      1083,       566,       887,       198,      1811,        62, 12887
      39,     1571,      673,     1094,     3014,     1055,     2522,       30,     1295,      2659,       970,       516,       452,      1564,        57,      1303,      2148,      2330,      1660,      4332,      2133,        44,       382,       186,       588,       249,      1055,      2361,        97,      1066,       250,      2479,      2074,      1925,       756,        17,       130,       121,      2213,       714,      2993,       715,        97,      2210,      1706,      1475,      1669,      2122,       618,       530,      2730,       523,       405,      1376,      2018,      2020,       167,       741,      1397,       820,      2489,      4605,      1020,       247,       814,       709,       431,      1445,      3294,       347,       623,      1744,      1842,      1053,       775,      2462,       201,      1529,      1075,       559,       887,       206,      1811,        62, 12904
      39,     1571,      673,     1094,     3014,     1055,     2522,       30,     1295,      2659,       970,       516,       452,      1564,        57,      1303,      2148,      2330,      1660,      4332,      2133,        44,       383,       186,       597,       249,      1078,      2364,        97,      1067,       258,      2470,      2082,      1937,       757,        17,       130,       114,      2205,       723,      3004,       716,       101,      2208,      1706,      1475,      1669,      2125,       618,       526,      2730,       523,       406,      1385,      2018,      2020,       167,       741,      1397,       820,      2489,      4605,      1020,       247,       814,       709,       431,      1445,      3294,       347,       623,      1744,      1842,      1053,       775,      2462,       201,      1529,      1075,       559,       887,       206,      1811,        62, 12923
      44,     1579,      666,     1094,     3014,     1068,     2517,       30,     1287,      2659,       978,       516,       452,      1579,        57,      1295,      2157,      2331,      1660,      4338,      2129,        44,       383,       186,       588,       249,      1080,      2374,        97,      1066,       251,      2479,      2082,      1937,       757,        17,       130,       114,      2205,       723,      3004,       716,       101,      2208,      1706,      1475,      1669,      2125,       618,       526,      2730,       523,       406,      1385,      2020,      2030,       167,       741,      1397,       820,      2487,      4617,      1015,       247,       814,       709,       422,      1445,      3294,       347,       623,      1752,      1842,      1044,       766,      2459,       187,      1534,      1083,       559,       887,       198,      1823,        69, 12954
      39,     1581,      674,     1094,     3012,     1056,     2498,       30,     1295,      2668,       970,       516,       464,      1630,        61,      1303,      2157,      2330,      1662,      4327,      2125,        44,       383,       186,       588,       249,      1080,      2374,        97,      1066,       251,      2479,      2082,      1937,       752,        17,       130,       114,      2213,       722,      2996,       716,        97,      2208,      1700,      1475,      1670,      2122,       619,       526,      2730,       523,       406,      1386,      2030,      2032,       168,       733,      1398,       812,      2489,      4617,      1023,       247,       814,       710,       422,      1445,      3298,       348,       623,      1744,      1843,      1053,       765,      2459,       194,      1534,      1083,       559,       886,       197,      1809,        62, 12987
      39,     1581,      674,     1094,     3012,     1056,     2498,       30,     1295,      2668,       970,       516,       464,      1630,        61,      1303,      2157,      2330,      1662,      4327,      2125,        44,       382,       179,       587,       249,      1078,      2376,        92,      1067,       258,      2479,      2093,      1937,       753,        22,       130,       121,      2213,       722,      2996,       717,       101,      2208,      1706,      1484,      1669,      2122,       620,       530,      2738,       523,       414,      1386,      2032,      2027,       172,       741,      1398,       812,      2487,      4622,      1024,       247,       814,       710,       422,      1445,      3298,       348,       623,      1744,      1843,      1053,       765,      2459,       194,      1534,      1083,       559,       886,       197,      1809,        62, 13003
      39,     1582,      674,     1094,     3012,     1056,     2487,       26,     1295,      2668,       969,       524,       464,      1637,        61,      1303,      2157,      2330,      1662,      4327,      2125,        44,       382,       179,       587,       249,      1078,      2376,        92,      1067,       258,      2479,      2093,      1937,       753,        22,       130,       121,      2213,       722,      2996,       717,       101,      2208,      1706,      1484,      1669,      2122,       620,       530,      2738,       523,       414,      1386,      2032,      2027,       172,       741,      1398,       812,      2487,      4622,      1024,       247,       814,       710,       422,      1447,      3283,       348,       628,      1753,      1843,      1045,       766,      2470,       188,      1534,      1083,       566,       887,       198,      1823,        62, 13020
      39,     1582,      674,     1094,     3012,     1056,     2487,       26,     1295,      2668,       969,       524,       464,      1637,        61,      1313,      2159,      2338,      1660,      4327,      2125,        44,       391,       186,       589,       249,      1068,      2369,        97,      1068,       258,      2477,      2082,      1951,       752,        17,       130,       114,      2205,       723,      2996,       717,       101,      2208,      1706,      1484,      1669,      2122,       620,       530,      2738,       523,       414,      1386,      2032,      2027,       172,       741,      1398,       812,      2487,      4622,      1024,       247,       814,       710,       422,      1447,      3283,       348,       628,      1753,      1843,      1045,       766,      2470,       188,      1534,      1083,       566,       887,       198,      1823,        62, 13037
      39,     1582,      674,     1094,     3012,     1056,     2487,       26,     1295,      2668,       969,       524,       464,      1637,        61,      1313,      2159,      2338,      1660,      4327,      2125,        44,       391,       186,       589,       249,      1068,      2369,        97,      1068,       258,      2477,      2082,      1951,       752,        17,       130,       114,      2205,       723,      2996,       717,       101,      2210,      1706,      1484,      1669,      2125,       620,       530,      2730,       523,       414,      1385,      2044,      2029,       172,       733,      1405,       812,      2489,      4622,      1024,       247,       815,       709,       431,      1437,      3298,       341,       623,      1745,      1842,      1053,       766,      2470,       188,      1534,      1083,       566,       887,       198,      1823,        62, 13053
      39,     1582,      674,     1094,     3003,     1055,     2493,       26,     1296,      2661,       970,       525,       464,      1652,        61,      1305,      2159,      2328,      1660,      4327,      2126,        44,       383,       186,       588,       250,      1067,      2377,        92,      1067,       258,      2479,      2093,      1937,       753,        22,       130,       114,      2213,       723,      3004,       718,       101,      2208,      1706,      1475,      1669,      2125,       620,       530,      2730,       523,       414,      1385,      2044,      2029,       172,       733,      1405,       812,      2489,      4622,      1024,       247,       815,       709,       431,      1437,      3298,       341,       623,      1745,      1842,      1053,       774,      2462,       202,      1543,      1084,       566,       887,       198,      1809,        62, 13087
      39,     1581,      667,     1094,     3014,     1055,     2493,       26,     1296,      2661,       970,       525,       464,      1652,        61,      1305,      2159,      2328,      1660,      4327,      2126,        44,       383,       186,       588,       250,      1067,      2377,        92,      1067,       258,      2479,      2093,      1937,       753,        22,       130,       114,      2213,       723,      3004,       718,       101,      2208,      1706,      1475,      1679,      2122,       620,       530,      2730,       523,       406,      1385,      2032,      2023,       172,       734,      1396,       811,      2489,      4622,      1018,       247,       823,       709,       430,      1447,      3310,       348,       623,      1745,      1844,      1053,       766,      2462,       195,      1539,      1084,       560,       887,       198,      1811,        62, 13107
      39,     1581,      667,     1094,     3014,     1055,     2487,       30,     1303,      2670,       970,       516,       464,      1651,        57,      1305,      2176,      2330,      1662,      4338,      2128,        44,       383,       193,       588,       249,      1068,      2357,        92,      1067,       258,      2479,      2093,      1937,       753,        22,       130,       114,      2213,       723,      2996,       718,       101,      2208,      1701,      1475,      1672,      2134,       620,       526,      2730,       524,       414,      1386,      2032,      2029,       172,       733,      1399,       812,      2491,      4617,      1018,       247,       823,       709,       430,      1447,      3310,       348,       623,      1745,      1844,      1053,       766,      2462,       195,      1539,      1084,       560,       887,       198,      1811,        62, 13136
      39,     1581,      674,     1094,     3014,     1056,     2489,       26,     1295,      2677,       970,       517,       464,      1652,        61,      1303,      2176,      2330,      1662,      4327,      2126,        44,       383,       186,       597,       249,      1067,      2364,        97,      1067,       258,      2479,      2082,      1939,       752,        22,       130,       114,      2213,       723,      3008,       718,       101,      2208,      1701,      1475,      1672,      2134,       620,       526,      2730,       524,       414,      1386,      2032,      2029,       172,       733,      1399,       812,      2491,      4617,      1018,       247,       814,       711,       430,      1447,      3310,       341,       623,      1745,      1846,      1053,       766,      2459,       195,      1543,      1084,       560,       887,       198,      1821,        55, 13167
      39,     1581,      675,     1094,     3012,     1044,     2498,       30,     1287,      2677,       970,       516,       464,      1653,        61,      1303,      2183,      2330,      1662,      4332,      2128,        48,       383,       186,       597,       249,      1067,      2364,        97,      1067,       258,      2479,      2082,      1939,       752,        22,       130,       114,      2213,       723,      3008,       718,       101,      2200,      1701,      1475,      1670,      2134,       620,       530,      2730,       524,       406,      1386,      2032,      2029,       172,       733,      1400,       812,      2489,      4622,      1025,       247,       823,       711,       422,      1447,      3294,       348,       623,      1744,      1844,      1053,       774,      2459,       195,      1543,      1092,       559,       895,       198,      1823,        62, 13194
      39,     1581,      675,     1094,     3012,     1044,     2498,       30,     1287,      2677,       970,       516,       464,      1653,        61,      1303,      2183,      2330,      1662,      4332,      2128,        48,       383,       193,       597,       249,      1078,      2376,        92,      1066,       251,      2479,      2082,      1939,       760,        22,       130,       114,      2205,       723,      2993,       718,        97,      2208,      1701,      1475,      1670,      2125,       620,       530,      2732,       524,       414,      1386,      2032,      2029,       168,       734,      1400,       812,      2489,      4622,      1025,       247,       823,       711,       422,      1447,      3294,       348,       623,      1744,      1844,      1053,       774,      2459,       195,      1543,      1092,       559,       895,       198,      1823,        62, 13218
      39,     1581,      675,     1094,     3012,     1044,     2498,       30,     1287,      2677,       970,       516,       464,      1653,        61,      1303,      2183,      2330,      1662,      4332,      2128,        48,       383,       193,       597,       249,      1078,      2376,        92,      1066,       251,      2479,      2082,      1939,       760,        22,       130,       114,      2205,       723,      2993,       718,        97,      2208,      1701,      1475,      1670,      2125,       620,       530,      2732,       524,       414,      1386,      2032,      2029,       168,       734,      1398,       803,      2495,      4617,      1025,       247,       814,       710,       422,      1447,      3298,       348,       623,      1745,      1846,      1052,       775,      2459,       195,      1543,      1092,       567,       886,       198,      1823,        62, 13235
      39,     1581,      674,     1094,     3006,     1055,     2496,       30,     1305,      2679,       970,       516,       464,      1652,        61,      1305,      2175,      2330,      1662,      4332,      2126,        44,       383,       193,       597,       249,      1067,      2377,        92,      1067,       258,      2470,      2091,      1939,       753,        22,       130,       114,      2205,       723,      3008,       718,        97,      2200,      1701,      1474,      1681,      2125,       613,       526,      2732,       524,       414,      1386,      2032,      2029,       168,       734,      1398,       803,      2495,      4617,      1025,       247,       814,       710,       422,      1447,      3298,       348,       623,      1745,      1846,      1052,       775,      2459,       195,      1543,      1092,       567,       886,       198,      1823,        62, 13253
      39,     1581,      674,     1094,     3006,     1055,     2496,       30,     1305,      2679,       970,       516,       464,      1652,        61,      1305,      2175,      2330,      1662,      4332,      2126,        44,       383,       193,       597,       249,      1067,      2377,        92,      1067,       258,      2470,      2091,      1939,       753,        22,       130,       114,      2205,       723,      3008,       718,        97,      2200,      1701,      1474,      1681,      2125,       613,       526,      2730,       516,       405,      1378,      2032,      2029,       172,       741,      1399,       804,      2489,      4622,      1025,       247,       814,       710,       422,      1438,      3298,       341,       623,      1745,      1844,      1043,       775,      2459,       195,      1543,      1092,       567,       886,       198,      1823,        62, 13269
      39,     1572,      674,     1094,     3006,     1055,     2489,       26,     1295,      2679,       970,       525,       464,      1653,        61,      1295,      2175,      2330,      1660,      4332,      2128,        44,       383,       186,       597,       249,      1068,      2370,        92,      1067,       258,      2477,      2084,      1927,       753,        22,       130,       114,      2213,       724,      2993,       718,       101,      2208,      1708,      1475,      1670,      2122,       620,       526,      2722,       524,       405,      1378,      2032,      2029,       172,       741,      1399,       804,      2489,      4622,      1025,       247,       814,       710,       422,      1438,      3298,       341,       623,      1745,      1844,      1043,       766,      2462,       195,      1543,      1092,       559,       887,       198,      1823,        62, 13302
      39,     1581,      674,     1094,     3006,     1055,     2489,       26,     1295,      2679,       970,       525,       464,      1653,        61,      1295,      2175,      2330,      1660,      4332,      2128,        44,       383,       186,       597,       249,      1068,      2370,        92,      1067,       258,      2477,      2084,      1927,       753,        22,       130,       114,      2213,       724,      2993,       718,       101,      2208,      1708,      1475,      1670,      2122,       620,       526,      2722,       524,       405,      1378,      2030,      2023,       172,       734,      1399,       812,      2491,      4610,      1018,       247,       815,       717,       431,      1447,      3298,       348,       623,      1737,      1844,      1053,       775,      2462,       202,      1543,      1092,       567,       886,       198,      1823,        62, 13319
      39,     1581,      674,     1093,     3014,     1055,     2491,       30,     1296,      2677,       970,       525,       476,      1660,        57,      1294,      2173,      2319,      1653,      4327,      2126,        44,       383,       186,       588,       249,      1067,      2370,        92,      1068,       258,      2477,      2091,      1937,       753,        22,       130,       114,      2213,       724,      2993,       718,       101,      2208,      1708,      1475,      1670,      2122,       620,       526,      2722,       524,       405,      1378,      2030,      2023,       172,       734,      1399,       812,      2491,      4610,      1018,       247,       815,       717,       431,      1447,      3298,       348,       623,      1737,      1844,      1053,       775,      2462,       202,      1543,      1092,       567,       886,       198,      1823,        62, 13336
      44,     1582,      674,     1093,     3014,     1055,     2491,       30,     1296,      2677,       970,       525,       476,      1660,        57,      1294,      2173,      2319,      1653,      4327,      2126,        44,       383,       186,       588,       249,      1067,      2370,        92,      1068,       258,      2477,      2091,      1937,       753,        22,       130,       114,      2212,       732,      2993,       711,       101,      2200,      1700,      1483,      1672,      2137,       621,       526,      2730,       524,       406,      1386,      2032,      2030,       172,       734,      1399,       812,      2491,      4622,      1018,       252,       815,       718,       431,      1438,      3298,       348,       623,      1744,      1844,      1044,       767,      2470,       195,      1547,      1084,       566,       887,       198,      1821,        62, 13354
      44,     1582,      674,     1094,     3003,     1044,     2489,       30,     1295,      2677,       970,       525,       476,      1653,        61,      1295,      2175,      2330,      1663,      4327,      2128,        48,       383,       193,       597,       250,      1055,      2357,        97,      1067,       258,      2477,      2093,      1939,       760,        22,       130,       114,      2205,       723,      2996,       718,       101,      2208,      1700,      1484,      1670,      2134,       620,       526,      2730,       524,       414,      1379,      2032,      2030,       172,       734,      1399,       812,      2491,      4622,      1018,       252,       815,       718,       431,      1438,      3298,       348,       623,      1744,      1844,      1044,       767,      2470,       195,      1547,      1084,       566,       887,       198,      1821,        62, 13386
      39,     1582,      674,     1094,     3003,     1044,     2489,       30,     1295,      2677,       970,       525,       476,      1653,        61,      1295,      2175,      2330,      1663,      4327,      2128,        48,       383,       193,       597,       250,      1055,      2357,        97,      1067,       258,      2477,      2093,      1939,       760,        22,       130,       114,      2205,       723,      2996,       718,       101,      2208,      1700,      1484,      1670,      2134,       620,       526,      2730,       524,       414,      1379,      2032,      2030,       172,       733,      1399,       812,      2489,      4622,      1025,       247,       815,       717,       422,      1447,      3294,       348,       623,      1744,      1844,      1043,       766,      2462,       195,      1553,      1084,       567,       887,       198,      1823,        62, 13402
      39,     1582,      674,     1094,     3017,     1056,     2489,       30,     1296,      2677,       977,       517,       476,      1660,        66,      1305,      2175,      2330,      1662,      4332,      2126,        44,       383,       186,       588,       250,      1055,      2358,        92,      1068,       251,      2468,      2094,      1939,       753,        17,       130,       114,      2213,       723,      2993,       718,       101,      2202,      1702,      1484,      1670,      2125,       614,       530,      2732,       524,       414,      1387,      2032,      2030,       168,       734,      1399,       811,      2489,      4617,      1025,       247,       815,       717,       422,      1447,      3294,       348,       623,      1744,      1844,      1043,       766,      2462,       195,      1553,      1084,       567,       887,       198,      1823,        62, 13436
      39,     1582,      674,     1093,     3008,     1055,     2493,       30,     1296,      2684,       969,       525,       464,      1667,        57,      1305,      2173,      2328,      1662,      4332,      2128,        44,       383,       186,       588,       250,      1056,      2350,        92,      1067,       258,      2479,      2093,      1925,       753,        22,       138,       114,      2213,       732,      2996,       718,       101,      2208,      1694,      1475,      1670,      2125,       614,       530,      2732,       524,       414,      1387,      2032,      2030,       168,       734,      1399,       811,      2489,      4617,      1018,       252,       814,       717,       431,      1438,      3298,       348,       623,      1744,      1844,      1043,       767,      2462,       195,      1543,      1083,       559,       886,       198,      1811,        62, 13470
      39,     1582,      674,     1093,     3008,     1055,     2493,       30,     1296,      2684,       969,       525,       464,      1667,        57,      1305,      2173,      2328,      1662,      4332,      2128,        44,       383,       186,       588,       250,      1056,      2350,        92,      1067,       258,      2479,      2093,      1925,       753,        22,       138,       114,      2213,       732,      2996,       718,       101,      2208,      1694,      1475,      1681,      2122,       621,       530,      2730,       523,       414,      1386,      2030,      2025,       172,       741,      1408,       811,      2491,      4622,      1018,       252,       814,       710,       431,      1448,      3298,       349,       623,      1744,      1843,      1043,       766,      2462,       195,      1548,      1092,       566,       895,       198,      1811,        62, 13486
      39,     1589,      681,     1094,     3008,     1056,     2491,       30,     1295,      2677,       978,       525,       464,      1668,        61,      1305,      2175,      2330,      1663,      4327,      2128,        44,       383,       193,       588,       249,      1068,      2358,        92,      1066,       258,      2477,      2086,      1939,       754,        22,       130,       114,      2213,       724,      2993,       719,       101,      2210,      1701,      1483,      1672,      2125,       621,       530,      2732,       523,       405,      1387,      2032,      2032,       172,       734,      1398,       812,      2491,      4617,      1018,       252,       814,       710,       431,      1448,      3298,       349,       623,      1744,      1843,      1043,       766,      2462,       195,      1548,      1092,       566,       895,       198,      1809,        62, 13520
      44,     1590,      674,     1102,     3017,     1056,     2493,       30,     1295,      2684,       970,       525,       464,      1668,        61,      1305,      2175,      2330,      1663,      4327,      2128,        44,       383,       193,       588,       249,      1068,      2358,        92,      1066,       258,      2477,      2086,      1939,       754,        22,       130,       114,      2213,       724,      2993,       719,       101,      2210,      1701,      1483,      1672,      2125,       621,       530,      2732,       523,       405,      1387,      2032,      2032,       172,       734,      1398,       812,      2491,      4617,      1018,       247,       814,       710,       431,      1448,      3298,       349,       623,      1744,      1844,      1043,       775,      2462,       202,      1543,      1101,       567,       895,       206,      1823,        69, 13536
      44,     1590,      674,     1102,     3017,     1056,     2493,       30,     1295,      2684,       970,       525,       464,      1668,        61,      1296,      2175,      2330,      1670,      4332,      2129,        44,       383,       193,       588,       250,      1068,      2367,        97,      1067,       251,      2479,      2094,      1937,       754,        22,       130,       114,      2213,       724,      2993,       712,       101,      2208,      1700,      1484,      1672,      2125,       621,       530,      2732,       523,       405,      1387,      2032,      2032,       172,       734,      1398,       812,      2491,      4617,      1018,       247,       814,       710,       431,      1448,      3298,       349,       623,      1744,      1844,      1043,       775,      2462,       202,      1543,      1101,       567,       895,       206,      1823,        69, 13553
      39,     1581,      674,     1094,     3008,     1045,     2493,       30,     1295,      2677,       970,       525,       464,      1668,        61,      1303,      2173,      2330,      1662,      4332,      2129,        44,       383,       186,       597,       249,      1068,      2367,        97,      1067,       251,      2479,      2094,      1937,       754,        22,       130,       114,      2213,       724,      2993,       712,       101,      2208,      1700,      1484,      1670,      2122,       621,       526,      2730,       523,       414,      1387,      2032,      2032,       172,       741,      1399,       812,      2489,      4622,      1026,       247,       814,       710,       431,      1456,      3298,       349,       623,      1745,      1852,      1044,       766,      2473,       202,      1544,      1092,       566,       887,       198,      1809,        62, 13585
      39,     1590,      667,     1094,     3014,     1056,     2493,       30,     1295,      2666,       970,       525,       464,      1668,        61,      1303,      2173,      2330,      1662,      4332,      2129,        44,       383,       186,       597,       249,      1067,      2365,        92,      1067,       251,      2479,      2093,      1939,       754,        22,       138,       114,      2213,       724,      3004,       718,       101,      2210,      1700,      1475,      1670,      2137,       621,       526,      2728,       523,       414,      1387,      2032,      2032,       172,       732,      1398,       812,      2491,      4622,      1019,       247,       806,       710,       422,      1448,      3294,       349,       623,      1742,      1843,      1044,       766,      2462,       195,      1544,      1092,       566,       887,       198,      1821,        62, 13619
      39,     1590,      667,     1094,     3014,     1056,     2493,       30,     1295,      2666,       970,       525,       476,      1675,        61,      1295,      2157,      2330,      1663,      4332,      2129,        44,       382,       186,       588,       249,      1068,      2365,        97,      1075,       251,      2479,      2093,      1939,       754,        22,       130,       114,      2205,       724,      3008,       718,       101,      2210,      1700,      1475,      1670,      2137,       621,       526,      2728,       523,       414,      1387,      2032,      2032,       172,       732,      1398,       812,      2491,      4622,      1019,       247,       806,       710,       422,      1448,      3294,       349,       623,      1742,      1843,      1044,       766,      2462,       195,      1544,      1092,       566,       887,       198,      1821,        62, 13637
      39,     1581,      666,     1094,     3008,     1056,     2493,       30,     1294,      2675,       969,       516,       464,      1675,        61,      1303,      2164,      2330,      1663,      4327,      2122,        44,       382,       186,       588,       249,      1068,      2365,        97,      1075,       251,      2479,      2093,      1939,       754,        22,       130,       114,      2205,       724,      3008,       718,       101,      2206,      1698,      1484,      1670,      2125,       621,       530,      2730,       523,       414,      1386,      2032,      2032,       172,       733,      1397,       820,      2491,      4622,      1019,       247,       823,       710,       422,      1448,      3298,       349,       623,      1735,      1843,      1044,       766,      2462,       195,      1544,      1092,       566,       887,       198,      1823,        62, 13669
      39,     1581,      666,     1094,     3008,     1056,     2493,       30,     1294,      2675,       969,       516,       464,      1675,        61,      1303,      2164,      2330,      1663,      4327,      2122,        44,       382,       186,       597,       250,      1080,      2367,        92,      1068,       258,      2479,      2094,      1939,       753,        22,       138,       114,      2213,       724,      2993,       718,       101,      2208,      1698,      1474,      1672,      2125,       614,       530,      2728,       522,       406,      1379,      2020,      2023,       172,       733,      1397,       820,      2491,      4622,      1019,       247,       823,       710,       422,      1448,      3298,       349,       623,      1735,      1843,      1044,       766,      2462,       195,      1544,      1092,       566,       887,       198,      1823,        62, 13685
      39,     1579,      673,     1094,     3017,     1045,     2493,       30,     1295,      2666,       970,       525,       476,      1677,        57,      1295,      2166,      2330,      1673,      4332,      2122,        44,       382,       186,       588,       250,      1080,      2374,        92,      1075,       258,      2470,      2103,      1939,       754,        17,       130,       114,      2213,       724,      2993,       718,       101,      2208,      1698,      1474,      1672,      2125,       614,       530,      2728,       522,       406,      1379,      2020,      2023,       172,       733,      1396,       812,      2491,      4622,      1019,       252,       814,       709,       422,      1448,      3298,       349,       623,      1744,      1842,      1053,       767,      2462,       195,      1543,      1091,       566,       887,       206,      1811,        62, 13719
      39,     1579,      673,     1094,     3017,     1045,     2493,       30,     1295,      2666,       970,       525,       476,      1677,        57,      1295,      2166,      2330,      1673,      4332,      2122,        44,       382,       186,       588,       250,      1080,      2374,        92,      1075,       258,      2470,      2103,      1939,       754,        17,       130,       114,      2213,       724,      2984,       719,       101,      2208,      1698,      1475,      1672,      2125,       621,       526,      2730,       523,       414,      1380,      2030,      2025,       172,       741,      1398,       812,      2493,      4610,      1026,       247,       814,       710,       431,      1447,      3294,       349,       623,      1744,      1842,      1053,       767,      2462,       195,      1543,      1091,       566,       887,       206,      1811,        62, 13735
      39,     1581,      674,     1094,     3011,     1044,     2493,       30,     1295,      2675,       970,       526,       464,      1675,        61,      1303,      2166,      2330,      1673,      4332,      2122,        44,       391,       186,       597,       250,      1068,      2374,        92,      1066,       258,      2479,      2105,      1937,       754,        22,       130,       114,      2212,       724,      3008,       718,        97,      2198,      1700,      1475,      1673,      2125,       621,       530,      2738,       523,       414,      1387,      2030,      2025,       172,       741,      1398,       812,      2493,      4610,      1026,       247,       814,       710,       431,      1447,      3294,       349,       623,      1742,      1843,      1044,       767,      2470,       188,      1548,      1083,       566,       887,       198,      1823,        62, 13769
      39,     1581,      674,     1094,     3011,     1044,     2493,       30,     1295,      2675,       970,       526,       464,      1675,        61,      1303,      2166,      2330,      1673,      4332,      2122,        44,       391,       186,       597,       250,      1068,      2374,        92,      1066,       258,      2479,      2105,      1937,       754,        22,       130,       114,      2212,       724,      3008,       718,        97,      2198,      1700,      1475,      1673,      2125,       621,       530,      2738,       523,       414,      1387,      2030,      2023,       172,       733,      1398,       820,      2493,      4634,      1027,       252,       814,       717,       431,      1449,      3294,       349,       623,      1744,      1843,      1044,       767,      2473,       195,      1553,      1092,       566,       887,       198,      1823,        62, 13785
      39,     1581,      666,     1086,     3019,     1055,     2493,       26,     1295,      2675,       970,       526,       476,      1675,        61,      1295,      2156,      2328,      1663,      4332,      2129,        44,       391,       193,       597,       250,      1056,      2351,        92,      1066,       250,      2470,      2094,      1927,       754,        22,       130,       114,      2203,       724,      2993,       719,       101,      2208,      1698,      1475,      1672,      2125,       621,       526,      2728,       523,       405,      1379,      2032,      2026,       172,       732,      1397,       811,      2491,      4610,      1020,       247,       814,       717,       431,      1448,      3298,       342,       623,      1744,      1843,      1044,       767,      2473,       195,      1553,      1092,       566,       887,       198,      1823,        62, 13818
      39,     1589,      673,     1094,     3014,     1055,     2486,       26,     1287,      2673,       970,       525,       464,      1675,        61,      1295,      2166,      2330,      1663,      4327,      2122,        44,       383,       186,       596,       250,      1080,      2367,        92,      1067,       251,      2479,      2086,      1939,       754,        22,       138,       114,      2213,       724,      3008,       719,       101,      2200,      1700,      1474,      1672,      2122,       621,       530,      2728,       523,       405,      1379,      2032,      2026,       172,       732,      1397,       811,      2491,      4610,      1020,       247,       814,       717,       431,      1448,      3298,       342,       623,      1744,      1842,      1053,       775,      2462,       195,      1547,      1092,       566,       887,       198,      1809,        62, 13852
