channel1,channel2,channel3,channel4,channel5,channel6,channel7,channel8,channel9,channel10,channel11,channel12,channel13,channel14,channel15,channel16,channel17,channel18,channel19,channel20,channel21,channel22,channel23,channel24,channel25,channel26,channel27,channel28,channel29,channel30,channel31,channel32,channel33,channel34,channel35,channel36,channel37,channel38,channel39,channel40,channel41,channel42,channel43,channel44,channel45,channel46,channel47,channel48,channel49,channel50,channel51,channel52,channel53,channel54,channel55,channel56,channel57,channel58,channel59,channel60,channel61,channel62,channel63,channel64,channel65,channel66,channel67,channel68,channel69,channel70,channel71,channel72,channel73,channel74,channel75,channel76,channel77,channel78,channel79,channel80,channel81,channel82,channel83,channel84,dts
0,0,0,0,0,0,0,0,0,0,0,0,0,0,0,0,0,0,0,0,0,0,0,0,0,0,0,0,0,0,0,0,0,0,0,0,0,0,0,0,0,0,0,0,0,0,0,0,0,0,0,0,0,0,0,0,0,0,0,0,0,0,0,0,0,0,0,0,0,0,0,0,0,0,0,0,0,0,0,0,0,0,0,0,23
0,0,0,0,0,0,0,0,0,0,0,0,0,0,0,0,0,0,0,0,0,0,0,0,0,0,0,0,0,0,0,0,0,0,0,0,0,0,0,0,0,0,0,0,0,0,0,0,0,0,0,0,0,0,0,0,0,0,0,0,0,0,0,0,0,0,0,0,0,0,0,0,0,0,0,0,0,0,0,0,0,0,0,0,55
0,0,0,0,0,0,0,0,0,0,0,0,0,0,0,0,0,0,0,0,0,0,0,0,0,0,0,0,0,0,0,0,0,0,0,0,0,0,0,0,0,0,0,0,0,0,0,0,0,0,0,0,0,0,0,0,0,0,0,0,0,0,0,0,0,0,0,0,0,0,0,0,0,0,0,0,0,0,0,0,0,0,0,0,89
0,0,0,0,0,0,0,0,0,0,0,0,0,0,0,0,0,0,0,0,0,0,0,0,0,0,0,0,0,0,0,0,0,0,0,0,0,0,0,0,0,0,0,0,0,0,0,0,0,0,0,0,0,0,0,0,0,0,0,0,0,0,0,0,0,0,0,0,0,0,0,0,0,0,0,0,0,0,0,0,0,0,0,0,106
0,0,0,0,0,0,0,0,0,0,0,0,0,0,0,0,0,0,0,0,0,0,0,0,0,0,0,0,0,0,0,0,0,0,0,0,0,0,0,0,0,0,0,0,0,0,0,0,0,0,0,0,0,0,0,0,0,0,0,0,0,0,0,0,0,0,0,0,0,0,0,0,0,0,0,0,0,0,0,0,0,0,0,0,138
0,0,0,0,0,0,0,0,0,0,0,0,0,0,0,0,0,0,0,0,0,0,0,0,0,0,0,0,0,0,0,0,0,0,0,0,0,0,0,0,0,0,0,0,0,0,0,0,0,0,0,0,0,0,0,0,0,0,0,0,0,0,0,0,0,0,0,0,0,0,0,0,0,0,0,0,0,0,0,0,0,0,0,0,172
0,0,0,0,0,0,0,0,0,0,0,0,0,0,0,0,0,0,0,0,0,0,0,0,0,0,0,0,0,0,0,0,0,0,0,0,0,0,0,0,0,0,0,0,0,0,0,0,0,0,0,0,0,0,0,0,0,0,0,0,0,0,0,0,0,0,0,0,0,0,0,0,0,0,0,0,0,0,0,0,0,0,0,0,188
0,0,0,0,0,0,0,0,0,0,0,0,0,0,0,0,0,0,0,0,0,0,0,0,0,0,0,0,0,0,0,0,0,0,0,0,0,0,0,0,0,0,0,0,0,0,0,0,0,0,0,0,0,0,0,0,0,0,0,0,0,0,0,0,0,0,0,0,0,0,0,0,0,0,0,0,0,0,0,0,0,0,0,0,203
0,0,0,0,0,0,0,0,0,0,0,0,0,0,0,0,0,0,0,0,0,0,0,0,0,0,0,0,0,0,0,0,0,0,0,0,0,0,0,0,0,0,0,0,0,0,0,0,0,0,0,0,0,0,0,0,0,0,0,0,0,0,0,0,0,0,0,0,0,0,0,0,0,0,0,0,0,0,0,0,0,0,0,0,223
0,0,0,0,0,0,0,0,0,0,0,0,0,0,0,0,0,0,0,0,0,0,0,0,0,0,0,0,0,0,0,0,0,0,0,0,0,0,0,0,0,0,0,0,0,0,0,0,0,0,0,0,0,0,0,0,0,0,0,0,0,0,0,0,0,0,0,0,0,0,0,0,0,0,0,0,0,0,0,0,0,0,0,0,238
0,0,0,0,0,0,0,0,0,0,0,0,0,0,0,0,0,0,0,0,0,0,0,0,0,0,0,0,0,0,0,0,0,0,0,0,0,0,0,0,0,0,0,0,0,0,0,0,0,0,0,0,0,0,0,0,0,0,0,0,0,0,0,0,0,0,0,0,0,0,0,0,0,0,0,0,0,0,0,0,0,0,0,0,256
0,0,0,0,0,0,0,0,0,0,0,0,0,0,0,0,0,0,0,0,0,0,0,0,0,0,0,0,0,0,0,0,0,0,0,0,0,0,0,0,0,0,0,0,0,0,0,0,0,0,0,0,0,0,0,0,0,0,0,0,0,0,0,0,0,0,0,0,0,0,0,0,0,0,0,0,0,0,0,0,0,0,0,0,290
0,0,0,0,0,0,0,0,0,0,0,0,0,0,0,0,0,0,0,0,0,0,0,0,0,0,0,0,0,0,0,0,0,0,0,0,0,0,0,0,0,0,0,0,0,0,0,0,0,0,0,0,0,0,0,0,0,0,0,0,0,0,0,0,0,0,0,0,0,0,0,0,0,0,0,0,0,0,0,0,0,0,0,0,454
0,0,0,0,0,0,0,0,0,0,0,0,0,0,0,0,0,0,0,0,0,0,0,0,0,0,0,0,0,0,0,0,0,0,0,0,0,0,0,0,0,0,0,0,0,0,0,0,0,0,0,0,0,0,0,0,0,0,0,0,0,0,0,0,0,0,0,0,0,0,0,0,0,0,0,0,0,0,0,0,0,0,0,0,488
0,0,0,0,0,0,0,0,0,0,0,0,0,0,0,0,0,0,0,0,0,0,0,0,0,0,0,0,0,0,0,0,0,0,0,0,0,0,0,0,0,0,0,0,0,0,0,0,0,0,0,0,0,0,0,0,0,0,0,0,0,0,0,0,0,0,0,0,0,0,0,0,0,0,0,0,0,0,0,0,0,0,0,0,523
0,0,0,0,0,0,0,0,0,0,0,0,0,0,0,0,0,0,0,0,0,0,0,0,0,0,0,0,0,0,0,0,0,0,0,0,0,0,0,0,0,0,0,0,0,0,0,0,0,0,0,0,0,0,0,0,0,0,0,0,0,0,0,0,0,0,0,0,0,0,0,0,0,0,0,0,0,0,0,0,0,0,0,0,539
0,0,0,0,0,0,0,0,0,0,0,0,0,0,0,0,0,0,0,0,0,0,0,0,0,0,0,0,0,0,0,0,0,0,0,0,0,0,0,0,0,0,0,0,0,0,0,0,0,0,0,0,0,0,0,0,0,0,0,0,0,0,0,0,0,0,0,0,0,0,0,0,0,0,0,0,0,0,0,0,0,0,0,0,556
0,0,0,0,0,0,0,0,0,0,0,0,0,0,0,0,0,0,0,0,0,0,0,0,0,0,0,0,0,0,0,0,0,0,0,0,0,0,0,0,0,0,0,0,0,0,0,0,0,0,0,0,0,0,0,0,0,0,0,0,0,0,0,0,0,0,0,0,0,0,0,0,0,0,0,0,0,0,0,0,0,0,0,0,589
0,0,0,0,0,0,0,0,0,0,0,0,0,0,0,0,0,0,0,0,0,0,0,0,0,0,0,0,0,0,0,0,0,0,0,0,0,0,0,0,0,0,0,0,0,0,0,0,0,0,0,0,0,0,0,0,0,0,0,0,0,0,0,0,0,0,0,0,0,0,0,0,0,0,0,0,0,0,0,0,0,0,0,0,623
0,0,0,0,0,0,0,0,0,0,0,0,0,0,0,0,0,0,0,0,0,0,0,0,0,0,0,0,0,0,0,0,0,0,0,0,0,0,0,0,0,0,0,0,0,0,0,0,0,0,0,0,0,0,0,0,0,0,0,0,0,0,0,0,0,0,0,0,0,0,0,0,0,0,0,0,0,0,0,0,0,0,0,0,639
0,0,0,0,0,0,0,0,0,0,0,0,0,0,0,0,0,0,0,0,0,0,0,0,0,0,0,0,0,0,0,0,0,0,0,0,0,0,0,0,0,0,0,0,0,0,0,0,0,0,0,0,0,0,0,0,0,0,0,0,0,0,0,0,0,0,0,0,0,0,0,0,0,0,0,0,0,0,0,0,0,0,0,0,656
0,0,0,0,0,0,0,0,0,0,0,0,0,0,0,0,0,0,0,0,0,0,0,0,0,0,0,0,0,0,0,0,0,0,0,0,0,0,0,0,0,0,0,0,0,0,0,0,0,0,0,0,0,0,0,0,0,0,0,0,0,0,0,0,0,0,0,0,0,0,0,0,0,0,0,0,0,0,0,0,0,0,0,0,673
0,0,0,0,0,0,0,0,0,0,0,0,0,0,0,0,0,0,0,0,0,0,0,0,0,0,0,0,0,0,0,0,0,0,0,0,0,0,0,0,0,0,0,0,0,0,0,0,0,0,0,0,0,0,0,0,0,0,0,0,0,0,0,0,0,0,0,0,0,0,0,0,0,0,0,0,0,0,0,0,0,0,0,0,688
0,0,0,0,0,0,0,0,0,0,0,0,0,0,0,0,0,0,0,0,0,0,0,0,0,0,0,0,0,0,0,0,0,0,0,0,0,0,0,0,0,0,0,0,0,0,0,0,0,0,0,0,0,0,0,0,0,0,0,0,0,0,0,0,0,0,0,0,0,0,0,0,0,0,0,0,0,0,0,0,0,0,0,0,723
0,0,0,0,0,0,0,0,0,0,0,0,0,0,0,0,0,0,0,0,0,0,0,0,0,0,0,0,0,0,0,0,0,0,0,0,0,0,0,0,0,0,0,0,0,0,0,0,0,0,0,0,0,0,0,0,0,0,0,0,0,0,0,0,0,0,0,0,0,0,0,0,0,0,0,0,0,0,0,0,0,0,0,0,756
0,0,0,0,0,0,0,0,0,0,0,0,0,0,0,0,0,0,0,0,0,0,0,0,0,0,0,0,0,0,0,0,0,0,0,0,0,0,0,0,0,0,0,0,0,0,0,0,0,0,0,0,0,0,0,0,0,0,0,0,0,0,0,0,0,0,0,0,0,0,0,0,0,0,0,0,0,0,0,0,0,0,0,0,789
0,0,0,0,0,0,0,0,0,0,0,0,0,0,0,0,0,0,0,0,0,0,0,0,0,0,0,0,0,0,0,0,0,0,0,0,0,0,0,0,0,0,0,0,0,0,0,0,0,0,0,0,0,0,0,0,0,0,0,0,0,0,0,0,0,0,0,0,0,0,0,0,0,0,0,0,0,0,0,0,0,0,0,0,823
0,0,0,0,0,0,0,0,0,0,0,0,0,0,0,0,0,0,0,0,0,0,0,0,0,0,0,0,0,0,0,0,0,0,0,0,0,0,0,0,0,0,0,0,0,0,0,0,0,0,0,0,0,0,0,0,0,0,0,0,0,0,0,0,0,0,0,0,0,0,0,0,0,0,0,0,0,0,0,0,0,0,0,0,854
0,0,0,0,0,0,0,0,0,0,0,0,0,0,0,0,0,0,0,0,0,0,0,0,0,0,0,0,0,0,0,0,0,0,0,0,0,0,0,0,0,0,0,0,0,0,0,0,0,0,0,0,0,0,0,0,0,0,0,0,0,0,0,0,0,0,0,0,0,0,0,0,0,0,0,0,0,0,0,0,0,0,0,0,889
0,0,0,0,0,0,0,0,0,0,0,0,0,0,0,0,0,0,0,0,0,0,0,0,0,0,0,0,0,0,0,0,0,0,0,0,0,0,0,0,0,0,0,0,0,0,0,0,0,0,0,0,0,0,0,0,0,0,0,0,0,0,0,0,0,0,0,0,0,0,0,0,0,0,0,0,0,0,0,0,0,0,0,0,921
0,0,0,0,0,0,0,0,0,0,0,0,0,0,0,0,0,0,0,0,0,0,0,0,0,0,0,0,0,0,0,0,0,0,0,0,0,0,0,0,0,0,0,0,0,0,0,0,0,0,0,0,0,0,0,0,0,0,0,0,0,0,0,0,0,0,0,0,0,0,0,0,0,0,0,0,0,0,0,0,0,0,0,0,955
0,0,0,0,0,0,0,0,0,0,0,0,0,0,0,0,0,0,0,0,0,0,0,0,0,0,0,0,0,0,0,0,0,0,0,0,0,0,0,0,0,0,0,0,0,0,0,0,0,0,0,0,0,0,0,0,0,0,0,0,0,0,0,0,0,0,0,0,0,0,0,0,0,0,0,0,0,0,0,0,0,0,0,0,989
0,0,0,0,0,0,0,0,0,0,0,0,0,0,0,0,0,0,0,0,0,0,0,0,0,0,0,0,0,0,0,0,0,0,0,0,0,0,0,0,0,0,0,0,0,0,0,0,0,0,0,0,0,0,0,0,0,0,0,0,0,0,0,0,0,0,0,0,0,0,0,0,0,0,0,0,0,0,0,0,0,0,0,0,1023
0,0,0,0,0,0,0,0,0,0,0,0,0,0,0,0,0,0,0,0,0,0,0,0,0,0,0,0,0,0,0,0,0,0,0,0,0,0,0,0,0,0,0,0,0,0,0,0,0,0,0,0,0,0,0,0,0,0,0,0,0,0,0,0,0,0,0,0,0,0,0,0,0,0,0,0,0,0,0,0,0,0,0,0,1039
0,0,0,0,0,0,0,0,0,0,0,0,0,0,0,0,0,0,0,0,0,0,0,0,0,0,0,0,0,0,0,0,0,0,0,0,0,0,0,0,0,0,0,0,0,0,0,0,0,0,0,0,0,0,0,0,0,0,0,0,0,0,0,0,0,0,0,0,0,0,0,0,0,0,0,0,0,0,0,0,0,0,0,0,1056
0,0,0,0,0,0,0,0,0,0,0,0,0,0,0,0,0,0,0,0,0,0,0,0,0,0,0,0,0,0,0,0,0,0,0,0,0,0,0,0,0,0,0,0,0,0,0,0,0,0,0,0,0,0,0,0,0,0,0,0,0,0,0,0,0,0,0,0,0,0,0,0,0,0,0,0,0,0,0,0,0,0,0,0,1087
0,0,0,0,0,0,0,0,0,0,0,0,0,0,0,0,0,0,0,0,0,0,0,0,0,0,0,0,0,0,0,0,0,0,0,0,0,0,0,0,0,0,0,0,0,0,0,0,0,0,0,0,0,0,0,0,0,0,0,0,0,0,0,0,0,0,0,0,0,0,0,0,0,0,0,0,0,0,0,0,0,0,0,0,1103
0,0,0,0,0,0,0,0,0,0,0,0,0,0,0,0,0,0,0,0,0,0,0,0,0,0,0,0,0,0,0,0,0,0,0,0,0,0,0,0,0,0,0,0,0,0,0,0,0,0,0,0,0,0,0,0,0,0,0,0,0,0,0,0,0,0,0,0,0,0,0,0,0,0,0,0,0,0,0,0,0,0,0,0,1123
0,0,0,0,0,0,0,0,0,0,0,0,0,0,0,0,0,0,0,0,0,0,0,0,0,0,0,0,0,0,0,0,0,0,0,0,0,0,0,0,0,0,0,0,0,0,0,0,0,0,0,0,0,0,0,0,0,0,0,0,0,0,0,0,0,0,0,0,0,0,0,0,0,0,0,0,0,0,0,0,0,0,0,0,1156
0,0,0,0,0,0,0,0,0,0,0,0,0,0,0,0,0,0,0,0,0,0,0,0,0,0,0,0,0,0,0,0,0,0,0,0,0,0,0,0,0,0,0,0,0,0,0,0,0,0,0,0,0,0,0,0,0,0,0,0,0,0,0,0,0,0,0,0,0,0,0,0,0,0,0,0,0,0,0,0,0,0,0,0,1188
0,0,0,0,0,0,0,0,0,0,0,0,0,0,0,0,0,0,0,0,0,0,0,0,0,0,0,0,0,0,0,0,0,0,0,0,0,0,0,0,0,0,0,0,0,0,0,0,0,0,0,0,0,0,0,0,0,0,0,0,0,0,0,0,0,0,0,0,0,0,0,0,0,0,0,0,0,0,0,0,0,0,0,0,1204
0,0,0,0,0,0,0,0,0,0,0,0,0,0,0,0,0,0,0,0,0,0,0,0,0,0,0,0,0,0,0,0,0,0,0,0,0,0,0,0,0,0,0,0,0,0,0,0,0,0,0,0,0,0,0,0,0,0,0,0,0,0,0,0,0,0,0,0,0,0,0,0,0,0,0,0,0,0,0,0,0,0,0,0,1220
0,0,0,0,0,0,0,0,0,0,0,0,0,0,0,0,0,0,0,0,0,0,0,0,0,0,0,0,0,0,0,0,0,0,0,0,0,0,0,0,0,0,0,0,0,0,0,0,0,0,0,0,0,0,0,0,0,0,0,0,0,0,0,0,0,0,0,0,0,0,0,0,0,0,0,0,0,0,0,0,0,0,0,0,1239
0,0,0,0,0,0,0,0,0,0,0,0,0,0,0,0,0,0,0,0,0,0,0,0,0,0,0,0,0,0,0,0,0,0,0,0,0,0,0,0,0,0,0,0,0,0,0,0,0,0,0,0,0,0,0,0,0,0,0,0,0,0,0,0,0,0,0,0,0,0,0,0,0,0,0,0,0,0,0,0,0,0,0,0,1255
0,0,0,0,0,0,0,0,0,0,0,0,0,0,0,0,0,0,0,0,0,0,0,0,0,0,0,0,0,0,0,0,0,0,0,0,0,0,0,0,0,0,0,0,0,0,0,0,0,0,0,0,0,0,0,0,0,0,0,0,0,0,0,0,0,0,0,0,0,0,0,0,0,0,0,0,0,0,0,0,0,0,0,0,1289
0,0,0,0,0,0,0,0,0,0,0,0,0,0,0,0,0,0,0,0,0,0,0,0,0,0,0,0,0,0,0,0,0,0,0,0,0,0,0,0,0,0,0,0,0,0,0,0,0,0,0,0,0,0,0,0,0,0,0,0,0,0,0,0,0,0,0,0,0,0,0,0,0,0,0,0,0,0,0,0,0,0,0,0,1322
0,0,0,0,0,0,0,0,0,0,0,0,0,0,0,0,0,0,0,0,0,0,0,0,0,0,0,0,0,0,0,0,0,0,0,0,0,0,0,0,0,0,0,0,0,0,0,0,0,0,0,0,0,0,0,0,0,0,0,0,0,0,0,0,0,0,0,0,0,0,0,0,0,0,0,0,0,0,0,0,0,0,0,0,1339
0,0,0,0,0,0,0,0,0,0,0,0,0,0,0,0,0,0,0,0,0,0,0,0,0,0,0,0,0,0,0,0,0,0,0,0,0,0,0,0,0,0,0,0,0,0,0,0,0,0,0,0,0,0,0,0,0,0,0,0,0,0,0,0,0,0,0,0,0,0,0,0,0,0,0,0,0,0,0,0,0,0,0,0,1356
0,0,0,0,0,0,0,0,0,0,0,0,0,0,0,0,0,0,0,0,0,0,0,0,0,0,0,0,0,0,0,0,0,0,0,0,0,0,0,0,0,0,0,0,0,0,0,0,0,0,0,0,0,0,0,0,0,0,0,0,0,0,0,0,0,0,0,0,0,0,0,0,0,0,0,0,0,0,0,0,0,0,0,0,1390
0,0,0,0,0,0,0,0,0,0,0,0,0,0,0,0,0,0,0,0,0,0,0,0,0,0,0,0,0,0,0,0,0,0,0,0,0,0,0,0,0,0,0,0,0,0,0,0,0,0,0,0,0,0,0,0,0,0,0,0,0,0,0,0,0,0,0,0,0,0,0,0,0,0,0,0,0,0,0,0,0,0,0,0,1422
0,0,0,0,0,0,0,0,0,0,0,0,0,0,0,0,0,0,0,0,0,0,0,0,0,0,0,0,0,0,0,0,0,0,0,0,0,0,0,0,0,0,0,0,0,0,0,0,0,0,0,0,0,0,0,0,0,0,0,0,0,0,0,0,0,0,0,0,0,0,0,0,0,0,0,0,0,0,0,0,0,0,0,0,1456
0,0,0,0,0,0,0,0,0,0,0,0,0,0,0,0,0,0,0,0,0,0,0,0,0,0,0,0,0,0,0,0,0,0,0,0,0,0,0,0,0,0,0,0,0,0,0,0,0,0,0,0,0,0,0,0,0,0,0,0,0,0,0,0,0,0,0,0,0,0,0,0,0,0,0,0,0,0,0,0,0,0,0,0,1472
0,0,0,0,0,0,0,0,0,0,0,0,0,0,0,0,0,0,0,0,0,0,0,0,0,0,0,0,0,0,0,0,0,0,0,0,0,0,0,0,0,0,0,0,0,0,0,0,0,0,0,0,0,0,0,0,0,0,0,0,0,0,0,0,0,0,0,0,0,0,0,0,0,0,0,0,0,0,0,0,0,0,0,0,1505
0,0,0,0,0,0,0,0,0,0,0,0,0,0,0,0,0,0,0,0,0,0,0,0,0,0,0,0,0,0,0,0,0,0,0,0,0,0,0,0,0,0,0,0,0,0,0,0,0,0,0,0,0,0,0,0,0,0,0,0,0,0,0,0,0,0,0,0,0,0,0,0,0,0,0,0,0,0,0,0,0,0,0,0,1539
0,0,0,0,0,0,0,0,0,0,0,0,0,0,0,0,0,0,0,0,0,0,0,0,0,0,0,0,0,0,0,0,0,0,0,0,0,0,0,0,0,0,0,0,0,0,0,0,0,0,0,0,0,0,0,0,0,0,0,0,0,0,0,0,0,0,0,0,0,0,0,0,0,0,0,0,0,0,0,0,0,0,0,0,1556
0,0,0,0,0,0,0,0,0,0,0,0,0,0,0,0,0,0,0,0,0,0,0,0,0,0,0,0,0,0,0,0,0,0,0,0,0,0,0,0,0,0,0,0,0,0,0,0,0,0,0,0,0,0,0,0,0,0,0,0,0,0,0,0,0,0,0,0,0,0,0,0,0,0,0,0,0,0,0,0,0,0,0,0,1589
0,0,0,0,0,0,0,0,0,0,0,0,0,0,0,0,0,0,0,0,0,0,0,0,0,0,0,0,0,0,0,0,0,0,0,0,0,0,0,0,0,0,0,0,0,0,0,0,0,0,0,0,0,0,0,0,0,0,0,0,0,0,0,0,0,0,0,0,0,0,0,0,0,0,0,0,0,0,0,0,0,0,0,0,1604
0,0,0,0,0,0,0,0,0,0,0,0,0,0,0,0,0,0,0,0,0,0,0,0,0,0,0,0,0,0,0,0,0,0,0,0,0,0,0,0,0,0,0,0,0,0,0,0,0,0,0,0,0,0,0,0,0,0,0,0,0,0,0,0,0,0,0,0,0,0,0,0,0,0,0,0,0,0,0,0,0,0,0,0,1636
0,0,0,0,0,0,0,0,0,0,0,0,0,0,0,0,0,0,0,0,0,0,0,0,0,0,0,0,0,0,0,0,0,0,0,0,0,0,0,0,0,0,0,0,0,0,0,0,0,0,0,0,0,0,0,0,0,0,0,0,0,0,0,0,0,0,0,0,0,0,0,0,0,0,0,0,0,0,0,0,0,0,0,0,1651
0,0,0,0,0,0,0,0,0,0,0,0,0,0,0,0,0,0,0,0,0,0,0,0,0,0,0,0,0,0,0,0,0,0,0,0,0,0,0,0,0,0,0,0,0,0,0,0,0,0,0,0,0,0,0,0,0,0,0,0,0,0,0,0,0,0,0,0,0,0,0,0,0,0,0,0,0,0,0,0,0,0,0,0,1689
0,0,0,0,0,0,0,0,0,0,0,0,0,0,0,0,0,0,0,0,0,0,0,0,0,0,0,0,0,0,0,0,0,0,0,0,0,0,0,0,0,0,0,0,0,0,0,0,0,0,0,0,0,0,0,0,0,0,0,0,0,0,0,0,0,0,0,0,0,0,0,0,0,0,0,0,0,0,0,0,0,0,0,0,1706
0,0,0,0,0,0,0,0,0,0,0,0,0,0,0,0,0,0,0,0,0,0,0,0,0,0,0,0,0,0,0,0,0,0,0,0,0,0,0,0,0,0,0,0,0,0,0,0,0,0,0,0,0,0,0,0,0,0,0,0,0,0,0,0,0,0,0,0,0,0,0,0,0,0,0,0,0,0,0,0,0,0,0,0,1739
0,0,0,0,0,0,0,0,0,0,0,0,0,0,0,0,0,0,0,0,0,0,0,0,0,0,0,0,0,0,0,0,0,0,0,0,0,0,0,0,0,0,0,0,0,0,0,0,0,0,0,0,0,0,0,0,0,0,0,0,0,0,0,0,0,0,0,0,0,0,0,0,0,0,0,0,0,0,0,0,0,0,0,0,1770
0,0,0,0,0,0,0,0,0,0,0,0,0,0,0,0,0,0,0,0,0,0,0,0,0,0,0,0,0,0,0,0,0,0,0,0,0,0,0,0,0,0,0,0,0,0,0,0,0,0,0,0,0,0,0,0,0,0,0,0,0,0,0,0,0,0,0,0,0,0,0,0,0,0,0,0,0,0,0,0,0,0,0,0,1790
0,0,0,0,0,0,0,0,0,0,0,0,0,0,0,0,0,0,0,0,0,0,0,0,0,0,0,0,0,0,0,0,0,0,0,0,0,0,0,0,0,0,0,0,0,0,0,0,0,0,0,0,0,0,0,0,0,0,0,0,0,0,0,0,0,0,0,0,0,0,0,0,0,0,0,0,0,0,0,0,0,0,0,0,1821
0,0,0,0,0,0,0,0,0,0,0,0,0,0,0,0,0,0,0,0,0,0,0,0,0,0,0,0,0,0,0,0,0,0,0,0,0,0,0,0,0,0,0,0,0,0,0,0,0,0,0,0,0,0,0,0,0,0,0,0,0,0,0,0,0,0,0,0,0,0,0,0,0,0,0,0,0,0,0,0,0,0,0,0,1856
0,0,0,0,0,0,0,0,0,0,0,0,0,0,0,0,0,0,0,0,0,0,0,0,0,0,0,0,0,0,0,0,0,0,0,0,0,0,0,0,0,0,0,0,0,0,0,0,0,0,0,0,0,0,0,0,0,0,0,0,0,0,0,0,0,0,0,0,0,0,0,0,0,0,0,0,0,0,0,0,0,0,0,0,1888
0,0,0,0,0,0,0,0,0,0,0,0,0,0,0,0,0,0,0,0,0,0,0,0,0,0,0,0,0,0,0,0,0,0,0,0,0,0,0,0,0,0,0,0,0,0,0,0,0,0,0,0,0,0,0,0,0,0,0,0,0,0,0,0,0,0,0,0,0,0,0,0,0,0,0,0,0,0,0,0,0,0,0,0,1906
0,0,0,0,0,0,0,0,0,0,0,0,0,0,0,0,0,0,0,0,0,0,0,0,0,0,0,0,0,0,0,0,0,0,0,0,0,0,0,0,0,0,0,0,0,0,0,0,0,0,0,0,0,0,0,0,0,0,0,0,0,0,0,0,0,0,0,0,0,0,0,0,0,0,0,0,0,0,0,0,0,0,0,0,1922
0,0,0,0,0,0,0,0,0,0,0,0,0,0,0,0,0,0,0,0,0,0,0,0,0,0,0,0,0,0,0,0,0,0,0,0,0,0,0,0,0,0,0,0,0,0,0,0,0,0,0,0,0,0,0,0,0,0,0,0,0,0,0,0,0,0,0,0,0,0,0,0,0,0,0,0,0,0,0,0,0,0,0,0,1940
0,0,0,0,0,0,0,0,0,0,0,0,0,0,0,0,0,0,0,0,0,0,0,0,0,0,0,0,0,0,0,0,0,0,0,0,0,0,0,0,0,0,0,0,0,0,0,0,0,0,0,0,0,0,0,0,0,0,0,0,0,0,0,0,0,0,0,0,0,0,0,0,0,0,0,0,0,0,0,0,0,0,0,0,1973
0,0,0,0,0,0,0,0,0,0,0,0,0,0,0,0,0,0,0,0,0,0,0,0,0,0,0,0,0,0,0,0,0,0,0,0,0,0,0,0,0,0,0,0,0,0,0,0,0,0,0,0,0,0,0,0,0,0,0,0,0,0,0,0,0,0,0,0,0,0,0,0,0,0,0,0,0,0,0,0,0,0,0,0,1989
0,0,0,0,0,0,0,0,0,0,0,0,0,0,0,0,0,0,0,0,0,0,0,0,0,0,0,0,0,0,0,0,0,0,0,0,0,0,0,0,0,0,0,0,0,0,0,0,0,0,0,0,0,0,0,0,0,0,0,0,0,0,0,0,0,0,0,0,0,0,0,0,0,0,0,0,0,0,0,0,0,0,0,0,2022
0,0,0,0,0,0,0,0,0,0,0,0,0,0,0,0,0,0,0,0,0,0,0,0,0,0,0,0,0,0,0,0,0,0,0,0,0,0,0,0,0,0,0,0,0,0,0,0,0,0,0,0,0,0,0,0,0,0,0,0,0,0,0,0,0,0,0,0,0,0,0,0,0,0,0,0,0,0,0,0,0,0,0,0,2055
0,0,0,0,0,0,0,0,0,0,0,0,0,0,0,0,0,0,0,0,0,0,0,0,0,0,0,0,0,0,0,0,0,0,0,0,0,0,0,0,0,0,0,0,0,0,0,0,0,0,0,0,0,0,0,0,0,0,0,0,0,0,0,0,0,0,0,0,0,0,0,0,0,0,0,0,0,0,0,0,0,0,0,0,2089
0,0,0,0,0,0,0,0,0,0,0,0,0,0,0,0,0,0,0,0,0,0,0,0,0,0,0,0,0,0,0,0,0,0,0,0,0,0,0,0,0,0,0,0,0,0,0,0,0,0,0,0,0,0,0,0,0,0,0,0,0,0,0,0,0,0,0,0,0,0,0,0,0,0,0,0,0,0,0,0,0,0,0,0,2106
0,0,0,0,0,0,0,0,0,0,0,0,0,0,0,0,0,0,0,0,0,0,0,0,0,0,0,0,0,0,0,0,0,0,0,0,0,0,0,0,0,0,0,0,0,0,0,0,0,0,0,0,0,0,0,0,0,0,0,0,0,0,0,0,0,0,0,0,0,0,0,0,0,0,0,0,0,0,0,0,0,0,0,0,2137
0,0,0,0,0,0,0,0,0,0,0,0,0,0,0,0,0,0,0,0,0,0,0,0,0,0,0,0,0,0,0,0,0,0,0,0,0,0,0,0,0,0,0,0,0,0,0,0,0,0,0,0,0,0,0,0,0,0,0,0,0,0,0,0,0,0,0,0,0,0,0,0,0,0,0,0,0,0,0,0,0,0,0,0,2156
0,0,0,0,0,0,0,0,0,0,0,0,0,0,0,0,0,0,0,0,0,0,0,0,0,0,0,0,0,0,0,0,0,0,0,0,0,0,0,0,0,0,0,0,0,0,0,0,0,0,0,0,0,0,0,0,0,0,0,0,0,0,0,0,0,0,0,0,0,0,0,0,0,0,0,0,0,0,0,0,0,0,0,0,2187
0,0,0,0,0,0,0,0,0,0,0,0,0,0,0,0,0,0,0,0,0,0,0,0,0,0,0,0,0,0,0,0,0,0,0,0,0,0,0,0,0,0,0,0,0,0,0,0,0,0,0,0,0,0,0,0,0,0,0,0,0,0,0,0,0,0,0,0,0,0,0,0,0,0,0,0,0,0,0,0,0,0,0,0,2223
0,0,0,0,0,0,0,0,0,0,0,0,0,0,0,0,0,0,0,0,0,0,0,0,0,0,0,0,0,0,0,0,0,0,0,0,0,0,0,0,0,0,0,0,0,0,0,0,0,0,0,0,0,0,0,0,0,0,0,0,0,0,0,0,0,0,0,0,0,0,0,0,0,0,0,0,0,0,0,0,0,0,0,0,2256
0,0,0,0,0,0,0,0,0,0,0,0,0,0,0,0,0,0,0,0,0,0,0,0,0,0,0,0,0,0,0,0,0,0,0,0,0,0,0,0,0,0,0,0,0,0,0,0,0,0,0,0,0,0,0,0,0,0,0,0,0,0,0,0,0,0,0,0,0,0,0,0,0,0,0,0,0,0,0,0,0,0,0,0,2289
0,0,0,0,0,0,0,0,0,0,0,0,0,0,0,0,0,0,0,0,0,0,0,0,0,0,0,0,0,0,0,0,0,0,0,0,0,0,0,0,0,0,0,0,0,0,0,0,0,0,0,0,0,0,0,0,0,0,0,0,0,0,0,0,0,0,0,0,0,0,0,0,0,0,0,0,0,0,0,0,0,0,0,0,2306
0,0,0,0,0,0,0,0,0,0,0,0,0,0,0,0,0,0,0,0,0,0,0,0,0,0,0,0,0,0,0,0,0,0,0,0,0,0,0,0,0,0,0,0,0,0,0,0,0,0,0,0,0,0,0,0,0,0,0,0,0,0,0,0,0,0,0,0,0,0,0,0,0,0,0,0,0,0,0,0,0,0,0,0,2340
0,0,0,0,0,0,0,0,0,0,0,0,0,0,0,0,0,0,0,0,0,0,0,0,0,0,0,0,0,0,0,0,0,0,0,0,0,0,0,0,0,0,0,0,0,0,0,0,0,0,0,0,0,0,0,0,0,0,0,0,0,0,0,0,0,0,0,0,0,0,0,0,0,0,0,0,0,0,0,0,0,0,0,0,2356
0,0,0,0,0,0,0,0,0,0,0,0,0,0,0,0,0,0,0,0,0,0,0,0,0,0,0,0,0,0,0,0,0,0,0,0,0,0,0,0,0,0,0,0,0,0,0,0,0,0,0,0,0,0,0,0,0,0,0,0,0,0,0,0,0,0,0,0,0,0,0,0,0,0,0,0,0,0,0,0,0,0,0,0,2387
0,0,0,0,0,0,0,0,0,0,0,0,0,0,0,0,0,0,0,0,0,0,0,0,0,0,0,0,0,0,0,0,0,0,0,0,0,0,0,0,0,0,0,0,0,0,0,0,0,0,0,0,0,0,0,0,0,0,0,0,0,0,0,0,0,0,0,0,0,0,0,0,0,0,0,0,0,0,0,0,0,0,0,0,2423
0,0,0,0,0,0,0,0,0,0,0,0,0,0,0,0,0,0,0,0,0,0,0,0,0,0,0,0,0,0,0,0,0,0,0,0,0,0,0,0,0,0,0,0,0,0,0,0,0,0,0,0,0,0,0,0,0,0,0,0,0,0,0,0,0,0,0,0,0,0,0,0,0,0,0,0,0,0,0,0,0,0,0,0,2455
0,0,0,0,0,0,0,0,0,0,0,0,0,0,0,0,0,0,0,0,0,0,0,0,0,0,0,0,0,0,0,0,0,0,0,0,0,0,0,0,0,0,0,0,0,0,0,0,0,0,0,0,0,0,0,0,0,0,0,0,0,0,0,0,0,0,0,0,0,0,0,0,0,0,0,0,0,0,0,0,0,0,0,0,2490
0,0,0,0,0,0,0,0,0,0,0,0,0,0,0,0,0,0,0,0,0,0,0,0,0,0,0,0,0,0,0,0,0,0,0,0,0,0,0,0,0,0,0,0,0,0,0,0,0,0,0,0,0,0,0,0,0,0,0,0,0,0,0,0,0,0,0,0,0,0,0,0,0,0,0,0,0,0,0,0,0,0,0,0,2506
0,0,0,0,0,0,0,0,0,0,0,0,0,0,0,0,0,0,0,0,0,0,0,0,0,0,0,0,0,0,0,0,0,0,0,0,0,0,0,0,0,0,0,0,0,0,0,0,0,0,0,0,0,0,0,0,0,0,0,0,0,0,0,0,0,0,0,0,0,0,0,0,0,0,0,0,0,0,0,0,0,0,0,0,2539
0,0,0,0,0,0,0,0,0,0,0,0,0,0,0,0,0,0,0,0,0,0,0,0,0,0,0,0,0,0,0,0,0,0,0,0,0,0,0,0,0,0,0,0,0,0,0,0,0,0,0,0,0,0,0,0,0,0,0,0,0,0,0,0,0,0,0,0,0,0,0,0,0,0,0,0,0,0,0,0,0,0,0,0,2573
0,0,0,0,0,0,0,0,0,0,0,0,0,0,0,0,0,0,0,0,0,0,0,0,0,0,0,0,0,0,0,0,0,0,0,0,0,0,0,0,0,0,0,0,0,0,0,0,0,0,0,0,0,0,0,0,0,0,0,0,0,0,0,0,0,0,0,0,0,0,0,0,0,0,0,0,0,0,0,0,0,0,0,0,2606
0,0,0,0,0,0,0,0,0,0,0,0,0,0,0,0,0,0,0,0,0,0,0,0,0,0,0,0,0,0,0,0,0,0,0,0,0,0,0,0,0,0,0,0,0,0,0,0,0,0,0,0,0,0,0,0,0,0,0,0,0,0,0,0,0,0,0,0,0,0,0,0,0,0,0,0,0,0,0,0,0,0,0,0,2639
0,0,0,0,0,0,0,0,0,0,0,0,0,0,0,0,0,0,0,0,0,0,0,0,0,0,0,0,0,0,0,0,0,0,0,0,0,0,0,0,0,0,0,0,0,0,0,0,0,0,0,0,0,0,0,0,0,0,0,0,0,0,0,0,0,0,0,0,0,0,0,0,0,0,0,0,0,0,0,0,0,0,0,0,2673
0,0,0,0,0,0,0,0,0,0,0,0,0,0,0,0,0,0,0,0,0,0,0,0,0,0,0,0,0,0,0,0,0,0,0,0,0,0,0,0,0,0,0,0,0,0,0,0,0,0,0,0,0,0,0,0,0,0,0,0,0,0,0,0,0,0,0,0,0,0,0,0,0,0,0,0,0,0,0,0,0,0,0,0,2704
0,0,0,0,0,0,0,0,0,0,0,0,0,0,0,0,0,0,0,0,0,0,0,0,0,0,0,0,0,0,0,0,0,0,0,0,0,0,0,0,0,0,0,0,0,0,0,0,0,0,0,0,0,0,0,0,0,0,0,0,0,0,0,0,0,0,0,0,0,0,0,0,0,0,0,0,0,0,0,0,0,0,0,0,2739
0,0,0,0,0,0,0,0,0,0,0,0,0,0,0,0,0,0,0,0,0,0,0,0,0,0,0,0,0,0,0,0,0,0,0,0,0,0,0,0,0,0,0,0,0,0,0,0,0,0,0,0,0,0,0,0,0,0,0,0,0,0,0,0,0,0,0,0,0,0,0,0,0,0,0,0,0,0,0,0,0,0,0,0,2756
0,0,0,0,0,0,0,0,0,0,0,0,0,0,0,0,0,0,0,0,0,0,0,0,0,0,0,0,0,0,0,0,0,0,0,0,0,0,0,0,0,0,0,0,0,0,0,0,0,0,0,0,0,0,0,0,0,0,0,0,0,0,0,0,0,0,0,0,0,0,0,0,0,0,0,0,0,0,0,0,0,0,0,0,2787
0,0,0,0,0,0,0,0,0,0,0,0,0,0,0,0,0,0,0,0,0,0,0,0,0,0,0,0,0,0,0,0,0,0,0,0,0,0,0,0,0,0,0,0,0,0,0,0,0,0,0,0,0,0,0,0,0,0,0,0,0,0,0,0,0,0,0,0,0,0,0,0,0,0,0,0,0,0,0,0,0,0,0,0,2822
0,0,0,0,0,0,0,0,0,0,0,0,0,0,0,0,0,0,0,0,0,0,0,0,0,0,0,0,0,0,0,0,0,0,0,0,0,0,0,0,0,0,0,0,0,0,0,0,0,0,0,0,0,0,0,0,0,0,0,0,0,0,0,0,0,0,0,0,0,0,0,0,0,0,0,0,0,0,0,0,0,0,0,0,2856
0,0,0,0,0,0,0,0,0,0,0,0,0,0,0,0,0,0,0,0,0,0,0,0,0,0,0,0,0,0,0,0,0,0,0,0,0,0,0,0,0,0,0,0,0,0,0,0,0,0,0,0,0,0,0,0,0,0,0,0,0,0,0,0,0,0,0,0,0,0,0,0,0,0,0,0,0,0,0,0,0,0,0,0,2889
0,0,0,0,0,0,0,0,0,0,0,0,0,0,0,0,0,0,0,0,0,0,0,0,0,0,0,0,0,0,0,0,0,0,0,0,0,0,0,0,0,0,0,0,0,0,0,0,0,0,0,0,0,0,0,0,0,0,0,0,0,0,0,0,0,0,0,0,0,0,0,0,0,0,0,0,0,0,0,0,0,0,0,0,2906
0,0,0,0,0,0,0,0,0,0,0,0,0,0,0,0,0,0,0,0,0,0,0,0,0,0,0,0,0,0,0,0,0,0,0,0,0,0,0,0,0,0,0,0,0,0,0,0,0,0,0,0,0,0,0,0,0,0,0,0,0,0,0,0,0,0,0,0,0,0,0,0,0,0,0,0,0,0,0,0,0,0,0,0,2940
0,0,0,0,0,0,0,0,0,0,0,0,0,0,0,0,0,0,0,0,0,0,0,0,0,0,0,0,0,0,0,0,0,0,0,0,0,0,0,0,0,0,0,0,0,0,0,0,0,0,0,0,0,0,0,0,0,0,0,0,0,0,0,0,0,0,0,0,0,0,0,0,0,0,0,0,0,0,0,0,0,0,0,0,2956
0,0,0,0,0,0,0,0,0,0,0,0,0,0,0,0,0,0,0,0,0,0,0,0,0,0,0,0,0,0,0,0,0,0,0,0,0,0,0,0,0,0,0,0,0,0,0,0,0,0,0,0,0,0,0,0,0,0,0,0,0,0,0,0,0,0,0,0,0,0,0,0,0,0,0,0,0,0,0,0,0,0,0,0,2989
0,0,0,0,0,0,0,0,0,0,0,0,0,0,0,0,0,0,0,0,0,0,0,0,0,0,0,0,0,0,0,0,0,0,0,0,0,0,0,0,0,0,0,0,0,0,0,0,0,0,0,0,0,0,0,0,0,0,0,0,0,0,0,0,0,0,0,0,0,0,0,0,0,0,0,0,0,0,0,0,0,0,0,0,3006
0,0,0,0,0,0,0,0,0,0,0,0,0,0,0,0,0,0,0,0,0,0,0,0,0,0,0,0,0,0,0,0,0,0,0,0,0,0,0,0,0,0,0,0,0,0,0,0,0,0,0,0,0,0,0,0,0,0,0,0,0,0,0,0,0,0,0,0,0,0,0,0,0,0,0,0,0,0,0,0,0,0,0,0,3037
0,0,0,0,0,0,0,0,0,0,0,0,0,0,0,0,0,0,0,0,0,0,0,0,0,0,0,0,0,0,0,0,0,0,0,0,0,0,0,0,0,0,0,0,0,0,0,0,0,0,0,0,0,0,0,0,0,0,0,0,0,0,0,0,0,0,0,0,0,0,0,0,0,0,0,0,0,0,0,0,0,0,0,0,3056
0,0,0,0,0,0,0,0,0,0,0,0,0,0,0,0,0,0,0,0,0,0,0,0,0,0,0,0,0,0,0,0,0,0,0,0,0,0,0,0,0,0,0,0,0,0,0,0,0,0,0,0,0,0,0,0,0,0,0,0,0,0,0,0,0,0,0,0,0,0,0,0,0,0,0,0,0,0,0,0,0,0,0,0,3089
0,0,0,0,0,0,0,0,0,0,0,0,0,0,0,0,0,0,0,0,0,0,0,0,0,0,0,0,0,0,0,0,0,0,0,0,0,0,0,0,0,0,0,0,0,0,0,0,0,0,0,0,0,0,0,0,0,0,0,0,0,0,0,0,0,0,0,0,0,0,0,0,0,0,0,0,0,0,0,0,0,0,0,0,3121
0,0,0,0,0,0,0,0,0,0,0,0,0,0,0,0,0,0,0,0,0,0,0,0,0,0,0,0,0,0,0,0,0,0,0,0,0,0,0,0,0,0,0,0,0,0,0,0,0,0,0,0,0,0,0,0,0,0,0,0,0,0,0,0,0,0,0,0,0,0,0,0,0,0,0,0,0,0,0,0,0,0,0,0,3136
0,0,0,0,0,0,0,0,0,0,0,0,0,0,0,0,0,0,0,0,0,0,0,0,0,0,0,0,0,0,0,0,0,0,0,0,0,0,0,0,0,0,0,0,0,0,0,0,0,0,0,0,0,0,0,0,0,0,0,0,0,0,0,0,0,0,0,0,0,0,0,0,0,0,0,0,0,0,0,0,0,0,0,0,3171
0,0,0,0,0,0,0,0,0,0,0,0,0,0,0,0,0,0,0,0,0,0,0,0,0,0,0,0,0,0,0,0,0,0,0,0,0,0,0,0,0,0,0,0,0,0,0,0,0,0,0,0,0,0,0,0,0,0,0,0,0,0,0,0,0,0,0,0,0,0,0,0,0,0,0,0,0,0,0,0,0,0,0,0,3189
0,0,0,0,0,0,0,0,0,0,0,0,0,0,0,0,0,0,0,0,0,0,0,0,0,0,0,0,0,0,0,0,0,0,0,0,0,0,0,0,0,0,0,0,0,0,0,0,0,0,0,0,0,0,0,0,0,0,0,0,0,0,0,0,0,0,0,0,0,0,0,0,0,0,0,0,0,0,0,0,0,0,0,0,3205
0,0,0,0,0,0,0,0,0,0,0,0,0,0,0,0,0,0,0,0,0,0,0,0,0,0,0,0,0,0,0,0,0,0,0,0,0,0,0,0,0,0,0,0,0,0,0,0,0,0,0,0,0,0,0,0,0,0,0,0,0,0,0,0,0,0,0,0,0,0,0,0,0,0,0,0,0,0,0,0,0,0,0,0,3239
0,0,0,0,0,0,0,0,0,0,0,0,0,0,0,0,0,0,0,0,0,0,0,0,0,0,0,0,0,0,0,0,0,0,0,0,0,0,0,0,0,0,0,0,0,0,0,0,0,0,0,0,0,0,0,0,0,0,0,0,0,0,0,0,0,0,0,0,0,0,0,0,0,0,0,0,0,0,0,0,0,0,0,0,3256
0,0,0,0,0,0,0,0,0,0,0,0,0,0,0,0,0,0,0,0,0,0,0,0,0,0,0,0,0,0,0,0,0,0,0,0,0,0,0,0,0,0,0,0,0,0,0,0,0,0,0,0,0,0,0,0,0,0,0,0,0,0,0,0,0,0,0,0,0,0,0,0,0,0,0,0,0,0,0,0,0,0,0,0,3288
0,0,0,0,0,0,0,0,0,0,0,0,0,0,0,0,0,0,0,0,0,0,0,0,0,0,0,0,0,0,0,0,0,0,0,0,0,0,0,0,0,0,0,0,0,0,0,0,0,0,0,0,0,0,0,0,0,0,0,0,0,0,0,0,0,0,0,0,0,0,0,0,0,0,0,0,0,0,0,0,0,0,0,0,3306
0,0,0,0,0,0,0,0,0,0,0,0,0,0,0,0,0,0,0,0,0,0,0,0,0,0,0,0,0,0,0,0,0,0,0,0,0,0,0,0,0,0,0,0,0,0,0,0,0,0,0,0,0,0,0,0,0,0,0,0,0,0,0,0,0,0,0,0,0,0,0,0,0,0,0,0,0,0,0,0,0,0,0,0,3323
0,0,0,0,0,0,0,0,0,0,0,0,0,0,0,0,0,0,0,0,0,0,0,0,0,0,0,0,0,0,0,0,0,0,0,0,0,0,0,0,0,0,0,0,0,0,0,0,0,0,0,0,0,0,0,0,0,0,0,0,0,0,0,0,0,0,0,0,0,0,0,0,0,0,0,0,0,0,0,0,0,0,0,0,3339
0,0,0,0,0,0,0,0,0,0,0,0,0,0,0,0,0,0,0,0,0,0,0,0,0,0,0,0,0,0,0,0,0,0,0,0,0,0,0,0,0,0,0,0,0,0,0,0,0,0,0,0,0,0,0,0,0,0,0,0,0,0,0,0,0,0,0,0,0,0,0,0,0,0,0,0,0,0,0,0,0,0,0,0,3373
0,0,0,0,0,0,0,0,0,0,0,0,0,0,0,0,0,0,0,0,0,0,0,0,0,0,0,0,0,0,0,0,0,0,0,0,0,0,0,0,0,0,0,0,0,0,0,0,0,0,0,0,0,0,0,0,0,0,0,0,0,0,0,0,0,0,0,0,0,0,0,0,0,0,0,0,0,0,0,0,0,0,0,0,3389
0,0,0,0,0,0,0,0,0,0,0,0,0,0,0,0,0,0,0,0,0,0,0,0,0,0,0,0,0,0,0,0,0,0,0,0,0,0,0,0,0,0,0,0,0,0,0,0,0,0,0,0,0,0,0,0,0,0,0,0,0,0,0,0,0,0,0,0,0,0,0,0,0,0,0,0,0,0,0,0,0,0,0,0,3406
0,0,0,0,0,0,0,0,0,0,0,0,0,0,0,0,0,0,0,0,0,0,0,0,0,0,0,0,0,0,0,0,0,0,0,0,0,0,0,0,0,0,0,0,0,0,0,0,0,0,0,0,0,0,0,0,0,0,0,0,0,0,0,0,0,0,0,0,0,0,0,0,0,0,0,0,0,0,0,0,0,0,0,0,3438
0,0,0,0,0,0,0,0,0,0,0,0,0,0,0,0,0,0,0,0,0,0,0,0,0,0,0,0,0,0,0,0,0,0,0,0,0,0,0,0,0,0,0,0,0,0,0,0,0,0,0,0,0,0,0,0,0,0,0,0,0,0,0,0,0,0,0,0,0,0,0,0,0,0,0,0,0,0,0,0,0,0,0,0,3456
0,0,0,0,0,0,0,0,0,0,0,0,0,0,0,0,0,0,0,0,0,0,0,0,0,0,0,0,0,0,0,0,0,0,0,0,0,0,0,0,0,0,0,0,0,0,0,0,0,0,0,0,0,0,0,0,0,0,0,0,0,0,0,0,0,0,0,0,0,0,0,0,0,0,0,0,0,0,0,0,0,0,0,0,3489
0,0,0,0,0,0,0,0,0,0,0,0,0,0,0,0,0,0,0,0,0,0,0,0,0,0,0,0,0,0,0,0,0,0,0,0,0,0,0,0,0,0,0,0,0,0,0,0,0,0,0,0,0,0,0,0,0,0,0,0,0,0,0,0,0,0,0,0,0,0,0,0,0,0,0,0,0,0,0,0,0,0,0,0,3505
0,0,0,0,0,0,0,0,0,0,0,0,0,0,0,0,0,0,0,0,0,0,0,0,0,0,0,0,0,0,0,0,0,0,0,0,0,0,0,0,0,0,0,0,0,0,0,0,0,0,0,0,0,0,0,0,0,0,0,0,0,0,0,0,0,0,0,0,0,0,0,0,0,0,0,0,0,0,0,0,0,0,0,0,3539
0,0,0,0,0,0,0,0,0,0,0,0,0,0,0,0,0,0,0,0,0,0,0,0,0,0,0,0,0,0,0,0,0,0,0,0,0,0,0,0,0,0,0,0,0,0,0,0,0,0,0,0,0,0,0,0,0,0,0,0,0,0,0,0,0,0,0,0,0,0,0,0,0,0,0,0,0,0,0,0,0,0,0,0,3555
0,0,0,0,0,0,0,0,0,0,0,0,0,0,0,0,0,0,0,0,0,0,0,0,0,0,0,0,0,0,0,0,0,0,0,0,0,0,0,0,0,0,0,0,0,0,0,0,0,0,0,0,0,0,0,0,0,0,0,0,0,0,0,0,0,0,0,0,0,0,0,0,0,0,0,0,0,0,0,0,0,0,0,0,3589
0,0,0,0,0,0,0,0,0,0,0,0,0,0,0,0,0,0,0,0,0,0,0,0,0,0,0,0,0,0,0,0,0,0,0,0,0,0,0,0,0,0,0,0,0,0,0,0,0,0,0,0,0,0,0,0,0,0,0,0,0,0,0,0,0,0,0,0,0,0,0,0,0,0,0,0,0,0,0,0,0,0,0,0,3621
25,1858,669,1618,3341,768,2819,27,2214,3160,1947,2062,4585,5455,1707,5862,3423,5613,4937,4099,2072,4037,0,0,0,0,0,0,0,0,0,0,0,0,0,0,0,0,0,0,0,0,0,0,0,0,0,0,0,0,0,0,0,0,0,0,0,0,0,1055,1347,702,0,0,0,0,313,558,344,0,0,0,0,0,15,0,0,0,0,208,127,295,1839,18,3652
32,2226,566,1274,2800,921,2638,22,2100,2674,1947,2062,4585,5455,1707,5862,3423,5613,4937,4099,2072,4037,5320,5238,3260,4112,5327,6735,2481,3986,2401,4621,6179,4400,2977,5441,4551,4501,7435,6739,4740,2290,6700,6255,6211,4041,5933,6340,2879,2732,4754,2207,3911,3283,4225,3720,2098,6888,4112,2255,4397,4662,2153,677,1359,2259,1206,2188,3056,1065,383,1897,2324,1963,671,2028,1077,1807,1214,611,1025,184,2091,360,3689
32,2226,566,1274,2800,921,2638,22,2100,2674,1080,926,863,978,73,6566,2326,1878,2387,4014,1846,33,3953,1306,2107,712,2161,3769,439,4618,484,2042,2974,3153,2506,780,4903,3603,5519,5224,4344,1713,6700,6255,6211,4041,5933,6340,2879,2732,4754,2207,3911,3283,4225,3720,2098,6888,4112,2255,4397,4662,2153,677,1359,2259,1206,2188,3056,1065,383,1897,2324,1963,671,2028,1077,1807,1214,611,1025,184,2091,360,3705
3982,7231,5114,3877,5095,2465,5621,306,3440,4686,4356,4363,5472,6865,2656,5941,4201,6578,5311,4308,2454,4417,5491,5360,3266,4292,2161,3769,439,4618,484,2042,2974,3153,2506,780,4903,3603,5519,5224,4344,1713,5005,5609,4968,2616,5306,4827,2962,2853,5258,2557,4330,4100,6404,3788,2375,7136,4093,2165,4988,6461,6370,1226,6146,4632,2012,5023,4494,7345,1830,3374,5462,5281,4251,3900,4196,6169,7475,6811,5348,6394,5034,1240,3738
3982,7231,5114,3877,5095,2465,5621,306,3440,4686,4356,4363,5472,6865,2656,5941,4201,6578,5311,4308,2454,4417,5491,5360,3266,4292,5349,6826,2485,4000,1799,4089,5313,4236,2928,5474,4608,4304,5913,5639,4799,2306,6709,6334,6352,3743,5562,6401,2809,2869,5055,2625,4423,4107,6404,3788,2375,7136,4093,2165,4988,6461,6370,1226,6146,4632,2012,5023,4494,7345,1830,3374,5462,5281,4251,3900,4196,6169,7475,6811,5348,6394,5034,1240,3754
3033,7270,4630,4068,5124,2650,4166,291,3414,4437,4343,4206,5493,6903,2651,5965,4243,6497,5291,4337,2732,4460,5601,5680,3259,4335,5505,6895,2571,3965,3607,4696,6327,4584,3061,5698,4803,5782,5913,5639,4799,2306,6709,6334,6352,3743,5562,6401,2809,2869,5055,2625,4423,4107,6025,3745,2524,7309,4147,2186,4750,6186,6063,1179,5159,3886,1913,4067,4270,6348,264,2384,3844,4575,3936,3817,3462,3961,7328,6261,5434,6200,5242,1497,3788
3033,7270,4630,4068,5124,2650,4166,291,3414,4437,4343,4206,5493,6903,2651,5965,4243,6497,5291,4337,2732,4460,5601,5680,3259,4335,5505,6895,2571,3965,3607,4696,6327,4584,3061,5698,4803,5782,7520,8013,5022,2750,6981,6577,6769,4909,6912,6928,3752,4567,6198,3039,4668,4266,7158,3916,2393,7367,4082,2188,5102,6591,6794,1246,6225,4648,1967,4806,4394,6678,264,2384,3844,4575,3936,3817,3462,3961,7328,6261,5434,6200,5242,1497,3804
3054,7290,4863,4048,5157,2700,4148,273,3389,4453,4337,4072,5503,6932,2629,6000,4140,6586,5260,4327,2581,4429,5552,5390,3273,4363,5470,6909,2560,4082,1980,4587,6141,4541,3072,5694,4589,4400,7681,7963,4955,2768,6967,6585,6713,4868,6972,6950,3777,4552,6198,3039,4668,4266,7158,3916,2393,7367,4082,2188,5102,6591,6794,1246,6225,4648,1967,4806,4394,6678,1762,2650,3945,4698,4095,3937,3847,3784,7620,6386,5470,6247,5267,1576,3839
3073,7318,4881,4052,5148,2757,4148,273,3389,4453,4337,4072,5503,6932,2629,6000,4140,6586,5260,4327,2581,4429,5552,5390,3273,4363,5470,6909,2560,4082,1980,4587,6141,4541,3072,5694,4589,4400,7681,7963,4955,2768,6967,6585,6713,4868,6972,6950,3777,4552,6159,2991,4626,4187,7174,3923,2382,7360,4116,2186,5000,6606,6770,1222,6246,4669,1955,4874,4426,6709,1895,2857,4082,4717,4118,3946,3923,3828,7675,6607,5504,6270,5325,1553,3856
3073,7318,4881,4052,5148,2757,4105,275,3405,4448,4386,4204,5515,6879,2629,6014,4133,6599,5272,4359,2992,4434,5603,5443,3286,4373,5470,6892,2568,4082,1968,4305,5821,4551,3065,5688,4589,4398,7681,7963,4955,2768,6967,6585,6713,4868,6972,6950,3777,4552,6159,2991,4626,4187,7174,3923,2382,7360,4116,2186,5000,6606,6770,1222,6246,4669,1955,4874,4426,6709,1895,2857,4082,4717,4118,3946,3923,3828,7675,6607,5504,6270,5325,1553,3872
3073,7318,4881,4052,5148,2757,4105,275,3405,4448,4386,4204,5515,6879,2629,6014,4133,6599,5272,4359,2992,4434,5603,5443,3286,4373,5470,6892,2568,4082,1968,4305,5821,4551,3065,5688,4589,4398,7741,7826,4719,2742,6978,6594,6719,4455,6513,6966,3765,4538,6101,2956,4646,4243,7168,3937,2378,7384,4103,2181,5080,6584,6814,1226,6222,4665,1963,4896,4404,6716,1895,2857,4082,4717,4118,3946,3923,3828,7675,6607,5504,6270,5325,1553,3889
3580,7215,4897,4028,5115,2696,4833,284,3414,4471,4404,4197,5518,6944,2641,5995,4151,6606,5275,4359,3061,4440,5606,5469,3272,4357,5518,6914,2570,4077,2100,4626,6206,4606,3085,5700,4563,4580,7672,7788,4729,2857,6955,6601,6726,4858,6935,6981,4115,4566,6101,2956,4646,4243,7168,3937,2378,7384,4103,2181,5080,6584,6814,1226,6222,4665,1963,4896,4404,6716,3675,3203,4195,4736,4114,3977,3955,3533,7694,6945,5445,6267,5325,1555,3922
3580,7215,4897,4028,5115,2696,4833,284,3414,4471,4404,4197,5518,6944,2641,5995,4151,6606,5275,4359,3061,4440,5606,5469,3272,4357,5518,6914,2570,4077,2100,4626,6206,4606,3085,5700,4563,4580,7672,7788,4729,2857,6955,6601,6726,4858,6935,6981,4115,4566,6116,2974,4655,4252,7191,3947,2377,7378,4111,2181,5068,6621,6802,1230,6253,4690,1963,4907,4436,6784,3712,3131,4180,4736,4124,3932,4014,3517,7718,7020,5476,6267,5325,1555,3937
3538,7250,4890,4048,5115,2702,4785,300,3422,4500,4412,4239,5518,6964,2654,6043,4160,6612,5288,4369,2998,4465,5606,5515,3286,4354,5518,6885,2594,4014,2454,4604,6221,4594,3015,5723,4514,4969,7631,7972,5237,5019,6965,6577,6754,4908,6981,6959,4080,4551,6140,3008,4635,4226,7200,3888,2381,7396,4105,2190,5092,6613,6802,1230,6253,4690,1963,4907,4436,6784,3712,3131,4180,4736,4124,3932,4014,3517,7718,7020,5476,6267,5337,1567,3969
3338,7299,4898,4016,5069,2686,5343,283,3422,4471,4412,4239,5518,6964,2654,6043,4160,6612,5288,4369,2998,4465,5606,5515,3286,4354,5518,6885,2594,4014,2454,4604,6221,4594,3015,5723,4514,4969,7631,7972,5237,5019,6965,6577,6754,4908,6981,6959,4080,4551,6140,3008,4635,4226,7200,3888,2381,7396,4105,2190,5092,6613,6775,1228,6253,4685,1967,4907,4446,6884,3716,3236,4219,4736,4133,3950,4064,3543,7737,7052,5456,6281,5349,1564,3989
3338,7299,4898,4016,5069,2686,5343,283,3422,4471,4421,4249,5530,6998,2645,6034,4175,6612,5288,4379,3078,4472,5644,5519,3265,4364,5507,6800,2586,4014,2525,4624,6198,4572,2988,5732,4501,5236,7606,7972,5180,4770,6955,6577,6790,4908,7004,6975,4299,4558,6140,3008,4635,4226,7200,3888,2381,7396,4105,2190,5092,6613,6775,1228,6253,4685,1967,4907,4446,6884,3716,3236,4219,4736,4133,3950,4064,3543,7737,7052,5456,6281,5349,1564,4006
3591,7226,4917,4044,5057,2725,5346,284,3430,4480,4421,4249,5530,6994,2658,6034,4166,6592,5288,4346,3076,4486,5620,5528,3265,4364,5485,6763,2594,4014,2525,4624,6198,4572,2988,5732,4501,5236,7606,7972,5180,4770,6955,6577,6790,4908,7004,6975,4299,4558,6155,3030,4645,4239,7200,3903,2385,7414,4103,2210,5103,6591,6788,1232,6268,4701,1971,4942,4446,6980,3750,3243,4226,4746,4133,3927,4134,3549,7785,7092,5456,6281,5349,1596,4037
3591,7226,4917,4044,5057,2725,5346,284,3430,4480,4421,4249,5530,6994,2658,6034,4166,6592,5288,4346,3076,4486,5620,5528,3265,4364,5485,6763,2594,4014,2459,4624,6198,4559,2978,5727,4525,5010,7626,7967,5259,5300,6977,6593,6775,4929,7020,6975,4330,4556,6170,3024,4654,4259,7217,3902,2377,7414,4103,2210,5103,6591,6788,1232,6268,4701,1971,4942,4446,6980,3750,3243,4226,4746,4133,3927,4134,3549,7785,7092,5456,6281,5349,1596,4053
3565,7243,4908,4044,5057,2731,5369,285,3439,4480,4421,4249,5530,7003,2662,6034,4163,6592,5276,4356,3081,4477,5596,5498,3265,4354,5485,6718,2599,4024,2551,4604,6212,4570,2937,5727,4512,5050,7642,7967,5259,5603,6973,6609,6776,4929,7020,6975,4330,4556,6170,3024,4654,4259,7217,3902,2377,7414,4135,2190,5103,6591,6776,1220,6268,4711,1967,4919,4446,7009,3750,3236,4229,4746,4133,3927,4135,3549,7761,7069,5456,6244,5361,1592,4088
3565,7243,4908,4044,5057,2731,5369,285,3439,4480,4421,4249,5530,7003,2662,6034,4163,6592,5276,4356,3081,4477,5596,5498,3265,4354,5485,6718,2599,4024,2551,4604,6212,4570,2937,5727,4512,5050,7642,7967,5259,5603,6973,6609,6776,4929,7027,6975,4377,4571,6155,2997,4645,4226,7178,3859,2377,7390,4106,2190,5069,6568,6738,1220,6268,4680,1971,4919,4446,6992,3755,3268,4247,4746,4124,3936,4132,3549,7761,7069,5456,6244,5361,1592,4106
3603,7226,4917,4044,5034,2776,5371,285,3439,4474,4401,4216,5520,6972,2646,6048,4164,6592,5288,4366,3105,4469,5620,5537,3272,4354,5462,6699,2591,3975,2995,4573,6212,4570,2910,5755,4487,5403,7601,7967,5271,5566,7000,6609,6797,4939,7043,6990,4746,4578,6170,3016,4645,4226,7171,3847,2384,7414,4106,2190,5069,6568,6738,1220,6268,4680,1971,4919,4446,6992,3755,3268,4247,4746,4124,3936,4132,3549,7761,7098,5456,6267,5349,1582,4137
3597,7243,4948,4044,5057,2805,5371,285,3439,4474,4401,4216,5520,6972,2646,6048,4164,6592,5288,4366,3105,4469,5620,5537,3272,4354,5462,6699,2591,3975,2995,4573,6212,4570,2910,5755,4487,5403,7601,7967,5271,5566,7000,6609,6797,4939,7043,6990,4746,4578,6170,3016,4645,4226,7171,3847,2384,7414,4103,2190,5103,6583,6757,1222,6268,4690,1971,4919,4457,7011,3767,3268,4235,4776,4157,3936,4140,3555,7804,7113,5467,6273,5339,1601,4156
3597,7243,4948,4044,5057,2805,5351,285,3439,4485,4430,4249,5542,6972,2666,6048,4156,6572,5276,4334,3157,4469,5582,5525,3238,4341,5462,6660,2567,3941,2969,4543,6175,4559,2910,5730,4476,5381,7565,7926,5237,5555,6952,6545,6756,4908,7004,6990,4746,4570,6170,3022,4654,4226,7194,3867,2404,7414,4120,2190,5103,6583,6757,1210,6243,4699,1971,4919,4457,6992,3767,3292,4253,4756,4157,3936,4140,3555,7804,7113,5467,6273,5339,1601,4188
3726,7219,4938,4056,5034,2828,5352,286,3439,4492,4430,4272,5542,6986,2670,6048,4152,6605,5288,4376,3209,4490,5582,5525,3238,4341,5462,6660,2567,3941,2969,4543,6175,4559,2910,5730,4476,5381,7565,7926,5237,5555,6952,6545,6756,4908,7004,6990,4746,4570,6170,3022,4654,4226,7194,3867,2404,7414,4120,2190,5103,6583,6757,1210,6243,4699,1971,4919,4457,6992,3767,3292,4253,4756,4157,3914,4148,3561,7804,7101,5447,6273,5339,1585,4206
3726,7195,4948,4044,5034,2834,5352,286,3439,4492,4430,4272,5542,6986,2670,6048,4152,6605,5288,4376,3209,4490,5609,5569,3272,4375,5487,6692,2595,3975,2995,4573,6212,4580,2915,5748,4463,5424,7601,7967,5271,5607,6974,6585,6776,4929,7043,6990,4794,4554,6170,3022,4674,4226,7194,3862,2388,7414,4120,2195,5103,6598,6751,1226,6243,4699,1971,4930,4479,7019,3773,3292,4256,4756,4166,3914,4148,3550,7780,7086,5467,6273,5339,1588,4239
3726,7195,4948,4044,5034,2834,5342,286,3439,4502,4421,4282,5555,6994,2659,6048,4170,6605,5288,4376,3261,4490,5609,5560,3272,4375,5475,6699,2595,3975,3029,4573,6212,4580,2927,5748,4487,5456,7601,7967,5271,5607,6974,6585,6776,4929,7043,6990,4794,4554,6170,3022,4674,4226,7194,3862,2388,7414,4120,2195,5103,6598,6751,1226,6243,4699,1971,4930,4479,7019,3773,3292,4256,4756,4166,3914,4148,3550,7780,7086,5467,6273,5339,1588,4256
3763,7195,4958,4052,5046,2879,5363,287,3439,4502,4439,4282,5542,6960,2659,6048,4170,6626,5300,4376,3287,4496,5609,5560,3272,4375,5475,6699,2595,3975,3029,4573,6212,4580,2927,5748,4487,5456,7601,7967,5283,5776,6974,6569,6790,4939,7060,6990,4833,4554,6170,3029,4654,4249,7210,3862,2388,7414,4128,2195,5103,6583,6791,1226,6243,4688,1971,4930,4479,7033,3773,3292,4244,4756,4133,3922,4145,3566,7804,7101,5467,6273,5328,1591,4288
3766,7195,4958,4052,5046,2879,5363,287,3439,4502,4439,4282,5542,6960,2659,6048,4170,6626,5300,4376,3287,4496,5609,5580,3272,4375,5475,6653,2592,3951,3070,4573,6212,4580,2913,5744,4487,5456,7581,7967,5306,5933,6955,6609,6804,4918,7043,6990,4822,4528,6185,3035,4654,4236,7171,3877,3044,7512,4128,2195,5115,6598,6751,1217,6259,4688,1951,4919,4467,7027,3766,3292,4273,4756,4133,3922,4153,3541,7804,7116,5467,6281,5339,1594,4322
3766,7195,4948,4044,5046,2857,5354,288,3439,4511,4430,4282,5555,6968,2660,6048,4170,6605,5300,4366,3333,4480,5634,5560,3272,4375,5487,6653,2592,3975,3076,4593,6212,4603,2913,5728,4474,5488,7581,7967,5306,5933,6955,6609,6804,4918,7043,6990,4822,4528,6185,3035,4654,4236,7171,3877,3044,7512,4128,2195,5115,6598,6751,1217,6259,4688,1951,4919,4467,7027,3766,3292,4273,4756,4133,3922,4153,3541,7804,7116,5467,6281,5339,1594,4339
3804,7195,4958,4052,5046,2834,5364,288,3439,4481,4430,4249,5555,6962,2660,6039,4190,6605,5300,4366,3333,4480,5634,5560,3272,4375,5487,6653,2592,3975,3076,4593,6212,4603,2913,5728,4474,5488,7581,7986,5306,5984,6955,6585,6804,4939,7043,6990,4822,4535,6146,3008,4674,4249,7188,3877,3076,7555,4128,2195,5115,6598,6751,1217,6243,4688,1975,4930,4489,7027,3776,3463,4356,4765,4166,3922,4153,3541,7799,7116,5467,6258,5351,1594,4373
3858,7188,4958,4052,5046,2834,5364,288,3439,4481,4430,4249,5555,6962,2660,6039,4190,6605,5324,4376,3333,4471,5623,5571,3272,4375,5487,6627,2600,3985,3097,4602,6235,4580,2899,5737,4463,5497,7581,7986,5328,6134,6939,6601,6798,4939,7060,7022,4861,4542,6146,3029,4684,4236,7188,3865,3065,7530,4166,2195,5115,6598,6745,1219,6234,4708,1975,4930,4489,7041,3782,3471,4386,4756,4166,3914,4150,3547,7775,7110,5478,6296,5328,1581,4406
3858,7188,4968,4044,5046,2857,5355,304,3447,4490,4439,4282,5532,6976,2680,6063,4187,6605,5324,4399,3418,4487,5623,5571,3272,4375,5487,6640,2596,3970,3125,4602,6212,4603,2905,5762,4474,5509,7581,7944,5294,6126,6950,6601,6798,4939,7060,7006,4881,4542,6185,3035,4704,4259,7210,3853,3086,7506,4116,2195,5115,6583,6758,1219,6225,4698,1971,4953,4489,7035,3782,3471,4386,4756,4166,3914,4150,3547,7775,7110,5478,6296,5328,1581,4434
3868,7156,4968,4052,5034,2857,5375,304,3439,4490,4430,4272,5555,6976,2664,6044,4178,6619,5324,4399,3418,4501,5626,5583,3279,4398,5487,6640,2596,3970,3125,4602,6212,4603,2905,5762,4474,5509,7581,7944,5294,6126,6950,6601,6798,4939,7060,7006,4881,4542,6185,3035,4704,4259,7210,3853,3086,7506,4116,2195,5115,6583,6758,1219,6225,4698,1971,4953,4489,7035,3804,3471,4356,4756,4166,3922,4178,3531,7769,7110,5467,6273,5328,1581,4457
3868,7156,4968,4052,5034,2857,5375,304,3439,4490,4430,4272,5555,6976,2664,6044,4178,6619,5324,4399,3418,4501,5626,5583,3279,4398,5475,6620,2600,3970,3097,4602,6226,4603,2905,5730,4583,5520,7601,7986,5306,6126,6950,6691,6812,4949,7060,7006,4881,4542,6200,3041,4704,4236,7210,3861,3065,7500,4116,2199,5115,6598,6758,1219,6200,4698,1975,4953,4512,7035,3804,3529,4395,4756,4166,3931,4169,3531,7794,7145,5478,6273,5328,1581,4490
3884,7156,4979,4065,5046,2902,5335,289,3455,4500,4430,4282,5555,6950,2668,6078,4196,6626,5324,4399,3458,4478,5612,5562,3279,4375,5475,6620,2604,3970,3125,4593,6273,4625,2905,5730,4583,5520,7601,7986,5306,6126,6950,6691,6812,4949,7060,7006,4881,4542,6200,3041,4704,4236,7210,3861,3065,7500,4116,2199,5115,6598,6758,1219,6200,4698,1975,4953,4512,7035,3804,3529,4395,4756,4166,3931,4169,3531,7794,7145,5478,6273,5351,1600,4506
3884,7156,4979,4065,5046,2902,5335,289,3455,4500,4430,4282,5555,6950,2668,6078,4196,6626,5324,4399,3458,4478,5612,5562,3279,4375,5475,6620,2604,3970,3125,4593,6273,4625,2905,5755,4583,5520,7596,7944,5283,6106,6945,6715,6791,4949,7083,7022,4881,4533,6176,3041,4674,4259,7204,3853,3065,7500,4104,2195,5115,6598,6772,1221,6225,4687,1975,4953,4512,7035,3804,3529,4395,4756,4166,3931,4169,3531,7794,7145,5478,6273,5351,1600,4522
3945,7132,4979,4073,5046,2902,5366,289,3464,4509,4430,4282,5555,6950,2668,6078,4196,6626,5324,4399,3458,4478,5612,5562,3279,4375,5475,6620,2604,3970,3125,4593,6273,4625,2905,5755,4583,5520,7596,7944,5283,6106,6945,6715,6791,4949,7083,7022,4881,4533,6176,3041,4674,4259,7204,3853,3065,7500,4104,2195,5115,6598,6772,1221,6225,4687,1971,4953,4522,7055,3816,3520,4405,4765,4166,3922,4150,3542,7769,7118,5467,6273,5351,1581,4539
3945,7132,4979,4073,5046,2902,5366,289,3464,4509,4439,4282,5542,6936,2668,6053,4196,6619,5324,4399,3498,4501,5612,5562,3279,4375,5500,6620,2604,3970,3125,4602,6250,4625,2910,5755,4583,5520,7596,7939,5250,6126,6945,6666,6791,4949,7083,7022,4881,4533,6176,3041,4674,4259,7204,3853,3065,7500,4104,2195,5115,6598,6772,1221,6225,4687,1971,4953,4522,7055,3816,3520,4405,4765,4166,3922,4150,3542,7769,7118,5467,6273,5351,1581,4555
3951,7132,4989,4052,5011,2902,5346,306,3455,4469,4439,4282,5555,6970,2681,6039,4175,6619,5324,4399,3498,4645,5612,5574,3272,4375,5500,6620,2604,3970,3125,4602,6250,4625,2910,5755,4583,5520,7596,7939,5250,6126,6945,6666,6791,4949,7083,7029,4881,4557,6176,3020,4704,4259,7188,3853,3059,7500,4125,2224,5115,6598,6772,1207,6210,4708,1975,4942,4522,7049,3816,3504,4416,4756,4143,3922,4158,3542,7769,7104,5478,6273,5328,1581,4588
3951,7132,4989,4052,5011,2902,5346,306,3455,4469,4439,4282,5555,6970,2681,6039,4175,6619,5324,4399,3498,4645,5612,5574,3272,4375,5487,6613,2633,3970,3152,4623,6273,4625,2910,5799,4558,5574,7560,7916,5250,6138,6935,6691,6791,4949,7066,7022,4910,4532,6176,3048,4704,4269,7204,3873,3053,7500,4125,2224,5115,6598,6772,1207,6210,4708,1975,4942,4522,7049,3816,3504,4416,4756,4143,3922,4158,3542,7769,7104,5478,6273,5328,1581,4606
3980,7139,4968,4073,5023,2925,5346,290,3455,4488,4439,4282,5568,6950,2681,6059,4187,6653,5324,4399,3485,4652,5612,5574,3279,4375,5500,6613,2637,3960,3145,4623,6273,4625,2910,5767,4704,5553,7596,7962,5306,6118,6935,6691,6791,4949,7066,7022,4910,4532,6176,3048,4704,4269,7204,3873,3053,7500,4112,2183,5115,6590,6772,1211,6250,4697,1959,4941,4512,7063,3828,3504,4405,4765,4166,3931,4178,3570,7769,7118,5478,6296,5340,1584,4639
3980,7139,4968,4073,5023,2925,5346,290,3455,4488,4439,4282,5568,6950,2681,6059,4187,6653,5324,4399,3485,4652,5612,5574,3279,4375,5500,6613,2637,3960,3145,4623,6273,4625,2910,5767,4704,5553,7596,7962,5306,6118,6946,6691,6784,4949,7083,7022,4950,4546,6206,3048,4674,4259,7188,3861,3069,7561,4112,2199,5115,6590,6752,1213,6240,4728,1975,4953,4522,7049,3834,3538,4384,4765,4166,3931,4178,3570,7769,7118,5478,6296,5340,1584,4656
3996,7149,4989,4073,5023,2931,5366,306,3472,4509,4448,4282,5545,6950,2686,6053,4184,6619,5300,4376,3504,4676,5626,5574,3279,4385,5477,6613,2637,3955,3152,4602,6250,4580,2910,5776,4643,5553,7596,7986,5318,6118,6957,6773,6784,4949,7083,7006,4950,4554,6191,3054,4714,4245,7204,3861,3058,7518,4112,2199,5115,6590,6752,1213,6240,4728,1975,4953,4522,7049,3834,3538,4384,4765,4166,3931,4158,3624,7788,7118,5458,6273,5340,1587,4689
4003,7125,4989,4073,5046,2902,5366,306,3472,4509,4448,4282,5545,6950,2686,6053,4184,6619,5300,4376,3504,4676,5626,5574,3279,4385,5477,6613,2637,3955,3152,4602,6250,4580,2910,5776,4643,5553,7596,7986,5318,6118,6957,6773,6784,4949,7083,7006,4950,4554,6191,3054,4714,4245,7204,3861,3058,7518,4112,2199,5115,6590,6752,1213,6265,4697,1975,4953,4522,7049,3824,3522,4405,4765,4143,3931,4138,3673,7764,7118,5458,6273,5340,1564,4705
4003,7125,4989,4073,5046,2902,5335,291,3431,4488,4439,4282,5568,6950,2690,6068,4184,6619,5324,4386,3504,4700,5601,5574,3279,4398,5464,6613,2637,3990,3194,4623,6241,4613,2916,5786,4692,5574,7596,7986,5306,6130,6952,6756,6784,4969,7099,7022,4960,4554,6206,3027,4704,4236,7181,3861,3063,7518,4112,2199,5115,6613,6785,1215,6256,4697,1975,4988,4522,7049,3824,3522,4405,4765,4143,3931,4138,3673,7764,7118,5458,6273,5340,1564,4739
4025,7118,4979,4052,5023,2925,5346,291,3448,4497,4448,4292,5568,6964,2694,6044,4184,6619,5324,4409,3511,4691,5591,5574,3279,4375,5500,6626,2646,3990,3200,4632,6264,4580,2910,5788,4692,5574,7612,7981,5318,6130,6970,6798,6799,4959,7083,7022,4950,4567,6231,3054,4704,4259,7181,3861,3063,7518,4112,2199,5115,6613,6785,1215,6256,4697,1975,4988,4522,7049,3824,3522,4384,4745,4143,3931,4158,3743,7758,7098,5458,6273,5328,1607,4773
4113,7083,4968,4052,5034,2931,5346,293,3455,4497,4460,4282,5555,6950,2687,6068,4184,6632,5336,4409,3524,4706,5615,5585,3285,4375,5464,6633,2651,3946,3200,4602,6250,4613,2891,5793,4594,5627,7612,7981,5318,6130,6970,6798,6799,4959,7083,7022,4950,4567,6231,3054,4704,4259,7204,3861,3068,7512,4121,2199,5127,6613,6772,1217,6280,4707,1955,4930,4522,7043,3831,3538,4414,4765,4153,3954,4166,3804,7720,7112,5478,6273,5340,1584,4806
4222,7051,4979,4081,5000,2931,5357,294,3464,4497,4448,4282,5532,6964,2700,6053,4192,6619,5336,4409,3524,4706,5615,5585,3285,4375,5464,6633,2651,3946,3200,4602,6250,4613,2891,5793,4594,5627,7596,7981,5295,6150,6967,6707,6799,4949,7099,7022,4980,4549,6216,3054,4714,4269,7204,3869,3076,7500,4112,2204,5092,6605,6785,1225,6265,4676,1959,4953,4500,7043,3839,3538,4393,4765,4166,3931,4166,3872,7739,7106,5478,6273,5340,1584,4839
4222,7051,4979,4081,5000,2931,5357,294,3464,4497,4448,4282,5532,6964,2700,6053,4192,6619,5324,4409,3531,4729,5601,5585,3258,4385,5500,6626,2639,3946,3221,4632,6264,4613,2916,5803,4581,5606,7612,7962,5295,6150,6950,6707,6820,4979,7099,7022,4960,4564,6216,3054,4714,4269,7204,3869,3076,7500,4112,2204,5092,6605,6785,1225,6265,4676,1959,4953,4500,7043,3839,3538,4393,4765,4166,3931,4166,3872,7739,7106,5478,6273,5340,1584,4858
4367,7019,4989,4081,5034,2909,5357,294,3464,4497,4448,4282,5532,6964,2700,6053,4192,6619,5324,4409,3531,4729,5601,5585,3258,4385,5500,6626,2639,3946,3221,4632,6264,4613,2916,5803,4581,5606,7612,7962,5295,6150,6950,6707,6820,4979,7099,7022,4960,4564,6200,3054,4704,4259,7204,3869,3081,7518,4121,2204,5115,6590,6752,1213,6305,4707,1975,4965,4522,7043,3836,3513,4414,4765,4176,3931,4166,3852,7714,7092,5469,6287,5353,1587,4867
4367,7019,4989,4081,5034,2909,5357,311,3423,4497,4448,4282,5555,6964,2692,6059,4192,6632,5324,4409,3531,4721,5615,5585,3258,4375,5500,6626,2648,3990,3221,4632,6287,4613,2916,5803,4581,5606,7612,7962,5295,6150,6950,6707,6820,4979,7099,7022,4960,4564,6200,3054,4704,4259,7204,3869,3081,7518,4121,2204,5115,6590,6752,1213,6305,4707,1975,4965,4522,7043,3836,3513,4414,4765,4176,3931,4166,3852,7714,7092,5469,6287,5353,1587,4881
4367,7019,4989,4081,5034,2909,5357,311,3423,4497,4448,4282,5555,6964,2692,6059,4192,6632,5324,4409,3531,4721,5615,5585,3258,4375,5500,6626,2648,3990,3221,4632,6287,4613,2896,5805,4716,5639,7591,8004,5330,6130,6957,6773,6799,4959,7083,7022,4960,4555,6200,3054,4704,4259,7204,3869,3081,7518,4121,2204,5115,6590,6752,1213,6305,4707,1975,4965,4522,7043,3836,3513,4414,4765,4176,3931,4166,3852,7714,7092,5469,6287,5353,1587,4897
4367,7019,4989,4081,5034,2909,5357,311,3423,4497,4448,4282,5555,6964,2692,6059,4192,6632,5324,4409,3531,4721,5615,5585,3258,4375,5500,6626,2648,3990,3221,4632,6287,4613,2896,5805,4716,5639,7591,8004,5330,6130,6957,6773,6799,4959,7083,7022,4960,4555,6206,3054,4734,4282,7204,3861,3075,7536,4129,2204,5127,6590,6765,1219,6280,4707,1979,4953,4522,7043,3838,3522,4414,4775,4166,3931,4186,4026,7709,7092,5469,6273,5353,1587,4907
4398,7019,4958,4061,5034,2938,5357,313,3448,4507,4439,4315,5568,6964,2706,6059,4184,6619,5336,4396,3531,4743,5615,5585,3265,4385,5500,6626,2648,3990,3221,4632,6287,4613,2896,5805,4716,5639,7591,8004,5330,6130,6957,6773,6799,4959,7083,7022,4960,4555,6206,3054,4734,4282,7204,3861,3075,7536,4129,2204,5127,6590,6765,1219,6280,4707,1979,4953,4522,7043,3838,3522,4414,4775,4166,3931,4186,4026,7709,7092,5469,6273,5318,1587,4923
4398,7019,4958,4061,5034,2938,5357,313,3448,4507,4439,4315,5568,6964,2706,6059,4184,6619,5336,4396,3531,4743,5615,5585,3265,4385,5477,6626,2644,3990,3228,4653,6287,4590,2916,5785,4716,5639,7591,7962,5295,6130,6970,6790,6799,4979,7099,7022,4970,4569,6206,3060,4714,4245,7204,3869,3079,7512,4129,2204,5127,6590,6785,1223,6256,4707,1975,4965,4522,7063,3857,3530,4423,4775,4153,3940,4166,4089,7709,7106,5469,6250,5318,1587,4957
4462,6995,4968,4081,5000,2938,5357,314,3448,4507,4448,4315,5568,6984,2715,6074,4192,6632,5313,4396,3531,4735,5604,5597,3285,4385,5525,6640,2649,3990,3221,4673,6310,4613,2916,5794,4729,5639,7591,7981,5295,6130,6970,6790,6799,4979,7099,7022,4970,4569,6206,3060,4714,4245,7204,3869,3079,7512,4129,2204,5127,6590,6785,1223,6256,4707,1975,4965,4522,7063,3857,3530,4423,4775,4153,3940,4166,4089,7709,7106,5469,6250,5318,1584,4973
4510,6970,4968,4081,5034,2984,5357,315,3456,4507,4448,4292,5568,6964,2715,6074,4192,6632,5313,4396,3531,4735,5604,5597,3285,4385,5525,6640,2649,3990,3221,4673,6310,4613,2916,5794,4729,5639,7591,7981,5295,6130,6958,6773,6813,4979,7083,7038,4980,4552,6197,3060,4714,4269,7204,3869,3079,7512,4129,2199,5127,6590,6785,1227,6280,4686,1959,4965,4533,7063,3870,3555,4423,4775,4176,3940,4166,4186,7728,7085,5469,6287,5318,1587,5007
4510,6970,4968,4081,5034,2984,5357,315,3456,4507,4448,4292,5568,6964,2703,6059,4213,6632,5336,4419,3538,4734,5629,5597,3285,4398,5512,6626,2657,3965,3228,4653,6296,4624,2916,5797,4679,5639,7591,7981,5307,6150,6976,6773,6813,4959,7083,7038,4980,4552,6197,3060,4714,4269,7204,3869,3079,7512,4129,2199,5127,6590,6785,1227,6280,4686,1959,4965,4533,7063,3870,3555,4423,4775,4176,3940,4166,4186,7728,7085,5469,6287,5318,1587,5023
4568,6962,4968,4073,5011,2954,5347,315,3456,4507,4469,4282,5568,6964,2703,6059,4213,6632,5336,4419,3538,4734,5629,5597,3285,4398,5512,6626,2657,3965,3228,4653,6296,4624,2916,5797,4679,5639,7591,7981,5307,6150,6976,6773,6813,4959,7083,7022,5000,4551,6246,3060,4714,4259,7204,3849,3089,7530,4129,2204,5127,6590,6785,1229,6296,4716,1959,4988,4522,7063,3870,3555,4402,4755,4176,3931,4146,4219,7728,7071,5448,6287,5330,1587,5040
4568,6962,4968,4073,5011,2954,5347,315,3456,4507,4469,4282,5568,6964,2707,6089,4192,6632,5336,4386,3531,4734,5604,5597,3285,4408,5477,6640,2645,3965,3228,4653,6296,4624,2916,5797,4679,5639,7591,7981,5307,6150,6976,6773,6813,4959,7083,7022,5000,4551,6246,3060,4714,4259,7204,3849,3089,7530,4129,2204,5127,6590,6785,1229,6296,4716,1959,4988,4522,7063,3870,3555,4402,4755,4176,3931,4146,4219,7728,7071,5448,6287,5330,1587,5050
4568,6962,4968,4073,5011,2954,5347,315,3456,4507,4469,4282,5568,6964,2707,6089,4192,6632,5336,4386,3531,4734,5604,5597,3285,4408,5477,6640,2645,3965,3228,4643,6287,4601,2916,5797,4704,5627,7591,7962,5272,6130,6971,6790,6813,4979,7122,7022,4990,4559,6222,3033,4714,4259,7220,3869,3078,7530,4129,2204,5115,6590,6785,1229,6296,4716,1959,4988,4522,7063,3870,3555,4402,4755,4176,3931,4146,4219,7728,7071,5448,6287,5330,1587,5073
4592,6962,4968,4081,5011,2961,5357,300,3456,4507,4469,4282,5568,6984,2716,6074,4213,6632,5313,4409,3531,4733,5629,5597,3285,4385,5500,6626,2650,4000,3235,4653,6302,4613,2922,5790,4740,5639,7591,7981,5307,6150,6971,6790,6813,4979,7122,7022,4990,4559,6222,3033,4714,4259,7220,3869,3078,7530,4129,2204,5115,6590,6765,1231,6271,4696,1979,4988,4545,7063,3883,3555,4423,4755,4176,3931,4174,4226,7728,7085,5448,6287,5340,1587,5107
4647,6962,4968,4102,5034,2954,5367,318,3448,4507,4448,4292,5568,6978,2705,6074,4192,6632,5313,4409,3531,4733,5629,5597,3285,4385,5500,6626,2650,4000,3235,4653,6302,4613,2922,5790,4740,5639,7591,7981,5307,6150,6971,6790,6813,4979,7122,7022,5009,4550,6222,3060,4714,4236,7204,3869,3083,7530,4129,2204,5127,6590,6785,1218,6271,4696,1979,4965,4533,7057,3873,3530,4423,4775,4176,3931,4146,4563,7660,7085,5448,6264,5318,1567,5139
4665,6938,4968,4081,5011,2954,5367,318,3448,4507,4448,4292,5568,6978,2705,6074,4192,6632,5324,4386,3538,4739,5591,5597,3285,4385,5500,6626,2643,4000,3249,4653,6310,4590,2922,5798,4716,5651,7591,7981,5295,6130,6957,6765,6792,4949,7122,7022,5000,4562,6246,3060,4714,4279,7204,3869,3080,7530,4129,2204,5127,6605,6765,1226,6296,4696,1979,4965,4555,7077,3899,3555,4411,4775,4153,3931,4166,4595,7660,7064,5448,6264,5353,1567,5173
4665,6938,4968,4081,5011,2954,5367,319,3481,4507,4458,4292,5568,6972,2705,6049,4213,6632,5324,4409,3538,4739,5591,5597,3265,4385,5489,6620,2638,3975,3256,4653,6310,4613,2916,5815,4740,5639,7591,7958,5272,6130,6952,6765,6792,4979,7099,7022,5019,4554,6206,3060,4714,4245,7204,3849,3080,7487,4109,2183,5127,6590,6785,1228,6280,4705,1979,4965,4555,7077,3899,3555,4411,4775,4153,3931,4166,4595,7660,7064,5448,6264,5353,1567,5195
4696,6921,4947,4081,5000,2931,5367,319,3456,4507,4448,4292,5545,6964,2710,6059,4192,6632,5336,4386,3538,4747,5591,5597,3265,4385,5489,6620,2638,3975,3256,4653,6310,4613,2916,5815,4740,5639,7591,7958,5272,6130,6952,6765,6792,4979,7099,7022,5019,4554,6206,3060,4714,4245,7204,3849,3080,7487,4109,2183,5127,6590,6785,1228,6280,4705,1959,4976,4533,7077,3895,3546,4402,4755,4153,3931,4155,4621,7654,7064,5448,6264,5318,1567,5222
4704,6921,4968,4081,5011,2954,5367,319,3456,4507,4448,4292,5545,6964,2710,6059,4192,6632,5336,4386,3538,4747,5615,5597,3265,4375,5477,6626,2643,3975,3249,4662,6310,4613,2922,5791,4655,5660,7571,7939,5295,6130,6952,6740,6813,4979,7106,7022,5019,4569,6231,3081,4714,4245,7198,3876,3086,7512,4129,2204,5127,6590,6805,1231,6271,4696,1959,4976,4522,7063,3888,3555,4432,4785,4153,3931,4166,4654,7660,7064,5448,6264,5318,1570,5249
4704,6921,4968,4081,5011,2954,5367,320,3448,4507,4469,4292,5568,6984,2698,6074,4201,6632,5336,4409,3538,4755,5615,5609,3265,4408,5512,6640,2647,3965,3249,4653,6296,4590,2922,5817,4655,5660,7571,7939,5295,6130,6952,6740,6813,4979,7106,7022,5019,4569,6231,3081,4714,4245,7198,3876,3086,7512,4129,2204,5127,6590,6805,1231,6271,4696,1959,4976,4522,7063,3888,3555,4432,4785,4153,3931,4166,4654,7660,7064,5448,6264,5318,1570,5271
4704,6921,4968,4081,5023,2954,5347,320,3456,4516,4448,4292,5568,6964,2715,6049,4222,6632,5336,4409,3538,4755,5615,5609,3265,4408,5512,6640,2647,3965,3249,4653,6296,4590,2922,5817,4655,5660,7591,7958,5295,6143,6969,6716,6813,4979,7083,7022,5019,4560,6246,3081,4734,4245,7181,3849,3086,7512,4138,2204,5127,6628,6819,1231,6280,4726,1959,4988,4545,7057,3912,3580,4423,4785,4153,3940,4174,4671,7679,7064,5460,6250,5340,1587,5306
4704,6921,4968,4081,5023,2954,5347,320,3456,4516,4448,4292,5568,6964,2715,6049,4222,6632,5324,4399,3538,4746,5615,5597,3265,4408,5477,6633,2647,3965,3256,4673,6319,4636,2922,5827,4641,5660,7571,7911,5159,6143,6976,6724,6827,4979,7122,7045,5029,4568,6246,3081,4714,4269,7204,3876,3096,7512,4117,2204,5115,6613,6819,1231,6280,4726,1959,4988,4545,7057,3912,3580,4423,4785,4153,3940,4174,4671,7679,7064,5460,6250,5340,1587,5327
4728,6921,4968,4102,5034,2954,5347,322,3472,4507,4469,4292,5568,6964,2711,6059,4201,6632,5324,4399,3538,4746,5615,5597,3265,4408,5477,6633,2647,3965,3256,4673,6319,4636,2922,5827,4641,5660,7571,7911,5159,6143,6976,6724,6827,4979,7122,7045,5029,4568,6246,3081,4714,4269,7204,3876,3096,7512,4117,2204,5115,6613,6799,1237,6280,4705,1959,5011,4545,7091,3932,3571,4423,4775,4176,3931,4174,4864,7635,7079,5448,6264,5318,1590,5345
4728,6921,4968,4102,5034,2954,5347,322,3472,4507,4469,4292,5568,6964,2711,6059,4201,6632,5336,4409,3558,4754,5615,5576,3285,4408,5522,6640,2661,3965,3256,4673,6334,4636,2922,5813,4605,5693,7591,7935,5227,6143,6988,6699,6827,4979,7099,7022,5029,4559,6256,3081,4714,4269,7204,3856,3101,7512,4138,2204,5127,6628,6812,1235,6280,4726,1979,4988,4545,7043,3915,3562,4432,4755,4162,3940,4174,4915,7635,7079,5448,6264,5318,1590,5373
4728,6921,4978,4081,5011,2909,5367,322,3472,4516,4448,4292,5580,6978,2711,6083,4180,6632,5336,4386,3558,4762,5640,5609,3285,4408,5500,6626,2644,3955,3249,4673,6334,4601,2922,5830,4605,5693,7571,7976,5295,6130,6977,6674,6827,5000,7122,7038,5049,4567,6256,3081,4714,4269,7204,3856,3101,7512,4138,2204,5127,6628,6812,1235,6280,4726,1979,4988,4545,7043,3915,3562,4432,4755,4162,3940,4174,4915,7610,7044,5448,6264,5318,1567,5406
4728,6921,4978,4081,5011,2909,5367,322,3472,4516,4448,4292,5580,6978,2711,6083,4180,6632,5336,4386,3558,4762,5640,5609,3285,4408,5500,6626,2644,3955,3249,4673,6334,4601,2922,5830,4605,5693,7571,7976,5295,6130,6977,6674,6827,5000,7122,7038,5049,4567,6231,3088,4714,4269,7204,3876,3084,7536,4138,2204,5115,6628,6819,1220,6280,4696,1959,4988,4545,7057,3915,3571,4432,4755,4186,3931,4146,4898,7635,7073,5448,6241,5318,1567,5422
4745,6921,4989,4081,5011,2931,5367,322,3472,4516,4448,4292,5568,6978,2699,6059,4201,6632,5324,4386,3538,4770,5615,5588,3285,4398,5500,6620,2648,3931,3270,4663,6310,4590,2902,5806,4605,5693,7591,7958,5272,6130,6960,6674,6827,5000,7122,7038,5039,4567,6231,3088,4714,4269,7220,3849,3095,7487,4138,2183,5115,6613,6819,1220,6280,4696,1959,4988,4545,7057,3915,3571,4432,4755,4186,3931,4146,4898,7635,7073,5448,6241,5295,1570,5455
4787,6896,4978,4081,5011,2931,5347,323,3472,4516,4448,4292,5568,6978,2699,6059,4201,6632,5324,4386,3538,4770,5615,5588,3285,4398,5500,6620,2648,3931,3270,4663,6310,4590,2902,5806,4605,5693,7591,7958,5272,6130,6960,6674,6827,5000,7122,7038,5039,4567,6231,3088,4714,4269,7220,3849,3095,7487,4138,2183,5115,6613,6785,1222,6296,4705,1959,4988,4545,7057,3945,3596,4432,4764,4143,3940,4174,4982,7610,7058,5448,6302,5330,1567,5473
4787,6896,4978,4081,5011,2931,5347,323,3472,4516,4448,4292,5568,6978,2704,6083,4201,6632,5336,4409,3558,4761,5615,5609,3285,4431,5512,6620,2670,3975,3277,4673,6334,4590,2902,5833,4605,5714,7607,7958,5307,6143,6972,6716,6827,5000,7139,7006,5069,4574,6231,3088,4714,4269,7204,3856,3095,7530,4109,2183,5127,6613,6799,1224,6271,4726,1963,4988,4522,7077,3952,3589,4432,4785,4153,3931,4174,5034,7610,7058,5448,6302,5330,1567,5505
4795,6888,4978,4089,5011,2909,5367,323,3456,4516,4448,4292,5568,6978,2725,6074,4210,6646,5348,4409,3558,4761,5618,5609,3292,4418,5512,6640,2653,3975,3277,4673,6334,4601,2902,5806,4691,5693,7571,7958,5295,6143,6972,6748,6806,4979,7139,7038,5099,4557,6246,3067,4714,4269,7204,3856,3078,7512,4109,2183,5127,6613,6799,1224,6271,4726,1963,4988,4522,7077,3952,3589,4432,4785,4153,3931,4174,5034,7610,7058,5448,6264,5318,1570,5539
4846,6871,4978,4081,5023,2931,5337,323,3423,4516,4448,4292,5568,6978,2725,6074,4210,6646,5348,4409,3558,4761,5618,5609,3292,4418,5512,6640,2653,3975,3277,4673,6334,4601,2902,5806,4691,5693,7571,7958,5295,6143,6972,6748,6806,4979,7139,7038,5099,4557,6246,3067,4714,4269,7204,3856,3078,7512,4129,2204,5115,6590,6799,1241,6296,4705,1959,4988,4545,7077,3935,3580,4432,4755,4153,3931,4174,5034,7604,7058,5439,6264,5307,1570,5556
4846,6871,4978,4081,5023,2931,5337,323,3423,4516,4428,4292,5568,6978,2717,6074,4210,6653,5336,4409,3538,4761,5604,5609,3265,4385,5500,6607,2649,3975,3277,4683,6310,4624,2922,5819,4666,5693,7571,7958,5295,6143,6991,6765,6827,5000,7139,7022,5109,4564,6246,3088,4714,4269,7204,3864,3094,7530,4138,2204,5115,6590,6799,1230,6271,4705,1979,5011,4578,7057,3948,3596,4453,4775,4153,3931,4174,5034,7604,7058,5439,6264,5307,1570,5588
4888,6847,4989,4102,5011,2931,5367,324,3481,4516,4448,4302,5580,6978,2717,6074,4201,6666,5336,4419,3545,4769,5604,5609,3265,4385,5500,6607,2649,3975,3277,4683,6310,4624,2922,5819,4666,5693,7571,7958,5295,6143,6991,6765,6827,5000,7139,7022,5109,4564,6246,3088,4714,4269,7204,3864,3094,7530,4138,2204,5115,6590,6799,1230,6271,4705,1979,5011,4578,7057,3948,3596,4453,4775,4153,3917,4174,5094,7604,7058,5448,6264,5307,1550,5606
4948,6839,4978,4081,5011,2938,5367,324,3481,4516,4448,4302,5580,6978,2717,6074,4201,6666,5336,4419,3545,4769,5629,5609,3285,4408,5500,6620,2649,3975,3284,4673,6334,4624,2928,5819,4666,5693,7591,7930,5227,6135,6991,6740,6842,5030,7162,7038,5119,4571,6262,3094,4734,4255,7220,3844,3099,7530,4117,2208,5127,6590,6812,1232,6296,4705,1963,4988,4545,7071,3955,3580,4442,4775,4186,3940,4183,5188,7604,7058,5460,6264,5330,1553,5639
4948,6839,4978,4081,5011,2938,5367,326,3481,4516,4469,4292,5580,6972,2727,6074,4189,6646,5348,4419,3565,4768,5604,5609,3292,4408,5500,6633,2663,3975,3277,4673,6310,4624,2922,5841,4666,5714,7591,7930,5227,6135,6991,6740,6842,5030,7162,7038,5119,4571,6262,3094,4734,4255,7220,3844,3099,7530,4117,2208,5127,6590,6812,1232,6296,4705,1963,4988,4545,7071,3955,3580,4442,4775,4186,3940,4183,5188,7604,7058,5460,6264,5330,1553,5655
4948,6839,4978,4081,5000,2931,5367,326,3456,4516,4469,4292,5568,6958,2714,6074,4201,6632,5336,4409,3545,4767,5604,5609,3292,4408,5500,6633,2663,3975,3277,4673,6310,4624,2922,5841,4666,5714,7586,8004,5330,6155,6993,6724,6827,5020,7122,7054,5109,4570,6246,3088,4723,4255,7220,3864,3092,7530,4147,2208,5127,6628,6779,1237,6271,4715,1959,5011,4555,7057,3934,3580,4442,4775,4176,3940,4183,5257,7580,7052,5428,6264,5295,1553,5688
4948,6839,4978,4081,5000,2931,5367,326,3456,4516,4469,4292,5568,6958,2714,6074,4201,6632,5336,4409,3545,4767,5615,5609,3292,4408,5500,6633,2667,3975,3305,4673,6334,4624,2928,5834,4666,5714,7591,8000,5318,6155,6982,6765,6821,5020,7162,7022,5139,4561,6246,3088,4703,4279,7220,3856,3080,7555,4117,2188,5127,6628,6812,1686,6345,4715,1983,5011,4555,7071,3907,3580,4463,4755,4153,3931,4183,5292,7580,7016,5428,6264,5295,1553,5722
4956,6822,4978,4081,5023,2931,5358,310,3432,4526,4469,4292,5580,6972,2706,6074,4201,6646,5348,4419,3545,4775,5604,5621,3292,4408,5512,6633,2672,3950,3305,4683,6348,4613,2928,5837,4666,5714,7571,7939,5330,6123,6982,6740,6821,5000,7146,7022,5139,4568,6271,3088,4723,4279,7204,3856,3103,7530,4147,2183,5127,6605,6799,1793,6345,4715,1963,5034,4568,7057,3907,3580,4463,4755,4153,3931,4183,5292,7580,7016,5428,6264,5295,1550,5755
4991,6839,4989,4089,5011,2938,5378,328,3456,4526,4478,4315,5580,7011,2728,6089,4222,6632,5336,4409,3565,4792,5604,5621,3292,4418,5500,6633,2664,3975,3298,4673,6334,4613,2902,5830,4666,5714,7571,7981,5318,6143,6972,6740,6821,5020,7146,7022,5129,4567,6271,3088,4723,4279,7204,3856,3103,7530,4147,2183,5127,6605,6799,1793,6345,4715,1963,5034,4568,7057,3896,3571,4442,4764,4153,3931,4183,5363,7580,7016,5428,6264,5295,1550,5789
4991,6839,4989,4089,5011,2938,5378,328,3456,4526,4478,4315,5580,7011,2728,6089,4222,6632,5336,4409,3565,4792,5604,5621,3292,4418,5500,6633,2664,3975,3298,4673,6334,4613,2902,5830,4666,5714,7571,7981,5318,6143,6972,6740,6821,5020,7146,7022,5129,4567,6231,3094,4754,4269,7227,3864,3079,7530,4147,2188,5139,6613,6799,2037,6395,4715,1983,5034,4545,7057,3892,3580,4442,4785,4153,3931,4155,5389,7555,6995,5448,6241,5295,1550,5805
5017,6814,4989,4081,5023,2931,5367,328,3456,4526,4478,4292,5568,6992,2716,6074,4210,6632,5336,4409,3558,4775,5604,5609,3271,4431,5500,6633,2664,3975,3305,4683,6348,4624,2922,5830,4655,5714,7586,8000,5330,6143,6984,6740,6842,5030,7169,7045,5139,4575,6246,3088,4714,4245,7204,3856,3084,7555,4138,2188,5127,6590,6799,2037,6395,4715,1983,5034,4545,7057,3892,3580,4442,4785,4153,3931,4155,5389,7555,6995,5448,6241,5295,1553,5839
5034,6814,4989,4089,5023,2931,5367,312,3456,4526,4478,4292,5568,6978,2716,6074,4210,6632,5336,4409,3558,4775,5604,5609,3271,4431,5500,6633,2664,3975,3305,4683,6348,4624,2922,5830,4655,5714,7586,8000,5330,6143,6984,6740,6842,5030,7169,7045,5139,4575,6246,3088,4714,4245,7204,3856,3084,7555,4138,2188,5127,6590,6799,1996,6370,4705,1959,4976,4535,7071,3847,3580,4432,4785,4186,3931,4183,5468,7580,7010,5448,6264,5283,1533,5855
5034,6814,4989,4089,5023,2931,5367,312,3456,4526,4478,4292,5568,6978,2730,6089,4231,6632,5336,4419,3545,4765,5629,5621,3271,4418,5500,6633,2665,3975,3305,4683,6334,4613,2922,5843,4666,5726,7607,7981,5318,6123,6986,6740,6842,5030,7146,7022,5139,4556,6246,3094,4714,4269,7204,3864,3089,7530,4147,2208,5127,6613,6812,2073,6370,4715,1963,5046,4555,7051,3856,3580,4442,4755,4186,3931,4183,5592,7555,6989,5460,6255,5283,1533,5888
5061,6790,4989,4081,4988,2931,5367,331,3456,4526,4458,4292,5568,6992,2722,6074,4210,6646,5336,4419,3558,4772,5629,5621,3292,4418,5522,6633,2670,3975,3305,4683,6334,4613,2922,5843,4666,5726,7607,7981,5318,6123,6986,6740,6842,5030,7146,7022,5139,4556,6246,3094,4714,4269,7204,3864,3089,7530,4147,2208,5127,6613,6812,2073,6370,4715,1963,5046,4555,7051,3856,3580,4442,4755,4186,3931,4183,5592,7555,6989,5460,6255,5295,1530,5906
5087,6831,4989,4089,5000,2954,5378,314,3465,4526,4458,4292,5568,6992,2722,6074,4210,6646,5336,4419,3558,4772,5629,5621,3292,4418,5522,6633,2670,3975,3298,4683,6334,4613,2922,5846,4666,5747,7607,7930,5227,6155,6980,6740,6821,5030,7162,7038,5159,4572,6246,3073,4723,4279,7220,3856,3071,7555,4147,2208,5139,6613,6826,2111,6395,4736,1983,5023,4545,7071,3863,3589,4463,4764,4162,3940,4174,5629,7530,7010,5439,6255,5295,1530,5938
5087,6831,4989,4089,5000,2954,5378,314,3465,4526,4458,4292,5568,6992,2739,6074,4222,6646,5372,4409,3545,4781,5604,5621,3292,4418,5500,6620,2670,3975,3305,4683,6357,4659,2902,5839,4678,5747,7586,7958,5295,6123,6958,6740,6806,5020,7162,7061,5159,4570,6246,3094,4714,4279,7204,3864,3064,7555,4147,2208,5139,6605,6832,2084,6370,4705,1963,5046,4545,7071,3863,3589,4463,4764,4162,3931,4174,5664,7530,7010,5439,6255,5295,1530,5972
5104,6814,4989,4081,4988,2931,5367,350,3456,4505,4478,4302,5568,6972,2727,6049,4210,6646,5348,4409,3545,4772,5618,5621,3271,4408,5500,6633,2657,3950,3305,4683,6348,4624,2908,5839,4666,5747,7571,7958,5307,6155,6970,6716,6842,5051,7162,7022,5159,4570,6246,3094,4723,4255,7204,3864,3082,7530,4147,2208,5139,6613,6832,2084,6370,4705,1963,5046,4545,7071,3863,3589,4463,4764,4162,3931,4174,5664,7530,6989,5439,6255,5295,1553,6005
5122,6790,4968,4089,5023,2938,5358,332,3456,4526,4458,4292,5568,6992,2727,6064,4210,6646,5348,4409,3545,4781,5643,5621,3271,4418,5500,6620,2661,3950,3305,4683,6334,4613,2908,5842,4666,5726,7571,7958,5307,6155,6970,6716,6842,5051,7162,7022,5159,4570,6246,3094,4723,4255,7204,3864,3082,7530,4147,2208,5139,6613,6799,2049,6345,4715,1959,5023,4545,7051,3870,3604,4442,4755,4162,3940,4183,5709,7549,7010,5428,6264,5295,1553,6039
5122,6790,4968,4089,5023,2938,5358,332,3456,4526,4458,4292,5568,6992,2727,6064,4210,6646,5348,4409,3545,4781,5643,5621,3271,4418,5500,6620,2661,3950,3305,4683,6334,4613,2908,5842,4666,5726,7571,7958,5295,6123,6982,6740,6842,5030,7169,7038,5179,4569,6262,3094,4723,4279,7220,3844,3064,7530,4147,2208,5127,6590,6812,2000,6386,4715,1963,5046,4555,7051,3877,3604,4463,4764,4162,3940,4183,5709,7549,7010,5428,6264,5295,1553,6056
5140,6806,5000,4089,5000,2938,5358,333,3465,4526,4478,4302,5580,6972,2719,6064,4210,6646,5348,4419,3545,4789,5618,5621,3271,4408,5500,6633,2666,3960,3305,4683,6348,4613,2928,5834,4666,5747,7586,7976,5272,6123,6977,6757,6821,5020,7169,7068,5179,4551,6262,3101,4744,4269,7204,3864,3075,7555,4147,2208,5127,6590,6812,2000,6386,4715,1963,5046,4555,7051,3877,3604,4463,4764,4153,3940,4163,5719,7549,6989,5448,6255,5307,1533,6088
5149,6790,4968,4110,4988,2931,5358,333,3465,4526,4478,4302,5580,6972,2719,6064,4210,6646,5348,4419,3545,4789,5618,5621,3271,4408,5500,6633,2666,3960,3305,4683,6348,4613,2928,5834,4666,5747,7586,7976,5272,6123,6977,6757,6821,5020,7169,7068,5179,4551,6262,3101,4744,4269,7204,3864,3075,7555,4147,2208,5139,6613,6812,2161,6386,4715,1983,5046,4568,7071,3866,3604,4463,4764,4153,3931,4155,5719,7530,6989,5460,6264,5295,1533,6106
5149,6790,4968,4110,4988,2931,5347,333,3456,4505,4478,4292,5568,6972,2724,6064,4210,6646,5313,4409,3545,4780,5618,5621,3271,4408,5500,6633,2653,3975,3326,4683,6357,4636,2928,5824,4678,5747,7586,7819,5079,6135,6977,6740,6856,5030,7169,7068,5159,4586,6262,3094,4723,4279,7204,3864,3075,7580,4168,2208,5127,6613,6812,2196,6386,4715,1983,5046,4555,7071,3866,3604,4463,4764,4153,3931,4155,5719,7530,6989,5460,6264,5295,1533,6128
5149,6782,5000,4102,4988,2961,5358,334,3456,4495,4458,4292,5580,6972,2728,6064,4231,6632,5348,4409,3538,4788,5618,5621,3265,4408,5500,6633,2658,3950,3326,4683,6357,4636,2928,5824,4678,5747,7586,7819,5079,6135,6977,6740,6856,5030,7169,7068,5159,4586,6262,3094,4723,4279,7204,3864,3075,7580,4168,2208,5127,6613,6812,2196,6386,4715,1983,5046,4555,7071,3877,3604,4463,4755,4153,3940,4183,5754,7549,7004,5460,6255,5307,1553,6157
5158,6765,4957,4081,4988,2954,5358,334,3456,4495,4458,4292,5580,6972,2728,6064,4231,6632,5348,4409,3538,4788,5618,5621,3265,4408,5500,6633,2658,3950,3298,4683,6348,4636,2928,5845,4666,5747,7571,7777,5045,6103,6971,6757,6821,5051,7169,7045,5179,4577,6262,3073,4723,4269,7220,3864,3080,7555,4168,2188,5127,6613,6812,2200,6386,4715,1983,5034,4535,7051,3813,3589,4432,4764,4153,3931,4163,5792,7506,6968,5439,6241,5283,1533,6189
5158,6765,4957,4081,4988,2954,5347,333,3456,4505,4448,4292,5568,6972,2716,6049,4210,6632,5348,4399,3545,4771,5618,5621,3265,4408,5500,6633,2663,3950,3326,4673,6334,4613,2908,5827,4678,5747,7551,7795,5068,6115,6966,6757,6821,5051,7186,7068,5179,4567,6262,3094,4703,4279,7220,3864,3080,7555,4168,2188,5127,6613,6812,2200,6386,4715,1983,5034,4535,7051,3813,3589,4432,4764,4153,3931,4163,5792,7506,6968,5439,6241,5283,1533,6207
5159,6765,4968,4089,5000,2931,5358,335,3465,4505,4448,4302,5568,6992,2720,6089,4219,6646,5348,4399,3545,4771,5618,5621,3265,4408,5500,6633,2663,3950,3326,4673,6334,4613,2908,5827,4678,5747,7551,7795,5068,6115,6966,6757,6821,5051,7186,7068,5179,4567,6262,3094,4703,4279,7204,3864,3068,7555,4156,2163,5139,6613,6812,2261,6386,4704,1963,5034,4535,7051,3791,3589,4442,4755,4129,3931,4163,5936,7481,6968,5428,6255,5272,1533,6244
5185,6765,4968,4089,5000,2931,5358,335,3465,4505,4448,4302,5568,6992,2720,6089,4219,6646,5336,4409,3565,4770,5604,5632,3265,4431,5500,6633,2650,3950,3312,4683,6348,4636,2928,5830,4702,5747,7551,7795,5045,6115,6961,6732,6814,5040,7186,7068,5159,4566,6262,3073,4723,4279,7188,3864,3056,7599,4168,2192,5127,6613,6812,2328,6410,4694,1979,5058,4545,7051,3805,3589,4472,4764,4139,3931,4163,5893,7500,6989,5439,6241,5272,1533,6273
5185,6765,4968,4110,4988,2931,5358,336,3456,4505,4458,4302,5555,6972,2707,6049,4240,6632,5313,4419,3565,4770,5618,5611,3265,4418,5500,6633,2650,3960,3326,4683,6334,4636,2928,5840,4666,5747,7566,7795,5045,6115,6973,6757,6814,5051,7186,7045,5159,4558,6262,3101,4723,4245,7204,3872,3061,7580,4168,2188,5115,6613,6812,2407,6410,4715,1959,5069,4545,7051,3805,3589,4472,4764,4139,3931,4163,5893,7500,6989,5439,6241,5272,1533,6307
5168,6765,4968,4081,4988,2954,5358,319,3432,4514,4458,4302,5568,6972,2730,6064,4231,6646,5336,4419,3565,4769,5594,5600,3265,4385,5477,6633,2654,3950,3354,4683,6348,4636,2908,5833,4678,5759,7566,7813,5045,6127,6998,6757,6821,5040,7192,7045,5199,4548,6262,3101,4723,4245,7204,3872,3061,7580,4168,2188,5115,6613,6812,2407,6410,4715,1959,5069,4545,7051,3769,3555,4442,4755,4153,3931,4183,5929,7481,6968,5428,6255,5295,1533,6340
5168,6765,4968,4081,4988,2954,5358,319,3432,4514,4458,4302,5568,6972,2730,6064,4231,6646,5336,4419,3565,4769,5594,5600,3265,4385,5477,6633,2654,3950,3354,4683,6348,4636,2908,5833,4678,5759,7566,7813,5045,6127,6998,6757,6821,5040,7192,7045,5199,4548,6246,3094,4693,4279,7204,3872,3055,7599,4177,2188,5116,6590,6812,2686,6435,4725,1983,5081,4568,7051,3743,3589,4463,4764,4139,3931,4183,6024,7500,6983,5428,6241,5295,1533,6356
5195,6782,4968,4089,5023,2961,5378,338,3465,4514,4478,4302,5603,6986,2727,6064,4240,6646,5336,4419,3565,4768,5618,5621,3271,4418,5500,6646,2655,3975,3354,4683,6348,4636,2908,5833,4678,5759,7566,7813,5045,6127,6998,6757,6821,5040,7192,7045,5199,4548,6246,3094,4693,4279,7204,3872,3055,7599,4177,2188,5116,6590,6812,2686,6435,4725,1983,5081,4568,7051,3743,3589,4463,4764,4139,3931,4183,6024,7500,6983,5428,6241,5272,1553,6373
5195,6782,4968,4089,5023,2961,5378,338,3465,4514,4478,4302,5603,6986,2727,6064,4240,6646,5336,4419,3565,4768,5618,5621,3271,4418,5500,6646,2655,3975,3347,4703,6319,4636,2928,5828,4678,5759,7586,7813,5045,6115,6975,6757,6835,5040,7186,7084,5209,4555,6262,3080,4723,4279,7220,3864,3024,7599,4198,2204,5139,6590,6812,2686,6435,4725,1983,5081,4568,7051,3743,3589,4463,4764,4139,3931,4183,6024,7500,6983,5428,6241,5272,1553,6388
5195,6782,5000,4110,5000,2954,5358,338,3465,4535,4478,4302,5603,6986,2727,6064,4240,6646,5336,4419,3565,4768,5618,5621,3271,4418,5500,6646,2655,3975,3347,4703,6319,4636,2928,5828,4678,5759,7586,7813,5045,6115,6975,6757,6835,5040,7186,7084,5209,4555,6262,3080,4723,4279,7220,3864,3024,7599,4198,2204,5139,6590,6812,2762,6460,4736,1979,5058,4568,7051,3701,3589,4442,4764,4139,3931,4291,5996,7500,7004,5439,6255,5307,1533,6404
5195,6782,5000,4110,5000,2954,5358,338,3465,4535,4469,4302,5568,6986,2722,6064,4219,6646,5325,4419,3585,4768,5618,5621,3292,4441,5500,6613,2651,3985,3354,4703,6357,4646,2914,5818,4691,5759,7586,7813,5045,6107,6975,6757,6835,5040,7186,7084,5209,4555,6262,3080,4723,4279,7220,3864,3024,7599,4198,2204,5139,6590,6812,2762,6460,4736,1979,5058,4568,7051,3701,3589,4442,4764,4139,3931,4291,5996,7500,7004,5439,6255,5307,1533,6416
5195,6782,5000,4110,5000,2954,5358,338,3465,4535,4469,4302,5568,6986,2722,6064,4219,6646,5325,4419,3585,4768,5618,5621,3292,4441,5500,6613,2651,3985,3354,4703,6357,4646,2914,5818,4691,5759,7586,7813,5045,6107,6957,6716,6835,5051,7209,7068,5209,4571,6271,3073,4703,4255,7204,3872,3030,7599,4198,2188,5127,6613,6792,2852,6460,4725,1983,5093,4568,7051,3689,3589,4472,4764,4162,3963,4462,6007,7500,7004,5439,6255,5307,1533,6431
5214,6782,5000,4110,5000,2931,5369,320,3490,4505,4469,4302,5568,6986,2722,6064,4219,6646,5325,4419,3585,4768,5618,5621,3292,4441,5500,6613,2651,3985,3354,4703,6357,4646,2914,5818,4691,5759,7586,7813,5045,6107,6957,6716,6835,5051,7209,7068,5209,4571,6271,3073,4703,4255,7204,3872,3030,7599,4198,2188,5127,6613,6792,2852,6460,4725,1983,5093,4568,7051,3689,3589,4472,4764,4162,3963,4462,6007,7500,7004,5439,6255,5272,1533,6445
5214,6782,5000,4110,5000,2931,5369,320,3490,4505,4469,4292,5590,6972,2732,6074,4219,6646,5348,4409,3592,4767,5618,5621,3271,4418,5500,6646,2655,3950,3354,4683,6334,4646,2934,5849,4678,5780,7586,7813,5045,6107,6957,6716,6835,5051,7209,7068,5209,4571,6271,3073,4703,4255,7204,3872,3030,7599,4198,2188,5127,6613,6792,2852,6460,4725,1983,5093,4568,7051,3689,3589,4472,4764,4162,3963,4462,6007,7500,7004,5439,6255,5272,1533,6457
5214,6782,5000,4110,5000,2931,5369,320,3490,4505,4469,4292,5590,6972,2732,6074,4219,6646,5348,4409,3592,4767,5618,5621,3271,4418,5500,6646,2655,3950,3354,4683,6334,4646,2934,5849,4678,5780,7551,7795,5045,6107,6964,6757,6835,5051,7209,7068,5229,4571,6262,3101,4723,4255,7220,3872,3041,7599,4198,2208,5139,6628,6792,2898,6485,4725,1983,5093,4578,7025,3689,3589,4472,4764,4162,3963,4462,6007,7500,7004,5439,6255,5272,1533,6473
5223,6782,5000,4110,5000,2961,5390,339,3456,4535,4469,4292,5590,6972,2732,6074,4219,6646,5348,4409,3592,4767,5618,5621,3271,4418,5500,6646,2655,3950,3354,4683,6334,4646,2934,5849,4678,5780,7551,7795,5045,6107,6964,6757,6835,5051,7209,7068,5229,4571,6262,3101,4723,4255,7220,3872,3041,7599,4198,2208,5139,6628,6792,2898,6485,4725,1983,5093,4578,7025,3703,3589,4442,4785,4162,3977,4900,6057,7500,6983,5439,6255,5272,1500,6491
5223,6782,5000,4110,5000,2961,5390,339,3456,4535,4448,4302,5568,6993,2732,6089,4219,6646,5372,4409,3587,4776,5618,5632,3271,4441,5500,6613,2660,3960,3354,4683,6357,4646,2925,5831,4666,5759,7566,7813,5079,6144,6971,6757,6814,5051,7209,7084,5230,4579,6262,3080,4723,4279,7204,3867,3000,7574,4198,2188,5139,6613,6793,2933,6460,4704,1983,5093,4578,6993,3678,3564,4472,4764,4162,3977,4900,6057,7500,6983,5439,6255,5272,1500,6523
5232,6782,5000,4089,5000,2954,5360,340,3465,4535,4478,4302,5603,6973,2724,6064,4219,6646,5348,4409,3587,4776,5618,5632,3271,4418,5477,6613,2665,3960,3354,4683,6372,4636,2925,5813,4678,5780,7566,7813,5045,6112,6971,6732,6814,5051,7209,7061,5230,4579,6262,3094,4693,4255,7204,3847,2969,7599,4198,2188,5139,6613,6793,2933,6460,4704,1983,5093,4578,6993,3678,3564,4472,4764,4153,4009,5050,6046,7481,7004,5439,6241,5307,1543,6557
5232,6757,5000,4110,4988,2925,5361,322,3465,4514,4458,4302,5568,6987,2724,6064,4219,6646,5313,4409,3567,4767,5618,5611,3271,4395,5500,6613,2652,3960,3354,4683,6334,4646,2911,5824,4678,5780,7566,7813,5045,6112,6971,6732,6814,5051,7209,7061,5230,4579,6262,3094,4693,4255,7204,3847,2969,7599,4177,2188,5116,6590,6793,2964,6444,4673,1942,5081,4545,6947,3673,3564,4442,4764,4162,4000,5130,6075,7500,7004,5439,6255,5295,1526,6581
5232,6757,5000,4110,4988,2925,5361,322,3465,4514,4458,4302,5568,6987,2724,6064,4219,6646,5313,4409,3567,4767,5618,5611,3271,4395,5500,6613,2652,3960,3354,4683,6334,4646,2911,5824,4678,5780,7551,7813,5011,6080,6935,6757,6814,5051,7209,7068,5230,4560,6262,3080,4703,4279,7204,3867,2956,7574,4198,2188,5104,6613,6813,3064,6460,4725,1983,5093,4545,6967,3673,3589,4451,4764,4186,4022,5432,6075,7500,7004,5439,6255,5295,1526,6607
5232,6757,4978,4089,5000,2954,5381,322,3465,4514,4478,4302,5568,6981,2724,6064,4219,6646,5325,4419,3594,4775,5618,5611,3265,4418,5477,6619,2657,3960,3354,4683,6372,4636,2917,5824,4678,5759,7566,7813,5056,6104,6965,6757,6835,5071,7209,7068,5231,4551,6262,3073,4703,4279,7204,3867,2956,7574,4198,2188,5104,6613,6813,3064,6460,4725,1983,5093,4545,6967,3673,3589,4451,4764,4186,4022,5432,6075,7500,6983,5428,6241,5307,1546,6643
5242,6757,4978,4081,5000,2931,5372,323,3465,4514,4478,4302,5580,6961,2728,6064,4219,6659,5325,4409,3581,4775,5594,5632,3271,4418,5500,6619,2634,3970,3375,4683,6372,4613,2923,5834,4727,5792,7566,7813,5056,6104,6965,6757,6835,5071,7209,7068,5231,4551,6262,3073,4703,4279,7204,3843,2956,7599,4198,2188,5127,6628,6787,3100,6485,4715,1979,5069,4555,6927,3673,3589,4451,4764,4162,4022,5461,6093,7475,6983,5439,6241,5272,1546,6674
5242,6774,5000,4098,5000,2961,5352,323,3465,4514,4478,4302,5568,6961,2710,6064,4219,6632,5325,4409,3581,4775,5594,5632,3271,4418,5500,6619,2634,3970,3375,4683,6372,4613,2923,5834,4727,5792,7566,7813,5068,6116,6947,6757,6814,5051,7209,7068,5231,4534,6277,3101,4723,4279,7220,3863,2944,7599,4198,2188,5116,6605,6780,3123,6485,4704,1983,5093,4568,6901,3662,3598,4472,4785,4162,4045,5633,6104,7475,7019,5439,6255,5307,1549,6706
5242,6774,5000,4098,5000,2961,5352,323,3465,4514,4478,4302,5568,6961,2710,6064,4219,6632,5348,4419,3581,4775,5594,5632,3271,4418,5500,6619,2657,3960,3354,4683,6372,4636,2923,5816,4727,5759,7566,7837,5045,6108,6947,6757,6814,5081,7209,7045,5262,4542,6262,3101,4703,4279,7220,3863,2944,7599,4198,2188,5116,6605,6780,3123,6485,4704,1983,5093,4568,6901,3662,3598,4472,4785,4162,4045,5633,6104,7475,7019,5439,6255,5307,1549,6722
5242,6774,5000,4098,5000,2961,5352,323,3465,4514,4478,4302,5568,6961,2710,6064,4219,6632,5348,4419,3581,4775,5594,5632,3271,4418,5500,6619,2657,3960,3354,4683,6372,4636,2923,5816,4727,5759,7566,7837,5045,6108,6947,6757,6814,5081,7209,7045,5262,4542,6262,3101,4703,4279,7204,3870,3016,7642,4219,2188,5139,6628,6774,3165,6501,4715,1983,5093,4568,6909,3651,3598,4472,4764,4162,4077,5971,6115,7475,6983,5450,6255,5307,1549,6737
5224,6757,5000,4089,5000,2931,5395,341,3465,4514,4478,4292,5568,6983,2733,6064,4219,6646,5348,4419,3582,4784,5594,5632,3271,4418,5500,6639,2643,3960,3368,4683,6372,4636,2935,5827,4702,5780,7581,7813,5068,6080,6960,6782,6814,5071,7209,7068,5242,4558,6262,3101,4693,4255,7204,3853,3039,7623,4219,2188,5104,6613,6781,3201,6485,4725,1983,5093,4568,6909,3651,3598,4472,4764,4162,4077,5971,6115,7475,6983,5450,6255,5295,1538,6773
5233,6757,4978,4110,4976,2954,5364,341,3465,4535,4458,4302,5568,6983,2733,6064,4219,6646,5348,4419,3582,4784,5594,5632,3271,4418,5500,6639,2643,3960,3368,4683,6372,4636,2935,5827,4702,5780,7581,7813,5068,6080,6960,6782,6814,5071,7209,7068,5242,4558,6262,3101,4693,4255,7204,3853,3039,7623,4219,2188,5104,6613,6781,3201,6485,4725,1983,5081,4533,6862,3651,3589,4472,4795,4162,4090,6064,6133,7475,6997,5439,6255,5295,1538,6789
5233,6757,4978,4110,4976,2954,5364,341,3465,4535,4458,4302,5568,6983,2715,6064,4219,6625,5325,4409,3610,4766,5618,5632,3292,4418,5489,6619,2643,3960,3375,4683,6372,4646,2941,5827,4727,5771,7566,7832,5068,6113,6972,6757,6814,5081,7209,7061,5263,4550,6262,3101,4693,4255,7204,3853,3039,7623,4219,2188,5104,6613,6781,3201,6485,4725,1983,5081,4533,6862,3651,3589,4472,4795,4162,4090,6064,6133,7475,6997,5439,6255,5295,1538,6806
5233,6757,4978,4110,4976,2954,5364,341,3465,4535,4458,4302,5568,6983,2715,6064,4219,6625,5325,4409,3610,4766,5618,5632,3292,4418,5489,6619,2643,3960,3375,4683,6372,4646,2941,5827,4727,5771,7566,7832,5068,6113,6972,6757,6814,5081,7209,7061,5263,4550,6246,3080,4713,4255,7220,3846,3039,7623,4198,2188,5139,6628,6761,3261,6509,4704,1983,5093,4578,6862,3639,3589,4451,4764,4162,4077,6064,6115,7493,6997,5439,6255,5295,1538,6823
5243,6757,5000,4089,5011,2954,5375,342,3465,4524,4478,4302,5568,6963,2715,6064,4219,6646,5348,4396,3582,4774,5632,5632,3271,4418,5512,6619,2648,3960,3375,4683,6372,4646,2941,5827,4727,5771,7566,7832,5068,6113,6972,6757,6814,5081,7209,7061,5263,4550,6246,3080,4713,4255,7220,3846,3039,7623,4198,2188,5139,6628,6761,3261,6509,4704,1983,5093,4578,6862,3639,3589,4451,4764,4162,4077,6064,6115,7493,6997,5439,6255,5307,1501,6839
5243,6774,5000,4110,5000,2954,5375,342,3473,4493,4478,4302,5568,6963,2715,6064,4219,6646,5348,4396,3582,4774,5632,5632,3271,4418,5512,6619,2648,3960,3375,4683,6357,4646,2920,5819,4727,5792,7566,7813,5068,6105,6954,6782,6814,5071,7232,7061,5253,4558,6237,3107,4723,4279,7204,3853,3050,7642,4219,2188,5116,6590,6754,3351,6509,4725,1983,5093,4545,6855,3603,3589,4472,4795,4162,4100,6125,6155,7475,6983,5439,6255,5272,1521,6872
5243,6774,5000,4110,5000,2954,5375,342,3473,4493,4478,4302,5603,6983,2725,6064,4219,6659,5325,4419,3610,4783,5594,5632,3271,4418,5512,6632,2653,3935,3375,4683,6372,4624,2920,5830,4727,5792,7566,7813,5056,6117,6967,6782,6828,5071,7232,7061,5253,4558,6262,3086,4703,4255,7220,3861,3032,7642,4198,2188,5139,6628,6754,3405,6501,4725,1987,5093,4555,6835,3628,3589,4472,4795,4186,4100,6166,6126,7475,6983,5439,6255,5272,1521,6906
5252,6774,5000,4118,5000,2954,5375,342,3473,4514,4478,4325,5603,6997,2720,6064,4219,6646,5348,4409,3590,4783,5594,5623,3292,4452,5535,6632,2666,3995,3403,4692,6372,4646,2947,5848,4678,5780,7581,7813,5056,6105,6985,6782,6828,5102,7226,7061,5284,4566,6277,3080,4703,4255,7204,3853,3027,7623,4198,2188,5139,6628,6754,3405,6501,4725,1987,5093,4555,6835,3628,3589,4472,4795,4186,4100,6166,6126,7475,6983,5439,6255,5284,1504,6937
5252,6732,5000,4118,4976,2954,5375,342,3473,4514,4478,4325,5603,6997,2720,6064,4219,6646,5348,4409,3590,4783,5594,5623,3292,4452,5535,6632,2666,3995,3403,4692,6372,4646,2947,5848,4678,5780,7581,7813,5056,6105,6985,6782,6828,5102,7226,7061,5284,4566,6277,3080,4703,4255,7204,3853,3027,7623,4198,2192,5139,6628,6754,3429,6550,4714,1983,5104,4555,6835,3616,3589,4472,4764,4162,4090,6206,6155,7475,6983,5439,6255,5295,1521,6956
5252,6732,5000,4118,4976,2954,5375,342,3440,4514,4487,4325,5580,6977,2725,6064,4249,6625,5348,4419,3590,4783,5618,5632,3278,4441,5512,6632,2653,3970,3375,4692,6372,4624,2926,5830,4702,5759,7566,7813,5079,6105,6967,6757,6814,5081,7209,7084,5284,4548,6262,3107,4703,4255,7220,3853,3032,7642,4198,2208,5139,6590,6747,3411,6509,4704,1983,5093,4555,6849,3610,3564,4472,4795,4162,4090,6206,6155,7475,6983,5439,6255,5295,1521,6989
5252,6774,4978,4089,5000,2954,5365,343,3473,4545,4478,4325,5568,6991,2725,6064,4228,6659,5325,4419,3617,4792,5607,5632,3271,4441,5512,6632,2635,3970,3382,4683,6348,4613,2926,5830,4739,5759,7566,7813,5056,6085,6949,6757,6814,5071,7209,7061,5273,4548,6277,3086,4703,4255,7220,3869,3037,7623,4198,2208,5139,6590,6747,3411,6509,4704,1983,5093,4555,6849,3610,3564,4472,4795,4153,4090,6260,6155,7468,6983,5450,6255,5307,1480,7021
5244,6774,5010,4118,5000,2954,5365,324,3465,4514,4467,4302,5580,6991,2730,6064,4228,6646,5348,4419,3597,4773,5607,5623,3271,4418,5512,6646,2658,3970,3375,4662,6372,4636,2926,5822,4739,5780,7566,7813,5056,6085,6949,6757,6814,5071,7209,7061,5273,4548,6277,3086,4703,4255,7220,3869,3037,7623,4198,2208,5139,6590,6754,3447,6526,4735,1983,5093,4522,6829,3592,3589,4482,4795,4186,4123,6321,6191,7512,6983,5439,6255,5296,1483,7055
5262,6749,4989,4110,5000,2961,5365,325,3465,4524,4478,4302,5580,6985,2735,6064,4219,6659,5348,4419,3597,4773,5607,5623,3271,4418,5512,6646,2658,3970,3375,4662,6372,4636,2926,5822,4739,5780,7551,7813,5079,6117,6943,6799,6814,5081,7209,7045,5264,4556,6253,3107,4713,4279,7220,3869,3043,7623,4207,2192,5139,6605,6768,3471,6526,4714,1963,5093,4545,6808,3598,3606,4482,4764,4186,4090,6374,6202,7468,6997,5439,6255,5307,1527,7088
5262,6749,4989,4110,5000,2961,5365,325,3465,4524,4478,4302,5580,6985,2735,6064,4219,6659,5348,4419,3597,4773,5618,5632,3278,4441,5512,6626,2663,3970,3382,4683,6372,4624,2932,5822,4739,5780,7566,7813,5056,6097,6943,6782,6778,5071,7232,7061,5274,4556,6262,3086,4703,4255,7220,3869,3043,7623,4207,2192,5139,6605,6768,3471,6526,4714,1963,5093,4545,6808,3598,3606,4482,4764,4186,4090,6374,6202,7468,6997,5439,6255,5307,1527,7106
5271,6774,5000,4089,5000,2938,5356,326,3473,4524,4478,4325,5568,6985,2712,6079,4228,6646,5325,4409,3604,4782,5632,5632,3271,4441,5512,6639,2658,3970,3375,4683,6372,4636,2912,5833,4776,5780,7566,7813,5056,6097,6943,6782,6778,5071,7232,7061,5274,4556,6262,3086,4703,4255,7204,3849,3019,7642,4198,2192,5139,6590,6741,3471,6526,4735,1987,5093,4555,6788,3605,3598,4482,4785,4186,4123,6496,6231,7493,6983,5439,6255,5284,1510,7139
5271,6774,5000,4089,5000,2938,5356,326,3473,4524,4478,4325,5568,6985,2712,6079,4228,6646,5325,4409,3604,4782,5632,5632,3271,4441,5512,6639,2658,3970,3375,4683,6372,4636,2912,5833,4776,5780,7551,7813,5079,6109,6943,6823,6814,5092,7209,7045,5254,4547,6253,3086,4683,4279,7220,3849,3025,7661,4207,2167,5139,6590,6741,3496,6542,4714,1979,5093,4555,6795,3605,3598,4482,4785,4186,4123,6496,6231,7493,6983,5439,6255,5284,1510,7156
5262,6749,4978,4110,5000,2938,5376,344,3449,4514,4478,4302,5580,6971,2717,6079,4228,6646,5325,4409,3604,4782,5632,5632,3271,4441,5512,6639,2658,3970,3375,4683,6372,4636,2912,5833,4776,5780,7551,7813,5079,6109,6943,6823,6814,5092,7209,7045,5254,4547,6253,3086,4683,4279,7220,3849,3025,7661,4207,2167,5139,6590,6741,3496,6542,4714,1979,5093,4555,6795,3605,3598,4482,4764,4186,4113,6517,6250,7468,6983,5439,6255,5295,1507,7172
5262,6749,4978,4110,5000,2938,5376,344,3449,4514,4478,4302,5580,6971,2717,6079,4228,6646,5325,4441,3604,4773,5594,5644,3271,4441,5500,6653,2658,3945,3382,4703,6372,4646,2938,5833,4789,5792,7566,7795,5079,6102,6956,6823,6814,5092,7232,7068,5274,4547,6253,3086,4683,4279,7220,3849,3025,7661,4207,2167,5139,6590,6741,3496,6542,4714,1979,5093,4555,6795,3605,3598,4482,4764,4186,4113,6517,6250,7468,6983,5439,6255,5295,1507,7189
5262,6749,4978,4110,5000,2938,5376,344,3449,4514,4478,4302,5580,6971,2717,6079,4228,6646,5325,4441,3604,4773,5594,5644,3271,4441,5500,6653,2658,3945,3382,4703,6372,4646,2938,5833,4789,5792,7566,7795,5079,6102,6956,6823,6814,5092,7232,7068,5274,4547,6253,3080,4662,4255,7220,3849,3019,7642,4228,2167,5139,6628,6734,3490,6526,4725,1983,5093,4555,6795,3586,3598,4472,4785,4176,4123,6632,6250,7468,6997,5439,6255,5295,1507,7206
5271,6749,5010,4110,4976,2938,5367,326,3482,4524,4478,4302,5568,6979,2717,6079,4219,6632,5348,4409,3612,4800,5607,5644,3265,4418,5477,6632,2644,3970,3382,4683,6372,4636,2938,5833,4789,5780,7566,7813,5056,6109,6956,6823,6807,5092,7232,7068,5265,4547,6268,3086,4662,4279,7220,3836,3025,7642,4207,2167,5151,6628,6734,3514,6526,4714,1983,5093,4555,6795,3586,3598,4472,4785,4176,4123,6632,6250,7468,6997,5439,6255,5272,1489,7237
5271,6749,5010,4089,5000,2938,5387,326,3449,4524,4478,4325,5568,6979,2722,6079,4228,6659,5337,4409,3612,4782,5621,5632,3271,4452,5500,6612,2667,3980,3382,4683,6348,4636,2918,5843,4789,5792,7566,7813,5045,6102,6956,6823,6807,5092,7232,7068,5265,4547,6268,3086,4662,4279,7220,3836,3025,7642,4207,2167,5151,6628,6734,3514,6526,4714,1983,5093,4568,6761,3605,3606,4503,4785,4186,4136,6653,6268,7468,6962,5439,6255,5272,1448,7273
5271,6766,5010,4102,5000,2931,5398,344,3473,4535,4478,4302,5603,7014,2717,6069,4228,6659,5348,4419,3612,4782,5607,5644,3265,4418,5477,6632,2663,3980,3382,4683,6348,4636,2918,5843,4789,5792,7566,7813,5045,6102,6938,6840,6828,5092,7209,7068,5285,4547,6253,3080,4683,4265,7220,3857,3025,7617,4207,2188,5139,6590,6734,3514,6526,4714,1983,5093,4555,6775,3605,3606,4503,4795,4195,4123,6653,6268,7468,6976,5439,6255,5307,1510,7304
5281,6749,4989,4110,5000,2931,5398,344,3473,4535,4478,4302,5603,7014,2717,6069,4228,6659,5348,4419,3612,4782,5607,5644,3265,4418,5477,6632,2663,3980,3375,4683,6372,4646,2918,5843,4800,5792,7571,7813,5079,6102,6956,6840,6807,5081,7209,7084,5265,4555,6253,3101,4653,4279,7204,3857,3025,7617,4198,2167,5139,6590,6748,3520,6542,4714,1983,5104,4555,6795,3586,3606,4482,4764,4186,4145,6653,6279,7487,7012,5439,6255,5295,1530,7335
5281,6749,4989,4110,5000,2931,5367,344,3473,4524,4478,4302,5603,6979,2722,6094,4228,6646,5348,4419,3612,4791,5607,5623,3271,4428,5500,6646,2644,3980,3382,4683,6372,4646,2918,5843,4789,5780,7566,7813,5045,6102,6969,6840,6807,5040,7192,7038,5285,4555,6293,3107,4653,4289,7227,3857,3025,7661,4228,2147,5139,6590,6714,3520,6542,4714,1983,5093,4555,6775,3611,3598,4482,4785,4186,4136,6693,6268,7487,7012,5439,6255,5295,1530,7373
5263,6749,4989,4110,5000,2931,5378,326,3473,4524,4478,4302,5580,6979,2727,6094,4228,6659,5361,4419,3619,4791,5646,5644,3292,4418,5512,6646,2667,3980,3403,4683,6372,4636,2918,5825,4789,5792,7566,7813,5079,6102,6950,6840,6828,5092,7232,7084,5285,4547,6268,3107,4653,4279,7204,3844,3025,7617,4207,2147,5139,6590,6714,3520,6542,4714,1983,5093,4555,6775,3611,3598,4482,4785,4186,4136,6693,6268,7487,6976,5439,6270,5307,1510,7406
5271,6766,5010,4110,5000,2938,5378,326,3473,4503,4478,4302,5580,6979,2740,6094,4228,6646,5348,4409,3612,4791,5621,5644,3292,4441,5522,6646,2663,3980,3382,4673,6372,4636,2924,5843,4764,5792,7566,7855,5068,6102,6950,6840,6828,5092,7232,7084,5285,4547,6268,3107,4653,4279,7204,3844,3025,7617,4207,2147,5139,6590,6734,3520,6542,4714,1983,5093,4555,6768,3611,3606,4482,4785,4162,4113,6748,6290,7444,6976,5439,6255,5295,1489,7438
5271,6766,5010,4110,5000,2938,5378,326,3473,4503,4478,4302,5580,6979,2740,6094,4228,6646,5348,4409,3612,4791,5621,5644,3292,4441,5522,6646,2663,3980,3382,4673,6372,4636,2924,5843,4764,5792,7566,7855,5068,6102,6938,6840,6828,5092,7209,7100,5296,4547,6277,3086,4653,4279,7227,3865,3030,7661,4228,2147,5139,6605,6748,3545,6567,4714,1983,5093,4555,6755,3593,3582,4482,4764,4162,4113,6748,6290,7444,6976,5439,6255,5295,1489,7457
5289,6749,5010,4110,5000,2931,5387,326,3473,4524,4478,4302,5568,6993,2722,6069,4228,6646,5325,4419,3619,4800,5607,5623,3271,4441,5500,6646,2649,3980,3403,4683,6372,4636,2924,5825,4800,5805,7566,7813,5068,6127,6950,6840,6814,5081,7232,7084,5296,4555,6293,3086,4683,4279,7227,3844,3036,7642,4228,2142,5139,6590,6748,3545,6567,4714,1983,5093,4555,6755,3593,3582,4482,4764,4162,4159,6734,6279,7487,6976,5439,6255,5261,1492,7490
5281,6766,5010,4110,4988,2954,5378,326,3482,4514,4478,4302,5568,6993,2740,6094,4228,6646,5384,4409,3619,4791,5607,5644,3271,4418,5500,6625,2649,3970,3382,4703,6386,4669,2924,5833,4789,5792,7566,7813,5056,6114,6950,6840,6814,5081,7232,7084,5296,4555,6293,3086,4683,4279,7227,3844,3036,7642,4228,2142,5139,6590,6728,3539,6542,4735,1983,5093,4555,6768,3618,3598,4503,4775,4195,4136,6768,6268,7487,6976,5439,6255,5307,1513,7522
5281,6766,5010,4110,4988,2954,5378,326,3482,4514,4478,4302,5568,6993,2740,6094,4228,6646,5384,4409,3619,4791,5607,5644,3271,4418,5500,6625,2649,3970,3382,4703,6386,4669,2924,5833,4789,5792,7566,7813,5056,6114,6950,6840,6828,5092,7232,7068,5296,4555,6253,3107,4662,4289,7243,3844,3049,7642,4228,2142,5151,6613,6728,3539,6567,4735,1983,5104,4545,6755,3618,3598,4503,4775,4195,4136,6768,6268,7487,6976,5439,6255,5307,1513,7540
5290,6749,5010,4110,5000,2954,5378,327,3482,4524,4478,4302,5603,6979,2727,6094,4249,6646,5361,4419,3619,4781,5646,5644,3271,4441,5512,6646,2654,3980,3403,4703,6386,4659,2924,5836,4800,5792,7566,7813,5068,6114,6950,6840,6828,5092,7226,7084,5276,4555,6253,3086,4662,4255,7243,3852,3030,7642,4228,2142,5151,6613,6728,3539,6567,4735,1983,5104,4545,6755,3593,3598,4482,4785,4186,4145,6755,6268,7462,6997,5439,6270,5295,1513,7573
5281,6749,5010,4110,5000,2954,5389,344,3482,4503,4478,4302,5603,6993,2722,6094,4249,6646,5361,4419,3599,4791,5632,5635,3271,4441,5500,6646,2667,3970,3403,4683,6372,4646,2924,5836,4800,5826,7566,7837,5079,6114,6969,6840,6807,5092,7226,7084,5276,4555,6253,3086,4662,4255,7243,3852,3030,7642,4219,2147,5139,6628,6728,3539,6542,4714,1983,5104,4568,6755,3611,3631,4482,4785,4195,4145,6768,6279,7487,6976,5439,6255,5295,1530,7607
5281,6766,4989,4110,5011,2954,5398,326,3482,4524,4478,4312,5568,6993,2722,6094,4228,6646,5348,4419,3619,4791,5632,5635,3271,4441,5500,6646,2667,3970,3403,4683,6372,4646,2924,5836,4800,5826,7566,7837,5079,6114,6969,6840,6807,5092,7232,7045,5276,4563,6268,3107,4653,4279,7243,3865,3030,7642,4228,2147,5139,6590,6728,3527,6542,4735,1983,5093,4578,6768,3600,3598,4503,4785,4172,4136,6789,6279,7444,6976,5439,6255,5307,1513,7640
5281,6766,4989,4110,5011,2954,5398,326,3482,4524,4478,4312,5568,6993,2722,6094,4228,6646,5348,4419,3619,4791,5607,5644,3278,4452,5512,6625,2663,3980,3382,4703,6386,4646,2924,5836,4800,5792,7566,7832,5079,6114,6938,6840,6828,5092,7232,7061,5296,4563,6253,3086,4662,4279,7243,3865,3030,7642,4228,2147,5139,6590,6728,3527,6542,4735,1983,5093,4578,6768,3600,3598,4503,4785,4172,4136,6789,6279,7444,6976,5439,6255,5307,1513,7655
5290,6766,5010,4110,4976,2961,5378,344,3482,4524,4478,4302,5580,6993,2722,6094,4228,6646,5348,4419,3619,4791,5621,5656,3271,4452,5500,6625,2649,3970,3403,4703,6372,4646,2924,5836,4789,5792,7566,7813,5056,6114,6938,6840,6828,5092,7232,7061,5296,4563,6253,3086,4662,4279,7204,3844,3030,7642,4237,2147,5139,6643,6728,3545,6526,4745,1979,5093,4578,6768,3618,3606,4503,4785,4186,4145,6803,6309,7487,6976,5439,6255,5307,1533,7690
5281,6724,4989,4110,4976,2931,5357,327,3449,4503,4478,4325,5580,6973,2727,6094,4228,6646,5348,4419,3619,4791,5621,5656,3271,4452,5500,6625,2649,3970,3403,4703,6372,4646,2924,5836,4789,5792,7566,7813,5056,6114,6969,6840,6807,5092,7232,7061,5286,4563,6268,3107,4683,4289,7220,3865,3030,7642,4228,2172,5139,6605,6748,3545,6542,4714,1983,5093,4578,6768,3618,3631,4482,4785,4186,4145,6789,6297,7487,6997,5417,6232,5307,1513,7722
5281,6724,4989,4110,4976,2931,5357,327,3449,4503,4478,4325,5580,6973,2727,6094,4228,6646,5348,4386,3619,4791,5621,5623,3292,4441,5512,6625,2654,3955,3382,4703,6372,4636,2924,5836,4800,5792,7566,7832,5079,6114,6963,6848,6828,5092,7232,7061,5276,4563,6268,3107,4683,4289,7220,3865,3030,7642,4228,2172,5139,6605,6748,3545,6542,4714,1983,5093,4578,6768,3618,3631,4482,4785,4186,4145,6789,6297,7487,6997,5417,6232,5307,1513,7739
5290,6766,5010,4110,5011,2977,5378,344,3482,4524,4478,4302,5580,6973,2727,6094,4228,6646,5348,4386,3619,4791,5621,5623,3292,4441,5512,6625,2654,3955,3382,4703,6372,4636,2924,5836,4800,5792,7566,7832,5079,6114,6963,6848,6828,5092,7232,7061,5276,4563,6253,3086,4653,4289,7220,3852,3049,7642,4207,2147,5139,6605,6762,3563,6542,4735,1983,5104,4578,6782,3618,3606,4482,4785,4186,4145,6803,6279,7462,6976,5439,6270,5319,1533,7757
5290,6766,5010,4110,5011,2977,5378,344,3482,4524,4478,4302,5580,6973,2722,6094,4228,6646,5348,4419,3627,4791,5607,5635,3292,4441,5512,6605,2672,3955,3403,4703,6372,4636,2930,5836,4800,5792,7581,7790,5045,6094,6963,6848,6828,5092,7232,7061,5276,4563,6253,3086,4653,4289,7220,3852,3049,7642,4207,2147,5139,6605,6762,3563,6542,4735,1983,5104,4578,6782,3618,3606,4482,4785,4186,4145,6803,6279,7462,6976,5439,6270,5319,1533,7773
5309,6749,4989,4110,5000,2961,5409,327,3473,4524,4498,4302,5568,7008,2727,6094,4228,6646,5348,4419,3627,4791,5607,5635,3292,4441,5512,6605,2672,3955,3403,4703,6372,4636,2930,5836,4800,5792,7581,7790,5045,6094,6932,6848,6828,5092,7209,7061,5276,4563,6293,3086,4662,4279,7220,3844,3036,7661,4207,2147,5151,6628,6748,3557,6542,4735,1983,5093,4578,6782,3618,3606,4491,4785,4186,4145,6809,6309,7487,6997,5439,6255,5307,1533,7807
5309,6749,4989,4110,5000,2961,5409,327,3473,4524,4498,4302,5568,7008,2727,6094,4228,6646,5348,4419,3619,4791,5646,5635,3292,4441,5512,6625,2672,3955,3403,4703,6372,4646,2924,5836,4789,5792,7586,7832,5091,6127,6963,6865,6807,5092,7232,7084,5276,4555,6277,3086,4662,4255,7243,3872,3036,7661,4207,2147,5151,6628,6748,3557,6542,4735,1983,5093,4578,6782,3618,3606,4491,4785,4186,4145,6809,6309,7487,6997,5439,6255,5307,1533,7823
5309,6749,4989,4110,5000,2961,5409,327,3473,4524,4498,4302,5568,7008,2727,6094,4228,6646,5348,4419,3619,4791,5646,5635,3292,4441,5512,6625,2672,3955,3403,4703,6372,4646,2924,5836,4789,5792,7586,7832,5091,6127,6963,6865,6807,5092,7232,7084,5276,4555,6277,3086,4662,4255,7243,3872,3036,7661,4219,2147,5139,6605,6748,3539,6542,4724,1983,5093,4589,6768,3600,3631,4512,4785,4195,4123,6823,6309,7462,6991,5439,6270,5307,1533,7843
5290,6724,5010,4110,5011,2954,5389,327,3482,4533,4478,4335,5580,6987,2727,6079,4228,6646,5361,4419,3606,4800,5607,5656,3271,4441,5500,6618,2649,3980,3411,4703,6372,4646,2909,5836,4800,5792,7566,7813,5045,6106,6963,6865,6828,5092,7232,7061,5266,4545,6268,3093,4662,4255,7220,3844,3036,7642,4228,2142,5139,6605,6748,3539,6542,4724,1983,5093,4589,6768,3600,3631,4512,4785,4195,4123,6823,6309,7462,6991,5439,6270,5307,1513,7872
5290,6749,4989,4110,4976,2984,5389,327,3482,4524,4478,4302,5580,7002,2727,6094,4228,6666,5361,4419,3627,4800,5621,5623,3271,4452,5512,6632,2667,3980,3403,4673,6372,4646,2930,5836,4789,5792,7566,7813,5045,6106,6963,6865,6828,5092,7232,7061,5266,4545,6268,3093,4662,4255,7220,3844,3036,7642,4228,2142,5139,6605,6823,3545,6542,4714,1979,5093,4589,6823,3600,3598,4482,4775,4219,4123,6823,6290,7462,6976,5439,6255,5307,1516,7901
5309,6749,5021,4110,4988,2984,5389,345,3449,4533,4478,4335,5580,6987,2727,6094,4258,6659,5361,4419,3627,4800,5621,5644,3292,4441,5512,6632,2667,3980,3403,4673,6372,4646,2930,5836,4789,5792,7566,7813,5068,6127,6950,6865,6807,5092,7249,7084,5286,4563,6293,3086,4662,4279,7260,3852,3054,7661,4258,2147,5139,6621,6803,3563,6542,4745,1983,5104,4555,6823,3624,3622,4512,4785,4195,4145,6823,6290,7468,6976,5439,6255,5307,1516,7943
5309,6749,5021,4110,4988,2984,5389,345,3449,4533,4478,4335,5580,6987,2727,6094,4258,6659,5361,4419,3627,4800,5621,5644,3292,4441,5489,6625,2667,3955,3411,4713,6372,4646,2930,5836,4825,5792,7566,7813,5056,6094,6963,6865,6822,5092,7249,7077,5286,4563,6293,3107,4662,4279,7220,3852,3041,7642,4228,2167,5151,6598,6837,3563,6542,4714,1983,5104,4555,6823,3624,3622,4512,4785,4195,4145,6823,6290,7468,6976,5439,6255,5307,1516,7958
5309,6766,5000,4110,4976,2984,5400,327,3482,4524,4478,4335,5580,6987,2727,6094,4258,6659,5361,4419,3627,4800,5621,5644,3292,4441,5489,6625,2667,3955,3411,4713,6372,4646,2930,5836,4825,5792,7566,7813,5056,6094,6963,6865,6822,5092,7249,7077,5286,4563,6293,3107,4662,4279,7220,3852,3041,7642,4228,2167,5151,6598,6837,3563,6542,4714,1983,5093,4555,6823,3618,3631,4503,4785,4162,4145,6844,6290,7468,6976,5439,6270,5307,1516,7973
5309,6766,5000,4110,4976,2984,5400,327,3482,4524,4478,4302,5580,6987,2727,6069,4228,6646,5361,4419,3634,4781,5621,5644,3271,4441,5500,6632,2654,3945,3411,4703,6386,4624,2930,5836,4813,5805,7566,7813,5091,6119,6963,6865,6828,5102,7232,7061,5297,4563,6277,3114,4662,4289,7220,3852,3036,7642,4228,2142,5139,6605,6817,3563,6542,4724,1979,5081,4578,6823,3618,3622,4512,4785,4162,4145,6844,6290,7468,6976,5439,6270,5307,1516,8005
5309,6741,5000,4110,4988,2961,5368,327,3473,4533,4478,4325,5593,7002,2727,6094,4249,6646,5348,4419,3634,4800,5621,5623,3271,4452,5512,6618,2654,3945,3403,4683,6386,4646,2930,5836,4789,5792,7566,7832,5056,6119,6963,6865,6822,5102,7249,7077,5297,4563,6293,3114,4662,4279,7220,3852,3036,7642,4228,2142,5139,6605,6817,3563,6542,4724,1979,5081,4578,6823,3618,3622,4512,4785,4162,4145,6858,6309,7487,6997,5439,6255,5307,1516,8039
5309,6749,5021,4110,5011,2961,5368,327,3473,4533,4478,4325,5593,7002,2727,6094,4249,6646,5348,4419,3634,4800,5621,5623,3271,4452,5512,6618,2654,3945,3403,4683,6386,4646,2930,5836,4789,5792,7566,7832,5056,6119,6963,6865,6822,5102,7249,7077,5297,4563,6293,3114,4662,4279,7220,3860,3041,7686,4237,2151,5151,6583,6837,3581,6517,4724,1983,5104,4578,6837,3618,3631,4512,4785,4195,4155,6858,6309,7444,6991,5439,6255,5307,1522,8055
5309,6749,5021,4110,5011,2961,5379,327,3482,4533,4478,4325,5580,7002,2727,6094,4258,6646,5348,4419,3627,4808,5646,5656,3271,4465,5525,6639,2672,3955,3403,4683,6386,4624,2930,5825,4800,5826,7566,7832,5056,6119,6963,6865,6843,5092,7249,7061,5286,4563,6293,3086,4662,4289,7237,3852,3041,7661,4216,2151,5151,6583,6809,3563,6492,4724,1983,5093,4555,6823,3618,3631,4512,4785,4195,4155,6858,6309,7444,6991,5439,6255,5307,1522,8089
5336,6766,4989,4110,4988,2961,5368,327,3482,4533,4498,4302,5580,6987,2727,6094,4237,6646,5348,4419,3627,4808,5646,5656,3271,4465,5525,6639,2672,3955,3403,4683,6386,4624,2930,5825,4800,5826,7566,7832,5056,6119,6963,6865,6843,5092,7249,7061,5286,4563,6293,3086,4662,4289,7237,3852,3041,7661,4216,2151,5151,6583,6809,3563,6492,4724,1983,5093,4555,6823,3618,3631,4512,4785,4186,4145,6864,6309,7462,6991,5439,6270,5307,1516,8106
5309,6741,4989,4110,4988,2961,5368,327,3482,4533,4498,4302,5580,6987,2727,6094,4237,6646,5348,4419,3627,4800,5607,5644,3278,4441,5512,6639,2672,3980,3411,4683,6372,4624,2930,5836,4800,5826,7566,7832,5079,6106,6963,6865,6822,5092,7232,7061,5276,4563,6293,3107,4642,4279,7204,3852,3036,7642,4216,2147,5139,6605,6823,3563,6476,4724,1983,5093,4555,6803,3600,3622,4491,4785,4162,4123,6885,6309,7487,6991,5439,6255,5319,1516,8139
5309,6741,4989,4110,4976,2938,5368,327,3473,4512,4478,4335,5590,6987,2727,6094,4228,6646,5361,4419,3627,4800,5621,5623,3271,4441,5512,6639,2659,3980,3411,4683,6386,4657,2950,5836,4800,5826,7566,7813,5056,6106,6963,6840,6828,5092,7232,7061,5307,4563,6212,3114,4642,4289,7243,3831,3041,7661,4216,2147,5139,6583,6782,3588,6517,4724,1983,5093,4555,6803,3600,3622,4491,4785,4162,4123,6885,6309,7487,6991,5439,6255,5319,1516,8171
5309,6741,5000,4118,5011,2961,5400,345,3457,4533,4508,4335,5593,6987,2727,6094,4228,6646,5361,4419,3627,4800,5621,5623,3271,4441,5512,6639,2659,3980,3411,4683,6386,4657,2950,5836,4800,5826,7566,7813,5056,6106,6963,6840,6828,5092,7232,7061,5307,4563,6212,3114,4642,4289,7243,3831,3041,7661,4216,2147,5139,6583,6782,3588,6517,4724,1983,5104,4555,6823,3600,3631,4512,4785,4162,4155,6885,6290,7462,6991,5439,6232,5319,1516,8189
5309,6741,5000,4118,5011,2961,5400,345,3457,4533,4508,4335,5593,6987,2722,6094,4228,6646,5348,4396,3634,4790,5621,5635,3271,4441,5512,6639,2659,3980,3411,4692,6372,4634,2936,5836,4825,5805,7566,7813,5056,6127,6976,6865,6822,5092,7249,7077,5286,4545,6212,3114,4642,4289,7243,3831,3041,7661,4216,2147,5139,6583,6782,3588,6517,4724,1983,5104,4555,6823,3600,3631,4512,4785,4162,4155,6885,6290,7462,6991,5439,6232,5319,1516,8205
5318,6749,5000,4110,4976,2961,5379,327,3457,4503,4508,4312,5580,7002,2727,6094,4237,6646,5361,4419,3634,4800,5621,5656,3271,4452,5512,6618,2672,3980,3411,4692,6372,4634,2936,5836,4825,5805,7566,7813,5056,6127,6976,6865,6822,5092,7249,7077,5286,4545,6253,3114,4662,4289,7220,3852,3060,7661,4237,2147,5139,6583,6837,3588,6517,4724,1983,5104,4545,6837,3600,3631,4512,4785,4186,4145,6899,6309,7487,6991,5439,6255,5307,1498,8239
5318,6749,5000,4110,4976,2961,5379,327,3457,4503,4508,4312,5580,7002,2727,6094,4237,6646,5361,4419,3634,4800,5621,5656,3271,4452,5512,6618,2672,3980,3411,4683,6386,4624,2930,5836,4800,5826,7566,7832,5056,6127,6963,6865,6843,5092,7249,7061,5286,4571,6293,3114,4662,4279,7220,3831,3041,7661,4216,2147,5151,6605,6837,3588,6517,4724,1983,5104,4545,6837,3600,3631,4512,4785,4186,4145,6899,6309,7487,6991,5439,6255,5307,1498,8243
5309,6741,5000,4118,4988,2961,5368,346,3482,4524,4478,4312,5580,6987,2727,6069,4258,6646,5361,4419,3634,4800,5621,5656,3271,4452,5512,6618,2672,3980,3411,4683,6386,4624,2930,5836,4800,5826,7566,7832,5056,6127,6963,6865,6843,5092,7249,7061,5286,4571,6293,3114,4662,4279,7220,3831,3041,7661,4216,2147,5151,6605,6782,3588,6567,4724,1967,5104,4555,6837,3606,3631,4512,4785,4172,4145,6885,6320,7462,6991,5419,6285,5307,1516,8275
5309,6741,5000,4118,4988,2961,5368,346,3482,4524,4478,4312,5580,6987,2727,6069,4258,6646,5348,4419,3627,4808,5621,5635,3278,4475,5500,6659,2654,3945,3411,4713,6386,4624,2930,5836,4800,5826,7581,7832,5056,6106,6945,6823,6843,5092,7249,7061,5286,4571,6293,3093,4692,4265,7220,3852,3036,7661,4216,2192,5128,6605,6782,3581,6517,4745,1983,5093,4522,6748,3581,3598,4460,4764,4139,4113,6871,6290,7400,6940,5408,6194,5307,1516,8306
5281,6674,4968,4061,4953,2931,5337,308,3424,4503,4458,4302,5568,6952,2709,6014,4207,6612,5325,4386,3578,4754,5583,5611,3251,4418,5489,6605,2654,3920,3382,4683,6348,4580,2903,5818,4789,5771,7546,7772,5022,6094,6927,6823,6786,5061,7209,7022,5255,4527,6253,3065,4683,4255,7204,3824,3012,7617,4207,2167,5116,6568,6782,3581,6517,4745,1983,5093,4522,6748,3581,3598,4460,4764,4139,4113,6871,6290,7400,6940,5408,6194,5227,1451,8338
5318,6766,5021,4118,4988,2961,5389,346,3457,4533,4478,4325,5603,7008,2732,6094,4237,6659,5348,4419,3619,4808,5621,5623,3258,4452,5477,6639,2659,3955,3403,4662,6386,4624,2924,5846,4800,5805,7546,7772,5022,6094,6927,6823,6786,5061,7209,7022,5255,4527,6253,3065,4683,4255,7204,3824,3012,7617,4207,2167,5116,6568,6748,3581,6501,4693,1963,5069,4522,6768,3581,3598,4482,4764,4162,4155,6905,6338,7487,6991,5450,6255,5319,1495,8373
5318,6766,5021,4118,4988,2984,5389,345,3457,4533,4487,4325,5580,6987,2732,6094,4216,6646,5348,4419,3627,4808,5621,5644,3271,4452,5477,6639,2659,3955,3403,4662,6386,4624,2924,5846,4800,5805,7566,7832,5056,6127,6945,6865,6807,5071,7226,7061,5286,4553,6253,3093,4713,4275,7220,3852,3036,7661,4237,2188,5116,6590,6817,3588,6542,4724,1987,5104,4578,6762,3606,3606,4512,4795,4195,4145,6905,6320,7462,6976,5450,6270,5284,1519,8406
5318,6741,5010,4118,5011,2961,5389,345,3457,4533,4487,4325,5580,6987,2732,6094,4216,6646,5348,4419,3627,4808,5621,5644,3271,4452,5512,6652,2659,3980,3403,4692,6386,4624,2942,5846,4825,5813,7561,7832,5056,6139,6958,6890,6843,5102,7232,7061,5307,4563,6293,3093,4703,4289,7220,3860,3041,7661,4237,2192,5151,6583,6796,3588,6542,4724,1987,5104,4555,6796,3606,3631,4512,4795,4195,4145,6919,6338,7462,6991,5439,6270,5284,1498,8438
5318,6741,5010,4118,5011,2961,5389,346,3482,4533,4487,4325,5616,7002,2714,6094,4237,6659,5361,4419,3613,4808,5621,5635,3278,4418,5512,6666,2677,3955,3411,4692,6386,4624,2921,5836,4800,5792,7561,7832,5056,6139,6958,6890,6843,5102,7232,7061,5307,4563,6293,3093,4703,4289,7220,3860,3041,7661,4237,2192,5151,6583,6796,3588,6542,4724,1987,5104,4555,6796,3606,3631,4512,4795,4195,4145,6919,6338,7462,6991,5439,6270,5284,1498,8456
5318,6741,5010,4118,5011,2961,5389,346,3482,4533,4487,4325,5616,7002,2714,6094,4237,6659,5361,4419,3613,4808,5621,5635,3278,4418,5512,6666,2677,3955,3411,4692,6386,4624,2921,5836,4800,5792,7546,7790,5056,6168,6963,6890,6843,5102,7249,7061,5286,4553,6268,3093,4713,4255,7220,3860,3041,7661,4207,2213,5151,6583,6782,3588,6517,4714,1987,5093,4555,6851,3606,3631,4503,4795,4195,4145,6919,6338,7462,6991,5439,6270,5284,1498,8473
5318,6741,5021,4118,5011,2961,5400,346,3482,4524,4487,4335,5603,7002,2732,6094,4237,6659,5361,4419,3613,4790,5621,5635,3278,4452,5525,6639,2659,3980,3411,4683,6363,4646,2930,5828,4800,5813,7581,7813,5079,6160,6958,6890,6807,5102,7232,7061,5297,4563,6268,3114,4733,4265,7220,3860,3041,7661,4207,2213,5151,6583,6782,3588,6517,4714,1987,5093,4555,6851,3606,3631,4503,4795,4186,4145,6905,6309,7462,6976,5450,6270,5307,1540,8506
5318,6741,5021,4118,4988,2954,5400,327,3482,4524,4487,4335,5580,7016,2732,6069,4237,6659,5361,4406,3606,4790,5621,5635,3278,4452,5489,6652,2659,3955,3403,4683,6348,4590,2909,5836,4789,5771,7581,7813,5079,6160,6958,6890,6807,5102,7232,7061,5297,4563,6268,3114,4733,4265,7220,3852,3041,7661,4216,2213,5151,6605,6796,3606,6542,4714,1983,5104,4578,6782,3606,3631,4512,4795,4186,4145,6919,6338,7462,6991,5450,6270,5319,1516,8538
5318,6741,5021,4118,4988,2954,5400,327,3482,4524,4487,4335,5580,7016,2732,6069,4237,6659,5361,4406,3606,4790,5621,5635,3278,4452,5489,6652,2659,3955,3403,4683,6348,4590,2909,5836,4789,5771,7546,7790,5034,6147,6927,6848,6786,5081,7186,7022,5286,4527,6228,3065,4703,4232,7220,3831,3018,7617,4186,2188,5093,6568,6762,3588,6501,4693,1967,5069,4545,6782,3581,3598,4512,4795,4186,4145,6919,6338,7462,6991,5450,6270,5319,1516,8556
5318,6741,5021,4118,4988,2984,5368,327,3482,4533,4487,4335,5593,7002,2732,6094,4237,6673,5361,4406,3606,4790,5621,5635,3278,4452,5489,6652,2659,3955,3403,4683,6348,4590,2909,5836,4789,5771,7546,7790,5034,6147,6927,6848,6786,5081,7186,7022,5286,4527,6228,3065,4703,4232,7220,3831,3018,7617,4186,2188,5093,6568,6762,3588,6501,4693,1967,5069,4545,6782,3581,3598,4512,4795,4186,4145,6919,6320,7462,6991,5450,6270,5307,1519,8572
5318,6741,5021,4118,4988,2984,5368,327,3482,4533,4487,4335,5593,7002,2732,6094,4237,6673,5348,4429,3613,4790,5621,5635,3278,4452,5512,6632,2682,3980,3411,4713,6386,4624,2936,5828,4825,5805,7566,7855,5056,6180,6958,6890,6843,5102,7232,7077,5297,4571,6268,3093,4733,4265,7220,3852,3041,7661,4216,2213,5151,6605,6782,3606,6542,4724,1987,5081,4555,6782,3613,3631,4512,4795,4186,4145,6926,6327,7462,6991,5450,6255,5307,1540,8606
5318,6741,5021,4118,5000,2961,5379,346,3457,4533,4487,4335,5593,6987,2732,6094,4237,6659,5348,4396,3634,4790,5621,5635,3278,4418,5512,6652,2672,3980,3403,4692,6372,4634,2936,5828,4825,5805,7566,7855,5056,6180,6958,6890,6843,5102,7232,7077,5297,4571,6268,3093,4733,4265,7220,3852,3041,7661,4216,2213,5151,6605,6782,3606,6542,4724,1987,5081,4555,6782,3613,3631,4512,4795,4186,4145,6926,6327,7462,6991,5450,6255,5307,1540,8623
5318,6741,4989,4118,4976,2961,5390,327,3457,4533,4487,4335,5580,6987,2732,6079,4237,6659,5348,4396,3634,4790,5621,5635,3278,4418,5512,6652,2672,3980,3403,4692,6372,4634,2936,5836,4800,5826,7561,7832,5091,6180,6976,6890,6807,5081,7249,7100,5297,4571,6268,3107,4733,4265,7220,3860,3041,7661,4237,2238,5151,6621,6817,3606,6542,4724,1987,5093,4578,6796,3606,3631,4512,4795,4186,4145,6919,6309,7462,6976,5450,6270,5307,1522,8655
5318,6741,4989,4118,4976,2961,5390,327,3457,4533,4487,4335,5580,6987,2732,6079,4237,6659,5325,4419,3613,4790,5621,5635,3278,4475,5512,6632,2659,3990,3411,4692,6386,4624,2915,5818,4800,5805,7581,7832,5091,6180,6945,6890,6822,5102,7249,7084,5277,4571,6293,3093,4733,4265,7237,3868,3041,7661,4237,2213,5139,6605,6776,3606,6542,4724,1987,5104,4589,6796,3606,3631,4512,4804,4186,4155,6905,6320,7462,6976,5450,6270,5307,1522,8689
5318,6741,5021,4118,4976,2961,5390,346,3482,4533,4487,4335,5593,7002,2718,6094,4237,6659,5361,4419,3641,4817,5621,5656,3278,4475,5512,6652,2659,3980,3411,4692,6386,4624,2936,5828,4825,5826,7581,7832,5079,6180,6958,6890,6822,5102,7249,7061,5277,4553,6293,3086,4713,4265,7243,3860,3041,7661,4237,2188,5116,6605,6776,3606,6542,4724,1987,5104,4589,6796,3606,3631,4512,4804,4186,4155,6905,6320,7462,7006,5430,6270,5307,1519,8721
5318,6758,5021,4118,4988,2990,5379,327,3482,4533,4487,4335,5593,7002,2718,6094,4237,6659,5361,4419,3641,4817,5621,5656,3278,4475,5512,6652,2659,3980,3411,4692,6386,4624,2936,5828,4825,5826,7581,7832,5079,6180,6958,6890,6822,5102,7249,7061,5277,4553,6293,3086,4713,4265,7243,3860,3041,7661,4237,2188,5116,6605,6776,3606,6542,4724,1987,5104,4578,6796,3606,3656,4512,4774,4172,4136,6919,6338,7462,7012,5430,6270,5307,1519,8729
5318,6758,5021,4118,4988,2990,5379,327,3482,4533,4487,4335,5593,6987,2732,6094,4237,6659,5361,4429,3641,4808,5635,5656,3305,4452,5512,6652,2682,3980,3418,4692,6386,4624,2909,5828,4800,5826,7561,7813,5056,6180,6958,6890,6822,5102,7249,7084,5297,4553,6293,3086,4713,4265,7243,3860,3041,7661,4237,2188,5116,6605,6776,3606,6542,4724,1987,5104,4578,6796,3606,3656,4512,4774,4172,4136,6919,6338,7462,7012,5430,6270,5307,1519,8757
5318,6758,5021,4118,4988,2990,5379,327,3482,4533,4487,4335,5593,6987,2732,6094,4237,6659,5361,4429,3641,4808,5635,5656,3305,4452,5512,6652,2682,3980,3418,4692,6386,4624,2909,5828,4800,5826,7561,7813,5056,6180,6958,6890,6822,5102,7249,7084,5297,4553,6293,3114,4733,4265,7220,3852,3047,7686,4216,2213,5151,6605,6776,3624,6542,4724,1987,5104,4555,6796,3606,3631,4512,4795,4195,4155,6940,6338,7487,6991,5450,6270,5307,1519,8773
5336,6716,5000,4118,4976,2961,5379,327,3457,4533,4496,4335,5603,6987,2737,6094,4237,6659,5361,4429,3634,4799,5621,5656,3278,4441,5512,6632,2659,3980,3411,4692,6410,4646,2930,5846,4800,5826,7561,7813,5091,6168,6976,6890,6843,5102,7249,7100,5266,4553,6268,3121,4733,4265,7243,3860,3047,7661,4246,2238,5163,6605,6776,3624,6542,4724,1987,5104,4555,6796,3606,3631,4512,4795,4195,4155,6940,6338,7487,6991,5450,6270,5284,1519,8806
5318,6716,5021,4118,5011,2990,5368,346,3482,4533,4496,4335,5603,6987,2737,6094,4237,6659,5361,4429,3634,4799,5621,5656,3278,4441,5512,6632,2659,3980,3411,4692,6410,4646,2930,5846,4800,5826,7561,7813,5091,6168,6976,6890,6843,5102,7249,7100,5266,4553,6268,3121,4733,4265,7243,3860,3047,7661,4246,2238,5163,6605,6776,3606,6567,4724,1987,5104,4589,6762,3613,3631,4512,4795,4182,4155,6940,6350,7462,7006,5450,6270,5307,1498,8816
5318,6716,5021,4118,5011,2990,5368,346,3482,4533,4487,4335,5593,7008,2732,6069,4237,6639,5361,4419,3634,4790,5621,5635,3278,4452,5512,6618,2659,3980,3432,4692,6386,4624,2930,5828,4800,5826,7561,7808,5056,6175,6952,6890,6843,5102,7249,7100,5266,4553,6268,3121,4733,4265,7243,3860,3047,7661,4246,2238,5163,6605,6776,3606,6567,4724,1987,5104,4589,6762,3613,3631,4512,4795,4182,4155,6940,6350,7462,7006,5450,6270,5307,1498,8839
5328,6741,5021,4118,5011,2990,5368,346,3482,4533,4487,4335,5593,7008,2732,6069,4237,6639,5361,4419,3634,4790,5621,5635,3278,4452,5512,6618,2659,3980,3432,4692,6386,4624,2930,5828,4800,5826,7561,7808,5056,6175,6952,6890,6843,5102,7249,7061,5277,4553,6268,3099,4733,4265,7220,3860,3023,7661,4216,2213,5151,6621,6776,3613,6542,4724,1987,5104,4578,6796,3606,3656,4512,4795,4195,4155,6960,6357,7462,6991,5462,6247,5295,1519,8857
5328,6741,5010,4118,4976,2984,5368,346,3482,4512,4487,4335,5580,7002,2714,6094,4246,6659,5325,4386,3613,4808,5621,5647,3278,4465,5512,6618,2659,3980,3432,4692,6386,4624,2930,5828,4800,5826,7561,7808,5056,6175,6952,6890,6843,5102,7249,7061,5277,4553,6268,3099,4733,4265,7220,3860,3023,7661,4216,2213,5151,6621,6776,3613,6542,4724,1987,5104,4578,6796,3606,3656,4512,4795,4195,4155,6960,6357,7462,6991,5462,6247,5295,1519,8873
5328,6741,5010,4118,4976,2984,5368,346,3482,4512,4487,4335,5580,7002,2714,6094,4246,6659,5325,4386,3613,4808,5621,5647,3278,4465,5512,6652,2659,3955,3432,4692,6386,4634,2936,5846,4800,5826,7561,7855,5079,6201,6970,6890,6822,5081,7249,7061,5297,4553,6293,3099,4733,4265,7237,3860,3047,7661,4216,2213,5151,6605,6762,3613,6542,4724,1991,5128,4589,6776,3624,3656,4512,4795,4195,4155,6960,6357,7462,6991,5462,6247,5295,1519,8890
5346,6741,5021,4127,4988,2961,5400,328,3482,4543,4487,4335,5580,7002,2737,6069,4237,6673,5361,4429,3634,4808,5621,5647,3278,4465,5512,6652,2659,3955,3432,4692,6386,4634,2936,5846,4800,5826,7561,7855,5079,6201,6970,6890,6822,5081,7249,7061,5297,4553,6293,3099,4733,4265,7237,3860,3047,7661,4216,2213,5151,6605,6762,3613,6542,4724,1991,5128,4589,6776,3624,3656,4512,4795,4162,4136,6926,6368,7462,6991,5430,6270,5319,1516,8911
5346,6741,5021,4127,4988,2961,5400,328,3482,4543,4487,4335,5580,7002,2737,6069,4237,6673,5361,4429,3634,4808,5621,5656,3278,4428,5512,6652,2664,3980,3432,4692,6401,4624,2936,5839,4825,5826,7597,7813,5079,6180,6958,6890,6822,5102,7249,7061,5297,4562,6268,3093,4713,4265,7305,3880,3047,7661,4216,2233,5151,6605,6741,3606,6542,4724,1987,5104,4578,6776,3613,3656,4512,4795,4195,4178,6940,6368,7462,6991,5450,6247,5319,1516,8940
5346,6741,5021,4118,4988,2984,5379,328,3482,4533,4487,4335,5603,7002,2732,6094,4237,6673,5361,4429,3634,4799,5635,5635,3285,4452,5512,6646,2664,3955,3432,4692,6386,4634,2921,5846,4800,5826,7581,7813,5079,6172,6958,6890,6836,5102,7249,7077,5298,4553,6268,3093,4733,4265,7305,3888,3047,7661,4216,2233,5151,6605,6741,3606,6542,4724,1987,5104,4578,6776,3613,3656,4512,4795,4195,4178,6940,6368,7462,6991,5450,6247,5319,1519,8972
5346,6741,5021,4118,4988,2961,5402,327,3482,4533,4487,4335,5593,6995,2732,6094,4237,6659,5384,4429,3641,4790,5621,5635,3278,4452,5525,6639,2664,3980,3432,4692,6372,4624,2901,5846,4800,5826,7561,7832,5079,6185,6989,6890,6822,5112,7249,7077,5298,4553,6268,3093,4733,4265,7305,3888,3047,7661,4237,2213,5151,6605,6851,3631,6542,4734,1987,5104,4555,6851,3613,3665,4512,4774,4195,4145,6954,6350,7487,6991,5450,6270,5284,1525,9007
5346,6741,5021,4118,4988,2961,5402,327,3482,4533,4487,4335,5593,6995,2732,6094,4237,6659,5384,4429,3641,4790,5621,5635,3278,4452,5525,6639,2664,3980,3432,4692,6372,4624,2901,5846,4800,5826,7561,7832,5079,6185,6989,6890,6822,5112,7249,7061,5288,4553,6293,3099,4683,4265,7289,3896,3041,7686,4216,2213,5151,6583,6865,3606,6542,4734,1987,5104,4589,6851,3631,3656,4512,4774,4195,4145,6954,6350,7487,6991,5450,6270,5284,1525,9023
5318,6741,5021,4139,5011,2968,5402,346,3482,4533,4487,4335,5593,7010,2737,6094,4237,6659,5361,4429,3649,4799,5621,5635,3278,4452,5489,6639,2664,3980,3439,4692,6386,4624,2921,5846,4825,5826,7561,7832,5079,6193,6970,6907,6822,5102,7249,7061,5298,4562,6293,3099,4683,4265,7289,3896,3041,7686,4216,2213,5151,6583,6865,3606,6542,4734,1987,5104,4589,6851,3631,3656,4512,4774,4195,4145,6969,6357,7462,6991,5450,6270,5284,1522,9047
5328,6741,5021,4139,5011,2968,5402,346,3482,4533,4487,4335,5593,7010,2737,6094,4237,6659,5361,4429,3649,4799,5621,5635,3278,4452,5489,6639,2664,3980,3439,4692,6386,4624,2921,5846,4825,5826,7561,7832,5079,6193,6970,6907,6822,5102,7249,7061,5298,4562,6268,3093,4733,4265,7289,3888,3041,7661,4216,2213,5151,6598,6851,3613,6542,4724,1987,5128,4589,6810,3606,3656,4512,4804,4195,4155,6954,6368,7462,6991,5462,6270,5307,1522,9073
5328,6741,5000,4127,5011,2984,5379,346,3466,4533,4487,4325,5580,7016,2714,6069,4237,6659,5325,4419,3634,4799,5621,5635,3285,4475,5489,6611,2659,3980,3439,4713,6348,4624,2936,5839,4825,5826,7561,7832,5079,6180,6970,6890,6822,5102,7272,7061,5288,4562,6268,3093,4733,4265,7289,3888,3029,7686,4216,2213,5151,6605,6810,3631,6517,4724,1987,5093,4566,6831,3613,3665,4512,4795,4195,4155,6954,6368,7462,6991,5462,6270,5307,1522,9107
5346,6741,5021,4118,4988,2961,5390,328,3457,4533,4487,4312,5580,7002,2718,6084,4237,6659,5325,4419,3634,4799,5621,5635,3285,4475,5489,6611,2659,3980,3439,4713,6348,4624,2936,5839,4825,5826,7561,7832,5079,6180,6970,6890,6822,5102,7272,7061,5288,4562,6268,3093,4733,4265,7289,3888,3029,7686,4216,2213,5151,6605,6810,3631,6517,4724,1987,5093,4566,6831,3613,3665,4512,4795,4186,4145,6954,6368,7462,7006,5462,6270,5319,1522,9119
5346,6741,5021,4118,4988,2961,5390,328,3457,4533,4487,4312,5580,7002,2718,6084,4237,6659,5348,4419,3641,4799,5621,5635,3278,4452,5489,6625,2664,3980,3439,4692,6372,4634,2921,5839,4825,5838,7561,7832,5068,6193,6958,6890,6822,5102,7249,7077,5288,4580,6268,3093,4733,4265,7289,3888,3029,7686,4216,2213,5151,6605,6810,3631,6517,4724,1987,5093,4566,6831,3613,3665,4512,4795,4186,4145,6954,6368,7462,7006,5462,6270,5319,1522,9138
5328,6741,5010,4139,4988,2961,5411,328,3457,4533,4496,4312,5616,7016,2737,6069,4237,6659,5361,4419,3613,4799,5610,5635,3278,4452,5489,6646,2677,3955,3432,4692,6386,4624,2921,5839,4825,5838,7561,7832,5068,6193,6958,6890,6822,5102,7249,7077,5288,4580,6293,3114,4733,4289,7305,3888,3047,7661,4216,2213,5151,6598,6831,3606,6542,4724,1967,5104,4589,6810,3613,3631,4512,4795,4195,4155,6954,6386,7462,6991,5450,6270,5284,1522,9172
5346,6741,5031,4139,4988,2968,5390,346,3457,4533,4487,4312,5593,7016,2737,6069,4237,6659,5361,4419,3613,4799,5610,5635,3278,4452,5489,6646,2677,3955,3432,4692,6386,4624,2936,5828,4800,5826,7561,7832,5091,6180,6952,6890,6836,5102,7249,7038,5288,4562,6268,3093,4722,4265,7289,3888,3029,7686,4216,2213,5151,6583,6831,3631,6558,4724,1987,5104,4566,6817,3613,3631,4512,4774,4195,4178,6960,6368,7481,6991,5450,6285,5307,1502,9205
5346,6741,5031,4139,4988,2968,5390,346,3457,4533,4487,4312,5593,7016,2714,6069,4237,6659,5361,4429,3641,4781,5597,5635,3285,4452,5525,6632,2664,3955,3432,4692,6386,4624,2915,5828,4800,5826,7561,7832,5079,6180,6939,6890,6822,5102,7249,7061,5288,4562,6309,3099,4733,4265,7289,3880,3029,7686,4225,2192,5151,6583,6810,3613,6517,4724,1987,5104,4555,6810,3613,3656,4491,4774,4205,4145,6960,6368,7481,6991,5450,6285,5307,1502,9238
5346,6716,5000,4118,5011,2968,5379,327,3457,4533,4487,4312,5580,6995,2737,6094,4237,6659,5361,4419,3634,4772,5597,5656,3278,4428,5512,6646,2659,3930,3432,4692,6386,4646,2921,5857,4800,5826,7561,7832,5056,6172,6970,6890,6836,5102,7249,7022,5288,4562,6268,3093,4733,4265,7289,3888,3029,7661,4246,2192,5151,6598,6810,3613,6517,4724,1987,5104,4555,6810,3613,3656,4491,4774,4205,4145,6960,6368,7462,6991,5462,6247,5284,1498,9266
5346,6716,5021,4139,5011,2961,5411,327,3457,4533,4487,4312,5580,6995,2737,6094,4237,6659,5361,4419,3634,4772,5597,5656,3278,4428,5512,6646,2659,3930,3432,4692,6386,4646,2921,5857,4800,5826,7561,7832,5056,6172,6970,6890,6836,5102,7249,7022,5288,4562,6268,3093,4733,4265,7289,3888,3029,7661,4246,2192,5151,6598,6810,3631,6517,4724,1971,5104,4566,6810,3631,3656,4512,4795,4195,4145,6975,6368,7462,6991,5462,6270,5307,1522,9280
5346,6716,5021,4139,5011,2961,5411,327,3457,4533,4487,4335,5593,7002,2718,6069,4237,6659,5348,4386,3641,4781,5621,5635,3278,4465,5525,6625,2664,3955,3432,4722,6386,4624,2915,5839,4800,5826,7577,7813,5079,6193,6970,6932,6822,5081,7249,7022,5288,4562,6268,3093,4733,4265,7289,3888,3029,7661,4246,2192,5151,6598,6810,3631,6517,4724,1971,5104,4566,6810,3631,3656,4512,4795,4195,4145,6975,6368,7462,6991,5462,6270,5307,1522,9307
5346,6716,5021,4139,5011,2961,5411,327,3457,4533,4487,4335,5593,7002,2718,6069,4237,6659,5348,4386,3641,4781,5621,5635,3278,4465,5525,6625,2664,3955,3432,4722,6386,4624,2915,5839,4800,5826,7577,7813,5079,6193,6970,6932,6822,5081,7249,7038,5288,4553,6309,3093,4713,4265,7289,3896,3047,7661,4216,2217,5151,6583,6810,3613,6533,4724,1987,5128,4589,6810,3613,3656,4522,4774,4195,4155,6975,6350,7462,6991,5462,6270,5307,1522,9322
5346,6724,4978,4118,4988,2968,5411,346,3482,4533,4487,4312,5580,7030,2718,6094,4246,6659,5373,4419,3641,4781,5621,5668,3278,4452,5512,6625,2664,3955,3439,4692,6386,4624,2942,5857,4837,5838,7561,7832,5056,6193,6989,6890,6836,5102,7249,7077,5288,4570,6268,3114,4743,4289,7305,3868,3047,7661,4237,2213,5151,6583,6831,3631,6533,4734,1987,5128,4589,6810,3613,3656,4522,4774,4195,4155,6975,6350,7462,7006,5430,6247,5307,1525,9357
5346,6716,5031,4118,4988,2968,5422,346,3482,4543,4487,4335,5593,6995,2718,6069,4237,6652,5361,4419,3621,4781,5597,5668,3278,4452,5512,6646,2682,3955,3439,4713,6386,4624,2927,5857,4825,5826,7561,7832,5056,6185,6989,6890,6836,5102,7249,7077,5288,4570,6268,3114,4743,4289,7305,3868,3047,7661,4237,2213,5151,6583,6831,3631,6533,4734,1991,5140,4566,6872,3631,3665,4522,4795,4195,4155,6969,6368,7456,7006,5450,6247,5307,1522,9390
5346,6741,5010,4139,4988,2961,5422,346,3457,4522,4517,4312,5616,7010,2737,6094,4267,6659,5337,4429,3649,4799,5597,5668,3278,4452,5512,6646,2682,3955,3439,4713,6386,4624,2927,5857,4825,5826,7561,7832,5056,6185,6970,6915,6822,5102,7249,7077,5288,4543,6268,3114,4743,4265,7289,3888,3047,7661,4216,2213,5151,6583,6865,3631,6533,4713,1991,5104,4555,6865,3631,3656,4512,4774,4195,4178,6975,6368,7462,7006,5450,6247,5307,1502,9422
5346,6716,5010,4139,4988,2961,5422,346,3457,4522,4517,4312,5616,7010,2737,6094,4267,6659,5337,4429,3649,4799,5621,5668,3292,4452,5525,6652,2682,3965,3432,4722,6386,4646,2948,5857,4825,5859,7581,7832,5091,6206,6970,6932,6836,5102,7249,7061,5298,4562,6268,3099,4733,4299,7266,3876,3047,7661,4225,2217,5151,6583,6837,3606,6542,4744,1991,5104,4555,6796,3631,3656,4512,4795,4195,4155,6989,6357,7437,6991,5430,6270,5307,1522,9456
5346,6716,5021,4127,4988,2968,5390,328,3457,4543,4496,4312,5580,7010,2718,6094,4267,6673,5373,4429,3641,4781,5621,5668,3278,4452,5512,6639,2682,3955,3439,4702,6386,4624,2927,5857,4800,5859,7561,7832,5091,6185,6970,6890,6822,5102,7249,7061,5267,4543,6284,3121,4733,4289,7351,5103,3029,7661,4225,2217,5151,6621,6701,3606,6517,4713,1971,5104,4566,6825,3631,3656,4512,4795,4195,4155,6989,6357,7437,6991,5430,6270,5307,1522,9489
5346,6716,5010,4147,4988,2961,5403,328,3457,4543,4496,4335,5603,6983,2737,6069,4246,6659,5348,4419,3623,4781,5597,5668,3285,4452,5525,6625,2659,3955,3460,4702,6386,4624,2913,5857,4800,5838,7561,7832,5056,6128,6970,6890,6822,5081,7249,7038,5175,4562,6284,3121,4733,4289,7351,5103,3029,7661,4225,2217,5151,6621,6701,3606,6517,4713,1971,5104,4566,6825,3624,3656,4512,4795,4219,4155,6956,6368,7481,7027,5450,6270,5284,1508,9522
5346,6733,5031,4147,5011,2961,5403,328,3457,4512,4496,4335,5593,7018,2737,6069,4246,6652,5361,4419,3651,4781,5610,5647,3278,4452,5489,6625,2664,3980,3439,4702,6386,4634,2913,5857,4800,5838,7561,7832,5056,6128,6970,6890,6822,5081,7249,7038,5175,4562,6268,3093,4713,4265,7334,5207,3047,7680,4225,2213,5151,6605,6708,3613,6542,4724,1991,5104,4555,6776,3631,3656,4522,4795,4195,4168,6977,6386,7437,6985,5430,6247,5284,1511,9556
5346,6741,5010,4127,4988,2968,5394,346,3457,4543,4487,4335,5580,6991,2718,6109,4246,6639,5361,4419,3651,4781,5610,5647,3278,4452,5489,6625,2664,3980,3439,4702,6386,4634,2919,5839,4800,5826,7561,7832,5056,6141,6970,6890,6815,5112,7249,7038,5165,4543,6268,3093,4733,4275,7334,5322,3010,7680,4225,2217,5139,6583,6680,3613,6558,4724,1987,5104,4555,6790,3624,3656,4512,4795,4195,4155,6970,6386,7462,7006,5430,6270,5307,1517,9589
5346,6741,5010,4127,4988,2968,5394,346,3457,4543,4487,4335,5580,6991,2718,6109,4246,6639,5325,4419,3609,4762,5621,5647,3278,4452,5512,6597,2664,3955,3432,4692,6386,4624,2904,5839,4800,5826,7561,7832,5068,6112,6958,6890,6836,5102,7249,7054,5135,4562,6268,3099,4733,4289,7334,5322,3010,7680,4225,2217,5139,6583,6680,3613,6558,4724,1987,5104,4555,6790,3624,3656,4512,4795,4195,4155,6970,6386,7462,7006,5430,6270,5307,1517,9607
5346,6716,5010,4127,4988,2968,5394,346,3457,4543,4487,4335,5580,6991,2718,6109,4246,6639,5325,4419,3609,4762,5621,5647,3278,4452,5512,6597,2664,3955,3432,4692,6386,4624,2904,5839,4800,5826,7561,7832,5068,6112,6958,6890,6836,5102,7249,7054,5135,4562,6268,3099,4733,4289,7334,5343,3029,7661,4225,2233,5139,6583,6639,3613,6542,4703,1987,5104,4555,6763,3631,3656,4522,4774,4195,4155,6970,6386,7456,6991,5430,6285,5319,1514,9623
5346,6716,5031,4118,5000,2938,5414,328,3457,4543,4487,4335,5580,7027,2737,6094,4246,6659,5361,4429,3630,4781,5610,5656,3258,4428,5502,6597,2682,3955,3439,4692,6386,4624,2931,5839,4800,5826,7561,7832,5056,6099,6970,6890,6836,5102,7232,7054,5103,4562,6293,3099,4722,4289,7374,5352,3029,7661,4216,2197,5151,6583,6639,3631,6542,4713,1987,5104,4555,6763,3631,3656,4522,4774,4195,4155,6970,6386,7456,6991,5430,6285,5319,1514,9656
5310,6733,5042,4139,4988,2961,5405,328,3457,4533,4487,4335,5580,7006,2737,6069,4267,6659,5373,4429,3638,4781,5635,5668,3264,4475,5489,6597,2664,3965,3460,4692,6386,4624,2931,5839,4825,5826,7577,7832,5091,6091,6970,6890,6822,5102,7209,7038,5114,4562,6293,3099,4722,4289,7374,5352,3029,7661,4216,2197,5151,6583,6639,3631,6542,4713,1987,5128,4555,6777,3631,3656,4512,4795,4195,4155,7000,6368,7462,6991,5430,6270,5319,1514,9689
5346,6716,5031,4139,4988,2961,5426,328,3457,4543,4496,4312,5580,7006,2718,6069,4267,6659,5361,4419,3638,4781,5597,5647,3258,4452,5512,6590,2664,3990,3460,4692,6386,4624,2931,5839,4825,5826,7577,7832,5091,6091,6970,6890,6822,5102,7209,7038,5114,4562,6293,3099,4743,4265,7351,5405,3023,7661,4225,2217,5151,6583,6652,3631,6542,4734,1971,5104,4566,6804,3631,3681,4522,4795,4195,4155,6964,6386,7437,6991,5441,6270,5307,1520,9723
5328,6716,5000,4139,4988,2961,5426,346,3457,4543,4496,4312,5580,7006,2718,6069,4267,6659,5361,4419,3638,4781,5597,5647,3258,4452,5512,6590,2664,3990,3439,4692,6386,4634,2937,5857,4800,5838,7561,7832,5068,6091,6952,6890,6815,5102,7272,7061,5093,4562,6293,3099,4743,4265,7334,5405,3029,7661,4225,2217,5151,6583,6652,3613,6542,4734,1987,5104,4566,6784,3631,3656,4522,4795,4195,4155,6985,6386,7462,7006,5430,6270,5319,1517,9755
5328,6716,5000,4139,4988,2961,5426,346,3457,4543,4496,4302,5603,6985,2714,6054,4246,6659,5361,4419,3617,4781,5621,5635,3258,4452,5477,6576,2645,3955,3432,4692,6386,4624,2910,5839,4825,5838,7577,7832,5068,6091,6970,6890,6815,5102,7249,7038,5093,4562,6293,3099,4722,4265,7351,5446,3029,7661,4225,2213,5151,6583,6632,3631,6542,4734,1991,5128,4566,6798,3631,3656,4522,4795,4195,4168,6964,6386,7462,7006,5430,6270,5319,1517,9789
5346,6716,5021,4118,4988,2961,5405,328,3457,4522,4487,4312,5603,7006,2718,6069,4246,6659,5325,4419,3638,4762,5597,5647,3278,4452,5489,6590,2664,3955,3432,4692,6386,4624,2910,5839,4825,5838,7577,7832,5068,6091,6970,6890,6815,5102,7249,7038,5093,4562,6293,3099,4722,4265,7351,5446,3029,7661,4225,2213,5151,6583,6632,3631,6542,4734,1991,5128,4566,6798,3631,3656,4522,4795,4195,4168,6964,6386,7462,6991,5430,6232,5272,1493,9806
5328,6741,5031,4147,5000,2968,5416,346,3457,4543,4487,4312,5603,7006,2718,6069,4246,6659,5325,4419,3638,4762,5597,5647,3278,4452,5489,6590,2664,3955,3439,4692,6372,4624,2910,5839,4837,5859,7561,7832,5068,6104,6970,6890,6836,5112,7249,7061,5083,4562,6293,3093,4733,4265,7334,5458,3029,7661,4225,2217,5151,6583,6673,3613,6542,4713,1967,5104,4555,6847,3631,3665,4512,4795,4195,4145,7000,6368,7462,6985,5441,6270,5319,1517,9839
5328,6741,5031,4147,5000,2968,5416,346,3457,4543,4487,4312,5593,7020,2718,6069,4258,6659,5361,4419,3645,4781,5621,5668,3285,4452,5512,6590,2664,3955,3432,4702,6386,4624,2910,5839,4837,5838,7561,7832,5056,6070,6970,6890,6836,5112,7249,7061,5083,4562,6293,3093,4733,4265,7334,5458,3029,7661,4225,2217,5151,6583,6673,3613,6542,4713,1967,5104,4555,6847,3631,3665,4512,4795,4195,4145,7000,6368,7462,6985,5441,6270,5319,1517,9856
5328,6733,5031,4159,4988,2968,5416,328,3457,4522,4487,4312,5593,7006,2718,6069,4246,6659,5348,4396,3625,4781,5621,5668,3285,4452,5512,6590,2664,3955,3432,4702,6386,4624,2910,5839,4837,5838,7561,7832,5056,6070,6952,6890,6800,5102,7249,7038,5083,4552,6268,3093,4743,4289,7351,5467,3029,7661,4225,2192,5151,6583,6666,3631,6567,4734,1967,5104,4566,6798,3631,3656,4522,4795,4195,4145,6964,6386,7437,7006,5430,6270,5284,1520,9889
5346,6733,5031,4159,4988,2968,5416,328,3457,4522,4487,4312,5593,7006,2718,6069,4246,6659,5348,4396,3625,4781,5597,5647,3278,4462,5512,6617,2664,3955,3439,4692,6386,4634,2922,5839,4825,5838,7577,7832,5079,6104,6952,6890,6815,5102,7249,7038,5072,4562,6293,3099,4733,4289,7318,5500,3029,7661,4225,2217,5151,6583,6687,3631,6517,4703,1987,5104,4555,6833,3631,3656,4522,4774,4195,4145,7000,6386,7437,7006,5462,6270,5319,1520,9920
5346,6733,5021,4118,4988,2961,5395,328,3457,4522,4487,4335,5580,7000,2737,6044,4246,6639,5337,4419,3638,4762,5597,5635,3258,4428,5512,6590,2664,3955,3460,4702,6386,4624,2910,5839,4800,5838,7561,7808,5056,6083,6970,6890,6836,5112,7249,7061,5104,4562,6293,3099,4733,4265,7334,5500,3053,7661,4225,2213,5139,6583,6687,3619,6542,4734,1971,5104,4555,6847,3631,3656,4522,4774,4195,4145,7000,6386,7437,7006,5462,6270,5319,1520,9956
5346,6716,5031,4139,4988,2938,5416,329,3466,4543,4487,4335,5616,7000,2723,6069,4237,6639,5337,4419,3625,4789,5597,5668,3258,4428,5512,6604,2669,3955,3439,4692,6363,4624,2937,5839,4800,5838,7561,7813,5056,6083,6983,6907,6851,5102,7249,7077,5093,4562,6293,3099,4733,4265,7334,5500,3053,7661,4225,2213,5139,6583,6687,3619,6542,4734,1971,5104,4555,6847,3613,3681,4512,4804,4195,4145,6979,6386,7462,6985,5430,6255,5296,1541,9989
5356,6716,5031,4147,5011,2945,5416,329,3457,4522,4496,4335,5593,7000,2723,6069,4267,6659,5361,4429,3625,4771,5597,5635,3278,4452,5512,6604,2687,3965,3460,4692,6386,4624,2937,5839,4800,5838,7561,7813,5056,6083,6983,6907,6851,5102,7249,7077,5093,4562,6268,3099,4733,4265,7334,5520,3034,7636,4203,2213,5151,6575,6680,3638,6542,4703,1971,5093,4555,6868,3631,3656,4522,4774,4172,4145,6979,6386,7462,7006,5430,6270,5319,1520,10023
5346,6691,5031,4139,4988,2968,5427,329,3482,4543,4496,4335,5580,7014,2742,6069,4267,6652,5361,4429,3625,4771,5597,5635,3278,4452,5512,6604,2687,3965,3460,4692,6386,4624,2916,5850,4800,5859,7561,7832,5045,6116,6965,6890,6836,5112,7249,7038,5083,4570,6268,3121,4743,4265,7334,5520,3034,7661,4194,2213,5151,6583,6666,3644,6542,4724,1987,5104,4533,6847,3638,3681,4531,4804,4195,4155,7000,6405,7437,6985,5450,6247,5307,1520,10055
5346,6716,5031,4139,4988,2968,5427,329,3482,4543,4496,4335,5580,7014,2742,6069,4267,6652,5348,4429,3625,4781,5597,5647,3285,4452,5525,6604,2687,3965,3460,4692,6386,4624,2937,5868,4837,5851,7561,7850,5079,6091,6965,6932,6836,5112,7272,7061,5062,4562,6309,3099,4733,4265,7334,5532,3053,7661,4225,2213,5139,6583,6687,3619,6542,4713,1991,5104,4566,6847,3638,3681,4522,4804,4195,4145,6993,6416,7437,7006,5441,6270,5319,1524,10088
5346,6716,5031,4139,4988,2938,5416,329,3482,4522,4487,4335,5593,7014,2723,6069,4237,6639,5337,4419,3625,4798,5621,5680,3278,4452,5512,6604,2669,3955,3453,4692,6386,4624,2916,5850,4800,5859,7561,7850,5079,6091,6965,6932,6836,5112,7272,7061,5062,4562,6309,3099,4733,4265,7334,5532,3053,7661,4225,2213,5139,6583,6687,3619,6542,4713,1991,5104,4566,6847,3638,3681,4522,4804,4195,4145,6993,6416,7437,7006,5441,6270,5319,1524,10106
5366,6716,5031,4147,5011,2938,5427,329,3457,4522,4487,4335,5580,7000,2723,6094,4246,6659,5337,4419,3625,4798,5621,5680,3278,4452,5512,6604,2669,3955,3453,4692,6386,4624,2916,5850,4800,5859,7561,7832,5068,6083,6965,6907,6836,5102,7249,7077,5093,4570,6268,3121,4733,4265,7334,5553,3034,7636,4225,2192,5151,6560,6666,3619,6542,4713,1987,5104,4566,6833,3619,3681,4522,4795,4172,4145,6979,6428,7437,7006,5441,6247,5284,1500,10139
5366,6716,5031,4147,5011,2938,5427,329,3457,4522,4487,4335,5580,7000,2723,6094,4246,6659,5348,4419,3625,4789,5621,5635,3285,4452,5512,6617,2669,3955,3439,4702,6386,4634,2922,5850,4825,5838,7577,7832,5079,6075,6983,6890,6815,5112,7249,7077,5093,4570,6268,3121,4733,4265,7334,5553,3034,7636,4225,2192,5151,6560,6666,3619,6542,4713,1987,5104,4566,6833,3619,3681,4522,4795,4172,4145,6979,6428,7437,7006,5441,6247,5284,1500,10155
5356,6691,5042,4118,4988,2938,5395,329,3457,4543,4487,4335,5593,7000,2723,6069,4246,6659,5361,4429,3625,4789,5621,5647,3278,4452,5502,6604,2669,3965,3439,4702,6386,4634,2922,5850,4825,5838,7577,7832,5079,6075,6983,6890,6815,5112,7249,7077,5093,4570,6293,3099,4743,4265,7351,5553,3034,7661,4234,2213,5151,6583,6666,3644,6517,4713,1991,5116,4555,6833,3638,3656,4522,4774,4195,4145,6979,6398,7437,7021,5441,6247,5307,1520,10189
5356,6691,5042,4118,4988,2938,5395,329,3457,4543,4487,4335,5593,7000,2723,6069,4246,6659,5361,4429,3625,4789,5621,5647,3278,4452,5502,6604,2669,3965,3439,4692,6386,4624,2916,5850,4825,5838,7577,7808,5056,6083,6983,6890,6815,5112,7272,7061,5083,4570,6268,3099,4733,4265,7334,5574,3016,7661,4234,2217,5151,6583,6680,3638,6542,4734,1991,5116,4555,6833,3638,3656,4522,4774,4195,4145,6979,6398,7437,7021,5441,6247,5307,1520,10206
5346,6716,5031,4139,4988,2968,5395,328,3466,4543,4487,4345,5580,7000,2742,6069,4246,6659,5361,4429,3625,4789,5597,5659,3278,4462,5512,6631,2664,3980,3439,4702,6410,4624,2922,5850,4800,5851,7561,7832,5079,6083,6983,6890,6836,5112,7272,7061,5083,4570,6268,3099,4733,4265,7334,5574,3016,7661,4234,2217,5151,6583,6680,3638,6542,4734,1987,5104,4566,6833,3638,3656,4531,4804,4195,4168,6979,6398,7456,7006,5430,6247,5307,1520,10240
5346,6716,5031,4139,4988,2968,5395,328,3466,4543,4487,4345,5580,7000,2742,6069,4246,6659,5361,4429,3625,4789,5597,5659,3278,4462,5512,6631,2664,3980,3439,4702,6410,4624,2922,5850,4800,5851,7561,7832,5079,6083,6983,6890,6836,5112,7249,7061,5093,4562,6293,3099,4713,4289,7357,5562,3034,7680,4225,2213,5151,6583,6680,3638,6558,4713,1987,5104,4578,6847,3638,3656,4522,4784,4195,4155,6993,6428,7456,7006,5430,6247,5307,1520,10256
5356,6691,5042,4147,4988,2938,5427,329,3466,4553,4487,4335,5580,7014,2728,6109,4276,6673,5361,4419,3632,4798,5621,5647,3278,4452,5512,6631,2664,3980,3439,4702,6410,4624,2922,5850,4800,5851,7561,7832,5079,6083,6983,6890,6836,5112,7249,7061,5093,4562,6293,3099,4713,4289,7357,5562,3034,7680,4225,2213,5151,6583,6680,3638,6558,4713,1987,5104,4578,6847,3638,3656,4522,4784,4195,4155,6993,6428,7456,7006,5430,6261,5307,1520,10273
5356,6691,5042,4147,4988,2938,5427,329,3466,4553,4487,4335,5580,7014,2728,6109,4276,6673,5361,4419,3632,4798,5621,5647,3278,4452,5512,6617,2669,3955,3460,4692,6386,4646,2916,5850,4800,5838,7561,7832,5056,6083,6996,6890,6836,5102,7249,7061,5073,4570,6309,3121,4713,4265,7334,5574,3034,7680,4225,2192,5151,6583,6680,3638,6558,4713,1987,5104,4578,6847,3638,3656,4522,4784,4195,4155,6993,6428,7456,7006,5430,6261,5307,1520,10288
5356,6716,5042,4139,4988,2945,5427,328,3457,4522,4487,4312,5580,7029,2723,6094,4276,6659,5361,4406,3632,4789,5635,5647,3271,4462,5512,6597,2669,3955,3446,4702,6386,4636,2916,5860,4825,5838,7561,7832,5056,6083,6996,6890,6836,5102,7249,7061,5073,4570,6309,3121,4713,4265,7334,5574,3034,7680,4225,2192,5151,6583,6687,3638,6517,4734,1987,5104,4566,6833,3619,3681,4522,4804,4195,4145,7014,6416,7437,7006,5430,6270,5307,1524,10319
5356,6716,5042,4139,4988,2945,5427,328,3457,4522,4487,4312,5580,7029,2723,6094,4276,6659,5361,4406,3632,4789,5635,5647,3271,4462,5512,6597,2669,3955,3446,4702,6386,4636,2916,5860,4825,5838,7577,7832,5079,6062,6952,6890,6822,5102,7249,7038,5062,4562,6309,3099,4713,4265,7334,5583,3016,7661,4225,2192,5139,6583,6666,3613,6517,4692,1967,5104,4555,6833,3619,3681,4522,4804,4195,4145,7014,6416,7437,7006,5430,6270,5307,1524,10335
5356,6716,5031,4156,4988,2938,5427,347,3491,4553,4496,4335,5580,7014,2723,6094,4276,6639,5337,4429,3632,4789,5621,5680,3278,4452,5512,6617,2669,3955,3446,4692,6372,4624,2895,5868,4825,5829,7592,7850,5091,6096,6952,6890,6829,5102,7272,7038,5062,4552,6268,3106,4713,4265,7357,5625,3034,7636,4225,2192,5139,6583,6666,3613,6517,4692,1967,5104,4555,6833,3631,3656,4531,4774,4195,4145,6993,6386,7437,7006,5430,6247,5307,1527,10373
5366,6691,5042,4127,4988,2945,5427,347,3482,4543,4487,4335,5580,7014,2742,6069,4276,6673,5337,4419,3632,4798,5621,5647,3258,4475,5512,6617,2669,3930,3468,4692,6386,4624,2916,5868,4825,5829,7592,7850,5091,6096,6952,6890,6829,5102,7272,7038,5062,4552,6268,3106,4713,4265,7357,5625,3034,7636,4225,2213,5151,6583,6680,3638,6542,4713,1987,5081,4555,6847,3638,3690,4531,4795,4195,4145,7014,6435,7437,7006,5441,6270,5307,1520,10405
5356,6691,5042,4139,4988,2938,5427,329,3482,4553,4487,4345,5580,7029,2723,6069,4246,6673,5337,4419,3632,4798,5621,5647,3258,4475,5512,6617,2669,3930,3468,4692,6386,4624,2916,5868,4825,5829,7540,7832,5079,6096,6983,6890,6815,5112,7272,7061,5052,4570,6293,3106,4743,4265,7357,5636,3040,7661,4203,2192,5151,6560,6680,3619,6558,4734,1991,5104,4555,6847,3644,3690,4522,4784,4195,4145,7014,6446,7437,7021,5430,6247,5319,1524,10439
5366,6716,5042,4139,4988,2938,5427,329,3482,4553,4487,4345,5580,7029,2723,6069,4246,6673,5361,4419,3632,4771,5597,5680,3285,4452,5512,6617,2669,3955,3468,4702,6386,4624,2928,5850,4825,5817,7556,7832,5091,6108,6978,6915,6829,5102,7272,7038,5073,4552,6293,3127,4722,4275,7374,5636,3040,7661,4234,2213,5151,6598,6680,3638,6517,4744,1967,5104,4555,6826,3644,3681,4531,4795,4186,4178,6993,6428,7437,7021,5441,6247,5307,1524,10470
5366,6716,5031,4139,4988,2938,5427,329,3482,4531,4496,4312,5580,6993,2728,6094,4276,6639,5361,4419,3632,4771,5597,5680,3278,4475,5512,6597,2673,3965,3460,4702,6386,4624,2928,5850,4825,5817,7556,7832,5091,6108,6978,6915,6829,5102,7272,7038,5073,4552,6293,3127,4722,4275,7374,5636,3040,7661,4234,2213,5151,6598,6680,3638,6517,4744,1967,5104,4555,6826,3644,3681,4531,4795,4186,4178,6993,6428,7437,7021,5441,6247,5307,1524,10493
5366,6716,5031,4139,4988,2938,5427,329,3482,4531,4496,4312,5580,6993,2728,6094,4276,6639,5361,4419,3632,4771,5597,5680,3278,4475,5512,6597,2673,3965,3460,4702,6386,4624,2922,5850,4825,5817,7540,7850,5056,6075,6978,6907,6829,5112,7249,7054,5073,4570,6268,3099,4722,4265,7357,5636,3040,7661,4225,2217,5151,6583,6680,3644,6558,4723,1967,5104,4555,6861,3644,3706,4522,4804,4228,4145,7014,6428,7437,7021,5441,6247,5307,1524,10506
5366,6733,5031,4147,5000,2938,5407,329,3424,4512,4487,4302,5580,7014,2728,6109,4267,6659,5361,4419,3632,4771,5597,5680,3278,4475,5512,6597,2673,3965,3460,4702,6386,4624,2922,5850,4825,5817,7540,7850,5056,6075,6978,6907,6829,5112,7249,7054,5073,4570,6268,3099,4722,4265,7357,5636,3040,7661,4225,2217,5151,6583,6680,3644,6558,4723,1967,5104,4555,6861,3644,3706,4522,4804,4228,4145,7014,6428,7437,7021,5430,6270,5307,1503,10527
5366,6691,5031,4147,5000,2938,5407,329,3424,4512,4487,4302,5580,7014,2728,6109,4267,6659,5361,4419,3632,4780,5621,5680,3264,4475,5512,6597,2673,3955,3468,4702,6386,4646,2901,5850,4812,5838,7540,7850,5068,6096,6965,6890,6829,5102,7249,7038,5083,4552,6293,3106,4743,4265,7374,5636,3034,7661,4225,2217,5151,6583,6680,3644,6558,4723,1991,5104,4555,6847,3626,3681,4522,4795,4195,4168,7029,6446,7462,7006,5430,6270,5319,1527,10555
5366,6691,5031,4147,5000,2945,5427,347,3457,4531,4487,4312,5593,7014,2728,6069,4267,6639,5361,4419,3632,4771,5610,5680,3278,4452,5525,6610,2669,3955,3468,4702,6386,4646,2901,5850,4812,5838,7540,7850,5068,6096,6965,6890,6829,5102,7249,7038,5083,4552,6293,3106,4743,4265,7374,5636,3034,7661,4225,2217,5151,6583,6680,3644,6558,4723,1991,5104,4555,6847,3626,3681,4522,4795,4195,4168,7029,6446,7462,7006,5430,6270,5319,1527,10566
5384,6691,5031,4147,5000,2945,5427,347,3457,4531,4487,4312,5593,7014,2728,6069,4267,6639,5361,4419,3632,4771,5610,5680,3278,4452,5525,6610,2669,3955,3468,4722,6410,4624,2922,5860,4837,5851,7577,7832,5056,6087,6978,6890,6815,5102,7249,7054,5052,4570,6293,3106,4743,4265,7357,5669,3058,7680,4234,2213,5151,6575,6694,3644,6558,4723,1987,5093,4589,6847,3631,3706,4531,4774,4205,4178,7014,6446,7437,7006,5441,6270,5307,1527,10590
5384,6691,5042,4147,4976,2938,5427,329,3466,4543,4487,4335,5580,7029,2747,6069,4276,6639,5361,4419,3632,4771,5610,5680,3278,4452,5525,6610,2669,3955,3468,4722,6410,4624,2922,5860,4837,5851,7577,7832,5056,6087,6978,6890,6815,5102,7249,7054,5052,4570,6293,3106,4743,4265,7357,5669,3058,7680,4234,2213,5151,6575,6694,3644,6558,4723,1987,5093,4589,6847,3631,3706,4531,4774,4205,4178,7014,6446,7437,7006,5441,6270,5307,1527,10598
5384,6691,5042,4147,4976,2938,5427,329,3466,4543,4487,4335,5580,7029,2747,6069,4276,6639,5348,4419,3653,4780,5621,5668,3278,4452,5489,6631,2673,3955,3468,4722,6386,4657,2943,5850,4837,5838,7561,7832,5079,6075,6983,6932,6851,5133,7289,7077,5073,4578,6293,3106,4743,4265,7357,5669,3058,7680,4234,2213,5151,6575,6694,3644,6558,4723,1987,5093,4589,6847,3631,3706,4531,4774,4205,4178,7014,6446,7437,7006,5441,6270,5307,1527,10623
5366,6733,5042,4147,4988,2938,5418,329,3466,4531,4487,4335,5580,7029,2728,6084,4297,6659,5361,4419,3632,4780,5621,5680,3278,4452,5525,6610,2687,3965,3460,4702,6386,4624,2949,5860,4825,5829,7561,7832,5079,6075,6983,6932,6851,5133,7289,7077,5073,4578,6293,3106,4743,4265,7374,5690,3058,7680,4234,2197,5151,6583,6680,3644,6542,4744,1991,5104,4555,6861,3644,3715,4531,4804,4195,4145,7029,6465,7437,7021,5430,6247,5284,1503,10657
5366,6733,5042,4147,4988,2938,5418,329,3466,4531,4487,4335,5580,7029,2728,6084,4297,6659,5361,4419,3632,4780,5621,5680,3278,4452,5525,6610,2687,3965,3460,4702,6386,4624,2949,5860,4825,5829,7561,7832,5056,6075,6978,6890,6829,5112,7249,7054,5083,4578,6293,3099,4722,4275,7334,5657,3053,7661,4203,2213,5151,6598,6659,3638,6533,4723,1971,5104,4566,6847,3644,3715,4531,4784,4195,4145,7029,6465,7437,7021,5430,6247,5284,1503,10674
5366,6691,5031,4118,5000,2968,5427,329,3466,4553,4487,4335,5593,7008,2728,6084,4267,6652,5361,4396,3640,4798,5621,5680,3285,4485,5525,6631,2673,3955,3460,4692,6425,4634,2991,5860,4825,5851,7577,7850,5068,6075,6978,6932,6829,5081,7266,7054,5052,4560,6293,3099,4722,4275,7334,5657,3053,7661,4203,2213,5151,6598,6659,3638,6533,4723,1971,5104,4566,6847,3644,3715,4531,4784,4195,4155,7014,6446,7437,7021,5441,6261,5307,1548,10707
5366,6691,5031,4118,5000,2968,5427,329,3466,4553,4487,4335,5593,7008,2728,6084,4267,6652,5361,4396,3640,4798,5621,5680,3285,4485,5525,6631,2673,3955,3460,4692,6425,4634,2991,5860,4825,5851,7577,7850,5068,6075,6978,6932,6829,5081,7266,7054,5052,4560,6293,3127,4713,4289,7374,5678,3040,7686,4234,2213,5163,6598,6673,3626,6542,4723,1967,5104,4566,6861,3644,3715,4522,4774,4195,4168,7029,6446,7437,7021,5441,6261,5307,1548,10725
5366,6691,5042,4139,4988,2938,5418,329,3457,4553,4487,4335,5580,7023,2728,6069,4276,6673,5361,4419,3640,4780,5597,5680,3258,4452,5502,6589,2673,3965,3468,4702,6386,4624,2991,5879,4812,5851,7540,7832,5068,6075,6978,6890,6851,5112,7249,7038,5052,4560,6309,3106,4722,4265,7351,5732,3040,7661,4225,2222,5151,6583,6673,3626,6542,4723,1967,5104,4566,6861,3644,3715,4522,4774,4195,4168,7029,6446,7437,7021,5430,6247,5307,1548,10755
5356,6691,5031,4127,5011,2945,5418,329,3457,4553,4487,4335,5580,7023,2728,6069,4276,6673,5361,4419,3640,4780,5597,5680,3258,4452,5502,6589,2673,3965,3468,4702,6386,4624,2991,5879,4812,5851,7540,7832,5068,6075,6978,6890,6851,5112,7249,7038,5052,4560,6309,3106,4722,4265,7351,5732,3040,7661,4225,2222,5151,6583,6659,3644,6517,4723,1967,5116,4555,6826,3638,3715,4531,4795,4195,4155,7029,6446,7437,7021,5430,6270,5307,1548,10773
5356,6691,5031,4127,5011,2945,5407,329,3482,4531,4487,4345,5580,7008,2723,6069,4276,6659,5361,4419,3640,4780,5610,5680,3278,4485,5489,6597,2669,3955,3468,4692,6386,4634,2970,5850,4800,5829,7572,7850,5091,6087,6978,6915,6829,5112,7266,7054,5062,4578,6309,3106,4743,4265,7351,5753,3040,7661,4234,2197,5151,6583,6652,3644,6542,4702,1991,5104,4555,6841,3644,3715,4531,4795,4195,4155,7029,6446,7437,7021,5430,6270,5307,1548,10798
5356,6733,5042,4118,4988,2968,5418,347,3457,4553,4496,4312,5593,7008,2728,6069,4276,6673,5373,4429,3640,4780,5597,5680,3278,4462,5489,6597,2669,3955,3468,4692,6386,4634,2970,5850,4800,5829,7572,7850,5091,6087,6978,6915,6829,5112,7266,7054,5062,4578,6309,3106,4743,4265,7351,5753,3040,7661,4234,2197,5151,6583,6652,3644,6542,4702,1991,5104,4555,6841,3644,3715,4531,4795,4195,4155,7008,6446,7437,7000,5430,6247,5307,1548,10823
5366,6691,5042,4139,4988,2938,5418,347,3457,4553,4496,4312,5593,7008,2728,6069,4276,6673,5373,4429,3640,4780,5597,5680,3278,4462,5512,6610,2673,3955,3468,4692,6401,4634,2949,5879,4812,5851,7561,7808,5068,6087,6978,6890,6829,5112,7249,7022,5062,4578,6284,3106,4743,4265,7357,5741,3058,7661,4234,2192,5151,6598,6652,3644,6533,4723,1987,5104,4555,6826,3638,3715,4553,4774,4195,4145,7014,6435,7437,7021,5430,6261,5307,1544,10857
5366,6691,5042,4139,4988,2938,5407,329,3457,4531,4517,4312,5558,7008,2728,6094,4276,6652,5337,4406,3640,4771,5597,5680,3264,4475,5525,6597,2655,3955,3468,4692,6401,4646,2943,5879,4812,5851,7556,7850,5091,6075,6996,6907,6829,5112,7249,7054,5062,4560,6284,3106,4743,4265,7357,5741,3058,7661,4234,2192,5151,6598,6652,3644,6533,4723,1987,5104,4555,6826,3638,3715,4553,4774,4195,4145,7014,6435,7437,7021,5430,6261,5307,1544,10873
5356,6733,5042,4127,4988,2938,5439,329,3482,4531,4487,4312,5580,7008,2728,6109,4276,6673,5361,4429,3632,4780,5597,5680,3264,4475,5525,6597,2655,3955,3468,4692,6401,4646,2943,5879,4812,5851,7556,7850,5091,6075,6996,6907,6829,5112,7249,7054,5062,4560,6293,3106,4743,4265,7357,5741,3040,7661,4234,2192,5151,6575,6659,3644,6517,4702,1967,5104,4555,6841,3638,3706,4553,4784,4195,4145,7008,6446,7437,7014,5441,6247,5342,1548,10910
5366,6691,5021,4139,4988,2968,5439,329,3457,4531,4487,4312,5580,7008,2728,6109,4276,6673,5361,4429,3632,4780,5597,5680,3278,4485,5489,6610,2673,3965,3468,4702,6401,4634,2970,5860,4812,5851,7556,7832,5068,6054,6978,6890,6829,5102,7249,7038,5041,4560,6293,3106,4733,4265,7351,5741,3058,7636,4212,2197,5151,6560,6638,3644,6517,4702,1971,5104,4566,6826,3644,3706,4531,4795,4195,4145,7008,6446,7412,7000,5441,6247,5307,1544,10933
5366,6691,5021,4139,4988,2968,5439,329,3457,4531,4496,4312,5580,7008,2728,6084,4276,6673,5361,4419,3640,4780,5610,5668,3258,4485,5489,6610,2673,3955,3468,4713,6386,4657,2970,5879,4812,5851,7540,7832,5056,6087,6978,6890,6844,5112,7272,7077,5062,4578,6268,3106,4733,4265,7374,5753,3058,7661,4212,2197,5151,6560,6638,3644,6517,4702,1971,5104,4566,6826,3644,3706,4531,4795,4195,4145,7008,6446,7412,7000,5441,6247,5307,1544,10964
5366,6708,5053,4139,4965,2984,5418,329,3466,4531,4496,4312,5580,7008,2728,6084,4276,6659,5361,4429,3661,4780,5610,5680,3258,4475,5525,6610,2673,3955,3496,4722,6410,4657,2991,5860,4812,5851,7556,7808,5068,6066,6978,6907,6829,5102,7266,7054,5062,4570,6408,3155,4722,4289,7374,5762,3040,7680,4212,2217,5151,6575,6652,3644,6533,4733,1967,5116,4555,6841,3644,3706,4553,4784,4182,4145,7029,6446,7437,7000,5441,6247,5296,1527,11140
5366,6691,5021,4118,4988,2990,5418,347,3457,4531,4487,4335,5593,7008,2723,6069,4285,6652,5337,4419,3640,4771,5610,5680,3258,4475,5502,6589,2650,3955,3489,4702,6386,4634,2970,5860,4800,5851,7540,7832,5068,6058,6996,6932,6829,5102,7266,7054,5062,4570,6408,3155,4722,4289,7374,5762,3040,7680,4212,2217,5151,6575,6652,3644,6533,4733,1971,5104,4566,6861,3638,3715,4553,4804,4195,4155,7029,6465,7437,7021,5430,6270,5296,1461,11165
5366,6691,5021,4118,4988,2990,5418,347,3457,4531,4487,4335,5593,7008,2723,6069,4285,6652,5337,4419,3640,4771,5610,5680,3258,4475,5502,6589,2650,3955,3489,4702,6386,4634,2970,5860,4800,5851,7540,7832,5068,6058,6996,6932,6829,5102,7272,7054,5041,4578,6442,3170,4733,4275,7397,5794,3058,7655,4234,2217,5151,6598,6694,3644,6533,4723,1991,5116,4566,6841,3663,3715,4562,4784,4195,4178,7050,6446,7437,7021,5441,6261,5296,1461,11182
5366,6708,5042,4147,4988,2961,5418,347,3491,4541,4487,4312,5593,7008,2723,6069,4285,6652,5337,4419,3640,4771,5610,5680,3258,4475,5502,6589,2650,3955,3489,4702,6386,4634,2970,5860,4800,5851,7540,7832,5068,6058,6996,6932,6829,5102,7272,7054,5041,4578,6442,3170,4733,4275,7397,5794,3058,7655,4234,2217,5151,6598,6694,3644,6533,4723,1991,5116,4566,6841,3663,3715,4562,4784,4195,4178,7050,6446,7437,7021,5441,6261,5284,1527,11190
5366,6708,5042,4147,4988,2961,5418,347,3491,4541,4487,4312,5593,7008,2723,6084,4267,6639,5361,4396,3653,4780,5597,5680,3278,4452,5512,6624,2655,3955,3489,4722,6386,4634,2970,5850,4800,5863,7556,7832,5056,6066,6996,6932,6829,5102,7272,7054,5041,4578,6442,3170,4733,4275,7397,5794,3058,7655,4234,2217,5151,6598,6694,3644,6533,4723,1991,5116,4566,6841,3663,3715,4562,4784,4195,4178,7050,6446,7437,7021,5441,6261,5284,1527,11207
5366,6708,5042,4147,4988,2961,5418,347,3491,4541,4487,4312,5593,7008,2723,6084,4267,6639,5361,4396,3653,4780,5597,5680,3278,4452,5512,6624,2655,3955,3489,4722,6386,4634,2970,5850,4800,5863,7556,7832,5056,6066,6965,6915,6829,5102,7272,7054,5062,4578,6309,3106,4743,4265,7397,5794,3040,7680,4243,2213,5151,6598,6687,3644,6558,4702,1971,5116,4566,6861,3644,3715,4531,4784,4195,4178,7050,6446,7437,7021,5441,6261,5284,1527,11223
5366,6708,5053,4156,5023,2990,5439,329,3466,4553,4496,4335,5616,7008,2723,6084,4267,6639,5361,4396,3653,4780,5597,5680,3278,4452,5512,6624,2655,3955,3489,4722,6386,4634,2970,5850,4800,5863,7556,7832,5056,6066,6965,6915,6829,5102,7272,7054,5062,4578,6309,3106,4743,4265,7397,5794,3040,7680,4243,2213,5151,6598,6687,3644,6558,4702,1971,5116,4566,6861,3644,3715,4531,4784,4219,4155,7014,6446,7437,7036,5441,6247,5296,1485,11243
5366,6708,5053,4156,5023,2990,5439,329,3466,4553,4496,4335,5616,7008,2728,6094,4276,6659,5361,4406,3661,4780,5597,5671,3285,4452,5512,6610,2655,3930,3496,4702,6386,4657,2997,5850,4812,5851,7556,7808,5068,6079,6978,6907,6829,5112,7249,7054,5041,4578,6393,3148,4733,4265,7374,5828,3040,7680,4234,2197,5151,6575,6631,3644,6533,4702,1991,5104,4555,6855,3663,3715,4553,4804,4182,4155,7029,6465,7437,7036,5441,6247,5296,1485,11273
5384,6691,5042,4147,5000,2990,5418,347,3491,4541,4496,4322,5593,7029,2728,6109,4285,6652,5373,4429,3661,4780,5610,5680,3285,4475,5502,6589,2669,3965,3496,4702,6425,4624,2997,5860,4812,5851,7556,7850,5056,6066,6978,6907,6829,5133,7266,7054,5052,4570,6393,3148,4743,4265,7374,5815,3040,7680,4212,2213,5151,6575,6631,3644,6533,4702,1991,5104,4555,6855,3663,3715,4553,4804,4182,4155,7029,6465,7456,7036,5452,6285,5319,1506,11305
5384,6691,5031,4118,4988,2968,5418,329,3482,4531,4496,4345,5593,7008,2728,6059,4276,6652,5373,4429,3640,4780,5610,5680,3264,4485,5502,6624,2650,3965,3496,4692,6401,4624,2970,5842,4800,5851,7520,7850,5068,6046,6978,6907,6829,5133,7266,7054,5052,4570,6393,3148,4743,4265,7374,5815,3040,7680,4212,2213,5151,6575,6631,3644,6508,4712,1991,5104,4566,6841,3663,3715,4562,4804,4195,4178,7044,6446,7437,7014,5430,6261,5319,1527,11339
5384,6691,5031,4118,4988,2968,5418,329,3482,4531,4496,4345,5593,7008,2728,6059,4276,6652,5373,4429,3640,4780,5610,5680,3264,4485,5502,6624,2650,3965,3496,4692,6401,4624,2970,5842,4800,5851,7520,7850,5068,6046,6965,6907,6829,5112,7232,7038,5041,4578,6393,3148,4743,4265,7374,5815,3040,7680,4212,2217,5163,6598,6666,3644,6533,4712,1967,5116,4566,6841,3644,3706,4553,4784,4195,4178,7044,6446,7437,7014,5430,6261,5319,1527,11355
5394,6691,5053,4118,5000,2968,5418,329,3491,4541,4496,4345,5593,7008,2728,6109,4285,6673,5361,4419,3640,4771,5610,5680,3264,4485,5502,6624,2650,3965,3496,4692,6401,4624,2970,5842,4800,5851,7520,7850,5068,6046,6965,6907,6829,5112,7232,7038,5041,4578,6393,3148,4743,4265,7374,5815,3040,7680,4212,2217,5163,6598,6666,3644,6533,4712,1967,5116,4566,6841,3644,3706,4553,4784,4195,4155,7029,6465,7456,7036,5441,6270,5330,1548,11370
5394,6691,5053,4118,5000,2968,5418,329,3491,4541,4496,4345,5593,7008,2728,6109,4285,6673,5361,4419,3640,4771,5558,5647,3237,4418,5489,6576,2650,3930,3468,4692,6363,4624,2970,5831,4800,5829,7520,7808,5022,6033,6946,6890,6808,5102,7232,7015,5020,4578,6393,3148,4743,4265,7374,5815,3040,7680,4212,2217,5163,6598,6666,3644,6533,4712,1967,5116,4566,6841,3644,3706,4553,4784,4195,4155,7029,6465,7456,7036,5441,6270,5330,1548,11386
5394,6691,5053,4118,5000,2968,5418,329,3491,4541,4496,4345,5593,7008,2728,6109,4285,6673,5361,4419,3640,4771,5558,5647,3237,4418,5489,6576,2650,3930,3468,4692,6363,4624,2970,5831,4800,5829,7520,7808,5022,6033,6946,6890,6808,5102,7232,7015,5020,4578,6393,3155,4743,4265,7397,5828,3040,7680,4243,2217,5151,6575,6631,3644,6558,4733,1971,5116,4589,6855,3663,3715,4562,4784,4205,4155,7044,6465,7456,7014,5441,6270,5330,1548,11406
5384,6708,5053,4127,4965,2968,5429,329,3491,4541,4496,4322,5593,7008,2728,6109,4285,6652,5361,4429,3661,4780,5610,5680,3264,4452,5525,6624,2673,3955,3496,4722,6401,4634,2970,5860,4812,5851,7540,7850,5068,6079,6978,6957,6829,5112,7272,7054,5052,4587,6433,3155,4743,4265,7397,5815,3045,7680,4221,2192,5151,6575,6631,3651,6533,4733,1971,5116,4566,6820,3663,3715,4562,4784,4205,4155,7044,6465,7456,7014,5441,6270,5319,1548,11439
5376,6708,5053,4118,4965,2968,5429,329,3491,4541,4496,4345,5593,7023,2733,6084,4276,6639,5361,4429,3661,4780,5610,5680,3264,4452,5525,6624,2673,3955,3496,4722,6401,4634,2970,5860,4812,5851,7540,7850,5068,6079,6978,6957,6829,5112,7272,7054,5052,4587,6433,3155,4743,4265,7397,5815,3045,7680,4221,2192,5151,6575,6631,3651,6533,4733,1971,5116,4566,6820,3644,3715,4562,4804,4195,4155,7029,6513,7431,7036,5441,6261,5319,1548,11456
5376,6708,5053,4118,4965,2968,5429,329,3491,4541,4496,4345,5593,7023,2733,6084,4276,6639,5373,4406,3668,4788,5610,5692,3285,4485,5525,6589,2655,3955,3489,4722,6386,4634,3012,5871,4812,5884,7556,7850,5068,6079,6990,6932,6808,5112,7249,7038,5041,4587,6433,3148,4722,4265,7374,5828,3045,7680,4221,2201,5163,6583,6631,3633,6533,4733,1991,5116,4589,6834,3651,3715,4531,4784,4195,4178,7008,6513,7431,7014,5441,6247,5319,1548,11489
5376,6708,5000,4118,4976,2968,5418,330,3466,4531,4487,4335,5593,7002,2738,6069,4276,6652,5361,4406,3661,4780,5597,5680,3292,4475,5525,6610,2683,3965,3510,4732,6401,4657,3018,5853,4812,5872,7540,7832,5045,6058,6990,6932,6829,5102,7272,7054,5041,4587,6408,3155,4722,4265,7374,5836,3045,7636,4221,2197,5163,6583,6645,3644,6533,4712,1991,5116,4589,6834,3651,3715,4531,4784,4195,4178,7008,6513,7431,7014,5441,6247,5319,1548,11523
5376,6708,5021,4147,4965,2968,5450,330,3482,4541,4496,4335,5593,7023,2738,6109,4285,6652,5361,4406,3661,4780,5597,5680,3292,4475,5525,6610,2683,3965,3510,4732,6401,4657,3018,5853,4812,5872,7540,7832,5045,6058,6990,6932,6829,5102,7272,7054,5041,4587,6408,3155,4722,4265,7374,5836,3045,7636,4221,2197,5163,6583,6645,3644,6533,4712,1991,5116,4566,6841,3651,3706,4553,4784,4195,4178,7035,6501,7431,7000,5430,6223,5319,1551,11539
5376,6708,5021,4147,4965,2968,5450,330,3482,4541,4496,4335,5593,7023,2738,6109,4285,6652,5361,4429,3661,4788,5610,5692,3285,4475,5525,6610,2655,3965,3496,4722,6401,4624,3039,5863,4812,5884,7556,7832,5068,6046,6990,6932,6844,5144,7289,7054,5052,4587,6408,3155,4722,4265,7374,5836,3045,7636,4221,2197,5163,6583,6645,3644,6533,4712,1991,5116,4566,6841,3651,3706,4553,4784,4195,4178,7035,6501,7431,7000,5430,6223,5319,1551,11555
5394,6708,5053,4118,5000,2968,5427,330,3482,4531,4496,4335,5603,7023,2733,6069,4285,6652,5373,4429,3668,4780,5610,5692,3258,4475,5512,6624,2655,3965,3496,4722,6401,4624,3039,5863,4812,5884,7556,7832,5068,6046,6990,6932,6844,5144,7289,7054,5052,4587,6393,3134,4733,4265,7357,5828,3045,7661,4212,2197,5163,6575,6631,3633,6533,4733,1991,5104,4576,6834,3669,3715,4541,4784,4195,4178,7050,6513,7431,7014,5441,6270,5034,1548,11589
5394,6708,5053,4118,5000,2968,5427,330,3482,4531,4496,4335,5603,7023,2733,6069,4285,6652,5373,4429,3668,4780,5610,5692,3258,4475,5512,6624,2655,3965,3510,4722,6386,4624,3054,5871,4812,5863,7556,7850,5056,6046,6990,6932,6844,5133,7272,7061,5041,4587,6408,3155,4743,4265,7374,5849,3045,7655,4221,2217,5163,6598,6652,3651,6533,4712,1991,5104,4576,6834,3669,3715,4541,4784,4195,4178,7050,6513,7431,7014,5441,6270,5034,1548,11606
5376,6708,5053,4127,5000,2968,5429,330,3466,4562,4496,4345,5593,7002,2733,6069,4285,6652,5373,4429,3682,4788,5610,5692,3258,4475,5512,6624,2655,3965,3510,4722,6386,4624,3054,5871,4812,5863,7556,7850,5056,6046,6990,6932,6844,5133,7272,7061,5041,4587,6408,3155,4743,4265,7374,5849,3045,7655,4221,2217,5163,6598,6652,3651,6533,4712,1987,5116,4576,6820,3669,3715,4562,4784,4205,4155,7071,6513,7431,7014,5441,6247,5319,1551,11626
5376,6708,5053,4127,5000,2968,5429,330,3466,4562,4496,4345,5593,7002,2733,6069,4285,6652,5373,4429,3682,4788,5621,5692,3264,4485,5502,6589,2660,3965,3518,4702,6425,4657,3039,5853,4812,5884,7577,7827,5068,6046,6972,6932,6844,5112,7266,7038,5041,4587,6408,3155,4722,4275,7380,5836,3045,7655,4221,2222,5163,6583,6666,3633,6508,4712,1971,5104,4555,6841,3669,3706,4562,4804,4205,4168,7029,6532,7431,7036,5452,6261,5319,1551,11657
5366,6666,5042,4127,4988,2984,5407,330,3491,4562,4517,4335,5593,7008,2733,6094,4285,6652,5361,4429,3661,4788,5610,5692,3285,4485,5512,6610,2678,3965,3518,4702,6425,4657,3039,5853,4812,5884,7577,7827,5068,6046,6972,6932,6844,5112,7266,7038,5041,4587,6408,3155,4722,4275,7380,5836,3045,7655,4221,2222,5163,6583,6666,3633,6508,4712,1971,5104,4555,6841,3669,3706,4562,4804,4205,4168,7029,6532,7431,7036,5452,6261,5307,1189,11672
5386,6683,5053,4127,5000,2990,5418,330,3491,4541,4496,4345,5616,7008,2733,6094,4285,6652,5361,4429,3661,4788,5610,5692,3285,4485,5512,6610,2678,3965,3489,4722,6386,4624,3033,5853,4812,5863,7572,7808,5056,6066,6990,6907,6844,5123,7266,7054,5041,4568,6393,3155,4743,4275,7397,5836,3051,7680,4243,2217,5163,6575,6631,3658,6558,4723,1971,5104,4566,6834,3676,3715,4562,4804,4205,4168,7064,6513,7456,7014,5441,6247,5319,1530,11707
5386,6683,5053,4127,5000,2990,5418,330,3491,4541,4496,4345,5616,7008,2733,6094,4285,6652,5361,4429,3682,4780,5610,5692,3264,4485,5525,6589,2678,3965,3518,4732,6425,4657,3054,5853,4825,5863,7556,7832,5091,6066,6990,6932,6844,5112,7266,7054,5041,4568,6393,3155,4743,4275,7397,5836,3051,7680,4243,2217,5163,6575,6631,3658,6558,4723,1971,5104,4566,6834,3676,3715,4562,4804,4205,4168,7064,6513,7456,7014,5441,6247,5319,1530,11716
5386,6683,5053,4127,5000,2990,5418,330,3491,4541,4496,4345,5616,7008,2733,6094,4285,6652,5361,4429,3682,4780,5610,5692,3264,4485,5525,6589,2678,3965,3518,4732,6425,4657,3054,5853,4825,5863,7556,7832,5091,6066,6990,6932,6844,5112,7296,7054,5041,4587,6408,3176,4743,4275,7397,5857,3045,7655,4243,2222,5151,6598,6652,3644,6508,4712,1995,5116,4566,6861,3676,3715,4562,4804,4205,4168,7071,6513,7456,7014,5441,6247,5319,1530,11742
5404,6708,5053,4147,5000,3013,5439,349,3491,4541,4506,4345,5603,7008,2733,6084,4285,6673,5361,4419,3661,4788,5610,5692,3264,4462,5525,6589,2678,3955,3518,4732,6425,4657,3054,5853,4825,5863,7556,7832,5091,6066,6990,6932,6844,5112,7296,7054,5041,4587,6408,3176,4743,4275,7397,5857,3045,7655,4243,2222,5151,6598,6652,3644,6508,4712,1995,5116,4566,6861,3676,3715,4562,4804,4205,4168,7071,6513,7431,7014,5441,6261,5319,1276,11757
5404,6708,5053,4147,5000,3013,5439,349,3491,4541,4506,4345,5603,7008,2733,6084,4285,6673,5361,4419,3661,4788,5610,5692,3264,4462,5525,6589,2678,3955,3518,4702,6425,4624,3054,5853,4812,5851,7540,7850,5068,6046,6972,6907,6844,5133,7289,7038,5052,4587,6408,3148,4743,4275,7374,5857,3045,7680,4243,2222,5151,6598,6652,3644,6508,4712,1995,5116,4566,6861,3676,3715,4562,4804,4205,4168,7071,6513,7431,7014,5441,6261,5319,1276,11774
5394,6691,5053,4147,5000,2990,5418,330,3491,4553,4508,4345,5580,6987,2733,6084,4285,6652,5373,4429,3682,4788,5597,5659,3258,4462,5525,6589,2678,3955,3518,4702,6425,4624,3054,5853,4812,5851,7540,7850,5068,6046,6972,6907,6844,5133,7289,7038,5052,4587,6408,3148,4743,4275,7374,5857,3045,7680,4234,2217,5151,6598,6631,3651,6508,4733,1991,5116,4578,6841,3669,3706,4562,4814,4172,4155,7050,6513,7412,7014,5441,6261,5319,1527,11790
5394,6691,5053,4147,5000,2990,5418,330,3491,4553,4508,4345,5580,6987,2733,6084,4285,6652,5373,4429,3682,4788,5597,5659,3258,4462,5525,6603,2678,3965,3518,4692,6401,4646,3075,5863,4812,5863,7556,7832,5056,6058,6990,6932,6844,5102,7289,7054,5031,4595,6408,3155,4743,4275,7374,5857,3045,7680,4234,2217,5151,6598,6631,3651,6508,4733,1991,5116,4578,6841,3669,3706,4562,4814,4172,4155,7050,6513,7412,7014,5441,6261,5319,1527,11807
5394,6683,5053,4135,5000,2961,5418,348,3482,4541,4506,4335,5616,6987,2733,6084,4285,6666,5373,4429,3731,4788,5610,5692,3264,4462,5525,6582,2660,3955,3496,4702,6386,4657,3060,5871,4812,5884,7551,7850,5091,6058,6972,6932,6844,5112,7289,7054,5052,4587,6417,3155,4743,4275,7374,5857,3045,7655,4221,2192,5151,6575,6631,3633,6508,4733,1971,5116,4578,6855,3669,3715,4562,4804,4205,4155,7050,6513,7431,7014,5441,6285,5136,1278,11973
5394,6683,5053,4147,4988,2984,5397,330,3491,4541,4506,4345,5616,6966,2738,6084,4285,6652,5361,4406,3723,4797,5610,5692,3264,4462,5525,6582,2660,3955,3496,4702,6386,4657,3060,5871,4812,5884,7551,7850,5091,6058,6990,6915,6823,5133,7289,7038,5052,4587,6393,3155,4763,4275,7397,5870,3045,7655,4243,2217,5151,6583,6631,3651,6508,4702,1991,5116,4578,6841,3676,3740,4541,4784,4195,4178,7050,6513,7431,7014,5452,6261,5170,1276,12007
5394,6683,5053,4147,4988,2984,5397,330,3491,4541,4506,4345,5616,6966,2738,6084,4285,6652,5361,4406,3723,4797,5610,5692,3285,4485,5547,6589,2665,3965,3518,4702,6386,4657,3075,5860,4800,5884,7540,7832,5068,6058,7003,6932,6844,5112,7289,7054,5052,4595,6417,3155,4743,4275,7380,5890,3045,7636,4221,2192,5163,6590,6652,3651,6508,4712,1991,5116,4578,6841,3676,3740,4541,4784,4195,4178,7050,6513,7431,7014,5452,6261,5170,1276,12029
5386,6683,5053,4147,5000,2990,5429,348,3516,4562,4506,4345,5593,7002,2738,6109,4285,6652,5373,4406,3731,4797,5610,5692,3285,4485,5547,6589,2665,3965,3518,4702,6386,4657,3075,5860,4800,5884,7540,7832,5068,6058,7003,6932,6844,5112,7289,7054,5052,4595,6417,3155,4743,4275,7380,5890,3045,7636,4221,2192,5163,6590,6652,3651,6508,4712,1991,5116,4555,6855,3651,3715,4531,4794,4205,4155,7050,6513,7431,7036,5441,6247,5136,1320,12044
5386,6683,5053,4147,5000,2990,5429,348,3516,4562,4506,4345,5593,7002,2738,6109,4285,6652,5373,4406,3731,4797,5610,5680,3285,4475,5502,6589,2660,3965,3518,4702,6401,4634,3060,5853,4812,5851,7540,7832,5068,6058,6959,6907,6829,5122,7272,7054,5052,4568,6433,3155,4743,4289,7397,5890,3045,7680,4221,2217,5151,6598,6666,3651,6508,4712,1991,5116,4555,6855,3651,3715,4531,4794,4205,4155,7050,6513,7431,7036,5441,6247,5136,1320,12074
5394,6708,5021,4147,4976,2990,5408,348,3491,4541,4526,4345,5593,6981,2738,6084,4285,6652,5361,4429,3731,4788,5610,5692,3285,4452,5525,6569,2683,3965,3518,4702,6401,4657,3075,5863,4812,5863,7556,7850,5068,6058,7003,6932,6844,5112,7272,7054,5052,4568,6433,3155,4743,4289,7397,5890,3045,7680,4221,2217,5151,6598,6666,3651,6508,4712,1991,5081,4589,6855,3651,3715,4562,4794,4195,4155,7079,6532,7431,7014,5441,6261,5307,1278,12106
5386,6708,5053,4118,5000,2990,5408,348,3482,4541,4496,4345,5593,6987,2738,6084,4285,6652,5337,4429,3731,4788,5610,5692,3264,4462,5512,6569,2660,3965,3518,4722,6401,4680,3075,5863,4812,5863,7556,7850,5068,6058,7003,6932,6844,5112,7272,7038,5052,4568,6417,3176,4733,4299,7420,5890,3045,7661,4221,2217,5163,6575,6666,3639,6492,4702,1987,5104,4555,6855,3694,3715,4562,4795,4205,4178,7085,6544,7437,7014,5441,6247,5193,1530,12141
5394,6683,5031,4156,5000,3006,5429,349,3491,4541,4496,4369,5616,7002,2738,6084,4285,6652,5337,4429,3731,4788,5610,5692,3264,4462,5512,6569,2660,3965,3518,4722,6401,4680,3075,5863,4800,5884,7556,7850,5091,6046,6972,6932,6829,5112,7272,7054,5052,4587,6417,3155,4743,4275,7397,5878,3051,7680,4230,2217,5163,6575,6666,3658,6508,4712,1991,5116,4589,6869,3669,3740,4553,4814,4205,4155,7085,6532,7431,7014,5441,6238,5159,1278,12166
5394,6683,5031,4156,5000,3006,5429,349,3491,4541,4496,4369,5616,7002,2733,6109,4285,6652,5337,4429,3752,4797,5610,5692,3285,4452,5502,6582,2660,3965,3496,4722,6416,4657,3060,5871,4812,5884,7556,7832,5068,6046,6985,6907,6844,5112,7313,7054,5041,4568,6408,3155,4743,4275,7397,5890,3051,7680,4221,2217,5163,6598,6666,3658,6508,4712,1991,5116,4589,6869,3669,3740,4553,4814,4205,4155,7085,6532,7431,7014,5441,6238,5159,1278,12210
5404,6691,5031,4118,5000,2990,5429,330,3482,4541,4496,4345,5593,7002,2733,6109,4276,6652,5361,4419,3731,4797,5610,5659,3258,4462,5525,6582,2660,3965,3518,4702,6425,4657,3060,5871,4812,5884,7556,7832,5068,6046,6985,6907,6844,5112,7313,7054,5041,4568,6408,3155,4743,4275,7397,5890,3051,7680,4221,2217,5163,6598,6631,3658,6508,4722,1991,5104,4589,6876,3669,3715,4541,4814,4205,4178,7050,6532,7450,7014,5441,6261,5136,1281,12223
5394,6708,5053,4127,4976,2990,5429,330,3491,4541,4496,4345,5593,7002,2738,6094,4285,6652,5384,4419,3752,4788,5610,5659,3258,4462,5525,6582,2660,3965,3518,4702,6425,4657,3075,5853,4800,5884,7556,7827,5091,6058,7003,6932,6844,5133,7289,7054,5052,4577,6408,3134,4743,4275,7374,5890,3027,7680,4221,2222,5163,6575,6666,3658,6508,4712,1971,5116,4566,6855,3676,3740,4531,4784,4192,4178,7064,6544,7412,7036,5441,6247,5136,1320,12257
5394,6708,5053,4127,4976,2990,5429,330,3491,4541,4496,4345,5593,7002,2738,6094,4285,6652,5384,4419,3752,4788,5597,5692,3285,4485,5525,6603,2678,3965,3518,4702,6401,4624,3060,5853,4812,5884,7556,7850,5068,6071,6972,6915,6829,5112,7272,7054,5052,4568,6393,3155,4753,4275,7397,5890,3045,7680,4243,2222,5163,6598,6666,3639,6508,4733,1991,5116,4566,6855,3676,3715,4562,4774,4192,4178,7064,6544,7412,7036,5441,6247,5136,1320,12291
5404,6666,5053,4139,5000,2984,5408,349,3491,4541,4496,4345,5593,7002,2733,6084,4285,6666,5397,4452,3752,4797,5610,5692,3285,4485,5525,6582,2665,3930,3518,4702,6401,4646,3081,5863,4812,5872,7535,7832,5068,6037,6972,6932,6844,5144,7272,7054,5052,4568,6408,3155,4743,4275,7420,5890,3027,7636,4243,2222,5163,6598,6666,3639,6508,4733,1991,5116,4566,6855,3676,3715,4562,4774,4195,4178,7064,6532,7437,7014,5441,6261,5114,1255,12323
5404,6683,5053,4147,5000,2990,5408,330,3491,4541,4496,4369,5616,6981,2738,6084,4276,6639,5361,4429,3752,4797,5635,5692,3264,4452,5525,6582,2665,3965,3518,4722,6410,4657,3081,5863,4812,5884,7556,7850,5068,6058,6985,6907,6844,5123,7313,7054,5052,4595,6408,3162,4753,4289,7420,5987,3051,7680,4221,2197,5163,6575,6645,3658,6508,4743,1991,5104,4589,6855,3676,3715,4551,4774,4205,4178,7064,6562,7431,7014,5452,6247,5114,1380,12506
5404,6683,5031,4147,4965,2984,5429,330,3482,4541,4496,4369,5593,6995,2738,6109,4285,6652,5373,4419,3760,4797,5610,5692,3285,4485,5525,6596,2665,3965,3518,4702,6401,4634,3088,5863,4812,5906,7551,7850,5068,6058,6972,6915,6844,5112,7272,7054,5063,4595,6433,3155,4743,4299,7420,5966,3051,7680,4243,2197,5163,6560,6645,3639,6508,4712,1971,5104,4566,6890,3676,3715,4551,4774,4205,4178,7064,6562,7431,7014,5452,6247,5114,1380,12537
5404,6708,5031,4147,5000,2961,5408,349,3491,4551,4496,4369,5593,6995,2738,6109,4285,6652,5373,4419,3760,4797,5610,5692,3285,4485,5525,6596,2665,3965,3518,4702,6401,4634,3088,5863,4812,5906,7551,7850,5068,6058,6972,6915,6844,5112,7272,7054,5063,4595,6433,3155,4743,4299,7420,5966,3051,7680,4243,2197,5163,6560,6645,3639,6508,4712,1971,5104,4566,6890,3669,3731,4553,4804,4205,4168,7064,6562,7456,7036,5441,6270,5102,1533,12560
5404,6683,5031,4147,5000,2961,5408,349,3491,4551,4496,4369,5593,6995,2738,6109,4285,6673,5373,4429,3731,4779,5610,5692,3285,4485,5525,6596,2665,3965,3518,4711,6401,4646,3067,5863,4800,5897,7556,7832,5068,6058,6985,6932,6844,5144,7272,7054,5042,4595,6408,3162,4743,4275,7420,5953,3051,7655,4243,2217,5151,6598,6645,3658,6508,4712,1971,5116,4589,6876,3676,3715,4562,4794,4205,4178,7079,6562,7431,7014,5441,6261,5102,1530,12589
5404,6683,5053,4098,4953,2945,5408,349,3491,4541,4496,4369,5593,6960,2738,6084,4276,6666,5373,4429,3752,4797,5635,5692,3264,4452,5525,6582,2665,3940,3518,4702,6401,4646,3073,5863,4812,5884,7535,7832,5079,6058,6985,6907,6829,5112,7289,7054,5031,4595,6408,3155,4743,4265,7420,5987,3045,7661,4221,2222,5163,6575,6666,3633,6508,4722,1971,5116,4589,6876,3676,3715,4562,4794,4205,4178,7079,6562,7431,7014,5441,6261,5102,1530,12623
5386,6666,5053,4147,5000,2990,5408,330,3491,4541,4506,4355,5593,6981,2738,6084,4285,6652,5373,4429,3731,4797,5610,5692,3285,4462,5525,6596,2665,3965,3518,4702,6401,4657,3060,5845,4800,5863,7572,7850,5056,6071,6985,6932,6844,5123,7289,7054,5031,4577,6408,3155,4743,4265,7420,5987,3045,7661,4221,2222,5163,6575,6666,3633,6508,4722,1967,5104,4578,6876,3676,3715,4562,4784,4205,4178,7064,6562,7412,7014,5441,6261,5331,1215,12655
5404,6666,5053,4127,4965,2990,5408,330,3491,4541,4487,4335,5603,6995,2738,6094,4285,6639,5373,4429,3752,4797,5635,5705,3299,4485,5525,6596,2665,3965,3518,4702,6401,4657,3060,5845,4800,5863,7572,7850,5056,6071,6985,6932,6844,5123,7289,7054,5031,4577,6393,3155,4722,4265,7397,5953,3033,7680,4221,2217,5163,6575,6645,3658,6508,4712,1991,5104,4589,6876,3669,3706,4562,4784,4205,4155,7064,6580,7431,7036,5420,6238,5228,1467,12686
5404,6666,5053,4127,4965,2990,5408,330,3491,4541,4487,4335,5603,6995,2738,6094,4285,6639,5373,4429,3752,4797,5635,5705,3299,4485,5525,6617,2665,3965,3518,4692,6425,4646,3088,5874,4812,5884,7540,7832,5091,6037,7003,6915,6858,5122,7272,7054,5052,4577,6408,3155,4672,4299,7420,5974,3051,7680,4221,2217,5163,6575,6645,3658,6508,4712,1991,5104,4589,6876,3669,3706,4562,4784,4205,4155,7064,6580,7431,7036,5420,6238,5228,1467,12706
5404,6666,5031,4139,4976,2984,5408,330,3491,4541,4496,4369,5580,6960,2738,6109,4285,6659,5373,4429,3760,4797,5610,5692,3278,4462,5525,6596,2665,3965,3518,4692,6386,4646,3067,5863,4800,5872,7577,7850,5068,6037,6985,6932,6844,5122,7272,7054,5052,4577,6408,3155,4672,4299,7420,5974,3051,7680,4221,2151,5151,6598,6645,3664,6508,4733,1967,5104,4566,6876,3676,3715,4562,4795,4205,4178,7079,6562,7431,7014,5430,6285,5228,1470,12738
5386,6708,5053,4139,5000,2968,5420,330,3482,4562,4487,4369,5593,6981,2738,6084,4285,6659,5361,4419,3760,4779,5610,5692,3258,4452,5535,6596,2683,3965,3518,4692,6386,4646,3067,5863,4800,5872,7577,7850,5068,6037,6985,6932,6844,5122,7296,7038,5052,4595,6384,3162,4672,4299,7420,5987,3051,7680,4221,2151,5163,6575,6659,3639,6508,4722,1987,5116,4589,6890,3694,3740,4572,4804,4205,4178,7064,6574,7431,7014,5430,6247,5159,1428,12771
5386,6708,5053,4130,4965,2961,5420,330,3491,4541,4487,4369,5593,6981,2738,6084,4285,6659,5361,4419,3760,4779,5610,5692,3258,4452,5535,6596,2683,3965,3518,4722,6401,4657,3151,5882,4812,5884,7577,7850,5068,6071,6985,6932,6844,5122,7289,7054,5063,4577,6384,3155,4672,4275,7420,5974,3051,7680,4221,2151,5151,6575,6659,3646,6508,4712,1987,5116,4589,6876,3676,3740,4541,4795,4205,4145,7064,6562,7431,7014,5430,6285,5205,1452,12805
5386,6708,5053,4130,4965,2961,5420,330,3491,4541,4487,4358,5603,6995,2738,6109,4285,6652,5373,4429,3739,4797,5610,5692,3285,4462,5525,6596,2665,3965,3518,4692,6425,4680,3172,5845,4800,5884,7540,7850,5068,6050,6985,6932,6844,5122,7289,7054,5063,4577,6384,3155,4672,4275,7420,5974,3051,7680,4221,2151,5151,6575,6659,3646,6508,4712,1987,5116,4589,6876,3676,3740,4541,4795,4205,4145,7064,6562,7431,7014,5430,6285,5205,1452,12822
5386,6708,5053,4130,4965,2961,5420,330,3491,4541,4487,4358,5603,6995,2738,6109,4285,6652,5373,4429,3739,4797,5610,5692,3285,4462,5525,6596,2665,3965,3518,4692,6425,4680,3172,5845,4800,5884,7540,7850,5068,6050,6985,6932,6844,5122,7296,7054,5042,4595,6384,3155,4681,4275,7420,5987,3051,7680,4243,2151,5163,6613,6659,3658,6508,4712,1967,5116,4589,6869,3676,3706,4541,4795,4205,4145,7064,6562,7431,7014,5430,6285,5205,1452,12839
5395,6691,5031,4139,5000,2968,5420,331,3482,4541,4496,4369,5593,6974,2744,6084,4294,6659,5373,4452,3739,4797,5610,5671,3258,4475,5525,6575,2665,3965,3518,4713,6410,4657,3151,5845,4812,5884,7540,7832,5068,6029,6998,6932,6844,5102,7313,7054,5042,4577,6433,3183,4672,4299,7397,5987,3057,7680,4243,2151,5163,6613,6659,3658,6508,4712,1967,5116,4589,6869,3676,3706,4541,4795,4195,4178,7064,6562,7431,7014,5430,6238,5114,1302,12871
5414,6700,5064,4147,5000,2990,5431,331,3491,4541,4508,4345,5593,6974,2738,6109,4264,6673,5373,4419,3781,4815,5610,5692,3278,4485,5525,6575,2665,3940,3518,4692,6386,4680,3151,5874,4812,5884,7540,7827,5068,6029,6966,6932,6844,5102,7272,7038,5042,4585,6408,3176,4672,4299,7397,5974,3051,7636,4221,2151,5163,6598,6673,3639,6525,4712,1971,5116,4589,6890,3676,3715,4562,4795,4205,4178,7094,6574,7456,7036,5462,6261,5159,1389,13071
5414,6691,5053,4139,5000,2990,5420,331,3491,4541,4487,4345,5593,6995,2744,6084,4285,6673,5373,4419,3781,4815,5610,5692,3278,4485,5525,6575,2665,3940,3518,4692,6386,4680,3151,5874,4812,5884,7561,7850,5079,6050,6998,6932,6844,5133,7289,7054,5063,4604,6433,3155,4681,4299,7420,6008,3051,7680,4221,2151,5163,6598,6659,3664,6508,4722,1967,5140,4589,6869,3676,3715,4562,4804,4195,4145,7079,6562,7431,7014,5441,6285,5102,1428,13107
5414,6708,5053,4139,4976,2968,5420,331,3491,4541,4487,4345,5593,6995,2744,6084,4285,6673,5361,4419,3789,4806,5635,5680,3278,4485,5525,6575,2670,3975,3518,4713,6401,4669,3157,5874,4800,5897,7577,7832,5091,6050,6998,6957,6844,5122,7289,7054,5063,4595,6433,3176,4692,4289,7420,6021,3057,7655,4221,2151,5163,6598,6659,3671,6508,4743,1987,5116,4589,6855,3676,3715,4562,4795,4205,4155,7079,6623,7450,7029,5430,6261,5136,1473,13140
5414,6708,5053,4139,4976,2968,5408,330,3491,4541,4517,4345,5593,6995,2744,6109,4285,6673,5373,4429,3760,4806,5610,5692,3278,4485,5525,6575,2670,3965,3518,4722,6363,4657,3172,5863,4812,5884,7540,7850,5068,6029,6979,6932,6844,5102,7289,7054,5063,4585,6433,3176,4672,4299,7420,6008,3057,7655,4221,2156,5163,6598,6673,3646,6508,4712,1971,5116,4589,6869,3676,3715,4562,4795,4205,4155,7079,6623,7450,7029,5430,6261,5136,1473,13163
5432,6683,5053,4139,5000,2990,5408,330,3466,4562,4487,4345,5616,6974,2725,6084,4264,6639,5373,4429,3760,4806,5610,5692,3278,4485,5525,6575,2670,3965,3518,4722,6363,4657,3172,5863,4812,5884,7540,7850,5068,6029,6979,6932,6844,5102,7289,7054,5063,4585,6433,3176,4672,4299,7420,6008,3057,7655,4221,2156,5163,6598,6673,3646,6508,4712,1971,5116,4589,6869,3676,3731,4562,4795,4205,4178,7079,6593,7412,7014,5441,6238,5251,1281,13189
5432,6683,5053,4139,5000,2990,5408,330,3466,4562,4487,4345,5616,6974,2725,6084,4264,6639,5361,4429,3760,4797,5635,5692,3264,4475,5525,6540,2688,3930,3518,4692,6386,4657,3151,5856,4812,5884,7561,7850,5068,6029,6979,6915,6844,5133,7272,7054,5042,4585,6433,3176,4672,4275,7420,6008,3057,7680,4221,2156,5163,6598,6673,3646,6508,4712,1971,5116,4589,6869,3676,3731,4562,4795,4205,4178,7079,6593,7412,7014,5441,6238,5251,1281,13207
5404,6683,5031,4139,4965,2968,5420,331,3491,4541,4496,4345,5593,6974,2725,6084,4285,6673,5361,4429,3760,4797,5610,5671,3258,4452,5512,6575,2665,3915,3518,4692,6386,4657,3151,5856,4812,5884,7561,7850,5068,6029,6979,6915,6844,5133,7272,7054,5042,4585,6433,3176,4672,4275,7420,6008,3057,7680,4243,2151,5186,6598,6659,3646,6508,4712,1971,5104,4589,6890,3683,3715,4541,4784,4228,4155,7094,6593,7431,7014,5430,6238,5136,1470,13240
5404,6683,5031,4139,4965,2968,5420,331,3491,4541,4496,4345,5593,6974,2725,6084,4285,6673,5361,4429,3760,4797,5610,5671,3258,4452,5512,6575,2665,3915,3518,4713,6401,4646,3151,5856,4800,5863,7540,7850,5068,6050,6998,6957,6858,5112,7272,7038,5042,4604,6408,3155,4702,4275,7403,6029,3057,7655,4221,2151,5163,6598,6659,3653,6508,4722,1971,5104,4589,6890,3683,3715,4541,4784,4228,4155,7094,6593,7431,7014,5430,6238,5136,1470,13256
5424,6708,5031,4139,4965,2961,5420,331,3491,4551,4487,4345,5616,6953,2730,6094,4285,6639,5361,4429,3781,4815,5610,5705,3264,4496,5525,6575,2670,3940,3518,4713,6425,4657,3172,5837,4812,5884,7556,7832,5068,6016,6979,6950,6844,5122,7272,7038,5042,4604,6408,3155,4702,4275,7403,6029,3057,7655,4221,2151,5163,6598,6659,3653,6508,4722,1967,5116,4589,6884,3708,3740,4541,4795,4205,4178,7058,6611,7388,7029,5430,6261,5228,1407,13289
5424,6708,5031,4139,4965,2961,5420,331,3491,4551,4487,4345,5616,6953,2730,6094,4285,6639,5361,4429,3781,4815,5610,5705,3264,4496,5525,6575,2670,3940,3518,4713,6425,4657,3172,5837,4812,5884,7556,7832,5068,6016,6979,6950,6844,5122,7272,7054,5042,4577,6393,3155,4702,4289,7397,6008,3033,7680,4221,2156,5163,6560,6652,3646,6508,4712,1971,5116,4589,6890,3690,3740,4541,4784,4205,4155,7094,6593,7431,7014,5430,6223,5228,1407,13305
5395,6666,5031,4139,4976,2990,5420,332,3491,4572,4508,4358,5593,6974,2749,6084,4285,6659,5373,4429,3781,4797,5610,5705,3278,4485,5525,6589,2665,3965,3518,4713,6401,4680,3172,5856,4800,5884,7540,7850,5056,6008,7011,6932,6844,5133,7289,7054,5063,4585,6433,3155,4672,4275,7380,5995,3038,7655,4221,2156,5163,6560,6652,3646,6508,4712,1971,5116,4589,6890,3690,3740,4541,4784,4205,4155,7094,6593,7431,7014,5430,6223,5273,1428,13339
5414,6683,5042,4139,4976,2968,5420,331,3491,4541,4496,4358,5616,7010,2744,6109,4285,6652,5373,4419,3789,4815,5610,5705,3285,4462,5512,6575,2675,3965,3518,4713,6410,4680,3172,5867,4800,5884,7556,7827,5068,6008,6992,6957,6844,5122,7289,7054,5063,4585,6433,3155,4672,4275,7380,5995,3038,7655,4221,2151,5163,6560,6638,3646,6508,4712,1967,5116,4589,6890,3683,3740,4562,4795,4205,4178,7094,6623,7431,7029,5430,6238,5114,1281,13372
5414,6683,5042,4139,4976,2968,5420,331,3491,4541,4496,4358,5616,7010,2744,6109,4285,6652,5373,4419,3789,4815,5610,5705,3285,4462,5512,6575,2675,3965,3518,4713,6410,4680,3172,5867,4800,5884,7556,7827,5068,6008,6992,6957,6844,5122,7289,7031,5063,4594,6433,3155,4672,4299,7403,6008,3062,7655,4221,2151,5163,6575,6659,3653,6508,4722,1987,5104,4589,6884,3664,3715,4562,4795,4205,4178,7094,6623,7431,7029,5430,6238,5114,1281,13387
5395,6683,5064,4139,4988,2968,5399,350,3482,4541,4517,4369,5593,6995,2730,6109,4294,6639,5350,4429,3760,4788,5610,5705,3285,4462,5512,6575,2675,3965,3518,4713,6410,4680,3172,5867,4800,5884,7556,7827,5068,6008,6992,6957,6844,5122,7289,7031,5063,4594,6433,3155,4672,4299,7403,6008,3062,7655,4221,2151,5163,6575,6659,3653,6508,4722,1987,5104,4589,6884,3664,3715,4562,4795,4195,4155,7058,6611,7412,7014,5441,6261,5216,1410,13403
5414,6683,5064,4147,5000,2968,5399,350,3482,4541,4517,4369,5593,6995,2730,6109,4294,6639,5350,4429,3760,4788,5597,5692,3285,4485,5525,6589,2675,3965,3525,4722,6410,4680,3172,5856,4812,5897,7556,7850,5034,5987,7011,6932,6858,5133,7289,7054,5073,4594,6433,3176,4672,4299,7403,6029,3044,7655,4230,2156,5163,6560,6659,3646,6508,4712,1971,5116,4589,6869,3690,3725,4562,4804,4195,4155,7079,6611,7431,7014,5441,6261,5125,1407,13439
5414,6683,5064,4147,5000,2968,5410,350,3491,4541,4517,4369,5593,6995,2744,6084,4294,6659,5361,4429,3781,4788,5610,5705,3285,4485,5525,6575,2693,3965,3525,4722,6425,4680,3200,5856,4812,5884,7540,7832,5068,6000,6992,6932,6858,5122,7313,7038,5063,4612,6433,3176,4681,4299,7420,6029,3057,7655,4221,2151,5163,6560,6673,3653,6533,4743,1987,5116,4589,6905,3683,3740,4562,4795,4195,4155,7079,6611,7431,7014,5441,6261,5125,1407,13472
5424,6658,5053,4139,5000,2990,5410,349,3491,4551,4508,4369,5593,6974,2730,6109,4294,6652,5373,4452,3760,4788,5610,5705,3285,4485,5525,6575,2693,3965,3525,4722,6425,4680,3200,5856,4812,5884,7540,7832,5068,6000,6992,6932,6858,5122,7313,7038,5063,4612,6433,3176,4681,4299,7420,6029,3057,7655,4221,2151,5163,6560,6673,3653,6533,4743,1987,5116,4589,6905,3683,3740,4562,4795,4205,4145,7058,6611,7431,7029,5430,6247,5125,1491,13488
5424,6658,5053,4139,5000,2990,5410,349,3491,4551,4508,4369,5593,6974,2730,6109,4294,6652,5373,4452,3760,4788,5610,5692,3264,4462,5512,6575,2670,3965,3518,4722,6425,4680,3193,5867,4812,5884,7540,7850,5068,5987,6992,6932,6823,5122,7289,7054,5063,4594,6433,3176,4702,4299,7420,6029,3057,7655,4221,2151,5163,6560,6673,3653,6533,4743,1987,5116,4589,6905,3683,3740,4562,4795,4205,4145,7058,6611,7431,7029,5430,6247,5125,1491,13506
5414,6683,5031,4147,5000,2961,5399,331,3466,4541,4487,4345,5593,6974,2749,6109,4294,6639,5386,4429,3818,4788,5625,5692,3285,4485,5525,6575,2675,3965,3525,4733,6425,4680,3221,5885,4825,5884,7540,7850,5068,5987,6992,6932,6823,5122,7289,7054,5063,4594,6433,3176,4702,4299,7420,6029,3057,7680,4230,2156,5163,6583,6659,3653,6533,4722,1967,5104,4589,6890,3690,3715,4572,4784,4195,4178,7079,6623,7431,7029,5441,6261,5159,1260,13539
5424,6683,5031,4139,4988,2961,5431,331,3466,4551,4496,4345,5616,6974,2730,6100,4294,6673,5373,4429,3789,4797,5625,5692,3285,4485,5525,6575,2675,3965,3525,4733,6425,4680,3221,5885,4825,5884,7556,7850,5068,6021,6992,6932,6858,5122,7289,7054,5073,4594,6433,3176,4672,4299,7420,6042,3062,7680,4221,2156,5163,6575,6638,3671,6508,4712,1967,5116,4589,6905,3690,3740,4562,4795,4205,4178,7079,6642,7431,7014,5441,6238,5125,1260,13573
5424,6683,5031,4139,4988,2961,5431,331,3466,4551,4496,4345,5616,6974,2730,6100,4294,6673,5373,4429,3789,4797,5610,5671,3278,4462,5512,6589,2675,3975,3518,4713,6410,4680,3172,5885,4812,5897,7556,7850,5056,6021,6979,6932,6844,5133,7289,7054,5063,4594,6433,3176,4672,4299,7420,6042,3062,7680,4221,2156,5163,6575,6638,3671,6508,4712,1967,5116,4589,6905,3690,3740,4562,4795,4205,4178,7079,6642,7431,7014,5441,6238,5125,1260,13588
5424,6700,5064,4147,5000,2968,5410,332,3500,4541,4496,4345,5593,6974,2725,6084,4285,6659,5373,4429,3781,4797,5610,5692,3292,4462,5525,6589,2670,3965,3518,4713,6410,4680,3172,5885,4812,5897,7556,7850,5056,6021,6979,6932,6844,5133,7289,7054,5063,4594,6433,3176,4672,4299,7403,6063,3057,7680,4252,2151,5186,6598,6659,3671,6533,4743,1991,5116,4589,6890,3690,3740,4562,4795,4228,4178,7094,6611,7431,7014,5430,6261,5136,1284,13623
5424,6683,5042,4139,5000,2961,5399,332,3466,4541,4508,4369,5616,6989,2730,6084,4285,6639,5373,4429,3781,4797,5610,5692,3292,4462,5525,6589,2670,3965,3518,4713,6425,4680,3214,5885,4825,5884,7540,7850,5068,6008,6992,6932,6844,5133,7272,7038,5073,4594,6433,3183,4702,4275,7403,6029,3062,7655,4230,2156,5163,6560,6673,3671,6558,4712,1971,5104,4566,6905,3708,3740,4562,4774,4205,4178,7100,6623,7431,7036,5441,6261,5216,1536,13656
5434,6658,5042,4139,5000,2961,5399,332,3466,4541,4508,4369,5616,6989,2730,6084,4285,6639,5361,4429,3789,4797,5610,5671,3264,4452,5525,6575,2670,3940,3518,4722,6425,4646,3221,5904,4812,5897,7540,7850,5068,6029,6992,6932,6844,5133,7313,7054,5073,4594,6458,3183,4702,4275,7403,6042,3062,7655,4221,2156,5163,6575,6659,3653,6558,4733,1987,5140,4589,6890,3708,3750,4562,4804,4195,4155,7094,6623,7450,7014,5441,6223,5159,1407,13688
5434,6658,5031,4147,5000,2968,5410,332,3491,4541,4496,4345,5593,6995,2754,6109,4285,6639,5337,4419,3789,4797,5610,5671,3258,4462,5525,6589,2693,3965,3518,4722,6425,4646,3221,5904,4812,5897,7540,7850,5068,6029,6992,6932,6844,5133,7313,7054,5073,4594,6458,3183,4702,4275,7403,6042,3062,7655,4221,2156,5163,6575,6659,3653,6558,4733,1987,5140,4589,6890,3708,3750,4562,4804,4195,4155,7094,6623,7450,7014,5441,6223,5159,1407,13706
5442,6683,5031,4147,5000,2968,5420,332,3491,4551,4517,4345,5580,6995,2754,6109,4285,6639,5337,4419,3789,4797,5610,5671,3258,4462,5525,6589,2693,3965,3518,4713,6425,4646,3200,5867,4825,5884,7540,7832,5068,6008,7011,6932,6858,5133,7289,7054,5063,4594,6417,3155,4672,4299,7420,6029,3062,7655,4221,2156,5163,6560,6659,3653,6533,4722,1971,5116,4589,6890,3690,3725,4541,4795,4205,4155,7079,6623,7450,7029,5430,6238,5148,1428,13739
5442,6683,5031,4147,5000,2968,5420,332,3491,4551,4517,4345,5580,6995,2744,6084,4264,6652,5361,4429,3781,4797,5610,5692,3258,4462,5525,6575,2675,3990,3518,4713,6425,4646,3151,5885,4812,5906,7540,7850,5091,6021,6992,6932,6844,5102,7289,7054,5052,4594,6433,3176,4672,4299,7420,6029,3044,7655,4221,2156,5151,6575,6673,3671,6558,4712,1971,5116,4578,6890,3708,3715,4541,4804,4205,4178,7094,6623,7450,7029,5430,6238,5148,1428,13771
5405,6658,5031,4139,5000,2990,5431,332,3500,4551,4496,4345,5593,6974,2730,6084,4285,6673,5373,4429,3760,4815,5610,5692,3258,4485,5525,6575,2675,3990,3518,4713,6425,4646,3151,5885,4812,5906,7540,7850,5091,6021,6992,6932,6844,5102,7289,7054,5052,4594,6433,3176,4672,4299,7420,6029,3044,7655,4221,2156,5151,6575,6673,3671,6558,4712,1971,5116,4578,6890,3708,3715,4541,4804,4205,4178,7094,6623,7431,7014,5441,6261,5193,1365,13787
5405,6658,5031,4139,5000,2990,5431,332,3500,4551,4496,4345,5593,6974,2730,6084,4285,6673,5373,4429,3760,4815,5610,5692,3258,4485,5512,6575,2675,3975,3547,4722,6425,4680,3172,5885,4812,5884,7556,7827,5068,6021,6992,6932,6844,5122,7289,7054,5073,4594,6450,3176,4672,4299,7420,6050,3044,7655,4221,2156,5151,6575,6673,3671,6558,4712,1971,5116,4578,6890,3708,3715,4541,4804,4205,4178,7094,6623,7431,7014,5441,6261,5193,1365,13806
5424,6658,5031,4147,5000,2990,5431,332,3491,4541,4508,4335,5545,6989,2730,6084,4285,6639,5361,4452,3781,4797,5610,5692,3264,4452,5525,6575,2675,3950,3518,4722,6425,4680,3151,5885,4812,5884,7540,7850,5068,6042,7005,6932,6844,5133,7289,7054,5073,4594,6450,3176,4672,4299,7420,6050,3044,7655,4243,2156,5163,6575,6638,3653,6533,4712,1967,5116,4589,6890,3690,3740,4562,4784,4205,4155,7115,6623,7431,7029,5430,6261,5136,1470,13839
5405,6658,5042,4139,5000,2961,5431,332,3466,4541,4517,4335,5593,6974,2735,6084,4285,6652,5361,4429,3781,4797,5610,5671,3258,4462,5525,6575,2675,3950,3518,4722,6425,4680,3151,5885,4812,5884,7540,7850,5068,6042,7005,6932,6844,5133,7296,7054,5073,4594,6450,3176,4702,4299,7420,6050,3062,7655,4221,2156,5163,6575,6659,3671,6517,4712,1971,5116,4555,6869,3690,3715,4541,4774,4182,4168,7079,6642,7431,7014,5441,6252,5091,1263,13873
5405,6658,5042,4139,5000,2961,5431,332,3466,4541,4517,4335,5593,6974,2735,6084,4285,6652,5361,4429,3781,4797,5610,5671,3258,4462,5512,6575,2670,3965,3518,4713,6410,4669,3193,5896,4812,5884,7520,7850,5056,6008,6992,6932,6844,5122,7272,7054,5052,4594,6408,3176,4681,4265,7403,6042,3062,7655,4221,2151,5163,6575,6659,3671,6517,4712,1971,5116,4555,6869,3690,3715,4541,4774,4182,4168,7079,6642,7431,7014,5441,6252,5091,1263,13889
5405,6658,5031,4139,4976,2961,5431,332,3491,4541,4517,4335,5593,6974,2735,6084,4285,6652,5361,4429,3781,4797,5610,5671,3258,4462,5512,6575,2670,3965,3518,4713,6410,4669,3193,5896,4812,5884,7520,7850,5056,6008,6992,6932,6844,5122,7272,7054,5052,4594,6408,3176,4681,4265,7403,6042,3062,7655,4221,2151,5163,6575,6659,3653,6558,4712,1991,5116,4599,6890,3696,3750,4562,4814,4205,4168,7094,6642,7431,7014,5430,6238,5091,1284,13906
5405,6658,5031,4139,4976,2961,5431,332,3491,4541,4508,4369,5593,6989,2730,6075,4285,6639,5373,4452,3781,4797,5625,5705,3285,4485,5525,6575,2675,3940,3518,4733,6425,4669,3178,5885,4812,5897,7540,7850,5056,6021,6992,6932,6844,5133,7313,7054,5063,4594,6433,3176,4692,4275,7420,6063,3062,7655,4221,2156,5186,6575,6673,3671,6533,4722,1991,5116,4589,6905,3671,3740,4541,4795,4205,4168,7094,6642,7431,7014,5430,6238,5091,1284,13939
5415,6658,5042,4147,4976,2968,5410,332,3491,4541,4487,4345,5603,6989,2735,6069,4285,6673,5373,4452,3789,4797,5586,5705,3264,4462,5525,6589,2675,3975,3525,4722,6425,4669,3178,5896,4812,5884,7535,7850,5068,6029,6992,6932,6844,5122,7289,7054,5031,4621,6433,3183,4702,4299,7420,6063,3062,7655,4221,2156,5186,6575,6673,3671,6533,4722,1991,5116,4589,6905,3671,3740,4541,4795,4195,4178,7079,6642,7431,7029,5441,6261,5125,1389,13971
5434,6683,5053,4168,5000,2968,5431,332,3500,4541,4508,4335,5593,6989,2730,6075,4285,6652,5373,4406,3768,4815,5610,5692,3285,4462,5525,6568,2675,3975,3547,4722,6425,4669,3178,5896,4812,5918,7535,7850,5068,6029,6992,6932,6844,5122,7289,7054,5031,4621,6433,3183,4702,4299,7420,6063,3062,7655,4221,2156,5163,6598,6673,3653,6533,4722,1971,5104,4589,6884,3690,3715,4572,4795,4205,4155,7094,6635,7431,7014,5441,6261,5136,1263,14006
5424,6658,5031,4147,5000,2961,5410,332,3500,4551,4487,4369,5593,6989,2749,6084,4294,6673,5373,4429,3789,4797,5610,5692,3285,4462,5525,6568,2675,3975,3547,4722,6425,4669,3178,5896,4812,5918,7556,7850,5056,6021,7011,6932,6858,5133,7313,7054,5063,4602,6408,3176,4681,4299,7403,6063,3068,7655,4221,2156,5163,6575,6659,3653,6558,4722,1967,5116,4578,6869,3690,3715,4541,4774,4205,4145,7079,6642,7431,7014,5441,6238,5228,1494,14039
5424,6658,5031,4147,5000,2961,5410,332,3500,4551,4487,4369,5593,6989,2749,6084,4294,6673,5373,4429,3789,4797,5610,5692,3258,4462,5525,6589,2675,3940,3518,4713,6425,4680,3172,5885,4812,5884,7535,7850,5056,6008,7011,6932,6844,5112,7289,7054,5073,4594,6408,3176,4702,4309,7403,6063,3068,7655,4221,2156,5163,6575,6659,3653,6558,4722,1967,5116,4578,6869,3690,3715,4541,4774,4205,4145,7079,6642,7431,7014,5441,6238,5228,1494,14056
5434,6658,5031,4168,5000,2968,5420,332,3491,4541,4517,4345,5593,6974,2730,6084,4285,6673,5373,4419,3781,4797,5610,5692,3285,4485,5525,6589,2675,3940,3518,4722,6425,4680,3172,5885,4812,5884,7535,7850,5056,6008,7011,6932,6844,5112,7289,7054,5073,4594,6408,3176,4702,4309,7403,6063,3068,7655,4221,2151,5163,6575,6638,3653,6575,4712,1991,5140,4578,6890,3690,3715,4541,4804,4205,4168,7079,6623,7431,7014,5430,6238,5159,1410,14089
5424,6658,5042,4147,5000,2945,5399,332,3491,4551,4517,4335,5580,6989,2730,6100,4285,6659,5373,4419,3781,4797,5610,5692,3285,4485,5525,6589,2675,3940,3518,4722,6425,4680,3214,5904,4812,5884,7556,7850,5068,6021,7024,6950,6844,5144,7313,7061,5021,4594,6450,3176,4691,4299,7403,6075,3062,7675,4252,2176,5163,6583,6673,3671,6558,4712,1971,5104,4589,6869,3690,3725,4541,4774,4195,4155,7115,6623,7431,7014,5430,6238,5114,1218,14122
5424,6725,5042,4147,5000,2945,5399,332,3491,4551,4517,4335,5580,6989,2730,6100,4285,6659,5361,4429,3760,4797,5625,5692,3258,4473,5525,6568,2693,3965,3518,4722,6425,4669,3193,5914,4812,5884,7535,7850,5056,6008,6992,6957,6823,5133,7289,7054,5063,4594,6450,3176,4681,4275,7420,6050,3062,7655,4221,2156,5163,6598,6673,3671,6550,4712,1967,5116,4589,6905,3690,3725,4562,4804,4205,4178,7094,6623,7431,7029,5462,6238,5228,1413,14156
5424,6725,5053,4168,5000,2968,5431,332,3500,4541,4517,4369,5593,6974,2730,6084,4285,6639,5361,4429,3760,4797,5610,5671,3264,4452,5489,6589,2675,3975,3518,4722,6425,4657,3221,5904,4812,5897,7556,7827,5068,6021,6992,6932,6858,5133,7313,7038,5052,4602,6408,3183,4681,4275,7420,6063,3044,7655,4243,2156,5186,6575,6652,3653,6558,4733,1967,5116,4589,6905,3690,3725,4562,4804,4205,4178,7094,6623,7431,7029,5462,6238,5228,1413,14189
5415,6658,5053,4139,5000,2968,5431,332,3475,4551,4517,4345,5580,6968,2730,6084,4285,6652,5373,4429,3760,4805,5625,5692,3285,4462,5512,6568,2675,3975,3518,4722,6425,4680,3221,5885,4812,5897,7556,7850,5056,5987,6992,6950,6844,5133,7313,7038,5052,4602,6408,3183,4681,4275,7420,6063,3044,7655,4243,2156,5186,6575,6652,3653,6558,4733,1987,5116,4589,6905,3690,3715,4562,4814,4205,4168,7094,6623,7431,7014,5441,6238,5239,1431,14223
5424,6700,5031,4147,5000,2968,5399,332,3466,4541,4508,4345,5603,6974,2730,6084,4294,6673,5350,4429,3789,4797,5610,5671,3264,4485,5525,6568,2680,3975,3518,4722,6425,4680,3221,5885,4812,5897,7556,7850,5056,5987,6992,6950,6844,5133,7272,7054,5073,4594,6458,3183,4681,4299,7420,6063,3062,7655,4221,2156,5163,6575,6638,3653,6533,4712,1971,5116,4578,6884,3696,3715,4551,4774,4182,4155,7094,6642,7425,7014,5430,6238,5136,1494,14256
5434,6658,5064,4147,5000,2968,5431,332,3491,4541,4496,4345,5593,6989,2730,6084,4294,6673,5350,4429,3789,4797,5610,5671,3264,4485,5525,6568,2680,3975,3518,4722,6425,4669,3235,5885,4812,5884,7556,7850,5056,6021,7005,6932,6844,5133,7313,7054,5063,4594,6458,3183,4681,4275,7420,6042,3068,7675,4230,2176,5163,6575,6652,3653,6558,4722,1991,5116,4589,6905,3696,3715,4572,4804,4195,4178,7094,6635,7406,7014,5441,6261,5182,1428,14289
5434,6658,5064,4147,5000,2968,5431,332,3491,4541,4496,4345,5593,6989,2730,6100,4294,6639,5373,4419,3781,4797,5610,5671,3278,4485,5525,6589,2675,3965,3518,4722,6425,4657,3214,5904,4812,5884,7556,7850,5068,6021,7011,6975,6844,5133,7313,7054,5063,4594,6458,3183,4681,4275,7420,6042,3068,7675,4230,2176,5163,6575,6652,3653,6558,4722,1991,5116,4589,6905,3696,3715,4572,4804,4195,4178,7094,6635,7406,7014,5441,6261,5182,1428,14305
5405,6658,5042,4147,5000,2968,5431,332,3500,4551,4517,4369,5616,7010,2754,6125,4294,6673,5373,4429,3768,4824,5610,5683,3285,4485,5525,6568,2675,3940,3518,4722,6425,4657,3214,5904,4812,5884,7556,7850,5068,6021,7011,6975,6844,5133,7313,7038,5052,4594,6458,3176,4672,4275,7403,6071,3049,7655,4230,2151,5163,6598,6652,3659,6558,4722,1967,5116,4589,6905,3696,3725,4572,4804,4228,4178,7115,6654,7406,7014,5441,6261,5136,1431,14339
5405,6658,5042,4147,5000,2968,5431,332,3500,4551,4517,4369,5616,7010,2754,6125,4294,6673,5373,4429,3768,4824,5610,5683,3285,4485,5525,6568,2675,3940,3518,4713,6425,4680,3242,5914,4825,5897,7556,7850,5068,6000,7024,6975,6844,5122,7330,7054,5073,4594,6433,3198,4681,4299,7420,6084,3062,7675,4230,2151,5163,6575,6652,3659,6558,4722,1967,5116,4589,6905,3696,3725,4572,4804,4228,4178,7115,6654,7406,7014,5441,6261,5136,1431,14356
5424,6683,5064,4147,5000,2968,5431,332,3500,4551,4537,4345,5616,6989,2735,6084,4294,6652,5373,4419,3789,4805,5610,5692,3258,4473,5512,6603,2693,3965,3525,4713,6448,4669,3248,5914,4837,5884,7556,7850,5068,6000,7024,6975,6844,5122,7330,7054,5073,4594,6433,3198,4681,4299,7420,6084,3062,7675,4230,2151,5163,6575,6638,3653,6533,4712,1971,5116,4578,6884,3690,3715,4572,4784,4182,4178,7094,6623,7431,7014,5462,6261,5228,1431,14389
5415,6675,5064,4139,5000,2968,5410,332,3500,4541,4496,4345,5616,7010,2735,6084,4285,6659,5373,4419,3789,4805,5610,5683,3264,4496,5512,6603,2693,3965,3525,4713,6448,4669,3248,5914,4837,5884,7556,7850,5068,6000,7011,6957,6844,5133,7313,7054,5084,4602,6433,3176,4681,4275,7420,6084,3068,7655,4252,2156,5163,6575,6673,3678,6550,4712,1971,5116,4589,6905,3690,3715,4572,4804,4205,4168,7094,6654,7431,7029,5441,6238,5205,1368,14421
5415,6675,5064,4139,5000,2968,5410,332,3500,4541,4496,4345,5616,7010,2735,6084,4285,6659,5373,4419,3789,4805,5610,5683,3264,4496,5525,6568,2693,3965,3525,4753,6425,4680,3242,5904,4812,5884,7556,7850,5068,6012,7005,6957,6858,5154,7313,7054,5073,4612,6475,3176,4681,4299,7420,6084,3044,7675,4252,2156,5163,6575,6673,3678,6550,4712,1971,5116,4589,6905,3690,3715,4572,4804,4205,4168,7094,6654,7431,7029,5441,6238,5205,1368,14439
5434,6683,5042,4147,4988,2990,5410,332,3500,4551,4496,4345,5616,7010,2735,6084,4285,6659,5373,4419,3789,4805,5610,5683,3264,4496,5525,6568,2693,3965,3525,4753,6425,4680,3242,5904,4812,5884,7556,7850,5068,6012,7005,6957,6858,5154,7313,7054,5073,4612,6475,3176,4681,4299,7420,6084,3044,7675,4221,2151,5163,6598,6673,3678,6533,4712,1991,5140,4589,6905,3708,3740,4572,4795,4205,4178,7115,6642,7431,7014,5430,6238,5114,1260,14456
5434,6683,5042,4147,4988,2990,5410,332,3500,4551,4517,4345,5603,6989,2735,6100,4294,6673,5373,4429,3789,4805,5625,5692,3258,4462,5525,6554,2680,3940,3525,4733,6425,4680,3270,5914,4812,5897,7556,7850,5068,5987,7005,6950,6858,5133,7313,7054,5084,4594,6433,3183,4681,4275,7420,6084,3062,7655,4230,2176,5163,6575,6652,3653,6533,4712,1967,5116,4589,6905,3708,3740,4572,4795,4205,4178,7115,6642,7431,7014,5430,6238,5114,1260,14489
5415,6683,5042,4156,5000,2968,5443,351,3491,4541,4517,4369,5616,6989,2735,6084,4294,6673,5386,4429,3789,4797,5610,5683,3285,4462,5525,6589,2680,3965,3525,4722,6425,4680,3242,5914,4825,5897,7535,7850,5068,6000,7005,6957,6844,5133,7289,7054,5052,4594,6433,3176,4681,4299,7420,6084,3062,7655,4230,2176,5163,6575,6652,3653,6533,4712,1967,5116,4589,6905,3690,3750,4562,4804,4238,4168,7109,6635,7431,7014,5441,6261,5114,1410,14522
5415,6683,5042,4168,5011,2968,5443,332,3491,4541,4508,4345,5603,6989,2735,6084,4294,6673,5386,4429,3789,4805,5625,5692,3264,4462,5525,6568,2680,3975,3547,4733,6425,4680,3242,5914,4812,5918,7535,7850,5068,6000,7005,6957,6844,5133,7289,7054,5052,4594,6433,3176,4681,4299,7420,6084,3062,7650,4230,2156,5163,6598,6652,3659,6533,4722,1967,5116,4599,6884,3696,3715,4572,4804,4205,4155,7094,6635,7431,7014,5420,6238,5091,1473,14556
5434,6658,5031,4147,4976,2961,5431,332,3491,4551,4517,4369,5593,6989,2730,6084,4285,6673,5386,4429,3789,4805,5625,5692,3264,4462,5525,6568,2680,3975,3547,4733,6425,4680,3242,5914,4812,5918,7540,7850,5080,6000,7005,6932,6858,5133,7330,7054,5084,4602,6475,3176,4691,4275,7420,6097,3062,7655,4230,2156,5163,6575,6652,3659,6533,4712,1991,5116,4589,6905,3690,3715,4572,4774,4205,4155,7094,6654,7431,7014,5462,6238,5091,1218,14588
5424,6683,5031,4147,4976,2961,5431,332,3491,4551,4517,4369,5593,6989,2730,6084,4285,6673,5373,4429,3789,4797,5610,5705,3285,4462,5525,6575,2680,3965,3518,4733,6425,4680,3256,5914,4850,5897,7556,7850,5068,6000,7005,6950,6858,5144,7289,7054,5073,4594,6458,3176,4672,4299,7420,6084,3068,7675,4230,2151,5163,6583,6673,3653,6508,4712,1995,5116,4589,6905,3696,3715,4572,4804,4205,4178,7115,6654,7450,7029,5441,6238,5068,1242,14622
5424,6683,5064,4147,4976,2968,5431,332,3491,4541,4517,4355,5593,6989,2735,6084,4285,6673,5373,4419,3789,4805,5625,5705,3264,4496,5525,6568,2675,3965,3518,4743,6425,4680,3242,5904,4812,5884,7520,7850,5091,6021,7024,6957,6858,5133,7289,7054,5084,4594,6483,3183,4681,4275,7420,6084,3068,7675,4230,2151,5163,6583,6673,3653,6508,4712,1995,5116,4589,6905,3696,3715,4572,4804,4205,4178,7115,6654,7450,7029,5441,6238,5068,1242,14640
5424,6683,5064,4147,4976,2968,5431,332,3491,4541,4517,4355,5593,6989,2735,6084,4285,6673,5373,4419,3789,4805,5625,5705,3264,4496,5525,6568,2675,3965,3518,4743,6425,4680,3242,5904,4812,5884,7520,7850,5091,6021,7024,6957,6858,5133,7289,7054,5084,4594,6483,3183,4681,4275,7420,6071,3062,7655,4221,2156,5163,6560,6673,3653,6508,4712,1971,5116,4555,6884,3696,3715,4572,4804,4205,4178,7115,6654,7450,7029,5441,6238,5068,1242,14657
5434,6658,5042,4147,4976,2961,5431,332,3491,4551,4517,4345,5616,6989,2735,6084,4264,6652,5373,4429,3781,4797,5610,5671,3258,4485,5525,6568,2675,3965,3518,4743,6425,4680,3242,5904,4812,5884,7520,7850,5091,6021,7024,6957,6858,5133,7289,7054,5084,4594,6483,3183,4681,4275,7420,6071,3062,7655,4221,2156,5163,6560,6673,3653,6508,4712,1971,5116,4555,6884,3690,3740,4562,4795,4182,4178,7079,6654,7431,7014,5430,6261,5068,1428,14673
5434,6658,5042,4147,4976,2961,5431,332,3491,4551,4517,4345,5616,6989,2735,6084,4264,6652,5373,4429,3781,4797,5610,5671,3258,4485,5512,6589,2675,3940,3518,4743,6463,4680,3263,5914,4812,5884,7556,7827,5068,6000,6992,6932,6823,5133,7313,7038,5073,4602,6483,3183,4681,4275,7420,6071,3062,7655,4221,2156,5163,6560,6673,3653,6508,4712,1971,5116,4555,6884,3690,3740,4562,4795,4182,4178,7079,6654,7431,7014,5430,6261,5068,1428,14681
5434,6658,5042,4147,4976,2961,5431,332,3491,4551,4517,4345,5616,6989,2735,6084,4264,6652,5373,4429,3781,4797,5610,5671,3258,4485,5512,6589,2675,3940,3518,4743,6463,4680,3263,5914,4812,5884,7556,7827,5068,6000,6992,6932,6823,5133,7313,7038,5073,4602,6458,3183,4692,4285,7420,6084,3068,7675,4230,2156,5163,6598,6652,3659,6508,4712,1971,5116,4555,6884,3690,3740,4562,4795,4182,4178,7079,6654,7431,7014,5430,6261,5068,1428,14697
5415,6700,5064,4168,5000,2961,5431,332,3500,4541,4517,4345,5593,6989,2735,6084,4285,6652,5350,4419,3789,4805,5610,5683,3285,4485,5525,6554,2680,3940,3518,4743,6425,4680,3263,5914,4812,5884,7556,7827,5068,6000,6992,6932,6823,5133,7313,7038,5073,4602,6458,3183,4692,4285,7420,6084,3068,7675,4230,2156,5163,6598,6652,3659,6508,4712,1967,5116,4578,6890,3690,3725,4562,4814,4205,4178,7079,6635,7425,7014,5452,6276,5228,1221,14723
5415,6700,5064,4168,5000,2961,5431,332,3500,4541,4517,4345,5593,6989,2735,6084,4285,6652,5350,4419,3789,4805,5610,5683,3285,4485,5525,6554,2680,3940,3518,4743,6425,4680,3235,5885,4812,5863,7535,7850,5068,6000,7005,6957,6844,5133,7313,7054,5073,4602,6458,3176,4681,4299,7420,6084,3068,7655,4230,2151,5163,6575,6652,3659,6550,4712,1967,5116,4578,6890,3690,3725,4562,4814,4205,4178,7079,6635,7425,7014,5452,6276,5228,1221,14740
5434,6683,5031,4168,4976,2961,5410,332,3466,4551,4506,4345,5580,6989,2735,6084,4285,6652,5350,4419,3789,4805,5610,5683,3285,4485,5525,6554,2680,3940,3518,4743,6425,4680,3235,5885,4812,5863,7535,7850,5068,6000,7005,6957,6844,5133,7313,7054,5073,4602,6458,3176,4681,4299,7420,6084,3068,7655,4230,2151,5163,6575,6652,3659,6550,4712,1971,5116,4566,6905,3696,3715,4541,4794,4205,4155,7094,6654,7406,7014,5441,6238,5114,1242,14756
5434,6683,5031,4168,4976,2961,5410,332,3466,4551,4506,4345,5580,6989,2735,6084,4294,6652,5350,4419,3789,4805,5610,5692,3271,4485,5502,6589,2680,3950,3547,4743,6440,4680,3256,5914,4812,5884,7551,7832,5068,6000,7024,6932,6844,5144,7272,7054,5063,4602,6458,3176,4702,4275,7420,6084,3068,7680,4230,2181,5163,6560,6652,3659,6525,4712,1971,5116,4589,6905,3690,3715,4541,4784,4205,4178,7094,6654,7406,7014,5441,6238,5114,1242,14784
5434,6658,5031,4139,4988,2961,5431,332,3525,4551,4526,4369,5616,6989,2754,6125,4294,6687,5350,4419,3789,4805,5610,5692,3271,4485,5502,6589,2680,3950,3547,4743,6440,4680,3256,5914,4812,5884,7551,7832,5068,6000,7024,6932,6844,5144,7272,7054,5063,4602,6458,3176,4702,4275,7420,6084,3068,7680,4230,2181,5163,6560,6652,3659,6525,4712,1971,5116,4589,6905,3690,3715,4541,4784,4205,4178,7094,6654,7431,7014,5452,6261,5091,1263,14795
5434,6658,5031,4139,4988,2961,5431,332,3525,4551,4526,4369,5616,6989,2754,6125,4294,6687,5373,4396,3789,4805,5586,5671,3264,4485,5525,6589,2680,3975,3518,4753,6425,4680,3242,5914,4825,5897,7535,7850,5056,6000,7005,6950,6858,5144,7313,7054,5073,4594,6475,3205,4753,4275,7420,6084,3068,7650,4230,2201,5163,6598,6652,3659,6525,4712,1971,5116,4589,6905,3690,3715,4541,4784,4205,4178,7094,6654,7431,7014,5452,6261,5091,1263,14822
5434,6658,5031,4156,4976,2968,5443,332,3491,4541,4517,4355,5593,6995,2730,6084,4294,6652,5373,4429,3789,4805,5625,5671,3264,4485,5525,6568,2680,3940,3518,4722,6425,4657,3242,5896,4812,5884,7535,7850,5068,6000,7005,6950,6858,5144,7313,7054,5073,4594,6475,3205,4753,4275,7420,6084,3068,7650,4230,2201,5163,6598,6638,3641,6525,4722,1995,5116,4589,6884,3696,3725,4572,4794,4205,4155,7109,6642,7431,7014,5441,6261,5193,1242,14848
5434,6658,5031,4156,4976,2968,5443,332,3491,4541,4517,4355,5593,6995,2730,6084,4294,6652,5373,4429,3789,4805,5625,5671,3264,4485,5525,6568,2680,3940,3518,4722,6425,4657,3242,5896,4812,5884,7535,7850,5068,6000,7011,6932,6844,5112,7313,7038,5052,4602,6458,3183,4692,4275,7420,6097,3068,7630,4230,2181,5163,6560,6652,3641,6508,4712,1971,5116,4578,6884,3696,3715,4572,4774,4205,4155,7094,6635,7431,7014,5441,6261,5193,1242,14873
5424,6675,5031,4147,5000,2968,5410,332,3491,4541,4517,4345,5593,6989,2730,6100,4294,6652,5350,4429,3789,4805,5610,5692,3264,4473,5525,6568,2680,3940,3518,4722,6425,4657,3242,5896,4812,5884,7535,7850,5068,6000,7011,6932,6844,5112,7313,7038,5052,4602,6458,3183,4692,4275,7420,6097,3068,7630,4230,2181,5163,6560,6652,3641,6508,4712,1971,5116,4578,6884,3696,3715,4572,4774,4205,4155,7094,6635,7431,7014,5441,6238,5136,1263,14888
5434,6700,5064,4147,4976,2968,5410,332,3475,4572,4517,4345,5593,6989,2730,6100,4294,6652,5350,4429,3789,4805,5610,5692,3264,4473,5512,6554,2680,3965,3525,4753,6448,4680,3270,5914,4812,5897,7551,7850,5068,6012,7005,6950,6858,5133,7313,7054,5073,4602,6458,3198,4711,4275,7420,6097,3062,7694,4230,2176,5175,6575,6652,3659,6525,4712,1971,5116,4589,6905,3696,3715,4562,4784,4205,4178,7109,6635,7450,7008,5441,6261,5159,1284,14922
5434,6700,5064,4147,4976,2968,5410,332,3475,4572,4526,4369,5616,7004,2735,6084,4294,6673,5386,4429,3789,4814,5610,5683,3285,4462,5525,6568,2680,3950,3525,4732,6440,4680,3263,5914,4812,5897,7551,7850,5068,6012,7005,6950,6858,5133,7313,7054,5073,4602,6458,3198,4711,4275,7420,6097,3062,7694,4230,2176,5175,6575,6652,3659,6525,4712,1971,5116,4589,6905,3696,3715,4562,4784,4205,4178,7109,6635,7450,7008,5441,6261,5159,1284,14939
5434,6658,5042,4147,5011,2961,5420,332,3491,4541,4526,4345,5593,7010,2717,6100,4264,6652,5386,4452,3789,4805,5610,5683,3285,4462,5525,6568,2680,3950,3525,4732,6440,4680,3263,5914,4812,5897,7556,7850,5068,6000,7005,6957,6858,5133,7289,7038,5073,4594,6458,3205,4711,4285,7420,6097,3068,7675,4230,2176,5163,6598,6673,3666,6533,4743,1991,5116,4589,6919,3715,3750,4572,4814,4228,4178,7094,6654,7450,7014,5441,6261,5114,1263,14973
5434,6658,5042,4147,4976,2968,5420,332,3491,4541,4526,4345,5593,7010,2717,6100,4264,6652,5386,4452,3789,4805,5610,5705,3285,4485,5525,6568,2680,3940,3539,4722,6448,4680,3263,5904,4812,5897,7535,7850,5068,6012,7005,6932,6858,5112,7289,7038,5084,4602,6483,3205,4681,4299,7420,6097,3068,7655,4221,2176,5163,6598,6666,3653,6533,4743,1971,5116,4578,6919,3696,3725,4562,4814,4205,4155,7094,6635,7431,7029,5441,6238,5114,1431,15006
5434,6658,5042,4147,4976,2968,5443,332,3491,4551,4506,4379,5580,6989,2735,6100,4285,6639,5373,4429,3797,4805,5610,5705,3264,4496,5525,6568,2680,3975,3525,4743,6463,4680,3270,5914,4837,5897,7535,7850,5068,6012,7005,6932,6858,5112,7289,7038,5084,4602,6483,3205,4681,4299,7420,6097,3068,7655,4221,2176,5163,6598,6666,3653,6533,4743,1971,5116,4578,6919,3696,3725,4562,4814,4205,4155,7094,6635,7431,7029,5441,6238,5114,1431,15022
5434,6658,5042,4147,4976,2968,5410,332,3491,4541,4517,4345,5593,6989,2754,6059,4294,6687,5373,4429,3797,4805,5610,5705,3264,4496,5525,6568,2680,3975,3525,4743,6463,4680,3270,5914,4837,5897,7535,7850,5068,6021,7024,6950,6858,5144,7289,7054,5073,4602,6483,3205,4702,4275,7420,6084,3068,7675,4221,2176,5163,6575,6652,3659,6550,4743,1991,5128,4589,6884,3703,3740,4572,4804,4182,4155,7094,6642,7431,7029,5452,6261,5159,1263,15056
5434,6658,5042,4147,4976,2968,5410,332,3491,4541,4517,4345,5593,6989,2754,6059,4294,6687,5350,4429,3797,4805,5610,5683,3264,4462,5525,6568,2680,3940,3525,4732,6463,4680,3270,5914,4825,5918,7572,7845,5068,6000,7024,6950,6837,5133,7289,7054,5084,4602,6483,3205,4702,4275,7420,6084,3068,7655,4221,2181,5163,6575,6652,3659,6525,4722,1991,5116,4589,6919,3715,3750,4562,4784,4205,4178,7109,6654,7431,7029,5441,6285,5159,1263,15089
5434,6675,5042,4147,4976,2961,5431,351,3491,4551,4526,4355,5593,7004,2735,6100,4264,6666,5373,4452,3789,4787,5610,5692,3264,4485,5502,6554,2680,3940,3518,4722,6425,4669,3263,5914,4825,5897,7556,7850,5068,6000,7005,6932,6844,5112,7306,7038,5084,4602,6500,3205,4692,4275,7420,6084,3068,7650,4200,2181,5163,6583,6652,3659,6550,4722,1991,5116,4589,6919,3715,3750,4562,4784,4205,4178,7109,6654,7431,7029,5441,6285,5125,1410,15125
5415,6658,5031,4147,4976,2945,5431,332,3491,4541,4517,4345,5593,7025,2735,6100,4285,6652,5373,4429,3789,4805,5625,5705,3271,4485,5525,6568,2680,3940,3525,4722,6425,4680,3263,5914,4812,5918,7572,7850,5068,6021,7005,6932,6837,5112,7313,7054,5073,4602,6500,3205,4692,4275,7420,6084,3068,7650,4200,2181,5163,6583,6652,3659,6550,4722,1971,5116,4589,6884,3690,3715,4572,4794,4205,4155,7130,6654,7450,7029,5441,6261,5114,1263,15155
5434,6675,5031,4147,5011,2968,5410,332,3500,4551,4517,4345,5593,7025,2735,6100,4285,6652,5373,4429,3789,4805,5625,5705,3271,4485,5525,6568,2680,3940,3525,4722,6425,4680,3263,5914,4812,5918,7572,7850,5068,6021,7005,6932,6837,5112,7313,7054,5073,4602,6483,3226,4711,4275,7420,6118,3086,7650,4200,2181,5163,6583,6652,3659,6525,4712,1975,5116,4589,6884,3696,3715,4572,4794,4228,4155,7109,6635,7450,7029,5452,6261,5114,1518,15173
5434,6675,5031,4147,5011,2968,5410,332,3500,4551,4526,4355,5593,6989,2735,6084,4294,6666,5373,4429,3789,4805,5625,5705,3264,4462,5525,6568,2680,3965,3518,4722,6425,4680,3263,5914,4812,5918,7572,7850,5068,6021,7005,6932,6837,5112,7313,7054,5073,4602,6483,3226,4711,4275,7420,6118,3086,7650,4200,2181,5163,6583,6652,3659,6525,4712,1975,5116,4589,6884,3696,3715,4572,4794,4228,4155,7109,6635,7450,7029,5452,6261,5114,1518,15189
5434,6675,5031,4147,5011,2968,5410,332,3500,4551,4526,4355,5593,6989,2735,6084,4294,6666,5373,4429,3789,4805,5625,5705,3264,4462,5525,6568,2680,3965,3518,4722,6425,4680,3263,5914,4850,5897,7572,7850,5068,6000,7024,6950,6858,5144,7313,7054,5073,4621,6483,3226,4711,4275,7397,6105,3086,7650,4209,2156,5175,6575,6652,3659,6533,4722,1995,5128,4589,6884,3696,3715,4572,4794,4228,4155,7109,6635,7450,7029,5452,6261,5114,1518,15206
5434,6633,5042,4147,4976,2961,5443,332,3475,4551,4517,4345,5580,6968,2735,6084,4294,6666,5373,4429,3810,4805,5610,5683,3285,4462,5525,6547,2680,3975,3525,4743,6440,4680,3305,5914,4825,5897,7556,7845,5068,6012,7018,6950,6858,5112,7289,7054,5084,4621,6500,3226,4722,4285,7420,6084,3068,7630,4230,2176,5175,6560,6652,3659,6525,4712,1971,5128,4589,6905,3703,3750,4541,4784,4205,4178,7094,6654,7425,7029,5452,6276,5091,1389,15372
5434,6658,5064,4147,5000,2961,5410,332,3491,4551,4517,4345,5593,6989,2735,6084,4294,6652,5386,4429,3789,4805,5625,5705,3264,4496,5525,6547,2680,3965,3525,4732,6440,4680,3347,5896,4825,5897,7556,7845,5068,6012,7018,6950,6858,5112,7289,7054,5084,4621,6500,3226,4722,4285,7420,6084,3068,7630,4230,2176,5175,6560,6631,3659,6508,4712,1971,5116,4578,6884,3696,3750,4572,4804,4205,4145,7094,6654,7450,7029,5441,6261,5091,1449,15407
5434,6675,5031,4147,5011,2945,5431,332,3475,4541,4517,4355,5593,6989,2759,6084,4294,6673,5350,4429,3797,4805,5625,5692,3264,4462,5525,6547,2680,3965,3525,4732,6440,4680,3347,5896,4825,5897,7520,7850,5068,6000,7024,6950,6858,5133,7306,7054,5073,4602,6483,3219,4702,4285,7420,6084,3068,7630,4230,2181,5163,6575,6666,3666,6525,4722,1971,5116,4578,6898,3696,3740,4572,4804,4215,4145,7094,6672,7406,7014,5441,6276,5216,1263,15438
5434,6658,5042,4147,4976,2968,5431,332,3475,4541,4517,4355,5593,6989,2759,6084,4294,6673,5350,4429,3797,4805,5625,5692,3264,4462,5512,6568,2680,3940,3525,4743,6425,4680,3368,5925,4812,5918,7551,7868,5056,5991,7005,6950,6837,5133,7289,7054,5052,4602,6500,3226,4702,4275,7420,6084,3068,7650,4200,2176,5163,6598,6666,3666,6508,4722,1975,5116,4589,6919,3696,3740,4572,4804,4205,4155,7094,6654,7406,7008,5441,6285,5114,1265,15473
5434,6658,5042,4147,4976,2968,5431,333,3475,4551,4517,4345,5593,7004,2740,6100,4294,6652,5362,4429,3810,4805,5625,5705,3292,4473,5525,6547,2680,3940,3525,4722,6425,4680,3396,5914,4812,5918,7535,7827,5068,6000,7005,6950,6837,5133,7289,7054,5052,4602,6500,3226,4702,4275,7420,6084,3068,7650,4200,2176,5163,6598,6666,3666,6508,4722,1975,5116,4589,6919,3696,3740,4572,4804,4205,4155,7094,6654,7406,7008,5441,6285,5114,1265,15488
5434,6658,5042,4147,4976,2968,5431,333,3475,4551,4517,4345,5593,7004,2740,6100,4294,6652,5362,4429,3810,4805,5625,5705,3292,4473,5525,6547,2680,3940,3525,4722,6425,4680,3396,5914,4812,5918,7535,7827,5068,6000,6992,6950,6823,5112,7266,7054,5084,4602,6525,3226,4702,4299,7420,6105,3068,7630,4200,2176,5175,6583,6652,3685,6550,4743,1995,5116,4589,6919,3696,3725,4572,4784,4205,4155,7094,6654,7406,7008,5441,6285,5114,1265,15506
5444,6633,5042,4156,4976,2968,5421,332,3500,4551,4517,4355,5593,6989,2735,6100,4294,6652,5373,4452,3818,4805,5625,5683,3264,4473,5525,6561,2680,3950,3547,4743,6463,4703,3389,5925,4812,5918,7551,7868,5056,5991,7005,6925,6837,5123,7306,7054,5084,4611,6525,3226,4732,4295,7420,6105,3068,7630,4200,2176,5175,6583,6652,3685,6550,4743,1995,5116,4589,6919,3696,3725,4572,4784,4205,4168,7094,6685,7431,7029,5441,6285,5102,1265,15539
5434,6675,5042,4176,5011,2938,5443,351,3466,4572,4517,4355,5603,6983,2740,6100,4285,6673,5386,4429,3818,4814,5650,5705,3264,4473,5512,6547,2680,3950,3547,4743,6440,4669,3417,5914,4850,5906,7551,7868,5056,5991,7005,6925,6837,5123,7306,7054,5084,4611,6525,3226,4732,4295,7403,6097,3074,7630,4221,2176,5175,6583,6638,3659,6508,4722,1995,5128,4589,6898,3703,3725,4572,4784,4192,4178,7109,6666,7431,7029,5452,6299,5136,1434,15571
5434,6675,5042,4176,5011,2938,5443,351,3466,4572,4517,4355,5603,6983,2740,6100,4285,6673,5386,4429,3818,4814,5650,5705,3264,4473,5512,6547,2680,3950,3547,4743,6440,4669,3417,5914,4850,5906,7556,7868,5068,6012,7005,6932,6858,5133,7289,7054,5084,4611,6500,3226,4711,4275,7420,6084,3092,7630,4230,2176,5175,6598,6666,3659,6508,4712,1995,5128,4589,6898,3703,3725,4572,4784,4192,4178,7109,6666,7431,7029,5452,6299,5136,1434,15589
5444,6675,5064,4127,4988,2968,5431,351,3475,4551,4517,4355,5580,7004,2740,6109,4294,6666,5386,4452,3818,4814,5650,5705,3264,4473,5512,6547,2680,3950,3547,4743,6440,4669,3417,5914,4850,5906,7556,7868,5068,6012,7005,6932,6858,5133,7289,7054,5084,4611,6500,3226,4711,4275,7420,6084,3092,7630,4230,2176,5175,6598,6666,3659,6508,4712,1991,5128,4589,6898,3722,3740,4541,4814,4205,4168,7130,6672,7431,7029,5452,6299,5091,1305,15599
5444,6675,5064,4127,4988,2968,5431,351,3475,4551,4517,4355,5580,7004,2740,6109,4294,6666,5386,4452,3818,4814,5635,5705,3292,4496,5512,6561,2680,3975,3547,4753,6440,4703,3417,5896,4825,5884,7551,7850,5068,6000,7018,6950,6858,5133,7330,7054,5073,4611,6500,3226,4711,4275,7420,6084,3092,7630,4230,2176,5175,6598,6666,3659,6508,4712,1991,5128,4589,6898,3722,3740,4541,4814,4205,4168,7130,6672,7431,7029,5452,6299,5091,1305,15614
5444,6675,5064,4127,4988,2968,5431,351,3475,4551,4517,4355,5580,7004,2740,6109,4294,6666,5386,4452,3818,4814,5635,5705,3292,4496,5512,6561,2680,3975,3547,4753,6440,4703,3417,5896,4825,5884,7551,7850,5068,6000,7018,6950,6858,5133,7330,7054,5073,4611,6500,3226,4711,4275,7425,6097,3074,7650,4221,2176,5163,6598,6652,3659,6508,4712,1971,5128,4578,6898,3722,3740,4572,4804,4215,4145,7094,6685,7406,7014,5441,6299,5136,1431,15641
5444,6675,5064,4147,5000,2961,5410,332,3491,4551,4526,4355,5616,7004,2759,6125,4294,6687,5386,4419,3810,4805,5625,5705,3285,4473,5525,6561,2685,3950,3547,4732,6448,4692,3396,5914,4812,5897,7520,7850,5068,6000,7018,6932,6837,5144,7306,7054,5073,4621,6500,3219,4702,4285,7420,6084,3074,7650,4209,2181,5175,6598,6631,3659,6508,4712,1971,5128,4578,6898,3722,3740,4572,4804,4215,4145,7094,6685,7406,7014,5441,6299,5136,1431,15669
5434,6675,5042,4156,4988,2961,5421,333,3491,4572,4506,4355,5593,6968,2754,6100,4294,6687,5386,4419,3810,4805,5625,5705,3285,4473,5525,6561,2685,3950,3547,4732,6448,4692,3396,5914,4812,5897,7520,7850,5068,6000,7018,6932,6837,5144,7306,7054,5073,4621,6500,3219,4702,4285,7420,6084,3074,7650,4209,2181,5175,6598,6631,3659,6508,4712,1971,5116,4589,6898,3703,3740,4562,4814,4215,4178,7094,6666,7388,7029,5432,6299,5114,1286,15685
5434,6675,5042,4156,4988,2961,5421,333,3491,4572,4506,4355,5593,6968,2754,6100,4294,6687,5373,4452,3797,4814,5625,5683,3292,4496,5512,6582,2680,3975,3547,4743,6463,4680,3417,5925,4825,5918,7556,7868,5056,6000,7018,6975,6858,5144,7306,7054,5084,4621,6525,3226,4711,4275,7420,6097,3068,7650,4209,2176,5175,6560,6645,3666,6525,4722,1991,5128,4589,6898,3703,3740,4562,4814,4215,4178,7094,6666,7388,7029,5432,6299,5114,1286,15707
5434,6675,5042,4147,4988,2968,5431,333,3491,4541,4506,4355,5593,6968,2754,6100,4294,6687,5373,4452,3797,4814,5625,5683,3292,4496,5512,6582,2680,3975,3547,4743,6463,4680,3417,5925,4825,5918,7556,7868,5056,6000,7018,6975,6858,5144,7306,7054,5084,4621,6525,3226,4711,4275,7420,6097,3068,7650,4209,2176,5175,6560,6645,3666,6525,4722,1991,5128,4589,6898,3715,3740,4562,4804,4205,4155,7115,6672,7450,7029,5441,6299,5102,1410,15723
5434,6675,5042,4147,4988,2968,5431,333,3491,4541,4496,4355,5616,6989,2735,6084,4264,6673,5373,4429,3797,4787,5625,5683,3264,4496,5500,6547,2661,3930,3547,4743,6448,4680,3410,5925,4763,5897,7535,7868,5068,6000,7018,6957,6858,5133,7306,7038,5073,4629,6525,3226,4702,4285,7420,6097,3068,7650,4209,2176,5175,6560,6645,3666,6525,4722,1991,5128,4589,6898,3715,3740,4562,4804,4205,4155,7115,6672,7450,7029,5441,6299,5102,1410,15752
5444,6675,5064,4147,4988,2968,5443,351,3500,4551,4526,4355,5603,6989,2740,6100,4294,6666,5373,4429,3797,4814,5610,5683,3285,4473,5512,6547,2685,3975,3547,4743,6448,4680,3410,5925,4763,5897,7535,7868,5068,6000,7018,6957,6858,5133,7306,7038,5073,4629,6525,3226,4702,4285,7420,6118,3068,7650,4200,2176,5175,6598,6652,3666,6525,4722,1995,5128,4578,6905,3722,3740,4572,4814,4205,4155,7094,6672,7431,7029,5452,6299,5148,1371,15773
5444,6675,5064,4147,4988,2968,5443,351,3500,4551,4526,4355,5603,6989,2740,6100,4294,6666,5373,4429,3797,4814,5610,5683,3285,4473,5512,6547,2685,3975,3547,4722,6440,4680,3431,5925,4825,5897,7556,7868,5091,5991,7018,6975,6858,5144,7313,7054,5105,4611,6483,3226,4711,4285,7420,6097,3074,7630,4200,2176,5175,6575,6645,3666,6550,4712,1971,5128,4589,6919,3715,3750,4584,4814,4192,4178,7109,6685,7431,7029,5452,6299,5148,1371,15807
5444,6675,5053,4176,4988,2968,5410,332,3491,4551,4517,4345,5616,6989,2735,6084,4294,6652,5386,4429,3797,4814,5625,5683,3271,4473,5512,6547,2680,3940,3525,4732,6425,4680,3431,5925,4825,5897,7535,7827,5068,6000,7005,6950,6837,5144,7306,7054,5105,4611,6483,3226,4702,4285,7420,6097,3068,7630,4200,2176,5175,6575,6645,3666,6550,4712,1971,5128,4589,6919,3715,3750,4584,4814,4192,4178,7109,6685,7406,7029,5432,6299,5114,1263,15838
5434,6650,5031,4156,4988,2945,5410,332,3491,4551,4517,4345,5616,6989,2735,6084,4294,6652,5386,4429,3797,4814,5625,5683,3271,4473,5512,6547,2680,3940,3525,4732,6425,4680,3431,5925,4825,5897,7535,7827,5068,6000,7005,6950,6837,5144,7306,7054,5105,4611,6483,3226,4702,4285,7420,6097,3068,7630,4221,2176,5175,6598,6666,3666,6533,4712,1975,5128,4589,6884,3703,3715,4572,4784,4215,4178,7130,6672,7431,7014,5441,6299,5228,1431,15855
5434,6650,5031,4156,4988,2945,5410,332,3491,4551,4517,4355,5580,7025,2740,6084,4273,6652,5350,4429,3810,4805,5610,5683,3271,4485,5512,6582,2680,3950,3525,4753,6425,4703,3459,5925,4825,5910,7572,7868,5091,6000,7037,6975,6858,5144,7313,7038,5084,4611,6525,3226,4732,4309,7420,6105,3092,7675,4230,2181,5175,6598,6645,3666,6525,4722,1975,5128,4578,6884,3703,3750,4594,4804,4215,4178,7109,6672,7431,7029,5432,6285,5228,1431,15890
5434,6658,5053,4156,4988,2961,5452,332,3500,4551,4526,4369,5593,7004,2740,6125,4294,6652,5362,4419,3818,4814,5625,5705,3285,4485,5502,6561,2680,3975,3547,4743,6440,4703,3431,5914,4825,5897,7551,7845,5068,5991,7018,6957,6858,5144,7306,7054,5073,4602,6483,3219,4702,4285,7420,6105,3049,7650,4230,2181,5175,6598,6645,3666,6525,4722,1975,5128,4578,6884,3703,3750,4594,4804,4215,4178,7109,6672,7431,7029,5432,6285,5102,1286,15922
5444,6675,5042,4156,5011,2968,5452,332,3500,4551,4526,4369,5593,7004,2740,6125,4294,6652,5362,4419,3818,4814,5625,5705,3285,4485,5502,6561,2680,3975,3547,4743,6440,4703,3431,5914,4825,5897,7551,7845,5068,5991,7018,6957,6858,5144,7306,7054,5073,4602,6483,3219,4702,4285,7420,6105,3049,7650,4200,2181,5175,6598,6666,3685,6550,4753,1995,5140,4601,6884,3722,3740,4572,4794,4215,4145,7115,6672,7450,7029,5452,6299,5114,1242,15939
5444,6675,5042,4156,5011,2968,5431,333,3491,4572,4547,4355,5616,7004,2740,6100,4294,6673,5362,4429,3810,4805,5625,5705,3271,4473,5525,6547,2685,3950,3539,4753,6440,4703,3431,5925,4825,5897,7551,7868,5068,5991,7005,6950,6844,5133,7306,7054,5094,4602,6483,3226,4732,4285,7442,6105,3092,7675,4230,2181,5163,6598,6673,3659,6525,4722,1995,5140,4601,6884,3722,3740,4572,4794,4215,4145,7115,6672,7450,7029,5452,6299,5114,1242,15972
5444,6675,5064,4156,5011,2968,5443,333,3500,4551,4526,4355,5603,7004,2740,6100,4294,6666,5362,4419,3797,4814,5625,5705,3292,4473,5525,6561,2685,3975,3539,4753,6463,4703,3459,5896,4825,5884,7556,7863,5091,5991,7018,6975,6837,5133,7306,7054,5084,4629,6508,3226,4711,4285,7442,6105,3092,7675,4230,2181,5163,6598,6673,3659,6525,4722,1995,5140,4601,6884,3722,3740,4572,4804,4215,4178,7094,6672,7406,7029,5420,6261,5114,1284,16005
5444,6633,5042,4147,4988,2961,5443,333,3500,4551,4526,4355,5603,6989,2735,6100,4294,6652,5362,4452,3797,4814,5625,5705,3285,4473,5525,6561,2685,3950,3525,4743,6440,4703,3459,5896,4825,5884,7556,7863,5091,5991,7018,6975,6837,5133,7306,7054,5084,4629,6508,3226,4711,4285,7403,6097,3068,7650,4209,2181,5175,6575,6631,3685,6550,4722,1995,5128,4589,6884,3722,3750,4594,4804,4238,4178,7115,6672,7431,7008,5441,6299,5114,1413,16039
5444,6633,5042,4147,4988,2961,5443,333,3500,4551,4526,4355,5603,6989,2735,6100,4294,6652,5362,4452,3797,4814,5625,5705,3285,4473,5525,6561,2685,3950,3525,4743,6440,4703,3452,5925,4825,5897,7556,7868,5068,6000,7005,6932,6858,5144,7306,7054,5073,4602,6508,3226,4711,4275,7403,6118,3074,7650,4209,2181,5175,6583,6645,3666,6550,4743,1995,5116,4601,6905,3722,3750,4594,4804,4238,4178,7115,6672,7431,7008,5441,6299,5114,1413,16056
5444,6675,5042,4156,4988,2945,5443,351,3466,4572,4517,4355,5593,7025,2740,6100,4285,6666,5386,4452,3818,4814,5635,5683,3292,4496,5512,6568,2685,3975,3547,4743,6478,4703,3459,5925,4825,5918,7556,7845,5056,6000,7018,6975,6858,5144,7330,7054,5073,4611,6508,3226,4711,4275,7403,6118,3074,7650,4209,2181,5175,6583,6645,3666,6550,4743,1995,5116,4601,6905,3715,3740,4572,4804,4215,4178,7094,6666,7450,7029,5432,6299,5251,1410,16089
5444,6675,5042,4156,4988,2945,5443,351,3466,4572,4517,4355,5593,7025,2740,6100,4285,6666,5386,4452,3818,4814,5635,5683,3292,4496,5512,6568,2685,3975,3547,4743,6478,4703,3459,5925,4825,5918,7556,7845,5056,6000,7018,6975,6858,5144,7330,7054,5073,4611,6508,3226,4711,4285,7403,6084,3074,7630,4230,2176,5175,6583,6652,3666,6525,4722,1971,5152,4589,6884,3715,3750,4572,4814,4215,4178,7094,6685,7450,7029,5452,6299,5136,1286,16105
5444,6675,5064,4139,5011,2968,5443,351,3500,4561,4526,4355,5616,7010,2740,6100,4294,6687,5386,4419,3810,4833,5625,5683,3285,4473,5525,6561,2685,3950,3547,4753,6440,4692,3452,5925,4825,5897,7551,7868,5068,6000,7018,6950,6837,5133,7330,7054,5084,4611,6525,3226,4732,4285,7420,6105,3074,7630,4209,2176,5163,6598,6645,3666,6525,4722,1971,5152,4589,6884,3715,3750,4572,4814,4215,4178,7094,6685,7450,7029,5452,6299,5136,1286,16139
5415,6633,5042,4156,4988,2945,5452,333,3491,4551,4526,4355,5616,7004,2740,6100,4294,6687,5386,4419,3810,4833,5625,5683,3285,4473,5525,6561,2685,3950,3547,4753,6440,4692,3452,5925,4825,5897,7551,7868,5068,6000,7018,6950,6837,5133,7330,7054,5084,4611,6525,3226,4732,4285,7420,6105,3074,7630,4209,2176,5163,6598,6645,3666,6525,4722,1991,5152,4589,6884,3703,3750,4572,4814,4215,4178,7109,6685,7450,7029,5420,6285,5125,1284,16156
5415,6633,5042,4156,4988,2945,5452,333,3491,4551,4526,4355,5616,7004,2740,6084,4294,6673,5386,4419,3818,4814,5625,5705,3271,4473,5525,6547,2680,3950,3547,4722,6440,4680,3452,5896,4825,5897,7551,7845,5056,5991,7005,6932,6858,5112,7306,7038,5084,4611,6500,3226,4702,4285,7403,6118,3068,7625,4230,2201,5175,6560,6652,3666,6533,4712,1971,5128,4589,6898,3703,3750,4584,4814,4215,4168,7130,6685,7406,7008,5432,6323,5125,1284,16189
5434,6633,5042,4156,4988,2945,5431,351,3491,4572,4526,4355,5593,7025,2740,6100,4294,6666,5386,4452,3818,4833,5625,5683,3292,4473,5512,6547,2685,3940,3547,4722,6440,4680,3452,5896,4825,5897,7551,7845,5056,5991,7005,6932,6858,5112,7306,7038,5084,4611,6500,3226,4702,4285,7403,6118,3068,7625,4230,2201,5175,6560,6652,3666,6533,4712,1971,5128,4589,6898,3703,3750,4584,4814,4215,4168,7130,6685,7406,7008,5432,6323,5170,1431,16206
5434,6633,5042,4156,4988,2945,5431,351,3491,4572,4526,4355,5593,7025,2740,6100,4294,6666,5386,4452,3818,4833,5625,5683,3292,4473,5512,6547,2685,3940,3518,4743,6463,4680,3473,5925,4800,5918,7572,7845,5091,6000,7018,6950,6858,5123,7330,7038,5073,4611,6500,3205,4702,4285,7403,6118,3074,7650,4209,2160,5175,6583,6652,3666,6533,4712,1971,5128,4589,6898,3703,3750,4584,4814,4215,4168,7130,6685,7406,7008,5432,6323,5170,1431,16222
5415,6633,5042,4139,4988,2938,5399,333,3500,4551,4496,4366,5593,6989,2740,6075,4294,6652,5362,4419,3797,4805,5625,5705,3264,4462,5512,6561,2685,3975,3547,4722,6440,4669,3481,5925,4800,5897,7535,7887,5056,6000,7018,6932,6844,5112,7330,7038,5073,4611,6500,3205,4702,4285,7403,6118,3074,7650,4209,2160,5175,6583,6652,3659,6541,4743,1991,5128,4611,6884,3722,3750,4572,4814,4205,4145,7109,6666,7406,7014,5420,6285,5193,1410,16255
5444,6650,5042,4156,4976,2968,5431,351,3491,4551,4517,4345,5580,6989,2740,6075,4294,6666,5362,4419,3797,4814,5625,5683,3285,4473,5512,6561,2685,3975,3547,4722,6440,4669,3481,5925,4800,5897,7535,7887,5056,6000,7018,6932,6844,5112,7306,7038,5084,4602,6525,3226,4711,4285,7420,6097,3092,7630,4209,2181,5175,6583,6631,3666,6533,4722,1995,5128,4611,6884,3696,3750,4572,4814,4215,4155,7109,6672,7406,7029,5430,6299,5228,1434,16288
5444,6650,5042,4156,4976,2968,5431,351,3491,4551,4517,4345,5580,6989,2740,6075,4294,6666,5362,4419,3797,4814,5625,5683,3285,4473,5512,6547,2685,3950,3547,4753,6425,4703,3473,5907,4788,5897,7551,7887,5056,5978,7018,6950,6837,5133,7306,7038,5073,4611,6525,3226,4702,4309,7403,6118,3055,7630,4209,2181,5175,6583,6631,3666,6533,4722,1995,5128,4611,6884,3696,3750,4572,4814,4215,4155,7109,6672,7406,7029,5430,6299,5228,1434,16306
5434,6650,5031,4156,4988,2968,5431,333,3500,4572,4526,4355,5593,7004,2740,6084,4285,6687,5386,4429,3810,4814,5625,5683,3264,4462,5512,6547,2685,3975,3547,4753,6440,4669,3459,5896,4812,5897,7551,7827,5034,5970,7018,6950,6837,5133,7306,7038,5073,4611,6525,3226,4702,4309,7403,6118,3055,7630,4230,2176,5163,6560,6645,3666,6525,4722,1971,5128,4578,6905,3703,3750,4572,4814,4215,4168,7109,6685,7406,7014,5432,6299,5079,1265,16339
5434,6650,5031,4156,4988,2968,5431,333,3500,4572,4526,4355,5593,7004,2740,6084,4285,6687,5386,4429,3810,4814,5625,5683,3264,4462,5512,6547,2685,3975,3547,4753,6440,4669,3459,5896,4812,5897,7551,7827,5034,5970,6987,6950,6837,5112,7289,7038,5073,4602,6500,3219,4711,4275,7420,6084,3068,7650,4230,2176,5163,6545,6645,3666,6525,4722,1971,5128,4578,6884,3722,3750,4572,4804,4215,4168,7109,6685,7406,7014,5432,6299,5079,1265,16356
5425,6650,5042,4156,4988,2938,5421,333,3500,4541,4517,4355,5616,6989,2740,6100,4273,6687,5386,4419,3818,4833,5625,5705,3271,4473,5525,6561,2685,3950,3547,4743,6463,4669,3473,5925,4825,5897,7551,7845,5068,5991,7018,6950,6837,5102,7289,7038,5084,4611,6508,3226,4702,4295,7442,6118,3074,7650,4230,2176,5163,6545,6645,3666,6525,4722,1971,5128,4578,6884,3722,3750,4572,4804,4215,4178,7109,6685,7425,7029,5441,6285,5136,1410,16387
5444,6633,5042,4147,4988,2938,5431,332,3500,4572,4526,4355,5593,7004,2740,6100,4294,6673,5386,4419,3810,4824,5625,5683,3271,4473,5525,6540,2680,3940,3547,4743,6440,4726,3481,5907,4800,5897,7551,7845,5068,5991,7018,6950,6837,5102,7289,7038,5084,4611,6508,3226,4702,4295,7442,6118,3074,7650,4209,2176,5175,6598,6645,3666,6550,4743,1995,5128,4601,6898,3715,3750,4562,4804,4192,4178,7109,6685,7425,7014,5420,6314,5136,1284,16422
5444,6675,5042,4156,4988,2938,5443,333,3500,4551,4526,4369,5616,6989,2740,6100,4294,6652,5362,4419,3797,4824,5625,5683,3271,4473,5525,6540,2680,3940,3547,4743,6440,4726,3481,5907,4800,5897,7535,7868,5091,5991,7018,6950,6837,5144,7306,7038,5084,4611,6525,3226,4711,4285,7420,6118,3074,7650,4200,2156,5175,6583,6645,3685,6550,4722,1995,5128,4578,6898,3696,3725,4594,4814,4215,4178,7109,6685,7425,7029,5420,6323,5125,1434,16455
5444,6675,5042,4156,4988,2938,5443,333,3500,4551,4526,4369,5616,6989,2740,6100,4294,6652,5362,4419,3797,4824,5610,5683,3271,4473,5512,6561,2685,3950,3547,4753,6440,4692,3481,5925,4825,5918,7535,7868,5091,5970,7018,6950,6858,5144,7323,7061,5084,4629,6525,3226,4702,4275,7403,6097,3092,7650,4230,2201,5175,6598,6631,3666,6525,4733,1975,5164,4589,6898,3703,3750,4594,4814,4215,4178,7109,6685,7431,7029,5452,6338,5125,1434,16489
5425,6650,5053,4176,4988,2961,5421,333,3491,4551,4517,4355,5616,7019,2740,6100,4294,6687,5362,4452,3818,4833,5625,5683,3264,4473,5525,6582,2690,3950,3568,4753,6440,4703,3502,5907,4825,5897,7551,7868,5091,5991,7050,6950,6858,5144,7289,7054,5084,4629,6525,3247,4711,4309,7420,6118,3092,7650,4200,2181,5175,6598,6666,3666,6550,4722,1975,5116,4589,6919,3703,3750,4594,4814,4215,4178,7109,6685,7431,7029,5452,6338,5079,1284,16522
5415,6650,5042,4156,5023,2938,5443,333,3491,4551,4526,4355,5603,7004,2740,6100,4294,6687,5386,4419,3797,4823,5625,5683,3271,4507,5547,6526,2685,3950,3547,4753,6440,4703,3481,5914,4800,5884,7551,7868,5091,6012,7031,6950,6858,5144,7330,7077,5084,4629,6541,3254,4732,4319,7420,6118,3092,7650,4200,2181,5175,6598,6666,3666,6550,4722,1975,5116,4589,6919,3703,3750,4572,4804,4192,4178,7130,6685,7450,7029,5452,6323,5228,1263,16556
5444,6650,5042,4176,4988,2968,5443,351,3500,4551,4526,4369,5616,7004,2740,6100,4294,6666,5399,4419,3818,4823,5625,5705,3285,4473,5525,6561,2685,3975,3568,4753,6440,4703,3481,5914,4800,5884,7551,7868,5091,6012,7031,6950,6858,5144,7330,7077,5084,4629,6541,3254,4732,4319,7420,6118,3098,7675,4230,2201,5175,6598,6631,3666,6525,4722,1995,5128,4589,6884,3722,3750,4572,4814,4215,4168,7109,6685,7425,7014,5432,6299,5091,1434,16589
5444,6650,5042,4176,4988,2968,5443,351,3500,4551,4526,4369,5616,7004,2740,6100,4294,6666,5399,4419,3818,4823,5625,5705,3285,4473,5525,6561,2685,3975,3568,4753,6440,4703,3481,5907,4812,5897,7551,7868,5068,5978,7005,6950,6858,5133,7306,7038,5084,4611,6483,3226,4702,4299,7403,6118,3068,7650,4209,2176,5175,6583,6631,3648,6533,4722,1995,5128,4589,6884,3722,3750,4572,4814,4215,4168,7109,6685,7425,7014,5432,6299,5091,1434,16606
5444,6633,5042,4156,4988,2945,5443,333,3500,4572,4526,4355,5616,7004,2740,6100,4294,6652,5362,4429,3789,4833,5600,5683,3264,4473,5525,6547,2685,3950,3547,4743,6463,4703,3481,5925,4825,5918,7572,7887,5091,5978,7031,6957,6837,5123,7306,7054,5084,4611,6483,3226,4702,4299,7403,6118,3068,7650,4209,2176,5175,6583,6631,3648,6533,4722,1971,5128,4578,6898,3703,3750,4572,4804,4192,4178,7109,6685,7425,7029,5432,6323,5091,1265,16639
5444,6633,5042,4156,4988,2945,5443,333,3500,4572,4526,4355,5616,7004,2740,6100,4294,6652,5362,4429,3789,4833,5600,5683,3264,4473,5525,6547,2685,3950,3547,4743,6463,4703,3481,5925,4825,5918,7572,7887,5091,5978,7031,6957,6837,5123,7306,7054,5084,4611,6525,3247,4711,4309,7420,6118,3074,7630,4230,2176,5175,6560,6631,3666,6550,4722,1975,5152,4589,6919,3703,3740,4572,4804,4215,4168,7109,6685,7431,7029,5432,6323,5091,1265,16656
5454,6650,5042,4147,5023,2945,5431,333,3508,4551,4526,4355,5593,6983,2740,6100,4294,6666,5362,4441,3818,4833,5625,5683,3271,4473,5525,6561,2685,3950,3547,4773,6463,4692,3473,5918,4800,5897,7551,7868,5091,5978,7018,6932,6858,5123,7306,7038,5084,4629,6525,3226,4732,4285,7403,6139,3068,7630,4209,2181,5163,6598,6631,3666,6550,4722,1971,5128,4589,6898,3703,3750,4572,4814,4215,4155,7109,6685,7406,7029,5452,6299,5056,1286,16837
