channel1,channel2,channel3,channel4,channel5,channel6,channel7,channel8,channel9,channel10,channel11,channel12,channel13,channel14,channel15,channel16,channel17,channel18,channel19,channel20,channel21,channel22,channel23,channel24,channel25,channel26,channel27,channel28,channel29,channel30,channel31,channel32,channel33,channel34,channel35,channel36,channel37,channel38,channel39,channel40,channel41,channel42,channel43,channel44,channel45,channel46,channel47,channel48,channel49,channel50,channel51,channel52,channel53,channel54,channel55,channel56,channel57,channel58,channel59,channel60,channel61,channel62,channel63,channel64,channel65,channel66,channel67,channel68,channel69,channel70,channel71,channel72,channel73,channel74,channel75,channel76,channel77,channel78,channel79,channel80,channel81,channel82,channel83,channel84,dts
0,0,0,0,0,0,0,0,0,0,0,0,0,0,0,0,0,0,0,0,0,0,0,0,0,0,0,0,0,0,0,0,0,0,0,0,0,0,0,0,0,0,0,0,0,0,0,0,0,0,0,0,0,0,0,0,0,0,0,0,0,0,0,0,0,0,0,0,0,0,0,0,0,0,0,0,0,0,0,0,0,0,0,0,23
0,0,0,0,0,0,0,0,0,0,0,0,0,0,0,0,0,0,0,0,0,0,0,0,0,0,0,0,0,0,0,0,0,0,0,0,0,0,0,0,0,0,0,0,0,0,0,0,0,0,0,0,0,0,0,0,0,0,0,0,0,0,0,0,0,0,0,0,0,0,0,0,0,0,0,0,0,0,0,0,0,0,0,0,39
0,0,0,0,0,0,0,0,0,0,0,0,0,0,0,0,0,0,0,0,0,0,0,0,0,0,0,0,0,0,0,0,0,0,0,0,0,0,0,0,0,0,0,0,0,0,0,0,0,0,0,0,0,0,0,0,0,0,0,0,0,0,0,0,0,0,0,0,0,0,0,0,0,0,0,0,0,0,0,0,0,0,0,0,56
0,0,0,0,0,0,0,0,0,0,0,0,0,0,0,0,0,0,0,0,0,0,0,0,0,0,0,0,0,0,0,0,0,0,0,0,0,0,0,0,0,0,0,0,0,0,0,0,0,0,0,0,0,0,0,0,0,0,0,0,0,0,0,0,0,0,0,0,0,0,0,0,0,0,0,0,0,0,0,0,0,0,0,0,89
0,0,0,0,0,0,0,0,0,0,0,0,0,0,0,0,0,0,0,0,0,0,0,0,0,0,0,0,0,0,0,0,0,0,0,0,0,0,0,0,0,0,0,0,0,0,0,0,0,0,0,0,0,0,0,0,0,0,0,0,0,0,0,0,0,0,0,0,0,0,0,0,0,0,0,0,0,0,0,0,0,0,0,0,123
0,0,0,0,0,0,0,0,0,0,0,0,0,0,0,0,0,0,0,0,0,0,0,0,0,0,0,0,0,0,0,0,0,0,0,0,0,0,0,0,0,0,0,0,0,0,0,0,0,0,0,0,0,0,0,0,0,0,0,0,0,0,0,0,0,0,0,0,0,0,0,0,0,0,0,0,0,0,0,0,0,0,0,0,156
0,0,0,0,0,0,0,0,0,0,0,0,0,0,0,0,0,0,0,0,0,0,0,0,0,0,0,0,0,0,0,0,0,0,0,0,0,0,0,0,0,0,0,0,0,0,0,0,0,0,0,0,0,0,0,0,0,0,0,0,0,0,0,0,0,0,0,0,0,0,0,0,0,0,0,0,0,0,0,0,0,0,0,0,189
0,0,0,0,0,0,0,0,0,0,0,0,0,0,0,0,0,0,0,0,0,0,0,0,0,0,0,0,0,0,0,0,0,0,0,0,0,0,0,0,0,0,0,0,0,0,0,0,0,0,0,0,0,0,0,0,0,0,0,0,0,0,0,0,0,0,0,0,0,0,0,0,0,0,0,0,0,0,0,0,0,0,0,0,205
0,0,0,0,0,0,0,0,0,0,0,0,0,0,0,0,0,0,0,0,0,0,0,0,0,0,0,0,0,0,0,0,0,0,0,0,0,0,0,0,0,0,0,0,0,0,0,0,0,0,0,0,0,0,0,0,0,0,0,0,0,0,0,0,0,0,0,0,0,0,0,0,0,0,0,0,0,0,0,0,0,0,0,0,238
0,0,0,0,0,0,0,0,0,0,0,0,0,0,0,0,0,0,0,0,0,0,0,0,0,0,0,0,0,0,0,0,0,0,0,0,0,0,0,0,0,0,0,0,0,0,0,0,0,0,0,0,0,0,0,0,0,0,0,0,0,0,0,0,0,0,0,0,0,0,0,0,0,0,0,0,0,0,0,0,0,0,0,0,256
0,0,0,0,0,0,0,0,0,0,0,0,0,0,0,0,0,0,0,0,0,0,0,0,0,0,0,0,0,0,0,0,0,0,0,0,0,0,0,0,0,0,0,0,0,0,0,0,0,0,0,0,0,0,0,0,0,0,0,0,0,0,0,0,0,0,0,0,0,0,0,0,0,0,0,0,0,0,0,0,0,0,0,0,288
0,0,0,0,0,0,0,0,0,0,0,0,0,0,0,0,0,0,0,0,0,0,0,0,0,0,0,0,0,0,0,0,0,0,0,0,0,0,0,0,0,0,0,0,0,0,0,0,0,0,0,0,0,0,0,0,0,0,0,0,0,0,0,0,0,0,0,0,0,0,0,0,0,0,0,0,0,0,0,0,0,0,0,0,323
0,0,0,0,0,0,0,0,0,0,0,0,0,0,0,0,0,0,0,0,0,0,0,0,0,0,0,0,0,0,0,0,0,0,0,0,0,0,0,0,0,0,0,0,0,0,0,0,0,0,0,0,0,0,0,0,0,0,0,0,0,0,0,0,0,0,0,0,0,0,0,0,0,0,0,0,0,0,0,0,0,0,0,0,339
0,0,0,0,0,0,0,0,0,0,0,0,0,0,0,0,0,0,0,0,0,0,0,0,0,0,0,0,0,0,0,0,0,0,0,0,0,0,0,0,0,0,0,0,0,0,0,0,0,0,0,0,0,0,0,0,0,0,0,0,0,0,0,0,0,0,0,0,0,0,0,0,0,0,0,0,0,0,0,0,0,0,0,0,371
0,0,0,0,0,0,0,0,0,0,0,0,0,0,0,0,0,0,0,0,0,0,0,0,0,0,0,0,0,0,0,0,0,0,0,0,0,0,0,0,0,0,0,0,0,0,0,0,0,0,0,0,0,0,0,0,0,0,0,0,0,0,0,0,0,0,0,0,0,0,0,0,0,0,0,0,0,0,0,0,0,0,0,0,389
0,0,0,0,0,0,0,0,0,0,0,0,0,0,0,0,0,0,0,0,0,0,0,0,0,0,0,0,0,0,0,0,0,0,0,0,0,0,0,0,0,0,0,0,0,0,0,0,0,0,0,0,0,0,0,0,0,0,0,0,0,0,0,0,0,0,0,0,0,0,0,0,0,0,0,0,0,0,0,0,0,0,0,0,406
0,0,0,0,0,0,0,0,0,0,0,0,0,0,0,0,0,0,0,0,0,0,0,0,0,0,0,0,0,0,0,0,0,0,0,0,0,0,0,0,0,0,0,0,0,0,0,0,0,0,0,0,0,0,0,0,0,0,0,0,0,0,0,0,0,0,0,0,0,0,0,0,0,0,0,0,0,0,0,0,0,0,0,0,423
0,0,0,0,0,0,0,0,0,0,0,0,0,0,0,0,0,0,0,0,0,0,0,0,0,0,0,0,0,0,0,0,0,0,0,0,0,0,0,0,0,0,0,0,0,0,0,0,0,0,0,0,0,0,0,0,0,0,0,0,0,0,0,0,0,0,0,0,0,0,0,0,0,0,0,0,0,0,0,0,0,0,0,0,456
0,0,0,0,0,0,0,0,0,0,0,0,0,0,0,0,0,0,0,0,0,0,0,0,0,0,0,0,0,0,0,0,0,0,0,0,0,0,0,0,0,0,0,0,0,0,0,0,0,0,0,0,0,0,0,0,0,0,0,0,0,0,0,0,0,0,0,0,0,0,0,0,0,0,0,0,0,0,0,0,0,0,0,0,472
0,0,0,0,0,0,0,0,0,0,0,0,0,0,0,0,0,0,0,0,0,0,0,0,0,0,0,0,0,0,0,0,0,0,0,0,0,0,0,0,0,0,0,0,0,0,0,0,0,0,0,0,0,0,0,0,0,0,0,0,0,0,0,0,0,0,0,0,0,0,0,0,0,0,0,0,0,0,0,0,0,0,0,0,503
0,0,0,0,0,0,0,0,0,0,0,0,0,0,0,0,0,0,0,0,0,0,0,0,0,0,0,0,0,0,0,0,0,0,0,0,0,0,0,0,0,0,0,0,0,0,0,0,0,0,0,0,0,0,0,0,0,0,0,0,0,0,0,0,0,0,0,0,0,0,0,0,0,0,0,0,0,0,0,0,0,0,0,0,535
0,0,0,0,0,0,0,0,0,0,0,0,0,0,0,0,0,0,0,0,0,0,0,0,0,0,0,0,0,0,0,0,0,0,0,0,0,0,0,0,0,0,0,0,0,0,0,0,0,0,0,0,0,0,0,0,0,0,0,0,0,0,0,0,0,0,0,0,0,0,0,0,0,0,0,0,0,0,0,0,0,0,0,0,556
0,0,0,0,0,0,0,0,0,0,0,0,0,0,0,0,0,0,0,0,0,0,0,0,0,0,0,0,0,0,0,0,0,0,0,0,0,0,0,0,0,0,0,0,0,0,0,0,0,0,0,0,0,0,0,0,0,0,0,0,0,0,0,0,0,0,0,0,0,0,0,0,0,0,0,0,0,0,0,0,0,0,0,0,589
0,0,0,0,0,0,0,0,0,0,0,0,0,0,0,0,0,0,0,0,0,0,0,0,0,0,0,0,0,0,0,0,0,0,0,0,0,0,0,0,0,0,0,0,0,0,0,0,0,0,0,0,0,0,0,0,0,0,0,0,0,0,0,0,0,0,0,0,0,0,0,0,0,0,0,0,0,0,0,0,0,0,0,0,606
0,0,0,0,0,0,0,0,0,0,0,0,0,0,0,0,0,0,0,0,0,0,0,0,0,0,0,0,0,0,0,0,0,0,0,0,0,0,0,0,0,0,0,0,0,0,0,0,0,0,0,0,0,0,0,0,0,0,0,0,0,0,0,0,0,0,0,0,0,0,0,0,0,0,0,0,0,0,0,0,0,0,0,0,623
0,0,0,0,0,0,0,0,0,0,0,0,0,0,0,0,0,0,0,0,0,0,0,0,0,0,0,0,0,0,0,0,0,0,0,0,0,0,0,0,0,0,0,0,0,0,0,0,0,0,0,0,0,0,0,0,0,0,0,0,0,0,0,0,0,0,0,0,0,0,0,0,0,0,0,0,0,0,0,0,0,0,0,0,639
0,0,0,0,0,0,0,0,0,0,0,0,0,0,0,0,0,0,0,0,0,0,0,0,0,0,0,0,0,0,0,0,0,0,0,0,0,0,0,0,0,0,0,0,0,0,0,0,0,0,0,0,0,0,0,0,0,0,0,0,0,0,0,0,0,0,0,0,0,0,0,0,0,0,0,0,0,0,0,0,0,0,0,0,656
0,0,0,0,0,0,0,0,0,0,0,0,0,0,0,0,0,0,0,0,0,0,0,0,0,0,0,0,0,0,0,0,0,0,0,0,0,0,0,0,0,0,0,0,0,0,0,0,0,0,0,0,0,0,0,0,0,0,0,0,0,0,0,0,0,0,0,0,0,0,0,0,0,0,0,0,0,0,0,0,0,0,0,0,673
0,0,0,0,0,0,0,0,0,0,0,0,0,0,0,0,0,0,0,0,0,0,0,0,0,0,0,0,0,0,0,0,0,0,0,0,0,0,0,0,0,0,0,0,0,0,0,0,0,0,0,0,0,0,0,0,0,0,0,0,0,0,0,0,0,0,0,0,0,0,0,0,0,0,0,0,0,0,0,0,0,0,0,0,689
0,0,0,0,0,0,0,0,0,0,0,0,0,0,0,0,0,0,0,0,0,0,0,0,0,0,0,0,0,0,0,0,0,0,0,0,0,0,0,0,0,0,0,0,0,0,0,0,0,0,0,0,0,0,0,0,0,0,0,0,0,0,0,0,0,0,0,0,0,0,0,0,0,0,0,0,0,0,0,0,0,0,0,0,706
0,0,0,0,0,0,0,0,0,0,0,0,0,0,0,0,0,0,0,0,0,0,0,0,0,0,0,0,0,0,0,0,0,0,0,0,0,0,0,0,0,0,0,0,0,0,0,0,0,0,0,0,0,0,0,0,0,0,0,0,0,0,0,0,0,0,0,0,0,0,0,0,0,0,0,0,0,0,0,0,0,0,0,0,723
0,0,0,0,0,0,0,0,0,0,0,0,0,0,0,0,0,0,0,0,0,0,0,0,0,0,0,0,0,0,0,0,0,0,0,0,0,0,0,0,0,0,0,0,0,0,0,0,0,0,0,0,0,0,0,0,0,0,0,0,0,0,0,0,0,0,0,0,0,0,0,0,0,0,0,0,0,0,0,0,0,0,0,0,739
0,0,0,0,0,0,0,0,0,0,0,0,0,0,0,0,0,0,0,0,0,0,0,0,0,0,0,0,0,0,0,0,0,0,0,0,0,0,0,0,0,0,0,0,0,0,0,0,0,0,0,0,0,0,0,0,0,0,0,0,0,0,0,0,0,0,0,0,0,0,0,0,0,0,0,0,0,0,0,0,0,0,0,0,756
0,0,0,0,0,0,0,0,0,0,0,0,0,0,0,0,0,0,0,0,0,0,0,0,0,0,0,0,0,0,0,0,0,0,0,0,0,0,0,0,0,0,0,0,0,0,0,0,0,0,0,0,0,0,0,0,0,0,0,0,0,0,0,0,0,0,0,0,0,0,0,0,0,0,0,0,0,0,0,0,0,0,0,0,789
0,0,0,0,0,0,0,0,0,0,0,0,0,0,0,0,0,0,0,0,0,0,0,0,0,0,0,0,0,0,0,0,0,0,0,0,0,0,0,0,0,0,0,0,0,0,0,0,0,0,0,0,0,0,0,0,0,0,0,0,0,0,0,0,0,0,0,0,0,0,0,0,0,0,0,0,0,0,0,0,0,0,0,0,821
0,0,0,0,0,0,0,0,0,0,0,0,0,0,0,0,0,0,0,0,0,0,0,0,0,0,0,0,0,0,0,0,0,0,0,0,0,0,0,0,0,0,0,0,0,0,0,0,0,0,0,0,0,0,0,0,0,0,0,0,0,0,0,0,0,0,0,0,0,0,0,0,0,0,0,0,0,0,0,0,0,0,0,0,836
0,0,0,0,0,0,0,0,0,0,0,0,0,0,0,0,0,0,0,0,0,0,0,0,0,0,0,0,0,0,0,0,0,0,0,0,0,0,0,0,0,0,0,0,0,0,0,0,0,0,0,0,0,0,0,0,0,0,0,0,0,0,0,0,0,0,0,0,0,0,0,0,0,0,0,0,0,0,0,0,0,0,0,0,856
0,0,0,0,0,0,0,0,0,0,0,0,0,0,0,0,0,0,0,0,0,0,0,0,0,0,0,0,0,0,0,0,0,0,0,0,0,0,0,0,0,0,0,0,0,0,0,0,0,0,0,0,0,0,0,0,0,0,0,0,0,0,0,0,0,0,0,0,0,0,0,0,0,0,0,0,0,0,0,0,0,0,0,0,889
0,0,0,0,0,0,0,0,0,0,0,0,0,0,0,0,0,0,0,0,0,0,0,0,0,0,0,0,0,0,0,0,0,0,0,0,0,0,0,0,0,0,0,0,0,0,0,0,0,0,0,0,0,0,0,0,0,0,0,0,0,0,0,0,0,0,0,0,0,0,0,0,0,0,0,0,0,0,0,0,0,0,0,0,921
0,0,0,0,0,0,0,0,0,0,0,0,0,0,0,0,0,0,0,0,0,0,0,0,0,0,0,0,0,0,0,0,0,0,0,0,0,0,0,0,0,0,0,0,0,0,0,0,0,0,0,0,0,0,0,0,0,0,0,0,0,0,0,0,0,0,0,0,0,0,0,0,0,0,0,0,0,0,0,0,0,0,0,0,939
0,0,0,0,0,0,0,0,0,0,0,0,0,0,0,0,0,0,0,0,0,0,0,0,0,0,0,0,0,0,0,0,0,0,0,0,0,0,0,0,0,0,0,0,0,0,0,0,0,0,0,0,0,0,0,0,0,0,0,0,0,0,0,0,0,0,0,0,0,0,0,0,0,0,0,0,0,0,0,0,0,0,0,0,956
0,0,0,0,0,0,0,0,0,0,0,0,0,0,0,0,0,0,0,0,0,0,0,0,0,0,0,0,0,0,0,0,0,0,0,0,0,0,0,0,0,0,0,0,0,0,0,0,0,0,0,0,0,0,0,0,0,0,0,0,0,0,0,0,0,0,0,0,0,0,0,0,0,0,0,0,0,0,0,0,0,0,0,0,988
0,0,0,0,0,0,0,0,0,0,0,0,0,0,0,0,0,0,0,0,0,0,0,0,0,0,0,0,0,0,0,0,0,0,0,0,0,0,0,0,0,0,0,0,0,0,0,0,0,0,0,0,0,0,0,0,0,0,0,0,0,0,0,0,0,0,0,0,0,0,0,0,0,0,0,0,0,0,0,0,0,0,0,0,1006
0,0,0,0,0,0,0,0,0,0,0,0,0,0,0,0,0,0,0,0,0,0,0,0,0,0,0,0,0,0,0,0,0,0,0,0,0,0,0,0,0,0,0,0,0,0,0,0,0,0,0,0,0,0,0,0,0,0,0,0,0,0,0,0,0,0,0,0,0,0,0,0,0,0,0,0,0,0,0,0,0,0,0,0,1037
0,0,0,0,0,0,0,0,0,0,0,0,0,0,0,0,0,0,0,0,0,0,0,0,0,0,0,0,0,0,0,0,0,0,0,0,0,0,0,0,0,0,0,0,0,0,0,0,0,0,0,0,0,0,0,0,0,0,0,0,0,0,0,0,0,0,0,0,0,0,0,0,0,0,0,0,0,0,0,0,0,0,0,0,1073
0,0,0,0,0,0,0,0,0,0,0,0,0,0,0,0,0,0,0,0,0,0,0,0,0,0,0,0,0,0,0,0,0,0,0,0,0,0,0,0,0,0,0,0,0,0,0,0,0,0,0,0,0,0,0,0,0,0,0,0,0,0,0,0,0,0,0,0,0,0,0,0,0,0,0,0,0,0,0,0,0,0,0,0,1105
0,0,0,0,0,0,0,0,0,0,0,0,0,0,0,0,0,0,0,0,0,0,0,0,0,0,0,0,0,0,0,0,0,0,0,0,0,0,0,0,0,0,0,0,0,0,0,0,0,0,0,0,0,0,0,0,0,0,0,0,0,0,0,0,0,0,0,0,0,0,0,0,0,0,0,0,0,0,0,0,0,0,0,0,1138
0,0,0,0,0,0,0,0,0,0,0,0,0,0,0,0,0,0,0,0,0,0,0,0,0,0,0,0,0,0,0,0,0,0,0,0,0,0,0,0,0,0,0,0,0,0,0,0,0,0,0,0,0,0,0,0,0,0,0,0,0,0,0,0,0,0,0,0,0,0,0,0,0,0,0,0,0,0,0,0,0,0,0,0,1156
0,0,0,0,0,0,0,0,0,0,0,0,0,0,0,0,0,0,0,0,0,0,0,0,0,0,0,0,0,0,0,0,0,0,0,0,0,0,0,0,0,0,0,0,0,0,0,0,0,0,0,0,0,0,0,0,0,0,0,0,0,0,0,0,0,0,0,0,0,0,0,0,0,0,0,0,0,0,0,0,0,0,0,0,1189
0,0,0,0,0,0,0,0,0,0,0,0,0,0,0,0,0,0,0,0,0,0,0,0,0,0,0,0,0,0,0,0,0,0,0,0,0,0,0,0,0,0,0,0,0,0,0,0,0,0,0,0,0,0,0,0,0,0,0,0,0,0,0,0,0,0,0,0,0,0,0,0,0,0,0,0,0,0,0,0,0,0,0,0,1206
0,0,0,0,0,0,0,0,0,0,0,0,0,0,0,0,0,0,0,0,0,0,0,0,0,0,0,0,0,0,0,0,0,0,0,0,0,0,0,0,0,0,0,0,0,0,0,0,0,0,0,0,0,0,0,0,0,0,0,0,0,0,0,0,0,0,0,0,0,0,0,0,0,0,0,0,0,0,0,0,0,0,0,0,1223
0,0,0,0,0,0,0,0,0,0,0,0,0,0,0,0,0,0,0,0,0,0,0,0,0,0,0,0,0,0,0,0,0,0,0,0,0,0,0,0,0,0,0,0,0,0,0,0,0,0,0,0,0,0,0,0,0,0,0,0,0,0,0,0,0,0,0,0,0,0,0,0,0,0,0,0,0,0,0,0,0,0,0,0,1254
0,0,0,0,0,0,0,0,0,0,0,0,0,0,0,0,0,0,0,0,0,0,0,0,0,0,0,0,0,0,0,0,0,0,0,0,0,0,0,0,0,0,0,0,0,0,0,0,0,0,0,0,0,0,0,0,0,0,0,0,0,0,0,0,0,0,0,0,0,0,0,0,0,0,0,0,0,0,0,0,0,0,0,0,1289
0,0,0,0,0,0,0,0,0,0,0,0,0,0,0,0,0,0,0,0,0,0,0,0,0,0,0,0,0,0,0,0,0,0,0,0,0,0,0,0,0,0,0,0,0,0,0,0,0,0,0,0,0,0,0,0,0,0,0,0,0,0,0,0,0,0,0,0,0,0,0,0,0,0,0,0,0,0,0,0,0,0,0,0,1306
0,0,0,0,0,0,0,0,0,0,0,0,0,0,0,0,0,0,0,0,0,0,0,0,0,0,0,0,0,0,0,0,0,0,0,0,0,0,0,0,0,0,0,0,0,0,0,0,0,0,0,0,0,0,0,0,0,0,0,0,0,0,0,0,0,0,0,0,0,0,0,0,0,0,0,0,0,0,0,0,0,0,0,0,1323
0,0,0,0,0,0,0,0,0,0,0,0,0,0,0,0,0,0,0,0,0,0,0,0,0,0,0,0,0,0,0,0,0,0,0,0,0,0,0,0,0,0,0,0,0,0,0,0,0,0,0,0,0,0,0,0,0,0,0,0,0,0,0,0,0,0,0,0,0,0,0,0,0,0,0,0,0,0,0,0,0,0,0,0,1340
0,0,0,0,0,0,0,0,0,0,0,0,0,0,0,0,0,0,0,0,0,0,0,0,0,0,0,0,0,0,0,0,0,0,0,0,0,0,0,0,0,0,0,0,0,0,0,0,0,0,0,0,0,0,0,0,0,0,0,0,0,0,0,0,0,0,0,0,0,0,0,0,0,0,0,0,0,0,0,0,0,0,0,0,1373
0,0,0,0,0,0,0,0,0,0,0,0,0,0,0,0,0,0,0,0,0,0,0,0,0,0,0,0,0,0,0,0,0,0,0,0,0,0,0,0,0,0,0,0,0,0,0,0,0,0,0,0,0,0,0,0,0,0,0,0,0,0,0,0,0,0,0,0,0,0,0,0,0,0,0,0,0,0,0,0,0,0,0,0,1406
0,0,0,0,0,0,0,0,0,0,0,0,0,0,0,0,0,0,0,0,0,0,0,0,0,0,0,0,0,0,0,0,0,0,0,0,0,0,0,0,0,0,0,0,0,0,0,0,0,0,0,0,0,0,0,0,0,0,0,0,0,0,0,0,0,0,0,0,0,0,0,0,0,0,0,0,0,0,0,0,0,0,0,0,1439
0,0,0,0,0,0,0,0,0,0,0,0,0,0,0,0,0,0,0,0,0,0,0,0,0,0,0,0,0,0,0,0,0,0,0,0,0,0,0,0,0,0,0,0,0,0,0,0,0,0,0,0,0,0,0,0,0,0,0,0,0,0,0,0,0,0,0,0,0,0,0,0,0,0,0,0,0,0,0,0,0,0,0,0,1471
0,0,0,0,0,0,0,0,0,0,0,0,0,0,0,0,0,0,0,0,0,0,0,0,0,0,0,0,0,0,0,0,0,0,0,0,0,0,0,0,0,0,0,0,0,0,0,0,0,0,0,0,0,0,0,0,0,0,0,0,0,0,0,0,0,0,0,0,0,0,0,0,0,0,0,0,0,0,0,0,0,0,0,0,1505
0,0,0,0,0,0,0,0,0,0,0,0,0,0,0,0,0,0,0,0,0,0,0,0,0,0,0,0,0,0,0,0,0,0,0,0,0,0,0,0,0,0,0,0,0,0,0,0,0,0,0,0,0,0,0,0,0,0,0,0,0,0,0,0,0,0,0,0,0,0,0,0,0,0,0,0,0,0,0,0,0,0,0,0,1523
0,0,0,0,0,0,0,0,0,0,0,0,0,0,0,0,0,0,0,0,0,0,0,0,0,0,0,0,0,0,0,0,0,0,0,0,0,0,0,0,0,0,0,0,0,0,0,0,0,0,0,0,0,0,0,0,0,0,0,0,0,0,0,0,0,0,0,0,0,0,0,0,0,0,0,0,0,0,0,0,0,0,0,0,1555
0,0,0,0,0,0,0,0,0,0,0,0,0,0,0,0,0,0,0,0,0,0,0,0,0,0,0,0,0,0,0,0,0,0,0,0,0,0,0,0,0,0,0,0,0,0,0,0,0,0,0,0,0,0,0,0,0,0,0,0,0,0,0,0,0,0,0,0,0,0,0,0,0,0,0,0,0,0,0,0,0,0,0,0,1589
0,0,0,0,0,0,0,0,0,0,0,0,0,0,0,0,0,0,0,0,0,0,0,0,0,0,0,0,0,0,0,0,0,0,0,0,0,0,0,0,0,0,0,0,0,0,0,0,0,0,0,0,0,0,0,0,0,0,0,0,0,0,0,0,0,0,0,0,0,0,0,0,0,0,0,0,0,0,0,0,0,0,0,0,1623
0,0,0,0,0,0,0,0,0,0,0,0,0,0,0,0,0,0,0,0,0,0,0,0,0,0,0,0,0,0,0,0,0,0,0,0,0,0,0,0,0,0,0,0,0,0,0,0,0,0,0,0,0,0,0,0,0,0,0,0,0,0,0,0,0,0,0,0,0,0,0,0,0,0,0,0,0,0,0,0,0,0,0,0,1656
0,0,0,0,0,0,0,0,0,0,0,0,0,0,0,0,0,0,0,0,0,0,0,0,0,0,0,0,0,0,0,0,0,0,0,0,0,0,0,0,0,0,0,0,0,0,0,0,0,0,0,0,0,0,0,0,0,0,0,0,0,0,0,0,0,0,0,0,0,0,0,0,0,0,0,0,0,0,0,0,0,0,0,0,1673
0,0,0,0,0,0,0,0,0,0,0,0,0,0,0,0,0,0,0,0,0,0,0,0,0,0,0,0,0,0,0,0,0,0,0,0,0,0,0,0,0,0,0,0,0,0,0,0,0,0,0,0,0,0,0,0,0,0,0,0,0,0,0,0,0,0,0,0,0,0,0,0,0,0,0,0,0,0,0,0,0,0,0,0,1688
0,0,0,0,0,0,0,0,0,0,0,0,0,0,0,0,0,0,0,0,0,0,0,0,0,0,0,0,0,0,0,0,0,0,0,0,0,0,0,0,0,0,0,0,0,0,0,0,0,0,0,0,0,0,0,0,0,0,0,0,0,0,0,0,0,0,0,0,0,0,0,0,0,0,0,0,0,0,0,0,0,0,0,0,1706
0,0,0,0,0,0,0,0,0,0,0,0,0,0,0,0,0,0,0,0,0,0,0,0,0,0,0,0,0,0,0,0,0,0,0,0,0,0,0,0,0,0,0,0,0,0,0,0,0,0,0,0,0,0,0,0,0,0,0,0,0,0,0,0,0,0,0,0,0,0,0,0,0,0,0,0,0,0,0,0,0,0,0,0,1723
0,0,0,0,0,0,0,0,0,0,0,0,0,0,0,0,0,0,0,0,0,0,0,0,0,0,0,0,0,0,0,0,0,0,0,0,0,0,0,0,0,0,0,0,0,0,0,0,0,0,0,0,0,0,0,0,0,0,0,0,0,0,0,0,0,0,0,0,0,0,0,0,0,0,0,0,0,0,0,0,0,0,0,0,1739
0,0,0,0,0,0,0,0,0,0,0,0,0,0,0,0,0,0,0,0,0,0,0,0,0,0,0,0,0,0,0,0,0,0,0,0,0,0,0,0,0,0,0,0,0,0,0,0,0,0,0,0,0,0,0,0,0,0,0,0,0,0,0,0,0,0,0,0,0,0,0,0,0,0,0,0,0,0,0,0,0,0,0,0,1756
0,0,0,0,0,0,0,0,0,0,0,0,0,0,0,0,0,0,0,0,0,0,0,0,0,0,0,0,0,0,0,0,0,0,0,0,0,0,0,0,0,0,0,0,0,0,0,0,0,0,0,0,0,0,0,0,0,0,0,0,0,0,0,0,0,0,0,0,0,0,0,0,0,0,0,0,0,0,0,0,0,0,0,0,1788
0,0,0,0,0,0,0,0,0,0,0,0,0,0,0,0,0,0,0,0,0,0,0,0,0,0,0,0,0,0,0,0,0,0,0,0,0,0,0,0,0,0,0,0,0,0,0,0,0,0,0,0,0,0,0,0,0,0,0,0,0,0,0,0,0,0,0,0,0,0,0,0,0,0,0,0,0,0,0,0,0,0,0,0,1820
0,0,0,0,0,0,0,0,0,0,0,0,0,0,0,0,0,0,0,0,0,0,0,0,0,0,0,0,0,0,0,0,0,0,0,0,0,0,0,0,0,0,0,0,0,0,0,0,0,0,0,0,0,0,0,0,0,0,0,0,0,0,0,0,0,0,0,0,0,0,0,0,0,0,0,0,0,0,0,0,0,0,0,0,1839
0,0,0,0,0,0,0,0,0,0,0,0,0,0,0,0,0,0,0,0,0,0,0,0,0,0,0,0,0,0,0,0,0,0,0,0,0,0,0,0,0,0,0,0,0,0,0,0,0,0,0,0,0,0,0,0,0,0,0,0,0,0,0,0,0,0,0,0,0,0,0,0,0,0,0,0,0,0,0,0,0,0,0,0,1871
0,0,0,0,0,0,0,0,0,0,0,0,0,0,0,0,0,0,0,0,0,0,0,0,0,0,0,0,0,0,0,0,0,0,0,0,0,0,0,0,0,0,0,0,0,0,0,0,0,0,0,0,0,0,0,0,0,0,0,0,0,0,0,0,0,0,0,0,0,0,0,0,0,0,0,0,0,0,0,0,0,0,0,0,1905
0,0,0,0,0,0,0,0,0,0,0,0,0,0,0,0,0,0,0,0,0,0,0,0,0,0,0,0,0,0,0,0,0,0,0,0,0,0,0,0,0,0,0,0,0,0,0,0,0,0,0,0,0,0,0,0,0,0,0,0,0,0,0,0,0,0,0,0,0,0,0,0,0,0,0,0,0,0,0,0,0,0,0,0,1939
0,0,0,0,0,0,0,0,0,0,0,0,0,0,0,0,0,0,0,0,0,0,0,0,0,0,0,0,0,0,0,0,0,0,0,0,0,0,0,0,0,0,0,0,0,0,0,0,0,0,0,0,0,0,0,0,0,0,0,0,0,0,0,0,0,0,0,0,0,0,0,0,0,0,0,0,0,0,0,0,0,0,0,0,1973
0,0,0,0,0,0,0,0,0,0,0,0,0,0,0,0,0,0,0,0,0,0,0,0,0,0,0,0,0,0,0,0,0,0,0,0,0,0,0,0,0,0,0,0,0,0,0,0,0,0,0,0,0,0,0,0,0,0,0,0,0,0,0,0,0,0,0,0,0,0,0,0,0,0,0,0,0,0,0,0,0,0,0,0,1988
0,0,0,0,0,0,0,0,0,0,0,0,0,0,0,0,0,0,0,0,0,0,0,0,0,0,0,0,0,0,0,0,0,0,0,0,0,0,0,0,0,0,0,0,0,0,0,0,0,0,0,0,0,0,0,0,0,0,0,0,0,0,0,0,0,0,0,0,0,0,0,0,0,0,0,0,0,0,0,0,0,0,0,0,2023
0,0,0,0,0,0,0,0,0,0,0,0,0,0,0,0,0,0,0,0,0,0,0,0,0,0,0,0,0,0,0,0,0,0,0,0,0,0,0,0,0,0,0,0,0,0,0,0,0,0,0,0,0,0,0,0,0,0,0,0,0,0,0,0,0,0,0,0,0,0,0,0,0,0,0,0,0,0,0,0,0,0,0,0,2038
0,0,0,0,0,0,0,0,0,0,0,0,0,0,0,0,0,0,0,0,0,0,0,0,0,0,0,0,0,0,0,0,0,0,0,0,0,0,0,0,0,0,0,0,0,0,0,0,0,0,0,0,0,0,0,0,0,0,0,0,0,0,0,0,0,0,0,0,0,0,0,0,0,0,0,0,0,0,0,0,0,0,0,0,2054
0,0,0,0,0,0,0,0,0,0,0,0,0,0,0,0,0,0,0,0,0,0,0,0,0,0,0,0,0,0,0,0,0,0,0,0,0,0,0,0,0,0,0,0,0,0,0,0,0,0,0,0,0,0,0,0,0,0,0,0,0,0,0,0,0,0,0,0,0,0,0,0,0,0,0,0,0,0,0,0,0,0,0,0,2073
0,0,0,0,0,0,0,0,0,0,0,0,0,0,0,0,0,0,0,0,0,0,0,0,0,0,0,0,0,0,0,0,0,0,0,0,0,0,0,0,0,0,0,0,0,0,0,0,0,0,0,0,0,0,0,0,0,0,0,0,0,0,0,0,0,0,0,0,0,0,0,0,0,0,0,0,0,0,0,0,0,0,0,0,2105
0,0,0,0,0,0,0,0,0,0,0,0,0,0,0,0,0,0,0,0,0,0,0,0,0,0,0,0,0,0,0,0,0,0,0,0,0,0,0,0,0,0,0,0,0,0,0,0,0,0,0,0,0,0,0,0,0,0,0,0,0,0,0,0,0,0,0,0,0,0,0,0,0,0,0,0,0,0,0,0,0,0,0,0,2139
0,0,0,0,0,0,0,0,0,0,0,0,0,0,0,0,0,0,0,0,0,0,0,0,0,0,0,0,0,0,0,0,0,0,0,0,0,0,0,0,0,0,0,0,0,0,0,0,0,0,0,0,0,0,0,0,0,0,0,0,0,0,0,0,0,0,0,0,0,0,0,0,0,0,0,0,0,0,0,0,0,0,0,0,2156
0,0,0,0,0,0,0,0,0,0,0,0,0,0,0,0,0,0,0,0,0,0,0,0,0,0,0,0,0,0,0,0,0,0,0,0,0,0,0,0,0,0,0,0,0,0,0,0,0,0,0,0,0,0,0,0,0,0,0,0,0,0,0,0,0,0,0,0,0,0,0,0,0,0,0,0,0,0,0,0,0,0,0,0,2189
0,0,0,0,0,0,0,0,0,0,0,0,0,0,0,0,0,0,0,0,0,0,0,0,0,0,0,0,0,0,0,0,0,0,0,0,0,0,0,0,0,0,0,0,0,0,0,0,0,0,0,0,0,0,0,0,0,0,0,0,0,0,0,0,0,0,0,0,0,0,0,0,0,0,0,0,0,0,0,0,0,0,0,0,2206
0,0,0,0,0,0,0,0,0,0,0,0,0,0,0,0,0,0,0,0,0,0,0,0,0,0,0,0,0,0,0,0,0,0,0,0,0,0,0,0,0,0,0,0,0,0,0,0,0,0,0,0,0,0,0,0,0,0,0,0,0,0,0,0,0,0,0,0,0,0,0,0,0,0,0,0,0,0,0,0,0,0,0,0,2239
0,0,0,0,0,0,0,0,0,0,0,0,0,0,0,0,0,0,16,0,0,0,0,0,0,20,0,0,0,0,0,1875,1396,301,0,0,143,103,0,0,0,0,0,0,0,0,0,0,0,0,0,0,0,0,0,0,0,0,0,0,0,0,0,0,0,0,0,0,0,0,0,0,0,0,0,0,0,0,0,0,0,0,0,0,2256
0,0,0,0,0,0,0,0,0,0,0,0,0,0,0,0,0,0,16,0,0,0,0,0,0,20,0,0,0,0,0,1875,1396,301,0,0,143,103,4600,3298,3692,1505,89,4487,3356,1440,4584,5412,2900,2659,4772,2391,4239,4113,6673,3897,2485,7381,5711,1983,5233,6404,6886,1228,6370,4639,1915,5362,4529,7129,1386,3619,4477,4729,0,0,0,0,0,0,0,0,0,0,2273
2763,4087,2321,3459,4781,2242,3075,141,2134,2951,1654,1825,1439,5171,125,6322,2602,4107,2946,3852,1981,28,0,0,0,20,0,0,0,0,0,1875,1396,301,0,0,143,103,4600,3298,3692,1505,89,4487,3356,1440,4584,5412,2900,2659,4772,2391,4239,4113,6673,3897,2485,7381,5711,1983,5233,6404,6886,1228,6370,4639,1915,5362,4529,7129,1386,3619,4477,4729,4067,3899,3286,4109,6822,6061,5639,5071,4770,1126,2289
2763,4087,2321,3459,4781,2242,3075,141,2134,2951,1654,1825,1439,5171,125,6322,2602,4107,2946,3852,1981,28,2767,724,2180,687,1940,2623,46,3433,147,2130,2553,1813,722,68,1658,127,2623,2547,3525,1272,79,2716,1776,1596,2761,2316,1335,443,3205,1180,1058,1495,6673,3897,2485,7381,5711,1983,5233,6404,6886,1228,6370,4639,1915,5362,4529,7129,1386,3619,4477,4729,4067,3899,3286,4109,6822,6061,5639,5071,4770,1126,2304
3250,4587,3079,2879,5456,2776,4096,280,3233,4264,3735,3484,5151,6531,2580,5802,3949,6026,4400,4132,2009,4217,5258,4702,3284,4023,4969,6698,2086,4008,1627,3771,4378,3091,722,68,1658,127,2623,2547,3525,1272,79,2716,1776,1596,2761,2316,1335,443,3205,1180,1058,1495,2461,3181,1118,5209,3913,1850,4527,5156,2777,836,1525,2407,1739,3513,3434,6646,273,2256,3271,3826,3530,3326,2467,4044,6168,5960,5681,5553,5405,1256,2339
3250,4587,3079,2879,5456,2776,4096,280,3233,4264,3735,3484,5151,6531,2580,5802,3949,6026,4400,4132,2009,4217,5258,4702,3284,4023,4969,6698,2086,4008,1627,3771,4378,3091,2782,3240,4580,4138,5859,5110,3952,1791,3864,5814,3691,1523,3629,4087,2754,1066,3978,1757,2675,2282,4150,3567,1663,6180,4008,2225,4531,5053,2702,798,1431,2394,1810,3601,3333,6584,273,2256,3271,3826,3530,3326,2467,4044,6168,5960,5681,5553,5405,1256,2356
2456,4016,2462,3256,4719,2718,4162,241,2884,4020,2978,3267,4826,6322,2152,5811,3541,5602,4839,4208,2058,4263,5474,4737,3302,3947,5041,6721,2461,3987,1698,3992,4949,4004,2822,5366,4504,4248,5896,5524,4365,1642,6470,6423,6160,4136,5358,6365,2840,2771,3978,1757,2675,2282,4150,3567,1663,6180,4008,2225,4531,5053,2702,798,1431,2394,1810,3601,3333,6584,274,2342,2721,2624,2121,1880,2589,3460,4512,5405,5441,3308,5727,1302,2389
2629,4104,2462,3256,4719,2718,4162,241,2884,4020,2978,3267,4826,6322,2152,5811,3541,5602,4839,4208,2058,4263,5474,4737,3302,3947,5041,6721,2461,3987,1698,3992,4949,4004,2822,5366,4504,4248,5896,5524,4365,1642,6470,6423,6160,4136,5358,6365,2840,2771,4702,2017,3667,3392,5416,3608,2336,7383,4191,2228,4873,5878,5774,1041,3604,3266,1956,3709,3151,6286,272,2266,2740,2589,2756,1828,2572,3656,5301,5757,5863,4057,5603,1264,2406
2629,4104,2350,3680,4684,2709,4154,195,2719,3528,3037,3339,4951,6392,2016,5886,3462,5452,4606,4188,2019,4062,5444,4666,3278,3869,4847,6720,2175,3991,1652,3897,4632,3422,2873,5173,4477,4231,5894,5557,4382,1677,6457,6417,5975,3832,5380,6316,2829,2789,4733,2027,3686,3453,5621,3642,2392,7446,4219,2234,4910,5996,5774,1041,3604,3266,1956,3709,3151,6286,272,2266,2740,2589,2756,1828,2572,3656,5301,5757,5863,4057,5603,1264,2440
3082,4080,2378,3815,4724,2854,4165,242,2742,3551,3079,3359,5069,6461,2016,5886,3462,5452,4606,4188,2019,4062,5444,4666,3278,3869,4847,6720,2175,3991,1652,3897,4632,3422,2873,5173,4477,4231,5894,5557,4382,1677,6457,6417,5975,3832,5380,6316,2829,2789,4733,2027,3686,3453,5621,3642,2392,7446,4219,2234,4910,5996,5941,1054,3651,3367,2040,3864,3136,6272,271,2314,2768,2581,2854,1830,2593,3733,5801,5778,5786,4822,5472,1231,2456
3082,4080,2378,3815,4724,2854,4165,242,2742,3551,3079,3359,5069,6461,2088,5856,3489,5509,4633,4189,2045,4106,5487,4655,3302,3964,4881,6753,2178,4004,1661,3912,4581,3306,2857,5062,4522,4266,5879,5548,4371,1658,6402,6425,6013,3901,5429,6269,2878,2791,4755,2030,3699,3473,5595,3636,2416,7468,4208,2216,4919,6000,6016,1114,3744,3327,2069,4004,3115,6276,264,2319,2744,2595,2937,1805,2569,3732,5817,5808,5706,5434,5472,1231,2488
3175,3987,2832,4010,4697,2911,4185,251,2808,3833,3113,3387,5080,6520,2175,5884,3537,5614,4737,4205,2052,4253,5479,4692,3296,3931,4900,6742,2416,3987,1661,3912,4581,3306,2857,5062,4522,4266,5879,5548,4371,1658,6402,6425,6013,3901,5429,6269,2878,2791,4755,2030,3699,3473,5595,3636,2416,7468,4208,2216,4919,6000,6016,1114,3744,3327,2069,4004,3115,6276,264,2319,2744,2595,2937,1805,2569,3732,5817,5808,5706,5434,5410,1221,2506
3175,3987,2832,4010,4697,2911,4185,251,2808,3833,3113,3387,5080,6520,2175,5884,3537,5614,4737,4205,2052,4253,5479,4692,3296,3931,4900,6742,2416,3987,1663,3944,4646,3400,2899,5083,4520,4276,5871,5555,4401,1661,6452,6417,5993,3761,5434,6267,2866,2825,4733,2047,3743,3502,5682,3648,2496,7500,4239,2216,4939,6102,6016,1114,3744,3327,2069,4004,3115,6276,264,2319,2744,2595,2937,1805,2569,3732,5817,5808,5706,5434,5410,1221,2523
3174,3987,2854,3886,4716,2914,4201,251,2851,3585,3089,3373,5089,6416,2184,5897,3518,5641,4777,4203,2169,4271,5479,4704,3302,3939,4890,6753,2422,3987,1672,3926,4635,3379,2887,5090,4508,4266,5889,5598,4412,1680,6452,6417,5993,3761,5434,6267,2866,2825,4733,2047,3743,3502,5682,3648,2496,7500,4239,2216,4939,6102,6026,1093,3795,3356,2065,3846,4036,6172,266,2324,2735,2582,2834,2489,2491,3734,5918,5829,5695,5526,5437,1205,2555
3197,3961,2842,4069,4685,2918,4183,252,2869,3869,3125,3367,5131,6519,2187,5888,3544,5661,4827,4219,2156,4271,5524,4726,3296,3935,4890,6753,2422,3987,1672,3926,4635,3379,2887,5090,4508,4266,5889,5598,4412,1680,6475,6431,5972,3724,5436,6288,2854,2829,4743,2071,3768,3516,5653,3627,2496,7451,4212,2228,4929,6114,6068,1095,3790,3339,2062,3853,3995,6176,267,2334,2749,2578,2819,2561,2483,3760,5987,5859,5709,5526,5450,1190,2588
3197,3961,2842,4069,4685,2918,4183,252,2869,3869,3125,3367,5131,6519,2187,5888,3544,5661,4827,4219,2156,4271,5524,4726,3296,3935,4888,6748,2440,3982,1678,3933,4645,3400,2892,5119,4518,4280,5863,5598,4421,1712,6507,6431,5993,3768,5395,6300,2859,2833,4753,2068,3768,3481,5670,3627,2496,7473,4212,2228,4929,6114,6068,1095,3790,3339,2062,3853,3995,6176,267,2334,2749,2578,2819,2561,2483,3760,5987,5859,5709,5526,5450,1190,2606
3146,4696,2835,4044,4674,2915,4189,252,2919,3886,3125,3367,5131,6519,2187,5888,3544,5661,4827,4219,2156,4271,5524,4726,3296,3935,4888,6748,2440,3982,1678,3933,4645,3400,2892,5119,4518,4280,5863,5598,4421,1712,6507,6431,5993,3768,5395,6300,2859,2833,4753,2068,3768,3481,5670,3627,2496,7473,4212,2201,4908,6114,6068,1093,3725,3321,2077,3833,4016,6176,266,2334,2761,2596,2799,2566,2500,3750,6017,5866,5698,5630,5462,1192,2623
3146,4696,2835,4044,4674,2915,4189,252,2919,3886,3125,3387,5102,6519,2191,5909,3561,5680,4807,4212,2176,4283,5526,4726,3308,3983,4918,6764,2429,4000,1678,3933,4645,3408,2892,5133,4525,4280,5863,5578,4428,1699,6507,6431,5993,3768,5395,6300,2859,2833,4753,2068,3768,3481,5670,3627,2496,7473,4212,2201,4908,6114,6068,1093,3725,3321,2077,3833,4016,6176,266,2334,2761,2596,2799,2566,2500,3750,6017,5866,5698,5630,5462,1192,2639
3018,6355,2778,3996,4624,2903,4189,253,2949,3893,3125,3367,5132,6530,2191,5933,3550,5690,4807,4204,2156,4283,5526,4726,3308,3983,4918,6764,2429,4000,1678,3933,4645,3408,2892,5133,4525,4280,5863,5578,4428,1699,6544,6442,6020,3805,5436,6306,2859,2837,4757,2075,3786,3509,5696,3627,2503,7500,4219,2205,4908,6147,6104,1097,3725,3327,2062,3874,4065,6170,253,2328,2744,2573,2860,2561,2487,3746,6044,5866,5716,5569,5409,1211,2673
3000,6629,2766,4003,4613,2921,4180,253,2991,3883,3118,3373,5144,6524,2211,5915,3556,5682,4817,4197,2180,4281,5558,4734,3308,4004,4917,6770,2454,3973,1680,3929,4654,3395,2901,5204,4531,4278,5867,5548,4423,1704,6549,6473,6048,3863,5447,6329,2868,2845,4754,2079,3807,3516,5699,3633,2521,7544,4243,2218,4898,6164,6147,1098,3758,3327,2084,3882,4115,6153,267,2348,2766,2583,2845,2613,2491,3765,6049,5876,5711,5630,5443,1196,2840
3000,6629,2766,4003,4613,2921,4180,253,2991,3883,3118,3373,5144,6524,2211,5915,3556,5682,4817,4197,2180,4281,5523,4725,3321,3983,4907,6743,2440,3995,1683,3929,4654,3402,2901,5204,4531,4278,5867,5548,4423,1704,6558,6450,6065,3863,5447,6316,2885,2849,4754,2079,3807,3516,5699,3633,2521,7544,4243,2218,4898,6164,6147,1098,3758,3327,2084,3882,4115,6153,267,2348,2766,2583,2845,2613,2491,3765,6049,5876,5711,5630,5443,1196,2857
2990,6629,2766,4003,4593,2942,4180,254,2997,3900,3142,3401,5144,6524,2203,5928,3573,5701,4826,4218,2213,4293,5548,4742,3308,3983,4917,6759,2454,4004,1666,3929,4654,3402,2901,5204,4531,4278,5867,5548,4423,1704,6558,6450,6065,3863,5447,6316,2885,2849,4754,2079,3807,3516,5699,3672,2524,7527,4226,2236,4918,6164,6147,1100,3816,3350,2066,3869,4144,6147,268,2348,2749,2564,2845,2618,2491,3751,6085,5876,5701,5641,5432,1198,2889
2990,6629,2766,4003,4593,2942,4180,254,2997,3900,3142,3401,5144,6524,2203,5928,3573,5701,4826,4218,2213,4293,5548,4742,3308,3983,4917,6759,2454,4004,1666,3929,4654,3402,2901,5225,4519,4278,5878,5569,4432,1710,6581,6479,6065,3863,5426,6350,2922,2838,4765,2079,3807,3516,5699,3717,2514,7561,4243,2236,4928,6164,6157,1101,3834,3350,2066,3869,4144,6147,268,2348,2749,2564,2845,2618,2491,3751,6085,5876,5701,5641,5432,1198,2906
2994,6666,2766,4048,4593,2948,4161,254,3004,3900,3123,3394,5154,6546,2203,5937,3556,5693,4826,4218,2213,4293,5548,4742,3308,3983,4917,6759,2454,4004,1666,3929,4654,3402,2901,5225,4519,4278,5878,5569,4432,1710,6581,6479,6065,3863,5426,6350,2922,2838,4765,2079,3807,3516,5699,3717,2514,7561,4243,2236,4928,6164,6157,1101,3834,3350,2066,3861,4144,6174,268,2348,2766,2569,2830,2639,2479,3757,6085,5893,5711,5630,5443,1198,2923
2994,6666,2766,4048,4593,2948,4161,254,3004,3900,3123,3394,5154,6546,2203,5937,3556,5693,4837,4206,2200,4287,5548,4725,3314,3983,4927,6759,2454,3982,1683,3937,4654,3402,2894,5204,4541,4278,5859,5548,4432,1691,6558,6465,6065,3863,5426,6309,2906,2853,4754,2079,3807,3523,5711,3717,2524,7561,4243,2218,4918,6164,6167,1087,3803,3350,2070,3861,4135,6167,268,2321,2749,2569,2825,2618,2483,3750,6062,5876,5722,5630,5443,1198,2954
3032,6666,2766,4048,4593,2948,4177,257,2975,3889,3142,3401,5154,6551,2539,5874,3573,5693,4817,4214,2203,4490,5515,4725,3314,3991,4927,6759,2454,3982,1683,3937,4654,3402,2894,5204,4541,4278,5859,5548,4432,1691,6558,6465,6065,3863,5426,6309,2906,2853,4754,2079,3807,3523,5711,3717,2524,7561,4243,2218,4918,6164,6167,1087,3803,3350,2070,3861,4135,6167,268,2321,2749,2569,2825,2618,2483,3750,6062,5876,5722,5630,5422,1198,2973
3032,6666,2766,4048,4593,2948,4177,257,2975,3889,3142,3401,5154,6551,2539,5874,3573,5693,4817,4214,2203,4490,5515,4725,3314,3991,4927,6776,2485,3991,1683,3944,4663,3409,2906,5294,4529,4278,5859,5580,4432,1707,6614,6479,6082,3863,5447,6363,2927,2855,4775,2079,3833,3516,5702,3717,2525,7578,4243,2218,4928,6177,6200,1106,3803,3350,2070,3861,4135,6167,268,2321,2749,2569,2825,2618,2483,3750,6062,5876,5722,5630,5422,1198,2989
3055,6689,2771,4055,4602,2975,4161,258,2997,3900,3148,3394,5165,6551,2539,5874,3573,5693,4817,4214,2203,4490,5515,4725,3314,3991,4927,6776,2485,3991,1683,3944,4663,3409,2906,5294,4529,4278,5859,5580,4432,1707,6614,6479,6082,3863,5447,6363,2927,2855,4775,2079,3833,3516,5702,3717,2525,7578,4243,2218,4928,6177,6200,1106,3803,3350,2070,3869,4164,6167,258,2354,2771,2587,2804,2644,2483,3758,6098,5886,5711,5670,5443,1184,3006
3055,6689,2771,4055,4602,2975,4161,258,2997,3900,3148,3394,5165,6551,2517,5861,3556,5693,4817,4206,2203,4428,5525,4725,3308,4004,4948,6759,2467,3959,1666,3937,4654,3402,2894,5250,4519,4295,5888,5600,4442,1710,6590,6465,6082,3907,5447,6342,2927,2855,4753,2082,3814,3523,5702,3700,2539,7556,4243,2236,4928,6177,6184,1106,3811,3356,2070,3861,4173,6167,272,2354,2753,2574,2830,2665,2483,3778,6098,5886,5711,5670,5443,1184,3039
3060,6681,2766,4055,4582,2954,4174,258,2982,3907,3129,3380,5185,6573,2557,5874,3580,5703,4826,4194,2207,4497,5538,4750,3308,4012,4958,6771,2485,3991,1683,3937,4663,3402,2920,5279,4529,4285,5870,5560,4442,1729,6609,6479,6082,3888,5458,6342,2986,2859,4775,2082,3814,3523,5702,3729,2528,7578,4243,2236,4928,6177,6184,1106,3811,3356,2070,3861,4173,6167,272,2354,2753,2574,2830,2665,2483,3778,6085,5893,5722,5661,5465,1204,3073
3060,6704,2766,4048,4582,2975,4168,258,3004,3907,3148,3401,5185,6589,2557,5896,3580,5703,4826,4214,2203,4497,5538,4725,3308,4012,4958,6759,2482,3991,1666,3937,4663,3409,2894,5272,4529,4295,5870,5600,4442,1729,6594,6479,6082,3900,5458,6342,2986,2859,4775,2082,3814,3523,5702,3729,2528,7578,4243,2218,4928,6177,6204,1091,3780,3350,2070,3910,4173,6171,272,2348,2766,2592,2871,2644,2491,3764,6098,5886,5711,5673,5454,1204,3106
3060,6704,2766,4048,4582,2975,4168,258,3004,3907,3148,3401,5185,6589,2557,5896,3580,5703,4826,4214,2203,4497,5538,4725,3308,4012,4958,6759,2482,3991,1666,3937,4663,3409,2894,5272,4529,4295,5870,5600,4442,1729,6594,6479,6082,3900,5437,6342,2965,2873,4775,2099,3833,3523,5702,3706,2543,7556,4234,2240,4918,6177,6210,1106,3789,3350,2088,3869,4173,6177,258,2354,2753,2574,2871,2644,2491,3764,6098,5886,5711,5673,5454,1204,3123
3060,6704,2766,4055,4602,2981,4165,258,3004,3889,3148,3401,5196,6578,2557,5874,3573,5703,4826,4194,2198,4482,5515,4733,3308,4032,4938,6776,2485,3991,1683,3918,4663,3416,2909,5287,4529,4295,5907,5600,4460,1771,6594,6479,6082,3881,5437,6335,3096,2859,4775,2079,3833,3516,5714,3725,2528,7578,4234,2240,4918,6177,6210,1106,3789,3350,2088,3869,4173,6177,258,2354,2753,2574,2804,2665,2487,3764,6076,5876,5711,5661,5465,1204,3155
3060,6704,2766,4074,4573,2975,4148,244,3004,3907,3142,3401,5196,6578,2557,5874,3562,5693,4826,4223,2218,4497,5538,4725,3308,4032,4958,6793,2485,3991,1666,3937,4663,3409,2909,5287,4529,4302,5907,5600,4460,1771,6594,6479,6082,3881,5437,6335,3096,2859,4775,2079,3833,3516,5714,3725,2528,7578,4226,2236,4928,6190,6241,1106,3789,3356,2088,3849,4202,6175,272,2354,2766,2574,2830,2670,2483,3750,6098,5893,5711,5650,5465,1206,3189
3060,6704,2766,4074,4573,2975,4148,244,3004,3907,3142,3401,5196,6578,2557,5874,3562,5693,4826,4223,2218,4497,5538,4725,3308,4032,4958,6793,2485,3991,1666,3937,4663,3409,2909,5287,4529,4302,5859,5580,4421,1768,6594,6465,6082,3888,5437,6322,3074,2859,4775,2099,3807,3523,5702,3719,2543,7578,4251,2236,4928,6190,6241,1106,3789,3350,2074,3849,4194,6175,258,2354,2771,2574,2830,2670,2483,3750,6098,5893,5711,5650,5465,1206,3206
3060,6704,2771,4055,4573,2981,4155,258,3004,3900,3129,3380,5185,6572,2571,5852,3556,5693,4806,4202,2238,4503,5538,4725,3308,4032,4958,6793,2485,3991,1666,3937,4663,3409,2909,5287,4529,4302,5859,5580,4421,1768,6594,6465,6082,3888,5437,6322,3074,2859,4775,2099,3807,3523,5702,3719,2543,7578,4251,2236,4928,6190,6241,1106,3789,3350,2074,3849,4194,6175,258,2354,2771,2574,2810,2665,2483,3750,6098,5886,5711,5650,5454,1192,3223
3060,6726,2766,4048,4591,2960,4155,258,3004,3900,3129,3380,5185,6572,2571,5852,3556,5693,4806,4202,2238,4503,5538,4725,3308,4012,4938,6788,2500,3991,1669,3925,4663,3409,2930,5294,4539,4278,5870,5560,4430,1771,6594,6479,6092,3907,5437,6322,3134,2863,4786,2079,3826,3523,5734,3731,2528,7578,4243,2240,4908,6190,6252,1107,3789,3333,2070,3897,4182,6196,272,2354,2749,2574,2851,2670,2487,3750,6098,5903,5722,5661,5465,1194,3256
3060,6726,2766,4048,4591,2960,4139,244,3004,3889,3142,3401,5196,6583,2557,5874,3573,5693,4806,4202,2222,4497,5538,4733,3314,4020,4948,6788,2485,3991,1666,3944,4643,3395,2923,5272,4506,4278,5870,5560,4409,1774,6589,6479,6110,3900,5437,6314,3172,2848,4753,2099,3826,3530,5693,3725,2528,7539,4226,2222,4908,6211,6252,1106,3789,3333,2074,3849,4202,6169,272,2354,2749,2574,2851,2670,2487,3750,6098,5903,5722,5661,5465,1194,3289
3060,6726,2766,4055,4582,2981,4145,258,3004,3883,3142,3401,5196,6611,2575,5896,3580,5693,4786,4202,2225,4511,5538,4733,3314,4020,4948,6788,2485,3991,1666,3944,4643,3395,2923,5272,4506,4278,5870,5560,4409,1774,6589,6479,6110,3900,5437,6314,3172,2848,4753,2099,3826,3530,5693,3725,2528,7539,4226,2222,4908,6211,6252,1106,3789,3333,2074,3849,4202,6169,273,2331,2771,2574,2810,2670,2487,3764,6098,5903,5711,5661,5454,1194,3306
3060,6726,2766,4055,4582,2981,4145,258,3004,3883,3142,3401,5196,6611,2575,5896,3580,5693,4786,4202,2225,4511,5560,4725,3314,4012,4968,6794,2517,3991,1683,3944,4653,3395,2940,5309,4539,4302,5859,5571,4409,1794,6604,6494,6110,3907,5458,6314,3205,2863,4753,2099,3851,3530,5726,3743,2532,7595,4251,2240,4928,6190,6272,1106,3789,3356,2092,3849,4202,6189,272,2359,2766,2574,2810,2697,2479,3764,6098,5903,5722,5682,5454,1194,3338
3045,6726,2771,4055,4582,3008,4152,244,3004,3907,3148,3387,5207,6616,2571,5910,3556,5703,4806,4211,2233,4503,5573,4733,3314,4020,4948,6805,2500,3977,1683,3944,4653,3395,2940,5309,4539,4302,5859,5571,4409,1794,6604,6494,6110,3907,5458,6314,3205,2863,4753,2099,3851,3530,5726,3743,2532,7595,4251,2240,4928,6190,6272,1106,3789,3356,2092,3849,4202,6189,272,2359,2766,2574,2810,2697,2479,3764,6098,5903,5722,5682,5445,1216,3356
3064,6741,2753,4055,4582,2981,4156,258,3011,3900,3148,3380,5207,6611,2571,5887,3580,5703,4806,4211,2233,4503,5573,4733,3314,4020,4948,6805,2500,3977,1666,3925,4643,3402,2950,5280,4539,4278,5870,5539,4439,1833,6589,6494,6099,3888,5437,6327,3250,2844,4753,2099,3833,3530,5693,3766,2532,7578,4243,2240,4928,6182,6283,1106,3797,3339,2092,3857,4202,6210,272,2337,2771,2574,2810,2676,2483,3755,6098,5893,5703,5682,5465,1200,3390
3064,6741,2753,4055,4582,2981,4156,258,3011,3900,3148,3380,5207,6611,2571,5887,3580,5703,4805,4211,2233,4497,5550,4733,3314,4012,4948,6800,2503,4000,1669,3925,4643,3395,2938,5294,4516,4302,5870,5560,4419,1836,6604,6479,6110,3907,5448,6314,3305,2863,4753,2099,3833,3530,5693,3766,2532,7578,4243,2240,4928,6182,6283,1106,3797,3339,2092,3857,4202,6210,272,2337,2771,2574,2810,2676,2483,3755,6098,5893,5703,5682,5465,1200,3406
3064,6741,2753,4055,4582,2981,4156,258,3011,3900,3148,3380,5207,6611,2571,5887,3580,5703,4805,4211,2233,4497,5550,4733,3314,4012,4948,6800,2503,4000,1669,3925,4643,3395,2938,5294,4516,4302,5870,5560,4419,1836,6604,6479,6110,3907,5448,6314,3305,2863,4753,2099,3851,3503,5705,3789,2546,7573,4251,2240,4928,6203,6287,1107,3797,3356,2074,3857,4182,6193,273,2331,2771,2574,2851,2670,2491,3750,6112,5903,5703,5682,5465,1200,3423
3069,6741,2771,4055,4602,3008,4163,259,3004,3900,3148,3380,5217,6605,2554,5874,3562,5693,4786,4211,2240,4495,5538,4707,3314,4012,4958,6822,2507,4000,1669,3925,4643,3395,2938,5294,4516,4302,5870,5560,4419,1836,6604,6479,6110,3907,5448,6314,3305,2863,4753,2099,3851,3503,5705,3789,2546,7573,4251,2240,4928,6203,6287,1107,3797,3356,2074,3857,4182,6193,273,2331,2771,2574,2851,2670,2491,3750,6112,5903,5703,5682,5445,1204,3439
3069,6741,2771,4055,4591,3008,4170,259,3004,3907,3148,3401,5228,6599,2554,5874,3562,5693,4786,4211,2240,4495,5538,4707,3314,4012,4958,6822,2507,4000,1686,3944,4643,3395,2959,5360,4516,4285,5870,5539,4439,1872,6628,6494,6110,3907,5428,6273,3361,2853,4730,2099,3833,3530,5705,3802,2536,7595,4251,2236,4918,6203,6314,1095,3789,3356,2074,3857,4211,6197,273,2354,2771,2592,2816,2697,2495,3760,6134,5903,5703,5693,5456,1206,3472
3069,6741,2771,4055,4591,3008,4170,259,3004,3907,3148,3401,5228,6599,2564,5874,3562,5674,4806,4211,2261,4510,5550,4733,3314,4020,4937,6834,2525,3977,1669,3925,4653,3423,2964,5345,4516,4310,5870,5594,4439,1876,6628,6471,6110,3888,5450,6293,3372,2867,4786,2082,3851,3524,5705,3785,2536,7573,4251,2222,4938,6216,6348,1093,3775,3350,2074,3849,4190,6180,273,2354,2753,2574,2816,2676,2479,3760,6134,5903,5703,5693,5456,1206,3506
3069,6741,2753,4074,4591,3008,4161,259,3026,3889,3148,3387,5217,6616,2579,5896,3580,5703,4826,4211,2261,4510,5550,4750,3314,4020,4937,6828,2507,4000,1669,3925,4653,3395,2969,5331,4516,4293,5870,5571,4409,1879,6604,6494,6092,3907,5469,6286,3383,2853,4753,2099,3851,3530,5705,3791,2536,7573,4251,2222,4938,6216,6348,1093,3775,3350,2074,3849,4190,6180,273,2354,2753,2574,2816,2676,2479,3760,6076,5886,5703,5693,5456,1206,3539
3069,6726,2753,4074,4612,3002,4154,259,3011,3907,3148,3387,5228,6627,2575,5887,3562,5703,4806,4202,2261,4510,5550,4733,3314,4040,4948,6828,2507,4000,1669,3944,4673,3402,2953,5345,4539,4302,5870,5551,4419,1895,6604,6494,6092,3907,5469,6286,3383,2853,4753,2099,3851,3530,5705,3791,2536,7573,4243,2222,4918,6203,6359,1095,3797,3356,2092,3857,4211,6191,273,2359,2753,2574,2810,2676,2500,3760,6098,5886,5722,5714,5445,1206,3573
3050,6764,2753,4074,4591,3029,4144,258,3011,3907,3148,3387,5207,6638,2575,5910,3580,5703,4836,4211,2265,4503,5550,4733,3314,4040,4948,6828,2507,4000,1669,3944,4673,3402,2953,5345,4539,4302,5870,5551,4419,1895,6628,6494,6110,3907,5448,6286,3406,2867,4786,2099,3851,3530,5705,3808,2536,7573,4251,2222,4938,6203,6375,1095,3775,3356,2074,3828,4161,6201,273,2354,2753,2592,2816,2676,2487,3750,6112,5886,5703,5734,5435,1208,3606
3050,6764,2753,4074,4591,3029,4144,258,3011,3907,3148,3387,5207,6638,2575,5910,3580,5703,4836,4211,2265,4503,5538,4733,3314,4020,4958,6840,2507,3977,1669,3944,4673,3402,2957,5331,4516,4285,5870,5530,4398,1882,6613,6494,6092,3907,5448,6286,3406,2848,4786,2099,3851,3530,5684,3808,2532,7573,4251,2222,4938,6203,6375,1095,3775,3356,2074,3828,4161,6201,273,2354,2753,2592,2816,2676,2487,3750,6112,5886,5703,5734,5435,1208,3623
3064,6741,2749,4074,4601,3008,4144,258,3011,3907,3148,3387,5207,6638,2575,5910,3580,5703,4836,4211,2265,4503,5538,4733,3314,4020,4958,6840,2507,3977,1669,3944,4673,3402,2957,5331,4516,4285,5870,5530,4398,1882,6613,6494,6092,3907,5448,6286,3406,2848,4786,2099,3851,3530,5684,3808,2532,7573,4243,2240,4928,6182,6386,1109,3797,3356,2092,3844,4199,6184,273,2359,2771,2574,2816,2681,2504,3755,6112,5903,5703,5755,5414,1191,3640
3064,6741,2749,4074,4601,3008,4151,258,3033,3907,3148,3415,5207,6610,2575,5910,3556,5685,4846,4199,2285,4510,5550,4750,3314,4028,4937,6823,2507,4000,1669,3944,4653,3409,2974,5323,4506,4295,5870,5571,4419,1882,6613,6494,6110,3870,5428,6286,3428,2867,4786,2099,3851,3517,5705,3798,2532,7573,4234,2240,4928,6161,6369,1095,3797,3339,2070,3857,4199,6184,273,2359,2771,2569,2816,2681,2504,3755,6112,5903,5703,5755,5414,1191,3673
3064,6741,2771,4074,4571,3029,4168,259,3011,3896,3148,3387,5228,6621,2575,5910,3562,5685,4805,4211,2285,4503,5550,4750,3314,4028,4937,6823,2507,4000,1669,3944,4653,3409,2974,5323,4506,4295,5870,5571,4419,1882,6613,6494,6110,3870,5428,6286,3428,2867,4786,2099,3851,3517,5705,3798,2532,7573,4234,2240,4928,6161,6369,1095,3797,3339,2070,3857,4199,6184,273,2359,2771,2569,2816,2676,2487,3755,6112,5886,5703,5766,5426,1210,3689
3050,6741,2771,4074,4571,3029,4168,259,3011,3896,3148,3387,5228,6621,2575,5910,3562,5685,4805,4211,2285,4503,5538,4733,3314,4020,4937,6823,2503,4000,1686,3944,4662,3402,2974,5323,4516,4285,5870,5551,4428,1882,6613,6479,6092,3851,5460,6278,3428,2848,4764,2099,3863,3537,5696,3815,2550,7573,4234,2240,4928,6203,6386,1093,3775,3356,2074,3844,4190,6184,258,2337,2753,2569,2801,2676,2491,3755,6112,5903,5703,5755,5446,1212,3721
3050,6741,2771,4074,4601,3049,4151,259,3033,3907,3142,3394,5228,6632,2575,5887,3556,5703,4795,4211,2289,4503,5550,4750,3314,4020,4958,6818,2507,3977,1686,3944,4653,3402,2974,5323,4516,4285,5870,5551,4428,1882,6613,6479,6092,3851,5460,6278,3428,2848,4764,2099,3863,3537,5696,3815,2550,7573,4234,2240,4928,6203,6386,1093,3775,3356,2074,3844,4190,6184,258,2337,2753,2569,2801,2676,2491,3755,6112,5903,5703,5755,5446,1212,3740
3050,6741,2771,4074,4601,3049,4151,259,3033,3907,3142,3394,5228,6632,2575,5887,3556,5703,4795,4211,2289,4503,5550,4750,3314,4020,4958,6818,2507,3977,1686,3944,4653,3402,2957,5323,4539,4285,5870,5551,4419,1902,6604,6471,6092,3833,5460,6265,3451,2863,4764,2099,3851,3537,5705,3821,2532,7573,4251,2240,4918,6182,6386,1093,3775,3339,2074,3865,4220,6195,258,2337,2753,2569,2801,2676,2491,3755,6112,5903,5703,5755,5446,1212,3755
3064,6764,2775,4074,4580,3029,4158,258,3011,3907,3148,3394,5207,6616,2575,5887,3562,5685,4805,4199,2289,4503,5550,4733,3296,4028,4937,6818,2503,3977,1669,3925,4642,3402,2962,5309,4506,4285,5870,5582,4419,1902,6594,6471,6092,3888,5562,6265,3468,2863,4764,2099,3851,3537,5705,3821,2532,7573,4251,2240,4918,6182,6386,1093,3775,3339,2074,3865,4220,6195,273,2359,2771,2592,2795,2676,2491,3755,6112,5886,5703,5766,5414,1195,3787
3064,6764,2775,4074,4580,3029,4158,258,3011,3907,3148,3394,5207,6616,2575,5887,3562,5685,4805,4199,2289,4503,5550,4733,3296,4028,4937,6818,2503,3977,1669,3925,4642,3402,2962,5309,4506,4285,5870,5582,4419,1902,6594,6471,6092,3888,5562,6265,3468,2863,4753,2079,3851,3517,5696,3844,2536,7573,4251,2222,4928,6182,6414,1093,3775,3339,2096,3865,4190,6188,259,2337,2771,2574,2801,2681,2478,3760,6112,5903,5685,5766,5414,1195,3806
3064,6764,2749,4074,4580,3029,4158,258,2988,3907,3166,3394,5239,6644,2575,5910,3562,5714,4826,4220,2272,4503,5550,4733,3314,4028,4958,6829,2517,3977,1669,3925,4642,3409,2962,5317,4516,4285,5870,5614,4419,1902,6604,6494,6103,3888,5562,6265,3484,2853,4764,2099,3851,3537,5717,3827,2532,7573,4258,2240,4928,6195,6424,1109,3775,3339,2096,3865,4190,6188,259,2337,2771,2574,2801,2681,2478,3760,6112,5903,5685,5766,5414,1195,3840
3064,6764,2753,4092,4580,3029,4165,259,3011,3907,3148,3408,5196,6616,2575,5887,3580,5703,4826,4220,2272,4503,5550,4733,3314,4028,4958,6829,2517,3977,1669,3925,4642,3409,2962,5317,4516,4285,5870,5614,4419,1902,6604,6494,6103,3888,5562,6265,3484,2853,4764,2099,3851,3537,5717,3827,2532,7573,4258,2240,4928,6195,6424,1109,3775,3339,2092,3844,4199,6188,273,2337,2758,2574,2822,2661,2495,3760,6112,5903,5714,5766,5446,1212,3855
3064,6764,2753,4092,4580,3029,4165,259,3011,3907,3148,3408,5196,6616,2575,5887,3580,5703,4805,4220,2259,4510,5538,4733,3314,4028,4968,6858,2503,4009,1669,3944,4662,3381,2967,5331,4516,4302,5870,5603,4419,1905,6604,6471,6092,3888,5562,6265,3484,2853,4764,2099,3851,3537,5717,3827,2532,7573,4258,2240,4928,6195,6424,1109,3775,3339,2092,3844,4199,6188,273,2337,2758,2574,2822,2661,2495,3760,6112,5903,5714,5766,5446,1212,3873
3069,6764,2758,4100,4601,3049,4148,259,3011,3907,3148,3387,5239,6644,2575,5887,3562,5703,4805,4190,2293,4495,5550,4733,3314,4028,4948,6818,2507,3977,1669,3944,4662,3381,2967,5331,4516,4302,5870,5603,4419,1905,6604,6471,6092,3888,5562,6265,3490,2848,4753,2099,3870,3537,5696,3821,2536,7595,4243,2222,4928,6195,6435,1095,3775,3339,2092,3865,4199,6205,259,2337,2771,2574,2801,2681,2495,3755,6134,5903,5703,5787,5446,1214,3904
3069,6764,2771,4092,4588,3056,4148,259,3011,3907,3148,3387,5239,6644,2575,5887,3562,5703,4805,4190,2293,4495,5550,4733,3314,4028,4948,6818,2507,3977,1669,3925,4642,3409,2967,5331,4516,4285,5870,5582,4428,1905,6613,6471,6092,3870,5523,6265,3490,2867,4764,2099,3851,3539,5684,3827,2536,7595,4234,2240,4958,6195,6424,1107,3775,3339,2074,4032,4178,6188,273,2337,2753,2569,2942,2655,2478,3760,6112,5886,5703,5802,5435,1197,3935
3069,6764,2771,4092,4588,3056,4141,259,3011,3907,3148,3395,5218,6644,2575,5910,3580,5703,4815,4220,2276,4489,5550,4733,3314,4024,4948,6829,2503,3977,1669,3925,4640,3381,2967,5331,4506,4285,5870,5582,4428,1905,6604,6471,6075,3851,5523,6265,3490,2867,4764,2099,3851,3539,5684,3827,2536,7595,4234,2240,4958,6195,6424,1107,3775,3339,2074,4032,4178,6188,273,2337,2753,2569,2942,2655,2478,3760,6112,5886,5703,5802,5435,1197,3956
3069,6764,2771,4092,4588,3056,4141,259,3011,3907,3148,3395,5218,6644,2575,5910,3580,5703,4815,4220,2276,4489,5550,4733,3314,4024,4948,6829,2503,3977,1669,3925,4640,3381,2967,5331,4506,4285,5870,5582,4428,1905,6604,6471,6075,3851,5469,6265,3507,2848,4764,2099,3870,3537,5684,3844,2532,7573,4251,2222,4928,6203,6435,1093,3775,3356,2074,3844,4190,6188,258,2337,2771,2574,2822,2681,2495,3760,6112,5886,5703,5802,5435,1197,3972
3064,6764,2753,4092,4571,3056,4172,258,3011,3896,3148,3394,5218,6655,2579,5910,3562,5703,4826,4211,2276,4474,5550,4750,3314,4028,4948,6841,2521,3977,1686,3933,4662,3388,2989,5331,4539,4285,5870,5603,4428,1908,6613,6471,6092,3858,5501,6278,3530,2867,4764,2099,3870,3537,5696,3827,2536,7595,4251,2244,4928,6216,6435,1093,3775,3356,2074,3844,4190,6188,258,2337,2771,2574,2822,2681,2495,3760,6098,5896,5703,5766,5446,1216,4006
3064,6741,2753,4092,4601,3056,4155,259,3018,3907,3148,3394,5239,6655,2579,5910,3580,5722,4846,4199,2297,4495,5550,4750,3296,4028,4948,6841,2521,4000,1686,3925,4662,3409,2972,5323,4527,4285,5870,5582,4428,1908,6613,6471,6092,3858,5501,6278,3530,2867,4764,2099,3870,3537,5696,3827,2536,7595,4251,2244,4928,6216,6424,1095,3775,3339,2092,3844,4170,6205,273,2359,2753,2574,2801,2676,2483,3760,6112,5896,5703,5766,5446,1197,4038
3069,6741,2771,4074,4601,3056,4148,259,3033,3907,3148,3394,5239,6655,2575,5910,3580,5703,4846,4199,2297,4495,5550,4750,3296,4028,4948,6841,2521,4000,1686,3925,4662,3409,2972,5323,4527,4285,5870,5582,4428,1908,6604,6509,6103,3870,5562,6278,3530,2863,4764,2099,3870,3537,5717,3834,2536,7595,4234,2240,4928,6195,6435,1093,3775,3356,2092,3844,4199,6188,273,2337,2775,2574,2822,2661,2478,3746,6112,5886,5703,5799,5426,1199,4069
3069,6741,2771,4074,4601,3056,4148,259,3033,3907,3148,3394,5239,6655,2575,5910,3580,5703,4846,4211,2297,4495,5550,4758,3314,4028,4948,6841,2503,3977,1686,3944,4662,3409,2972,5331,4516,4285,5870,5512,4407,1908,6613,6494,6092,3870,5501,6278,3513,2867,4786,2103,3877,3537,5696,3851,2550,7595,4251,2240,4928,6195,6435,1093,3775,3356,2092,3844,4199,6188,273,2337,2775,2574,2822,2661,2478,3746,6112,5886,5703,5799,5426,1199,4089
3069,6764,2753,4092,4601,3056,4155,258,3033,3907,3148,3394,5239,6644,2579,5910,3580,5703,4846,4220,2297,4489,5550,4733,3314,4028,4948,6841,2521,4000,1686,3944,4662,3416,2967,5317,4516,4302,5870,5512,4407,1908,6613,6494,6092,3870,5501,6278,3513,2867,4786,2103,3877,3537,5696,3851,2550,7595,4251,2240,4928,6195,6424,1095,3783,3339,2092,3865,4178,6199,273,2359,2753,2578,2822,2681,2500,3746,6126,5903,5703,5787,5414,1199,4121
3069,6779,2771,4092,4580,3056,4155,258,3011,3907,3148,3394,5239,6655,2593,5932,3562,5703,4846,4220,2297,4489,5550,4733,3314,4028,4948,6841,2521,4000,1686,3944,4662,3416,2967,5317,4516,4302,5870,5501,4407,1908,6628,6494,6092,3870,5501,6278,3530,2867,4764,2099,3870,3537,5696,3844,2536,7595,4234,2240,4928,6195,6435,1095,3775,3339,2092,3865,4199,6216,273,2359,2771,2574,2801,2681,2483,3760,6134,5886,5703,5766,5426,1199,4152
3069,6779,2771,4092,4580,3056,4155,258,3011,3907,3148,3394,5239,6655,2593,5932,3562,5703,4846,4220,2297,4474,5550,4750,3314,4049,4948,6841,2521,3977,1672,3944,4672,3409,2967,5309,4516,4293,5870,5501,4407,1908,6604,6471,6092,3877,5501,6278,3530,2867,4764,2099,3870,3537,5696,3844,2536,7595,4234,2240,4928,6195,6435,1095,3775,3339,2092,3865,4199,6216,273,2359,2771,2574,2801,2681,2483,3760,6134,5886,5703,5766,5426,1199,4157
3060,6764,2771,4092,4580,3056,4155,258,3011,3907,3148,3394,5239,6655,2593,5932,3562,5703,4846,4220,2297,4474,5550,4750,3314,4049,4948,6841,2521,3977,1672,3944,4672,3409,2967,5309,4516,4293,5870,5501,4407,1908,6604,6471,6092,3877,5501,6278,3513,2863,4764,2099,3870,3545,5696,3851,2532,7595,4234,2240,4938,6195,6435,1093,3752,3356,2092,3872,4178,6199,272,2359,2771,2574,2822,2661,2483,3755,6134,5886,5703,5766,5426,1199,4188
3060,6764,2753,4092,4591,3056,4155,258,3011,3907,3148,3394,5250,6683,2571,5910,3562,5722,4846,4220,2297,4468,5563,4758,3314,4057,4948,6841,2517,3977,1669,3951,4662,3388,2956,5280,4516,4285,5870,5501,4407,1908,6604,6471,6092,3877,5501,6278,3513,2863,4764,2099,3870,3545,5696,3851,2532,7595,4234,2240,4938,6195,6435,1093,3752,3356,2092,3872,4178,6199,272,2359,2771,2574,2822,2661,2483,3755,6134,5886,5703,5766,5426,1199,4206
3060,6779,2775,4092,4580,3062,4155,258,3011,3889,3129,3394,5239,6655,2586,5910,3562,5722,4846,4220,2297,4468,5563,4758,3314,4057,4948,6841,2517,3977,1669,3951,4662,3388,2956,5280,4516,4285,5870,5501,4407,1925,6580,6494,6092,3870,5501,6278,3530,2859,4764,2103,3877,3537,5717,3851,2546,7595,4251,2240,4928,6216,6435,1091,3775,3344,2092,3844,4199,6188,272,2337,2753,2574,2822,2681,2500,3750,6112,5896,5703,5787,5426,1218,4238
3060,6779,2775,4092,4580,3062,4155,258,3011,3889,3129,3394,5239,6655,2586,5910,3562,5722,4846,4220,2293,4454,5563,4750,3314,4028,4958,6824,2500,3977,1669,3925,4662,3409,2972,5272,4516,4285,5851,5501,4377,1908,6580,6471,6075,3888,5541,6278,3530,2859,4764,2103,3877,3537,5717,3851,2546,7595,4251,2240,4928,6216,6435,1091,3775,3344,2092,3844,4199,6188,272,2337,2753,2574,2822,2681,2500,3750,6112,5896,5703,5787,5426,1218,4259
3064,6779,2771,4092,4601,3029,4155,258,3011,3889,3129,3394,5239,6655,2586,5910,3562,5722,4846,4220,2293,4454,5563,4750,3314,4028,4958,6824,2500,3977,1669,3925,4662,3409,2972,5272,4516,4285,5851,5501,4377,1908,6580,6471,6075,3888,5541,6278,3530,2859,4764,2099,3870,3517,5717,3851,2532,7573,4234,2240,4928,6195,6435,1091,3797,3356,2092,3844,4178,6199,272,2342,2753,2574,2822,2655,2483,3741,6148,5886,5703,5766,5426,1199,4274
3064,6779,2771,4092,4601,3029,4155,258,3018,3907,3148,3415,5228,6672,2589,5923,3586,5732,4856,4220,2297,4474,5550,4733,3314,4028,4968,6841,2517,3977,1686,3925,4672,3402,2972,5272,4516,4285,5851,5501,4377,1908,6580,6471,6075,3888,5541,6278,3530,2859,4764,2099,3870,3517,5717,3851,2532,7573,4234,2240,4928,6195,6435,1091,3797,3356,2092,3844,4178,6199,272,2342,2753,2574,2822,2655,2483,3741,6148,5886,5703,5766,5426,1199,4290
3060,6764,2758,4092,4610,3049,4155,258,3011,3889,3148,3394,5196,6655,2589,5910,3562,5703,4846,4220,2314,4474,5550,4733,3314,4028,4968,6841,2517,3977,1686,3925,4672,3402,2967,5294,4516,4285,5881,5501,4398,1908,6604,6494,6103,3888,5573,6299,3530,2859,4764,2099,3870,3517,5696,3834,2528,7573,4234,2222,4928,6216,6435,1091,3775,3339,2074,3852,4190,6199,273,2359,2753,2574,2822,2661,2483,3735,6112,5886,5703,5766,5414,1199,4325
3060,6764,2758,4092,4610,3049,4155,258,3011,3889,3148,3394,5196,6655,2589,5910,3562,5703,4846,4220,2314,4474,5538,4741,3320,4049,4937,6824,2517,3977,1669,3925,4662,3409,2972,5294,4516,4285,5870,5501,4407,1908,6594,6486,6110,3870,5562,6265,3530,2863,4764,2099,3870,3537,5696,3834,2528,7573,4234,2222,4928,6216,6435,1091,3775,3339,2074,3852,4190,6199,273,2359,2753,2574,2822,2661,2483,3735,6112,5886,5703,5766,5414,1199,4335
3060,6764,2775,4092,4601,3056,4155,258,3011,3889,3148,3394,5228,6655,2589,5887,3568,5732,4846,4220,2314,4474,5550,4750,3296,4028,4958,6841,2514,3977,1669,3925,4662,3409,2972,5294,4516,4285,5870,5501,4407,1908,6594,6486,6110,3870,5562,6265,3530,2863,4764,2099,3870,3537,5696,3851,2532,7595,4234,2240,4938,6182,6435,1093,3775,3344,2074,3844,4199,6199,273,2342,2753,2574,2801,2661,2483,3741,6126,5896,5703,5766,5426,1216,4373
3055,6764,2810,4100,4610,3035,4155,258,3033,3896,3153,3394,5239,6672,2589,5887,3568,5732,4846,4220,2314,4474,5550,4750,3296,4028,4958,6841,2514,3977,1686,3925,4662,3409,2989,5258,4539,4293,5870,5521,4407,1912,6566,6509,6092,3888,5562,6278,3530,2855,4764,2099,3870,3545,5705,3857,2553,7573,4234,2240,4928,6216,6446,1090,3775,3339,2074,3865,4199,6209,272,2359,2775,2578,2822,2681,2483,3744,6112,5886,5703,5787,5437,1199,4405
3055,6764,2810,4100,4610,3035,4155,258,3033,3896,3153,3394,5239,6672,2582,5910,3586,5714,4826,4220,2314,4461,5528,4733,3314,4036,4968,6852,2510,3986,1669,3933,4662,3409,2972,5229,4527,4293,5881,5501,4386,1925,6566,6494,6120,3870,5573,6278,3530,2859,4774,2099,3877,3517,5717,3857,2539,7595,4258,2226,4938,6195,6446,1104,3775,3344,2092,3844,4190,6199,272,2342,2758,2574,2801,2681,2487,3744,6112,5886,5703,5787,5437,1199,4439
3074,6741,2862,4074,4580,3035,4162,258,3011,3913,3148,3401,5239,6666,2596,5910,3568,5703,4856,4220,2314,4461,5550,4741,3314,4036,4958,6824,2514,3977,1672,3951,4672,3402,2972,5229,4527,4293,5881,5501,4386,1925,6566,6494,6120,3870,5573,6278,3530,2859,4774,2099,3877,3517,5717,3857,2539,7595,4258,2226,4938,6195,6446,1104,3775,3344,2092,3844,4190,6199,272,2342,2758,2574,2801,2681,2487,3744,6134,5886,5685,5799,5446,1201,4461
3074,6741,2862,4074,4580,3035,4162,258,3011,3913,3148,3401,5239,6666,2596,5910,3568,5703,4856,4220,2314,4461,5550,4741,3314,4036,4958,6824,2514,3977,1672,3951,4672,3402,2978,5208,4516,4285,5870,5501,4407,1928,6580,6509,6103,3888,5562,6278,3530,2855,4741,2103,3870,3517,5717,3834,2543,7590,4258,2240,4938,6216,6446,1090,3761,3344,2074,3865,4199,6199,272,2342,2758,2574,2801,2681,2487,3744,6134,5886,5685,5799,5446,1201,4473
3060,6756,2862,4092,4601,3029,4138,258,3040,3913,3148,3401,5239,6666,2596,5910,3568,5703,4856,4220,2314,4461,5550,4741,3314,4036,4958,6824,2514,3977,1672,3951,4672,3402,2978,5208,4516,4285,5870,5501,4407,1928,6580,6509,6103,3888,5562,6278,3530,2855,4741,2103,3870,3517,5717,3834,2543,7590,4258,2240,4938,6216,6446,1090,3761,3344,2074,3865,4199,6199,272,2342,2758,2578,2822,2681,2483,3744,6148,5896,5695,5766,5446,1216,4489
3060,6756,2862,4092,4601,3029,4138,258,3040,3913,3148,3401,5228,6655,2586,5945,3586,5722,4826,4220,2318,4454,5540,4733,3320,4057,4968,6824,2517,4009,1672,3933,4692,3409,2978,5244,4504,4293,5870,5521,4407,1925,6580,6509,6103,3888,5562,6278,3530,2855,4741,2103,3870,3517,5717,3834,2543,7590,4258,2240,4938,6216,6446,1090,3761,3344,2074,3865,4199,6199,272,2342,2758,2578,2822,2681,2483,3744,6148,5896,5695,5766,5446,1216,4507
3060,6756,2862,4092,4601,3029,4138,258,3040,3913,3148,3401,5228,6655,2586,5945,3586,5722,4826,4220,2318,4454,5540,4733,3320,4057,4968,6824,2517,4009,1672,3933,4692,3409,2978,5244,4504,4293,5870,5521,4407,1925,6556,6486,6103,3888,5562,6244,3530,2859,4764,2099,3870,3524,5717,3851,2543,7590,4241,2240,4907,6216,6435,1077,3783,3344,2096,3844,4199,6199,258,2364,2753,2574,2801,2661,2487,3750,6126,5896,5714,5778,5426,1201,4524
3060,6756,2857,4055,4601,3056,4162,258,3033,3913,3148,3401,5259,6655,2586,5910,3562,5722,4836,4220,2314,4468,5540,4741,3320,4057,4968,6824,2517,4009,1672,3933,4692,3409,2978,5244,4504,4293,5870,5521,4407,1925,6556,6486,6103,3888,5562,6244,3530,2859,4764,2099,3870,3524,5717,3851,2543,7590,4241,2240,4907,6216,6435,1077,3783,3344,2096,3844,4199,6199,258,2364,2753,2574,2801,2661,2487,3750,6126,5896,5714,5778,5426,1201,4540
3060,6734,2879,4063,4610,3056,4162,258,3033,3913,3148,3401,5259,6655,2586,5910,3562,5722,4836,4220,2314,4468,5540,4741,3320,4057,4958,6824,2514,3986,1669,3933,4672,3409,2978,5258,4527,4310,5870,5512,4407,1912,6580,6486,6120,3888,5573,6265,3530,2859,4764,2103,3870,3524,5717,3840,2543,7590,4234,2226,4928,6216,6435,1091,3775,3362,2077,3852,4199,6209,272,2364,2758,2578,2827,2655,2487,3750,6171,5879,5703,5799,5446,1201,4574
3060,6734,2879,4063,4610,3056,4155,272,3040,3913,3148,3415,5239,6666,2586,5923,3568,5732,4856,4220,2314,4454,5540,4733,3296,4028,4979,6852,2514,3995,1672,3944,4692,3409,2972,5272,4537,4293,5881,5512,4416,1928,6580,6501,6120,3896,5594,6278,3530,2859,4752,2103,3877,3524,5696,3857,2543,7590,4258,2240,4938,6216,6463,1091,3783,3339,2074,3852,4190,6199,258,2342,2758,2578,2827,2655,2487,3750,6171,5879,5703,5799,5446,1201,4600
3060,6734,2874,4063,4610,3056,4162,258,3040,3913,3135,3401,5239,6672,2600,5923,3586,5714,4826,4220,2314,4454,5540,4733,3296,4028,4979,6852,2514,3995,1672,3944,4692,3409,2972,5272,4537,4293,5881,5512,4416,1928,6580,6501,6120,3896,5594,6278,3530,2859,4752,2103,3877,3524,5696,3857,2543,7590,4258,2240,4938,6216,6463,1091,3783,3339,2074,3852,4190,6199,258,2342,2758,2578,2801,2661,2487,3750,6171,5879,5714,5778,5446,1201,4628
3060,6734,2874,4063,4610,3056,4162,258,3040,3913,3135,3401,5239,6672,2600,5923,3586,5714,4826,4220,2314,4454,5540,4733,3314,4036,4948,6847,2517,3986,1672,3933,4662,3409,2978,5331,4504,4293,5881,5512,4386,1928,6613,6501,6120,3896,5594,6278,3553,2848,4752,2103,3877,3545,5684,3834,2546,7590,4258,2244,4938,6216,6452,1096,3761,3344,2074,3852,4190,6199,258,2342,2758,2578,2801,2661,2487,3750,6171,5879,5714,5778,5446,1201,4640
3054,6756,2862,4081,4610,3056,4152,259,3040,3913,3153,3401,5259,6694,2579,5923,3586,5722,4836,4229,2301,4446,5540,4741,3314,4036,4968,6864,2521,3995,1689,3951,4692,3409,2994,5345,4537,4293,5881,5512,4386,1928,6613,6501,6120,3896,5594,6278,3553,2848,4752,2103,3877,3545,5684,3834,2546,7590,4258,2244,4938,6216,6452,1096,3761,3344,2077,3852,4199,6209,273,2342,2758,2578,2827,2681,2466,3731,6171,5896,5685,5766,5426,1201,4674
3064,6734,2879,4081,4580,3035,4162,259,3018,3913,3153,3401,5239,6683,2593,5923,3568,5714,4836,4229,2301,4446,5540,4741,3314,4036,4968,6864,2521,3995,1689,3951,4692,3409,2994,5345,4537,4293,5881,5512,4386,1928,6618,6523,6103,3877,5594,6278,3553,2867,4785,2120,3877,3537,5717,3851,2550,7590,4241,2244,4938,6216,6457,1095,3806,3362,2077,3852,4199,6192,259,2342,2758,2578,2807,2655,2487,3741,6171,5879,5695,5778,5446,1199,4710
3064,6734,2879,4081,4580,3035,4162,259,3018,3913,3153,3401,5239,6683,2593,5923,3568,5714,4836,4220,2318,4438,5530,4758,3302,4057,4968,6841,2521,3963,1672,3925,4672,3388,2983,5360,4514,4293,5851,5512,4407,1928,6628,6463,6103,3896,5573,6257,3536,2853,4752,2103,3877,3524,5696,3857,2539,7612,4241,2244,4938,6216,6457,1095,3806,3362,2077,3852,4199,6192,259,2342,2758,2578,2807,2655,2487,3741,6171,5879,5695,5778,5446,1199,4726
3059,6741,2896,4100,4610,3035,4162,259,3040,3913,3153,3394,5239,6694,2608,5923,3586,5714,4856,4241,2322,4444,5540,4741,3327,4057,4968,6835,2521,3986,1689,3951,4672,3409,2983,5360,4514,4293,5851,5512,4407,1928,6628,6463,6103,3896,5573,6257,3536,2853,4752,2103,3877,3524,5696,3857,2539,7612,4258,2240,4928,6216,6463,1095,3806,3362,2096,3852,4178,6220,273,2364,2758,2574,2807,2681,2487,3731,6148,5896,5703,5778,5446,1199,4749
3059,6741,2896,4100,4610,3035,4162,259,3040,3913,3153,3394,5239,6694,2608,5923,3586,5714,4856,4241,2322,4444,5540,4741,3327,4057,4968,6835,2521,3986,1689,3951,4672,3409,2994,5374,4504,4293,5862,5512,4407,1915,6628,6486,6103,3903,5594,6278,3547,2853,4752,2103,3888,3545,5708,3857,2539,7590,4241,2244,4938,6229,6446,1095,3806,3362,2096,3872,4178,6209,274,2370,2775,2578,2807,2661,2483,3751,6171,5879,5685,5799,5446,1199,4774
3069,6734,2913,4100,4610,3056,4138,259,3040,3931,3153,3401,5259,6672,2597,5923,3575,5714,4856,4220,2318,4452,5518,4741,3320,4036,4968,6847,2525,3995,1675,3951,4672,3409,2994,5374,4527,4293,5881,5512,4407,1912,6637,6486,6103,3914,5594,6278,3553,2867,4752,2103,3888,3545,5708,3857,2539,7590,4241,2244,4938,6229,6446,1095,3806,3362,2096,3872,4178,6209,274,2370,2775,2578,2807,2661,2483,3751,6171,5879,5685,5799,5426,1201,4807
3069,6734,2913,4100,4610,3056,4138,259,3040,3931,3153,3401,5259,6672,2597,5923,3575,5714,4856,4220,2318,4452,5518,4741,3320,4036,4968,6847,2525,3995,1675,3951,4672,3409,2994,5374,4527,4293,5881,5512,4407,1912,6637,6486,6103,3914,5594,6278,3553,2867,4774,2103,3877,3524,5717,3840,2536,7590,4258,2244,4938,6195,6463,1095,3806,3362,2077,3872,4178,6209,273,2342,2758,2578,2827,2655,2487,3746,6171,5889,5695,5778,5426,1201,4824
3069,6734,2918,4100,4610,3056,4155,244,3018,3920,3153,3422,5239,6677,2593,5923,3586,5714,4826,4220,2318,4452,5540,4741,3320,4036,4968,6852,2521,4009,1675,3951,4672,3409,2994,5374,4527,4293,5881,5512,4407,1912,6637,6486,6103,3914,5594,6278,3553,2867,4774,2103,3877,3524,5717,3840,2536,7590,4258,2244,4938,6195,6463,1095,3806,3362,2077,3872,4178,6209,273,2342,2758,2578,2827,2655,2487,3746,6171,5889,5695,5778,5446,1201,4831
3069,6734,2918,4100,4610,3056,4155,244,3018,3920,3153,3422,5239,6677,2593,5923,3586,5714,4826,4220,2318,4452,5540,4741,3320,4036,4968,6852,2521,4009,1672,3933,4692,3409,2978,5360,4527,4293,5881,5532,4416,1915,6628,6486,6103,3896,5594,6278,3553,2853,4762,2103,3877,3545,5717,3857,2536,7590,4258,2222,4938,6216,6446,1095,3828,3362,2096,3872,4199,6209,273,2342,2758,2578,2827,2661,2487,3751,6171,5889,5695,5778,5446,1201,4861
3069,6734,2913,4100,4590,3056,4162,259,3018,3913,3159,3401,5239,6672,2575,5878,3568,5714,4826,4220,2318,4438,5518,4741,3320,4057,4968,6852,2539,3986,1672,3940,4672,3409,2994,5382,4527,4293,5881,5553,4419,1928,6628,6501,6120,3914,5594,6278,3553,2853,4762,2103,3877,3545,5717,3857,2536,7590,4258,2222,4938,6216,6446,1095,3828,3362,2096,3872,4199,6209,273,2342,2758,2578,2827,2661,2487,3751,6171,5879,5695,5811,5426,1201,4889
3069,6734,2913,4100,4590,3056,4162,259,3018,3913,3159,3401,5239,6672,2575,5878,3568,5714,4826,4220,2318,4438,5518,4741,3320,4057,4968,6852,2539,3986,1672,3940,4672,3409,2994,5382,4527,4293,5881,5553,4419,1928,6628,6501,6120,3914,5614,6278,3553,2853,4785,2103,3877,3545,5729,3864,2550,7607,4258,2226,4938,6250,6457,1109,3828,3379,2096,3872,4208,6220,273,2342,2775,2578,2827,2681,2487,3751,6171,5879,5695,5811,5426,1201,4907
3069,6734,2901,4081,4580,3076,4162,259,3040,3913,3153,3401,5239,6672,2593,5923,3586,5714,4826,4220,2301,4438,5518,4741,3320,4049,4968,6852,2521,3995,1672,3940,4672,3409,2994,5382,4527,4293,5881,5553,4419,1928,6628,6501,6120,3914,5614,6278,3553,2853,4785,2103,3877,3545,5729,3864,2550,7607,4258,2226,4938,6250,6457,1109,3828,3379,2096,3872,4208,6220,273,2342,2775,2578,2827,2681,2487,3751,6171,5879,5703,5799,5437,1201,4923
3069,6734,2901,4081,4580,3076,4162,259,3040,3913,3153,3401,5239,6672,2593,5923,3586,5714,4826,4220,2301,4438,5518,4741,3320,4049,4968,6852,2521,3995,1672,3925,4672,3409,2978,5374,4504,4293,5862,5501,4407,1912,6637,6501,6120,3914,5594,6291,3553,2853,4785,2120,3877,3537,5696,3857,2536,7590,4258,2226,4938,6250,6457,1109,3828,3379,2096,3872,4208,6220,273,2342,2775,2578,2827,2681,2487,3751,6171,5879,5703,5799,5437,1201,4940
3069,6749,2896,4074,4590,3056,4162,259,3040,3931,3135,3394,5239,6683,2593,5923,3592,5714,4856,4211,2301,4444,5518,4741,3320,4057,4968,6852,2525,3986,1672,3951,4672,3409,2994,5382,4504,4293,5862,5501,4407,1912,6637,6501,6120,3914,5594,6291,3553,2853,4785,2120,3877,3537,5696,3857,2536,7590,4241,2226,4938,6216,6463,1096,3814,3362,2092,3852,4199,6209,273,2370,2763,2578,2807,2661,2487,3737,6171,5879,5706,5799,5426,1218,4971
3073,6734,2913,4081,4590,3062,4162,259,3018,3913,3153,3401,5228,6694,2611,5936,3568,5732,4856,4211,2301,4444,5518,4741,3320,4057,4968,6852,2525,3986,1672,3951,4672,3409,2994,5382,4504,4293,5870,5512,4386,1928,6637,6486,6103,3914,5594,6278,3553,2853,4762,2120,3877,3545,5696,3857,2536,7590,4241,2244,4938,6216,6446,1095,3828,3362,2096,3852,4199,6199,273,2342,2758,2578,2827,2681,2491,3746,6171,5896,5695,5799,5435,1201,4997
3073,6734,2913,4081,4590,3062,4162,259,3018,3913,3153,3401,5228,6694,2611,5936,3568,5732,4826,4241,2301,4438,5553,4766,3320,4057,4968,6864,2525,3995,1672,3951,4672,3416,2994,5374,4504,4293,5862,5532,4407,1928,6652,6486,6120,3914,5614,6265,3553,2842,4752,2103,3870,3545,5717,3847,2536,7590,4241,2244,4938,6216,6446,1095,3828,3362,2096,3852,4199,6199,273,2342,2758,2578,2827,2681,2491,3746,6171,5896,5695,5799,5435,1201,5022
3073,6749,2913,4081,4580,3056,4169,259,3040,3913,3153,3401,5259,6694,2597,5936,3568,5722,4836,4199,2318,4438,5540,4741,3302,4057,4968,6852,2521,3986,1672,3944,4672,3409,2978,5382,4527,4293,5862,5512,4416,1932,6652,6486,6120,3914,5614,6265,3553,2842,4752,2103,3870,3545,5717,3847,2536,7590,4241,2244,4928,6216,6474,1080,3806,3362,2074,3852,4199,6192,273,2370,2758,2597,2827,2676,2487,3731,6185,5879,5685,5778,5446,1201,5057
3069,6734,2931,4081,4590,3056,4145,259,3018,3931,3153,3422,5239,6683,2593,5923,3586,5714,4836,4220,2318,4452,5540,4741,3302,4057,4968,6852,2521,3986,1672,3944,4672,3409,2978,5382,4527,4293,5862,5512,4416,1932,6642,6486,6120,3888,5614,6278,3559,2853,4752,2107,3870,3537,5696,3840,2536,7590,4241,2240,4938,6216,6463,1095,3806,3379,2077,3852,4199,6199,258,2319,2758,2578,2807,2661,2487,3731,6193,5889,5685,5778,5426,1220,5090
3069,6734,2931,4081,4590,3056,4145,259,3018,3931,3153,3422,5239,6683,2593,5923,3586,5714,4836,4220,2318,4452,5540,4741,3302,4057,4948,6852,2521,3995,1672,3933,4672,3409,2989,5374,4504,4293,5881,5553,4407,1928,6628,6486,6120,3914,5594,6291,3536,2857,4762,2103,3877,3545,5696,3864,2521,7607,4241,2244,4938,6216,6463,1095,3806,3362,2096,3852,4199,6209,273,2342,2758,2578,2807,2661,2487,3751,6193,5889,5685,5799,5426,1203,5121
3069,6734,2913,4081,4590,3056,4162,259,3040,3920,3153,3401,5239,6683,2593,5923,3568,5714,4836,4229,2335,4452,5553,4766,3320,4057,4968,6852,2521,3986,1672,3951,4692,3409,2994,5374,4527,4293,5881,5512,4407,1928,6628,6501,6131,3914,5614,6278,3553,2857,4752,2107,3870,3545,5717,3840,2521,7612,4241,2244,4938,6216,6491,1096,3814,3385,2096,3872,4199,6220,273,2342,2758,2578,2807,2661,2487,3751,6193,5889,5685,5799,5426,1203,5155
3073,6749,2913,4081,4580,3076,4162,259,3040,3913,3153,3401,5250,6694,2593,5900,3586,5714,4836,4220,2335,4452,5540,4741,3327,4057,4968,6835,2521,3972,1672,3951,4692,3409,3000,5389,4527,4293,5881,5573,4428,1932,6652,6523,6103,3914,5614,6291,3559,2857,4752,2107,3870,3545,5717,3840,2521,7612,4241,2244,4938,6216,6491,1096,3814,3385,2096,3872,4199,6220,273,2364,2758,2578,2827,2661,2491,3731,6171,5879,5695,5799,5446,1201,5190
3073,6749,2913,4081,4580,3076,4162,259,3040,3913,3153,3401,5250,6694,2593,5900,3586,5714,4836,4220,2335,4452,5540,4741,3327,4057,4968,6835,2521,3972,1672,3951,4692,3409,3000,5389,4527,4293,5881,5573,4428,1932,6652,6523,6103,3914,5614,6291,3559,2857,4752,2103,3896,3545,5696,3864,2525,7590,4258,2244,4938,6229,6474,1095,3814,3367,2077,3865,4208,6220,273,2342,2758,2578,2827,2687,2487,3737,6171,5889,5695,5778,5437,1201,5206
3073,6749,2913,4074,4569,3062,4162,259,3024,3920,3153,3401,5239,6683,2593,5923,3586,5714,4836,4229,2335,4444,5540,4741,3320,4057,4968,6852,2525,3986,1672,3951,4672,3409,3000,5389,4527,4293,5881,5573,4428,1932,6652,6523,6103,3914,5614,6291,3559,2857,4752,2103,3896,3545,5696,3864,2525,7590,4258,2244,4938,6229,6474,1095,3814,3367,2077,3865,4208,6220,273,2342,2758,2578,2827,2687,2487,3737,6171,5889,5695,5778,5437,1201,5223
3073,6749,2913,4074,4569,3062,4162,259,3024,3920,3153,3401,5239,6683,2593,5923,3586,5714,4836,4229,2335,4444,5540,4741,3320,4057,4968,6852,2525,3986,1672,3951,4672,3409,2994,5396,4527,4310,5881,5562,4407,1932,6642,6501,6131,3914,5614,6278,3559,2853,4774,2107,3877,3545,5729,3864,2539,7607,4258,2249,4959,6250,6491,1082,3828,3367,2077,3865,4208,6220,273,2342,2758,2578,2827,2687,2487,3737,6171,5889,5695,5778,5437,1201,5239
3073,6734,2918,4081,4590,3083,4169,259,3018,3913,3153,3422,5250,6694,2593,5936,3568,5714,4836,4220,2335,4444,5540,4741,3314,4036,4948,6824,2525,3995,1672,3933,4662,3381,3000,5403,4504,4293,5881,5521,4407,1912,6652,6486,6113,3896,5614,6278,3559,2853,4774,2107,3877,3545,5729,3864,2539,7607,4258,2249,4959,6250,6491,1082,3828,3367,2077,3852,4208,6203,273,2347,2780,2578,2807,2687,2487,3742,6207,5889,5724,5799,5458,1201,5272
3073,6734,2918,4081,4590,3083,4169,259,3018,3913,3153,3422,5250,6694,2593,5936,3568,5714,4836,4220,2335,4444,5540,4741,3314,4036,4948,6824,2525,3995,1672,3933,4662,3381,3000,5403,4504,4293,5881,5521,4407,1912,6652,6486,6113,3896,5582,6278,3553,2838,4752,2086,3877,3517,5696,3847,2525,7629,4241,2244,4928,6216,6474,1096,3814,3367,2096,3872,4208,6220,274,2370,2758,2578,2822,2681,2491,3722,6207,5889,5724,5799,5458,1201,5287
3069,6749,2936,4074,4590,3056,4152,259,3024,3913,3153,3401,5239,6711,2593,5936,3586,5703,4836,4229,2351,4444,5540,4741,3314,4057,4948,6835,2525,3986,1672,3933,4662,3381,3000,5403,4504,4293,5881,5521,4407,1912,6652,6486,6113,3896,5582,6278,3553,2838,4752,2086,3877,3517,5696,3847,2525,7629,4241,2244,4928,6216,6474,1096,3814,3367,2096,3872,4208,6220,274,2370,2758,2578,2822,2681,2491,3722,6171,5879,5695,5778,5458,1201,5306
3069,6749,2936,4074,4590,3056,4152,259,3024,3913,3153,3401,5239,6711,2593,5936,3586,5703,4836,4229,2351,4444,5540,4741,3314,4057,4948,6835,2525,3986,1672,3933,4683,3409,2983,5411,4537,4293,5881,5573,4437,1932,6652,6501,6103,3914,5594,6270,3553,2861,4752,2103,3877,3545,5708,3857,2543,7590,4241,2244,4938,6229,6474,1096,3814,3367,2096,3872,4208,6220,274,2370,2758,2578,2822,2681,2491,3722,6171,5879,5695,5778,5458,1201,5323
3073,6749,2913,4081,4569,3083,4162,260,3024,3920,3153,3401,5250,6694,2597,5923,3568,5714,4856,4229,2355,4444,5518,4741,3320,4057,4968,6864,2525,3995,1675,3944,4672,3416,2994,5419,4527,4300,5881,5553,4416,1928,6652,6501,6103,3914,5594,6270,3553,2861,4752,2103,3877,3545,5708,3857,2543,7590,4241,2244,4938,6229,6480,1083,3828,3362,2096,3872,4199,6192,274,2319,2763,2578,2827,2687,2487,3737,6207,5879,5685,5778,5437,1201,5355
3059,6734,2918,4081,4590,3083,4152,260,3047,3913,3148,3422,5250,6694,2601,5923,3592,5732,4836,4229,2368,4450,5518,4741,3320,4057,4968,6864,2525,3995,1675,3944,4672,3416,2994,5419,4527,4300,5881,5553,4416,1928,6642,6486,6103,3914,5582,6270,3559,2875,4752,2103,3877,3545,5717,3864,2539,7590,4265,2244,4928,6229,6474,1098,3837,3362,2096,3852,4208,6203,274,2364,2758,2578,2801,2661,2470,3722,6171,5879,5685,5778,5426,1201,5389
3078,6734,2936,4081,4580,3083,4152,260,3047,3913,3148,3422,5250,6694,2601,5923,3592,5732,4836,4229,2368,4450,5540,4741,3320,4028,4948,6852,2510,3986,1675,3933,4683,3409,3000,5411,4504,4300,5881,5553,4407,1928,6652,6486,6131,3914,5594,6257,3559,2857,4752,2103,3877,3545,5708,3840,2539,7607,4241,2244,4928,6216,6463,1082,3806,3367,2077,3844,4199,6192,274,2347,2763,2578,2827,2687,2491,3728,6185,5896,5695,5799,5437,1201,5423
3078,6734,2936,4081,4580,3083,4162,260,3040,3913,3135,3422,5250,6694,2601,5936,3592,5732,4856,4250,2372,4436,5540,4758,3302,4057,4979,6847,2525,3986,1672,3944,4662,3409,2978,5411,4504,4293,5881,5573,4416,1949,6661,6486,6103,3914,5614,6270,3559,2857,4785,2107,3877,3524,5708,3847,2543,7607,4248,2244,4938,6250,6491,1098,3860,3385,2077,3844,4208,6209,274,2347,2763,2578,2827,2687,2491,3728,6185,5896,5695,5799,5437,1201,5455
3073,6749,2931,4063,4590,3062,4169,260,3040,3913,3129,3401,5239,6694,2601,5936,3592,5714,4846,4229,2372,4436,5518,4749,3320,4057,4958,6835,2528,3986,1675,3951,4672,3416,2978,5419,4504,4293,5870,5573,4416,1932,6661,6486,6131,3933,5614,6291,3559,2842,4752,2103,3896,3545,5708,3864,2554,7607,4248,2244,4938,6250,6491,1098,3860,3385,2077,3844,4208,6209,274,2347,2763,2578,2801,2687,2491,3742,6171,5889,5695,5766,5437,1203,5488
3078,6734,2931,4063,4590,3062,4169,260,3040,3913,3129,3401,5239,6694,2601,5936,3592,5714,4846,4229,2372,4436,5518,4749,3320,4057,4958,6835,2528,3986,1675,3951,4672,3416,2978,5419,4504,4293,5870,5573,4416,1932,6661,6486,6131,3933,5614,6291,3559,2842,4752,2103,3896,3545,5708,3864,2554,7607,4241,2244,4938,6229,6463,1083,3837,3362,2092,3872,4178,6203,274,2342,2758,2578,2827,2681,2474,3722,6185,5879,5685,5799,5437,1203,5506
3078,6734,2936,4081,4590,3076,4152,260,3024,3920,3148,3401,5239,6666,2586,5923,3575,5732,4856,4229,2385,4450,5540,4749,3296,4057,4979,6852,2514,3986,1672,3933,4672,3409,3000,5419,4514,4300,5881,5512,4386,1932,6652,6501,6131,3925,5614,6291,3570,2857,4752,2107,3877,3545,5708,3857,2539,7567,4241,2222,4959,6237,6474,1096,3828,3385,2077,3852,4208,6192,274,2342,2758,2578,2827,2681,2474,3722,6185,5879,5685,5799,5437,1203,5539
3063,6734,2931,4063,4590,3062,4169,260,3040,3920,3129,3401,5239,6694,2601,5923,3575,5732,4856,4220,2385,4444,5518,4741,3314,4057,4979,6835,2525,3995,1672,3933,4672,3409,3000,5411,4514,4300,5881,5532,4395,1932,6652,6486,6113,3925,5614,6270,3547,2846,4774,2103,3870,3524,5708,3857,2539,7567,4241,2222,4959,6237,6474,1096,3828,3385,2077,3852,4208,6192,260,2347,2758,2578,2801,2661,2470,3728,6185,5879,5714,5799,5426,1184,5573
3063,6749,2931,4063,4590,3062,4169,260,3040,3920,3129,3401,5239,6694,2601,5923,3575,5732,4856,4220,2385,4444,5518,4741,3314,4057,4979,6835,2525,3995,1672,3933,4672,3409,3000,5411,4514,4300,5881,5532,4395,1932,6652,6486,6113,3925,5614,6270,3547,2846,4774,2103,3870,3524,5708,3847,2539,7590,4241,2244,4938,6229,6474,1098,3806,3367,2092,3872,4199,6203,274,2342,2758,2574,2807,2681,2491,3728,6185,5879,5685,5799,5426,1186,5589
3063,6749,2948,4063,4580,3076,4145,260,3047,3920,3135,3401,5270,6706,2615,5936,3592,5703,4846,4258,2423,4450,5530,4741,3320,4057,4958,6847,2510,3963,1672,3944,4662,3381,3000,5411,4514,4300,5881,5532,4395,1932,6652,6486,6113,3925,5614,6270,3547,2846,4774,2103,3870,3524,5708,3847,2539,7590,4241,2244,4938,6229,6474,1098,3806,3367,2092,3872,4199,6203,274,2342,2758,2574,2807,2681,2491,3728,6185,5879,5685,5799,5426,1186,5605
3078,6734,2953,4063,4569,3062,4152,260,3047,3920,3148,3422,5250,6694,2615,5936,3568,5732,4846,4258,2423,4450,5530,4741,3320,4057,4958,6847,2510,3963,1672,3944,4662,3381,2978,5411,4504,4293,5870,5512,4416,1932,6652,6501,6141,3914,5614,6257,3559,2861,4752,2103,3870,3545,5717,3847,2539,7567,4248,2244,4928,6229,6491,1082,3837,3379,2096,3872,4208,6220,274,2347,2763,2578,2807,2687,2491,3728,6185,5896,5695,5799,5426,1203,5639
3078,6734,2953,4063,4569,3062,4152,260,3047,3920,3148,3422,5250,6694,2615,5936,3568,5732,4846,4220,2406,4444,5540,4741,3320,4057,4979,6847,2528,3986,1675,3951,4672,3409,2983,5425,4537,4300,5881,5532,4425,1932,6661,6486,6131,3914,5614,6270,3559,2861,4752,2103,3870,3545,5717,3847,2539,7567,4248,2244,4928,6229,6491,1082,3837,3379,2096,3872,4208,6220,274,2347,2763,2578,2807,2687,2491,3728,6185,5896,5695,5799,5426,1203,5656
3078,6734,2953,4063,4590,3083,4169,260,3047,3920,3153,3401,5250,6694,2601,5936,3598,5732,4887,4250,2440,4450,5530,4749,3320,4057,4958,6847,2528,3995,1675,3951,4672,3416,2983,5425,4537,4300,5881,5532,4425,1932,6661,6486,6131,3914,5614,6270,3559,2861,4752,2107,3884,3545,5729,3847,2557,7607,4248,2263,4938,6250,6491,1096,3837,3367,2096,3872,4208,6220,274,2347,2768,2578,2827,2687,2491,3742,6185,5889,5695,5778,5458,1186,5690
3078,6749,2953,4074,4590,3076,4152,260,3040,3913,3135,3401,5270,6666,2601,5936,3598,5732,4887,4250,2440,4450,5530,4749,3320,4057,4958,6847,2528,3995,1675,3951,4672,3416,2978,5419,4514,4300,5881,5553,4416,1932,6661,6486,6131,3933,5614,6270,3576,2861,4752,2107,3896,3545,5708,3864,2554,7607,4248,2244,4938,6250,6491,1098,3814,3385,2096,3852,4208,6220,274,2347,2763,2578,2827,2666,2491,3742,6185,5879,5695,5799,5458,1203,5722
3078,6749,2953,4074,4590,3076,4152,260,3040,3913,3135,3401,5270,6666,2601,5914,3592,5743,4877,4250,2440,4430,5553,4749,3314,4036,4979,6847,2525,3995,1678,3951,4692,3437,3000,5419,4514,4300,5881,5553,4425,1949,6661,6501,6131,3940,5614,6291,3559,2861,4774,2107,3884,3545,5696,3847,2557,7567,4256,2244,4938,6229,6491,1083,3814,3373,2092,3872,4187,6203,274,2370,2763,2578,2827,2687,2495,3733,6185,5879,5695,5799,5458,1203,5756
3063,6749,2970,4063,4590,3083,4152,260,3047,3920,3153,3422,5270,6706,2601,5936,3592,5743,4877,4229,2440,4436,5553,4749,3320,4036,4948,6847,2528,3986,1678,3951,4692,3437,3000,5419,4514,4300,5881,5553,4425,1949,6661,6501,6131,3940,5614,6291,3559,2861,4774,2107,3884,3545,5696,3847,2557,7567,4256,2244,4938,6229,6491,1083,3814,3373,2092,3872,4187,6203,274,2370,2763,2578,2827,2687,2495,3733,6185,5899,5695,5799,5426,1203,5774
3063,6726,2993,4063,4590,3083,4152,274,3047,3920,3153,3422,5270,6706,2601,5936,3592,5743,4877,4229,2440,4436,5553,4749,3320,4036,4948,6847,2528,3986,1675,3951,4692,3409,3000,5425,4527,4307,5881,5512,4416,1932,6661,6501,6141,3933,5614,6270,3576,2861,4785,2110,3896,3545,5729,3864,2557,7607,4248,2244,4938,6229,6491,1098,3837,3367,2096,3872,4199,6203,274,2347,2768,2578,2827,2661,2491,3728,6185,5899,5695,5799,5437,1203,5807
3063,6726,2993,4063,4590,3083,4152,274,3047,3920,3153,3422,5270,6694,2601,5936,3575,5732,4877,4250,2457,4450,5553,4749,3320,4057,4979,6847,2528,3986,1675,3951,4672,3444,3000,5419,4514,4300,5881,5512,4416,1949,6661,6501,6131,3921,5614,6270,3576,2861,4762,2107,3896,3545,5729,3864,2557,7607,4256,2244,4938,6195,6508,1083,3837,3367,2096,3872,4187,6220,274,2347,2768,2578,2827,2687,2491,3742,6185,5899,5695,5799,5437,1203,5836
3063,6711,2987,4055,4590,3104,4169,260,3047,3927,3159,3401,5270,6694,2601,5936,3598,5751,4866,4229,2461,4436,5553,4757,3320,4036,4958,6859,2528,3986,1678,3959,4692,3416,3000,5433,4514,4307,5881,5512,4416,1949,6661,6501,6131,3921,5614,6270,3576,2861,4762,2107,3896,3545,5729,3864,2557,7607,4256,2244,4938,6195,6508,1083,3837,3367,2096,3872,4187,6220,274,2347,2768,2578,2827,2687,2491,3742,6171,5899,5706,5811,5458,1205,5860
3063,6734,2987,4063,4590,3083,4152,260,3047,3927,3159,3401,5270,6694,2601,5936,3598,5751,4866,4229,2461,4436,5553,4757,3320,4036,4958,6859,2528,3986,1678,3959,4692,3416,3000,5433,4514,4307,5881,5532,4416,1932,6661,6501,6141,3914,5614,6291,3576,2861,4796,2128,3896,3545,5708,3864,2554,7590,4256,2244,4938,6250,6508,1098,3860,3391,2096,3872,4187,6220,274,2370,2768,2578,2827,2687,2491,3728,6185,5899,5695,5799,5437,1186,5889
3063,6734,2987,4063,4590,3083,4152,260,3047,3927,3153,3422,5250,6677,2597,5936,3575,5732,4856,4241,2474,4436,5553,4749,3320,4057,4958,6830,2528,3995,1678,3951,4692,3437,3000,5419,4537,4307,5881,5512,4416,1949,6661,6501,6141,3921,5614,6291,3559,2875,4762,2128,3896,3545,5708,3847,2543,7607,4273,2249,4938,6250,6491,1099,3837,3373,2096,3872,4187,6203,274,2342,2768,2578,2827,2687,2491,3728,6185,5899,5695,5799,5437,1186,5922
3063,6726,3005,4063,4599,3104,4152,260,3047,3920,3135,3422,5250,6706,2601,5936,3575,5732,4856,4229,2478,4450,5553,4757,3327,4057,4989,6876,2528,3995,1695,3951,4692,3437,3005,5419,4537,4293,5881,5532,4395,1952,6676,6486,6131,3914,5614,6291,3559,2861,4785,2128,3877,3545,5708,3847,2557,7590,4256,2249,4938,6229,6519,1098,3837,3373,2096,3872,4187,6203,274,2342,2768,2578,2807,2687,2491,3728,6171,5899,5706,5799,5437,1205,5958
3063,6726,2993,4063,4590,3104,4159,260,3047,3920,3135,3422,5250,6706,2601,5936,3575,5732,4856,4229,2478,4450,5553,4757,3327,4057,4989,6876,2528,3995,1695,3951,4692,3437,3005,5419,4537,4293,5881,5532,4395,1952,6676,6486,6131,3914,5614,6291,3559,2861,4785,2128,3877,3545,5708,3847,2557,7590,4256,2249,4938,6229,6519,1098,3837,3373,2096,3872,4208,6220,274,2347,2780,2583,2807,2687,2491,3728,6185,5916,5695,5811,5437,1222,5974
3063,6726,2993,4063,4590,3104,4159,260,3047,3920,3135,3422,5250,6706,2601,5936,3598,5732,4856,4258,2474,4450,5553,4757,3320,4057,4979,6859,2528,3986,1695,3951,4692,3437,3000,5433,4537,4307,5881,5523,4416,1949,6676,6515,6141,3914,5614,6270,3576,2875,4752,2107,3896,3545,5708,3864,2557,7607,4256,2244,4938,6229,6491,1099,3837,3367,2096,3872,4208,6230,274,2342,2768,2578,2807,2687,2491,3728,6185,5916,5695,5811,5437,1222,6006
3063,6711,3005,4044,4590,3083,4152,260,3047,3927,3135,3401,5281,6706,2604,5936,3598,5732,4877,4250,2491,4442,5553,4757,3320,4057,4979,6859,2528,3986,1695,3951,4692,3437,3000,5433,4537,4307,5881,5523,4416,1949,6676,6515,6141,3914,5614,6270,3576,2875,4752,2107,3896,3545,5708,3864,2557,7607,4256,2244,4938,6229,6491,1099,3837,3367,2096,3872,4208,6230,274,2342,2768,2578,2827,2672,2495,3742,6185,5899,5695,5799,5437,1203,6023
3078,6749,3005,4044,4590,3083,4152,260,3047,3927,3135,3401,5281,6706,2604,5936,3598,5732,4877,4250,2491,4442,5540,4749,3314,4036,4958,6847,2528,3986,1678,3951,4692,3437,3000,5433,4537,4307,5881,5544,4416,1949,6661,6501,6131,3914,5614,6270,3565,2861,4785,2124,3896,3545,5729,3870,2543,7607,4256,2240,4938,6229,6519,1098,3806,3373,2096,3872,4196,6213,274,2342,2763,2578,2827,2687,2495,3748,6171,5899,5695,5799,5437,1203,6054
3078,6749,2987,4063,4590,3089,4152,260,3047,3944,3159,3422,5250,6689,2615,5923,3581,5732,4856,4229,2495,4436,5530,4757,3320,4057,4958,6859,2528,3995,1678,3951,4692,3416,3000,5433,4537,4307,5881,5544,4416,1949,6661,6501,6131,3914,5614,6270,3565,2861,4785,2124,3896,3545,5729,3870,2543,7607,4256,2240,4938,6229,6519,1098,3806,3373,2096,3872,4196,6213,274,2342,2763,2578,2827,2687,2495,3748,6171,5899,5695,5799,5437,1203,6073
3068,6726,2987,4055,4569,3104,4159,260,3040,3927,3135,3401,5270,6706,2601,5923,3581,5732,4856,4229,2495,4436,5530,4757,3320,4057,4958,6859,2528,3995,1678,3951,4692,3416,3005,5433,4527,4307,5881,5512,4425,1952,6676,6501,6131,3933,5614,6270,3576,2861,4762,2110,3896,3545,5729,3870,2557,7590,4256,2222,4938,6229,6519,1098,3837,3373,2100,3872,4196,6230,274,2342,2750,2574,2813,2672,2495,3728,6185,5916,5695,5799,5437,1205,6106
3068,6726,2987,4055,4569,3104,4159,260,3040,3927,3135,3401,5270,6706,2601,5923,3581,5732,4856,4258,2491,4436,5518,4749,3314,4057,4958,6859,2528,3995,1678,3951,4692,3444,3005,5419,4514,4300,5870,5532,4395,1932,6676,6501,6131,3925,5614,6283,3559,2861,4762,2110,3896,3545,5729,3870,2557,7590,4256,2222,4938,6229,6519,1098,3837,3373,2100,3872,4196,6230,274,2342,2750,2574,2813,2672,2495,3728,6185,5916,5695,5799,5437,1205,6123
3068,6726,2987,4055,4569,3104,4159,260,3040,3927,3135,3401,5270,6706,2601,5923,3581,5732,4856,4258,2491,4436,5518,4749,3314,4057,4958,6859,2528,3995,1678,3951,4692,3444,3005,5419,4514,4300,5870,5532,4395,1932,6676,6501,6131,3925,5614,6283,3559,2861,4774,2107,3888,3545,5708,3847,2543,7590,4238,2240,4938,6229,6519,1098,3828,3367,2092,3852,4208,6203,274,2347,2768,2578,2807,2666,2478,3728,6171,5899,5695,5811,5437,1205,6139
3078,6749,2987,4018,4569,3125,4152,260,3040,3927,3129,3422,5250,6694,2601,5923,3598,5732,4856,4220,2474,4436,5540,4732,3314,4028,4948,6830,2514,3995,1675,3944,4692,3437,3005,5419,4514,4300,5870,5532,4395,1932,6676,6501,6131,3925,5614,6283,3559,2861,4774,2107,3888,3545,5708,3847,2543,7590,4238,2240,4938,6229,6519,1098,3828,3367,2092,3852,4208,6203,274,2347,2768,2578,2807,2666,2478,3728,6171,5899,5695,5811,5437,1205,6156
3078,6749,2987,4018,4569,3125,4152,260,3040,3927,3129,3422,5250,6694,2601,5923,3598,5732,4856,4220,2474,4436,5540,4732,3314,4028,4948,6830,2514,3995,1675,3944,4692,3437,3000,5433,4527,4307,5870,5532,4395,1932,6671,6486,6131,3925,5614,6270,3565,2861,4774,2110,3896,3545,5687,3847,2557,7590,4238,2240,4938,6229,6508,1083,3837,3373,2092,3852,4208,6203,274,2347,2768,2578,2807,2666,2478,3728,6171,5899,5695,5811,5437,1205,6174
3078,6711,2993,4018,4569,3104,4159,260,3047,3927,3129,3401,5250,6677,2601,5923,3592,5722,4856,4229,2495,4450,5530,4757,3314,4057,4958,6847,2528,3995,1678,3944,4672,3437,3005,5419,4527,4300,5870,5512,4395,1935,6661,6486,6124,3907,5614,6270,3565,2861,4774,2110,3896,3545,5687,3847,2557,7590,4238,2240,4938,6229,6508,1083,3837,3373,2092,3872,4187,6213,274,2319,2763,2574,2827,2687,2478,3728,6185,5899,5714,5799,5437,1205,6210
3078,6711,3010,4025,4569,3125,4159,260,3047,3927,3129,3401,5250,6677,2601,5923,3592,5722,4856,4229,2495,4450,5530,4757,3314,4057,4958,6847,2528,3995,1678,3944,4672,3437,3005,5419,4527,4300,5870,5512,4395,1935,6661,6486,6124,3907,5614,6270,3565,2861,4752,2107,3888,3545,5708,3853,2557,7607,4256,2244,4938,6229,6508,1085,3828,3373,2092,3872,4208,6213,274,2347,2768,2574,2807,2693,2495,3728,6185,5899,5685,5799,5437,1203,6224
3054,6726,3044,4025,4569,3125,4159,259,3024,3927,3129,3401,5229,6689,2608,5936,3564,5711,4856,4237,2529,4438,5518,4757,3314,4036,4968,6847,2521,3995,1678,3944,4692,3416,3005,5345,4527,4307,5881,5512,4416,1935,6628,6501,6152,3944,5646,6270,3565,2853,4785,2131,3888,3545,5708,3853,2550,7590,4256,2240,4938,6242,6502,1095,3806,3373,2074,3872,4217,6186,273,2347,2768,2574,2807,2666,2478,3731,6148,5899,5685,5799,5416,1205,6405
3054,6711,3044,4025,4569,3125,4159,259,3024,3927,3129,3401,5229,6689,2608,5936,3564,5711,4856,4237,2529,4438,5518,4757,3314,4036,4958,6842,2521,3995,1681,3944,4692,3437,2988,5331,4514,4307,5870,5512,4425,1935,6613,6501,6124,3907,5614,6283,3576,2867,4774,2110,3888,3545,5699,3853,2554,7567,4238,2240,4938,6229,6519,1095,3814,3373,2074,3852,4208,6230,273,2347,2768,2574,2807,2666,2478,3717,6185,5899,5685,5799,5448,1207,6439
3054,6711,3044,3992,4569,3104,4159,259,3047,3927,3111,3422,5250,6689,2608,5923,3557,5722,4856,4258,2546,4452,5553,4740,3314,4036,4968,6842,2525,3995,1678,3937,4692,3416,2988,5331,4527,4307,5859,5512,4395,1952,6613,6501,6124,3907,5614,6283,3576,2867,4774,2110,3888,3545,5699,3853,2554,7567,4238,2240,4938,6229,6519,1095,3814,3373,2074,3852,4208,6230,273,2347,2768,2574,2807,2666,2478,3717,6185,5899,5685,5799,5448,1207,6456
3069,6726,3067,3981,4569,3110,4159,259,3047,3927,3111,3401,5260,6677,2608,5936,3564,5722,4856,4258,2563,4430,5553,4740,3314,4036,4968,6842,2525,3995,1678,3937,4692,3416,2988,5331,4527,4307,5859,5512,4395,1952,6628,6501,6141,3907,5614,6283,3565,2867,4752,2110,3888,3524,5708,3870,2550,7607,4238,2236,4938,6242,6519,1080,3837,3373,2092,3872,4217,6196,273,2370,2750,2569,2807,2687,2491,3731,6162,5909,5703,5811,5437,1205,6487
3069,6726,3067,3981,4569,3110,4159,259,3047,3927,3111,3401,5260,6677,2608,5936,3564,5722,4856,4258,2563,4430,5540,4748,3314,4057,4968,6842,2521,3986,1681,3944,4692,3437,3005,5345,4527,4315,5870,5512,4395,1935,6613,6501,6152,3907,5635,6270,3582,2867,4762,2110,3888,3552,5720,3853,2550,7590,4238,2236,4938,6242,6519,1080,3837,3373,2092,3872,4217,6196,273,2370,2750,2569,2807,2687,2491,3731,6162,5909,5703,5811,5437,1205,6506
3069,6674,3044,3955,4539,3097,4135,259,3047,3934,3111,3401,5271,6689,2593,5936,3581,5722,4866,4250,2563,4438,5540,4740,3314,4065,4968,6842,2521,3995,1695,3944,4692,3437,3005,5331,4537,4307,5870,5512,4395,1935,6613,6501,6152,3907,5635,6270,3582,2867,4762,2110,3888,3552,5720,3853,2550,7590,4256,2240,4948,6242,6519,1095,3814,3373,2092,3872,4196,6213,259,2347,2772,2587,2827,2693,2495,3737,6148,5899,5685,5799,5448,1207,6539
3069,6674,3044,3955,4539,3097,4135,259,3047,3934,3111,3401,5271,6689,2593,5936,3581,5722,4866,4250,2563,4438,5540,4740,3314,4065,4968,6842,2521,3995,1695,3944,4692,3437,3005,5331,4537,4307,5859,5512,4395,1935,6613,6501,6124,3925,5614,6270,3565,2871,4752,2114,3881,3552,5720,3853,2554,7590,4238,2240,4969,6242,6536,1096,3837,3379,2092,3831,4217,6213,259,2347,2772,2587,2827,2693,2495,3737,6148,5899,5685,5799,5448,1207,6545
3069,6726,3084,4000,4569,3131,4159,259,3040,3927,3111,3422,5260,6689,2608,5936,3564,5722,4856,4258,2546,4438,5553,4757,3314,4065,4968,6842,2525,3995,1695,3944,4692,3437,3005,5331,4537,4307,5859,5512,4395,1935,6613,6501,6124,3925,5614,6270,3565,2871,4752,2114,3881,3552,5720,3853,2554,7590,4238,2240,4969,6242,6536,1096,3837,3379,2092,3831,4217,6213,273,2347,2768,2578,2807,2672,2495,3737,6162,5882,5674,5799,5448,1205,6574
3059,6726,3067,4000,4569,3125,4159,259,3040,3927,3111,3422,5260,6689,2608,5936,3564,5722,4856,4258,2546,4438,5553,4757,3314,4065,4968,6842,2525,3995,1681,3944,4692,3437,3005,5339,4537,4315,5870,5544,4425,1955,6637,6501,6152,3925,5635,6304,3582,2875,4796,2131,3907,3545,5720,3847,2550,7590,4246,2240,4938,6242,6502,1082,3837,3379,2092,3872,4196,6213,274,2370,2768,2574,2827,2672,2478,3717,6162,5899,5685,5799,5448,1205,6607
3059,6726,3067,4000,4569,3125,4159,259,3047,3934,3116,3401,5250,6689,2611,5936,3581,5722,4856,4250,2546,4430,5530,4748,3314,4045,4958,6830,2510,3986,1678,3944,4692,3444,3005,5353,4537,4307,5870,5544,4425,1955,6637,6501,6152,3925,5635,6304,3582,2875,4796,2131,3907,3545,5720,3847,2550,7590,4246,2240,4938,6242,6502,1082,3837,3379,2092,3872,4196,6213,274,2370,2768,2574,2827,2672,2478,3717,6162,5899,5685,5799,5448,1205,6624
3059,6711,3084,4000,4569,3125,4159,259,3047,3934,3105,3422,5250,6689,2611,5923,3581,5711,4856,4229,2551,4436,5530,4748,3314,4045,4958,6830,2510,3986,1678,3944,4692,3444,3005,5353,4537,4307,5859,5512,4405,1935,6628,6486,6124,3907,5635,6270,3582,2857,4752,2128,3888,3545,5708,3853,2554,7590,4246,2240,4938,6242,6519,1082,3837,3379,2092,3872,4187,6224,274,2347,2772,2574,2827,2672,2495,3722,6185,5899,5685,5799,5448,1205,6657
3059,6711,3084,4000,4569,3125,4159,259,3047,3934,3105,3422,5250,6689,2611,5923,3581,5711,4856,4229,2551,4436,5553,4740,3314,4057,4979,6842,2525,3986,1678,3944,4692,3437,3005,5382,4537,4307,5870,5532,4425,1955,6661,6501,6152,3944,5614,6270,3582,2857,4752,2128,3888,3545,5708,3853,2554,7590,4246,2240,4938,6242,6519,1082,3837,3379,2092,3872,4187,6224,274,2347,2772,2574,2827,2672,2495,3722,6185,5899,5685,5799,5448,1205,6674
3059,6689,3067,3981,4569,3110,4159,259,3047,3934,3111,3422,5260,6689,2601,5936,3581,5711,4856,4229,2551,4436,5553,4740,3314,4057,4979,6842,2525,3986,1678,3944,4692,3437,3005,5382,4537,4307,5870,5532,4425,1955,6661,6501,6152,3944,5614,6270,3582,2857,4752,2110,3888,3545,5708,3877,2557,7607,4263,2240,4938,6242,6530,1096,3828,3379,2092,3872,4196,6213,274,2347,2772,2574,2807,2666,2478,3728,6162,5909,5703,5799,5416,1205,6690
3059,6689,3067,3981,4569,3110,4159,259,3047,3934,3111,3422,5260,6689,2601,5936,3581,5711,4866,4250,2546,4430,5530,4740,3314,4057,4968,6842,2528,3995,1681,3944,4692,3437,2988,5396,4504,4315,5870,5573,4425,1952,6647,6501,6152,3925,5614,6283,3599,2861,4762,2110,3888,3545,5720,3860,2543,7607,4256,2240,4938,6242,6519,1096,3837,3356,2092,3872,4196,6213,274,2347,2772,2574,2807,2666,2478,3728,6162,5909,5703,5799,5416,1205,6722
3063,6726,3062,3974,4569,3104,4166,260,3047,3927,3092,3401,5229,6683,2601,5936,3581,5722,4856,4258,2563,4436,5553,4740,3314,4057,4958,6836,2528,3995,1681,3944,4692,3437,2993,5419,4527,4307,5870,5594,4416,1955,6647,6501,6152,3925,5614,6283,3599,2861,4762,2110,3888,3545,5720,3860,2543,7607,4256,2240,4938,6242,6519,1096,3837,3356,2092,3872,4217,6213,274,2347,2768,2574,2807,2672,2482,3728,6162,5909,5703,5799,5437,1207,6748
3063,6726,3062,4000,4579,3110,4156,260,3047,3927,3092,3401,5229,6683,2601,5936,3581,5722,4856,4258,2563,4436,5553,4740,3314,4057,4958,6836,2528,3995,1681,3944,4692,3437,2993,5419,4527,4307,5870,5594,4416,1955,6652,6501,6141,3925,5614,6283,3622,2861,4752,2114,3888,3545,5699,3860,2557,7607,4256,2240,4948,6229,6530,1083,3837,3373,2092,3852,4187,6196,260,2347,2768,2569,2807,2693,2478,3728,6162,5909,5703,5811,5448,1224,6774
3063,6726,3062,4000,4579,3110,4156,260,3047,3927,3092,3422,5250,6683,2601,5936,3581,5711,4856,4250,2551,4436,5530,4757,3308,4036,4968,6836,2528,3995,1681,3944,4692,3437,2993,5419,4527,4307,5870,5594,4416,1955,6652,6501,6141,3925,5614,6283,3622,2861,4752,2114,3888,3545,5699,3860,2557,7607,4256,2240,4948,6229,6530,1083,3837,3373,2092,3852,4187,6196,260,2347,2768,2569,2807,2693,2478,3728,6162,5909,5703,5811,5448,1224,6790
3078,6726,3067,3981,4590,3104,4166,260,3047,3934,3111,3422,5260,6700,2601,5936,3581,5711,4856,4250,2551,4436,5530,4757,3308,4036,4968,6836,2528,3995,1678,3944,4692,3444,3010,5433,4504,4307,5907,5594,4437,1955,6661,6501,6141,3925,5614,6283,3622,2861,4762,2110,3888,3545,5720,3860,2554,7590,4256,2240,4938,6221,6530,1083,3828,3373,2092,3852,4217,6207,260,2347,2768,2592,2807,2666,2482,3728,6176,5909,5685,5811,5437,1207,6822
3078,6726,3067,3981,4590,3104,4166,260,3047,3934,3111,3422,5260,6700,2615,5936,3581,5722,4856,4250,2534,4436,5530,4740,3290,4057,4968,6836,2528,3995,1678,3944,4692,3416,2993,5419,4504,4307,5870,5512,4405,1955,6661,6501,6141,3900,5614,6283,3622,2861,4762,2114,3881,3545,5687,3860,2547,7590,4238,2236,4938,6208,6530,1098,3837,3373,2092,3872,4187,6207,260,2347,2768,2592,2848,2672,2482,3713,6176,5909,5685,5811,5437,1207,6859
3068,6726,3062,3981,4569,3110,4149,260,3069,3927,3111,3422,5260,6683,2619,5914,3598,5740,4856,4229,2538,4457,5540,4740,3314,4045,4947,6865,2532,3986,1678,3944,4692,3416,2993,5419,4504,4307,5870,5512,4405,1955,6661,6501,6141,3900,5614,6283,3622,2861,4762,2114,3881,3545,5687,3860,2547,7590,4238,2236,4938,6208,6530,1098,3837,3373,2092,3872,4187,6207,260,2347,2768,2592,2848,2672,2482,3713,6148,5899,5685,5799,5437,1209,6874
3068,6726,3062,3981,4569,3110,4149,260,3069,3927,3111,3422,5260,6683,2619,5914,3598,5740,4856,4229,2538,4457,5540,4740,3314,4045,4947,6865,2532,3986,1678,3944,4692,3416,2993,5433,4514,4307,5870,5512,4405,1976,6671,6501,6141,3918,5626,6270,3622,2861,4762,2110,3881,3524,5708,3860,2561,7607,4248,2240,4938,6242,6530,1098,3837,3373,2092,3872,4187,6207,260,2347,2768,2592,2848,2672,2482,3713,6148,5899,5685,5799,5437,1209,6890
3063,6726,3062,3981,4569,3104,4149,260,3040,3910,3092,3401,5260,6695,2619,5936,3581,5740,4856,4250,2551,4436,5530,4740,3308,4036,4979,6848,2528,3995,1678,3962,4692,3451,3010,5433,4514,4307,5870,5512,4405,1976,6671,6501,6141,3918,5626,6270,3622,2861,4762,2110,3881,3524,5708,3860,2561,7607,4248,2240,4938,6242,6530,1083,3837,3373,2092,3872,4187,6207,274,2347,2768,2574,2833,2672,2487,3713,6162,5899,5674,5799,5427,1209,6915
3063,6726,3062,3981,4569,3104,4149,260,3040,3910,3092,3401,5260,6695,2619,5936,3581,5740,4856,4250,2551,4436,5530,4740,3308,4036,4979,6848,2528,3995,1678,3962,4692,3451,3010,5433,4514,4307,5870,5512,4405,1976,6685,6515,6141,3925,5635,6283,3639,2865,4774,2110,3888,3545,5699,3860,2557,7607,4248,2240,4938,6242,6530,1083,3837,3373,2092,3872,4187,6207,274,2347,2768,2574,2833,2672,2487,3713,6162,5899,5674,5799,5427,1209,6923
3068,6726,3084,3981,4569,3104,4149,260,3040,3910,3092,3401,5260,6695,2619,5936,3581,5740,4856,4250,2551,4436,5530,4740,3308,4036,4979,6848,2528,3995,1678,3962,4692,3451,3010,5433,4514,4307,5870,5512,4405,1976,6685,6515,6141,3925,5635,6283,3639,2865,4774,2110,3888,3545,5699,3860,2557,7607,4256,2236,4938,6242,6530,1099,3868,3373,2092,3872,4187,6218,274,2347,2750,2569,2807,2672,2482,3728,6162,5909,5703,5811,5448,1207,6940
3068,6726,3084,3981,4569,3104,4149,274,3063,3916,3111,3422,5260,6712,2601,5959,3587,5740,4856,4229,2551,4442,5530,4740,3308,4036,4979,6848,2528,3995,1678,3962,4692,3451,3010,5433,4514,4307,5870,5512,4405,1976,6685,6515,6141,3925,5635,6283,3639,2865,4774,2110,3888,3545,5699,3860,2557,7607,4256,2236,4938,6242,6530,1099,3868,3373,2092,3872,4187,6218,274,2347,2750,2569,2807,2672,2482,3728,6162,5909,5703,5811,5448,1207,6947
3068,6726,3084,3981,4569,3104,4149,274,3063,3916,3111,3422,5260,6712,2601,5959,3587,5740,4856,4229,2551,4442,5518,4740,3314,4057,4968,6836,2528,3972,1678,3944,4692,3444,3010,5441,4527,4307,5870,5512,4405,1976,6676,6523,6124,3925,5626,6270,3622,2861,4762,2110,3881,3545,5708,3860,2547,7607,4256,2236,4938,6242,6530,1099,3868,3373,2092,3872,4187,6218,274,2347,2750,2569,2807,2672,2482,3728,6162,5909,5703,5811,5448,1207,6973
3082,6726,3079,3981,4590,3104,4149,274,3063,3916,3111,3422,5260,6712,2601,5959,3587,5740,4856,4229,2551,4442,5518,4740,3314,4057,4968,6836,2528,3972,1678,3944,4692,3444,3010,5441,4527,4307,5870,5512,4405,1976,6676,6523,6124,3925,5626,6270,3622,2861,4762,2110,3881,3545,5708,3860,2547,7607,4256,2259,4959,6229,6530,1083,3860,3373,2092,3872,4196,6207,274,2352,2768,2574,2827,2666,2482,3733,6162,5899,5685,5799,5437,1209,6990
3082,6726,3079,3981,4590,3104,4156,260,3047,3927,3111,3401,5229,6672,2597,5887,3540,5701,4826,4220,2529,4421,5542,4740,3327,4065,4968,6848,2528,3995,1678,3937,4692,3444,3015,5433,4537,4290,5870,5523,4425,1959,6685,6501,6124,3925,5614,6283,3622,2861,4785,2114,3881,3524,5687,3860,2543,7607,4238,2240,4948,6229,6541,1083,3860,3373,2092,3860,4187,6207,274,2352,2768,2574,2827,2666,2482,3733,6162,5899,5685,5799,5437,1209,7025
3063,6711,3079,3981,4579,3110,4166,260,3047,3934,3092,3401,5281,6683,2619,5936,3587,5740,4856,4258,2551,4436,5540,4740,3314,4045,4968,6865,2532,3995,1678,3944,4692,3444,3015,5433,4514,4307,5870,5523,4395,1972,6671,6501,6152,3918,5626,6283,3645,2842,4729,2110,3888,3524,5687,3860,2543,7607,4238,2240,4948,6229,6541,1083,3860,3373,2092,3860,4187,6207,274,2347,2768,2578,2807,2672,2504,3733,6162,5899,5693,5799,5448,1207,7057
3068,6711,3079,3981,4579,3110,4166,260,3047,3934,3092,3401,5281,6683,2619,5936,3587,5740,4856,4258,2551,4436,5540,4740,3314,4045,4968,6865,2532,3995,1678,3944,4692,3444,3015,5433,4514,4307,5870,5523,4395,1972,6671,6501,6152,3918,5626,6283,3645,2842,4729,2110,3888,3524,5720,3860,2561,7607,4256,2259,4938,6242,6530,1083,3860,3391,2092,3872,4217,6207,274,2347,2768,2574,2827,2672,2482,3728,6148,5899,5685,5799,5448,1226,7073
3068,6711,3062,3981,4569,3110,4166,260,3047,3916,3092,3408,5260,6683,2604,5945,3581,5722,4866,4258,2555,4442,5530,4740,3314,4036,4958,6865,2532,3995,1678,3944,4692,3444,3015,5433,4514,4307,5870,5523,4395,1972,6671,6501,6152,3918,5626,6283,3645,2842,4729,2110,3888,3524,5720,3860,2561,7607,4256,2259,4938,6242,6530,1083,3860,3391,2092,3872,4217,6207,274,2347,2768,2574,2827,2672,2482,3728,6148,5899,5685,5799,5448,1226,7089
3068,6711,3062,3981,4569,3110,4166,260,3047,3916,3092,3408,5260,6683,2604,5945,3581,5722,4866,4258,2555,4442,5530,4740,3314,4036,4958,6865,2532,3995,1678,3944,4692,3444,3010,5447,4537,4307,5859,5544,4405,1959,6685,6501,6141,3925,5626,6270,3622,2865,4762,2110,3870,3545,5720,3873,2557,7590,4263,2240,4948,6242,6541,1083,3860,3391,2092,3872,4217,6207,274,2347,2768,2574,2827,2672,2482,3728,6148,5899,5685,5799,5448,1226,7105
3068,6726,3062,3981,4569,3104,4149,260,3040,3910,3092,3401,5240,6695,2615,5936,3581,5722,4856,4229,2555,4442,5530,4740,3314,4057,4968,6836,2532,3986,1678,3944,4692,3444,3015,5441,4514,4307,5830,5491,4405,1972,6685,6501,6141,3925,5626,6270,3622,2865,4762,2110,3870,3545,5720,3873,2557,7590,4263,2240,4948,6242,6541,1083,3860,3391,2088,3852,4196,6218,274,2347,2750,2574,2807,2666,2465,3733,6176,5909,5703,5811,5448,1209,7139
3068,6726,3062,3981,4569,3104,4149,260,3040,3910,3092,3401,5240,6695,2615,5936,3581,5722,4856,4229,2555,4442,5530,4740,3314,4057,4968,6836,2532,3986,1678,3944,4692,3444,3015,5441,4514,4307,5830,5491,4405,1972,6661,6501,6131,3925,5614,6270,3628,2865,4762,2110,3881,3524,5720,3843,2543,7607,4256,2236,4938,6208,6541,1085,3837,3373,2092,3872,4217,6218,260,2347,2772,2569,2807,2687,2465,3713,6148,5899,5703,5811,5448,1209,7156
3078,6711,3079,4000,4590,3104,4149,260,3024,3858,3012,3381,5260,6683,2619,5936,3598,5740,4856,4250,2555,4442,5518,4740,3308,4045,4968,6848,2532,3986,1678,3944,4702,3444,3010,5441,4514,4307,5870,5523,4405,1976,6661,6501,6141,3918,5635,6283,3622,2865,4762,2110,3863,3545,5708,3867,2547,7607,4256,2259,4938,6229,6541,1085,3837,3373,2092,3872,4217,6218,260,2347,2772,2569,2807,2687,2465,3713,6148,5899,5703,5811,5448,1207,7188
3068,6726,3096,4037,4579,3104,4156,260,3024,3858,3012,3401,5250,6695,2615,5936,3581,5730,4856,4237,2555,4442,5530,4757,3314,4036,4968,6865,2532,3995,1681,3944,4692,3444,3015,5441,4514,4307,5859,5512,4395,1955,6661,6501,6141,3918,5635,6283,3622,2865,4762,2110,3863,3545,5708,3867,2547,7607,4256,2259,4938,6229,6530,1085,3837,3391,2092,3872,4196,6207,274,2347,2768,2569,2807,2693,2487,3733,6162,5899,5703,5819,5427,1209,7223
3078,6726,3096,4037,4569,3104,4156,260,3024,3864,3018,3388,5260,6695,2604,5950,3587,5740,4856,4237,2572,4442,5553,4757,3314,4057,4968,6865,2528,3995,1678,3944,4692,3444,3015,5441,4514,4307,5859,5512,4395,1955,6676,6486,6124,3925,5626,6283,3628,2865,4774,2110,3888,3545,5720,3860,2547,7624,4256,2240,4948,6242,6541,1085,3860,3391,2092,3872,4196,6218,260,2347,2768,2574,2807,2672,2482,3719,6148,5899,5685,5799,5427,1207,7258
3078,6726,3096,4037,4569,3104,4156,260,3024,3864,3018,3388,5260,6695,2604,5950,3587,5740,4856,4237,2572,4442,5553,4757,3314,4057,4968,6865,2528,3995,1678,3944,4692,3444,3010,5433,4514,4307,5870,5512,4405,1959,6685,6501,6135,3907,5614,6270,3645,2865,4752,2110,3888,3552,5720,3867,2547,7590,4256,2240,4938,6242,6541,1085,3860,3396,2092,3872,4196,6218,260,2347,2768,2574,2807,2672,2482,3719,6148,5899,5685,5799,5427,1207,7274
3068,6711,3079,4037,4569,3110,4156,260,3047,3875,3018,3388,5260,6695,2604,5950,3587,5740,4856,4237,2572,4442,5553,4757,3314,4057,4968,6865,2528,3995,1678,3944,4692,3444,3010,5433,4514,4307,5870,5512,4405,1959,6685,6501,6135,3907,5614,6270,3645,2865,4752,2110,3888,3552,5720,3867,2547,7590,4256,2240,4938,6242,6541,1085,3860,3396,2092,3872,4217,6207,274,2347,2750,2574,2818,2672,2482,3733,6162,5899,5703,5799,5437,1209,7290
3068,6711,3079,4037,4569,3110,4156,260,3047,3875,3018,3381,5260,6683,2619,5936,3604,5751,4856,4229,2572,4436,5530,4766,3333,4057,4968,6848,2532,3995,1678,3962,4692,3437,3015,5455,4504,4315,5870,5523,4395,1976,6685,6486,6141,3925,5635,6283,3645,2865,4762,2093,3870,3552,5720,3867,2547,7607,4256,2240,4938,6229,6541,1085,3873,3391,2092,3872,4217,6228,274,2347,2750,2574,2818,2672,2482,3733,6162,5899,5703,5799,5437,1209,7323
3072,6726,3079,4055,4569,3110,4156,260,3040,3858,3024,3401,5250,6706,2615,5936,3581,5722,4856,4250,2572,4436,5553,4757,3314,4057,4947,6848,2532,3995,1678,3944,4692,3444,3015,5455,4514,4307,5870,5512,4405,1972,6685,6501,6141,3925,5635,6283,3639,2865,4773,2110,3888,3545,5720,3860,2547,7607,4256,2240,4938,6229,6541,1085,3873,3391,2092,3872,4217,6228,274,2347,2750,2574,2827,2666,2487,3713,6162,5899,5685,5799,5448,1209,7355
3068,6726,3096,4055,4590,3104,4156,260,3040,3858,3024,3401,5250,6706,2615,5936,3581,5722,4856,4250,2572,4436,5553,4757,3314,4057,4947,6848,2532,3995,1678,3944,4692,3444,3015,5455,4514,4307,5870,5512,4405,1972,6685,6501,6141,3925,5635,6283,3639,2865,4773,2110,3888,3545,5720,3860,2547,7607,4256,2240,4928,6242,6530,1085,3860,3391,2096,3872,4217,6218,274,2347,2768,2574,2827,2666,2482,3719,6162,5899,5685,5799,5448,1209,7371
3068,6726,3096,4055,4590,3104,4149,260,3054,3882,3037,3381,5250,6683,2604,5936,3587,5722,4856,4258,2589,4449,5542,4740,3314,4057,4968,6836,2532,3995,1678,3962,4692,3444,3015,5463,4514,4315,5870,5512,4405,1972,6685,6501,6141,3925,5635,6283,3639,2865,4773,2110,3888,3545,5720,3860,2547,7607,4256,2240,4928,6242,6530,1085,3860,3391,2096,3872,4217,6218,274,2347,2768,2574,2827,2666,2482,3719,6162,5899,5685,5799,5448,1209,7389
3072,6726,3096,4037,4549,3110,4139,260,3018,3858,3037,3388,5240,6706,2619,5936,3581,5722,4856,4258,2589,4449,5542,4740,3314,4057,4968,6836,2532,3995,1678,3962,4692,3444,3015,5463,4514,4315,5870,5512,4405,1959,6685,6501,6152,3925,5646,6270,3639,2865,4762,2097,3877,3552,5708,3850,2547,7607,4256,2240,4938,6242,6541,1085,3860,3391,2092,3872,4196,6228,275,2325,2772,2574,2827,2672,2487,3733,6162,5899,5685,5799,5437,1192,7420
3068,6726,3096,4037,4549,3110,4139,260,3018,3858,3037,3388,5240,6706,2619,5936,3581,5722,4856,4229,2589,4428,5518,4740,3296,4057,4968,6848,2518,3995,1678,3944,4692,3437,3015,5455,4514,4315,5870,5512,4395,1976,6695,6501,6141,3933,5614,6283,3645,2865,4762,2114,3888,3545,5720,3867,2561,7607,4256,2244,4938,6242,6558,1099,3868,3391,2092,3872,4196,6218,274,2352,2768,2578,2833,2672,2487,3724,6162,5909,5695,5799,5448,1209,7456
3068,6726,3114,4063,4599,3131,4156,260,3047,3875,3037,3381,5260,6683,2619,5936,3604,5751,4866,4250,2568,4442,5553,4748,3314,4045,4968,6848,2536,3995,1681,3970,4702,3444,3015,5463,4514,4315,5870,5512,4395,1976,6695,6501,6141,3933,5614,6283,3645,2865,4762,2114,3888,3545,5720,3867,2561,7607,4256,2244,4938,6242,6558,1099,3868,3391,2092,3872,4196,6218,274,2352,2768,2578,2833,2672,2487,3724,6162,5909,5695,5799,5448,1209,7472
3068,6726,3114,4044,4569,3110,4156,260,3047,3882,3037,3401,5281,6712,2619,5936,3581,5740,4866,4237,2589,4442,5553,4748,3314,4045,4968,6848,2536,3995,1681,3970,4702,3444,3015,5463,4514,4315,5870,5512,4405,1976,6685,6515,6169,3925,5626,6283,3645,2869,4762,2114,3870,3559,5720,3873,2565,7607,4263,2263,4948,6263,6541,1086,3860,3391,2092,3872,4187,6218,274,2352,2790,2578,2833,2672,2487,3724,6162,5899,5695,5811,5448,1209,7506
3068,6726,3114,4044,4569,3110,4156,260,3047,3882,3037,3401,5281,6712,2619,5936,3581,5740,4866,4237,2589,4442,5530,4748,3314,4045,4968,6865,2536,4004,1681,3944,4702,3444,3015,5455,4537,4315,5870,5512,4395,1976,6685,6515,6152,3944,5646,6283,3639,2865,4762,2114,3870,3559,5720,3873,2565,7607,4263,2263,4948,6263,6541,1086,3860,3391,2092,3872,4187,6218,274,2352,2790,2578,2833,2672,2487,3724,6162,5899,5695,5811,5448,1209,7523
3063,6726,3114,4044,4569,3110,4156,260,3047,3882,3037,3401,5281,6712,2619,5936,3581,5740,4866,4237,2589,4442,5530,4748,3314,4045,4968,6865,2536,4004,1681,3944,4702,3444,3015,5455,4537,4315,5870,5512,4395,1976,6685,6515,6152,3944,5646,6283,3639,2865,4762,2110,3870,3545,5720,3867,2561,7607,4263,2263,4948,6242,6541,1101,3891,3373,2096,3880,4225,6235,274,2347,2772,2578,2833,2672,2487,3733,6199,5909,5685,5811,5448,1209,7538
3063,6726,3136,4037,4599,3131,4173,260,3054,3864,3018,3408,5281,6712,2619,5936,3587,5740,4856,4237,2585,4449,5530,4766,3333,4057,4968,6848,2536,3995,1681,3944,4692,3444,3015,5455,4537,4315,5870,5512,4395,1976,6685,6515,6152,3944,5646,6283,3639,2865,4762,2110,3870,3545,5720,3867,2561,7607,4263,2263,4948,6242,6541,1101,3891,3373,2096,3880,4225,6235,274,2347,2772,2578,2833,2672,2487,3733,6199,5909,5685,5811,5448,1209,7556
3063,6726,3136,4037,4599,3131,4173,260,3054,3864,3018,3408,5281,6712,2619,5936,3587,5740,4856,4237,2585,4449,5530,4766,3333,4057,4968,6848,2536,3995,1681,3944,4692,3444,3010,5455,4524,4315,5870,5532,4405,1976,6685,6515,6152,3951,5646,6283,3639,2869,4773,2118,3870,3552,5720,3867,2550,7607,4263,2244,4948,6242,6558,1085,3882,3379,2096,3880,4225,6235,274,2347,2772,2578,2833,2672,2487,3733,6199,5909,5685,5811,5448,1209,7572
3068,6704,3136,4044,4599,3125,4173,260,3054,3882,3037,3388,5250,6695,2623,5950,3604,5740,4866,4229,2589,4434,5530,4740,3320,4057,4968,6848,2536,4004,1681,3951,4702,3416,3015,5455,4514,4307,5870,5544,4435,1976,6685,6501,6152,3951,5646,6283,3639,2869,4773,2118,3870,3552,5720,3867,2550,7607,4263,2244,4948,6242,6558,1085,3882,3379,2092,3880,4208,6218,274,2347,2772,2574,2813,2672,2487,3719,6176,5909,5685,5811,5427,1209,7603
3072,6719,3177,4037,4569,3131,4156,260,3054,3888,3037,3388,5250,6695,2623,5950,3587,5722,4866,4258,2589,4449,5530,4740,3320,4057,4968,6848,2536,4004,1681,3951,4702,3416,3015,5455,4514,4307,5870,5544,4435,1976,6685,6501,6152,3951,5646,6283,3645,2865,4762,2135,3896,3531,5753,3873,2550,7624,4253,2240,4948,6242,6541,1099,3914,3396,2096,3872,4196,6218,274,2347,2772,2574,2813,2672,2482,3719,6162,5909,5685,5811,5448,1209,7639
3072,6719,3177,4037,4569,3131,4156,260,3054,3888,3037,3388,5250,6695,2623,5950,3587,5722,4866,4258,2589,4449,5530,4766,3320,4057,4979,6865,2532,4004,1681,3944,4692,3444,3015,5463,4524,4315,5870,5512,4395,1976,6685,6501,6152,3944,5646,6270,3645,2865,4773,2114,3877,3545,5720,3867,2547,7607,4246,2240,4938,6242,6541,1099,3914,3396,2096,3872,4196,6218,274,2347,2772,2574,2813,2672,2482,3719,6162,5909,5685,5811,5448,1209,7655
3068,6726,3154,4044,4588,3110,4149,260,3047,3882,3042,3408,5281,6700,2619,5936,3604,5769,4887,4258,2589,4442,5542,4774,3314,4045,4968,6848,2536,3986,1663,3944,4702,3444,2998,5455,4514,4298,5870,5523,4405,1976,6685,6501,6152,3933,5646,6270,3645,2865,4773,2114,3877,3545,5720,3867,2547,7607,4246,2240,4938,6242,6541,1085,3860,3396,2092,3872,4196,6218,275,2347,2772,2574,2833,2666,2504,3719,6162,5909,5685,5811,5460,1209,7689
3068,6726,3154,4044,4588,3110,4149,260,3047,3882,3042,3408,5281,6700,2619,5936,3604,5769,4887,4258,2589,4442,5542,4774,3314,4045,4968,6848,2536,3986,1663,3944,4702,3444,2998,5455,4514,4298,5870,5523,4405,1976,6685,6501,6152,3933,5614,6283,3645,2850,4762,2118,3896,3552,5720,3867,2557,7607,4253,2240,4938,6242,6541,1101,3860,3396,2092,3872,4196,6218,274,2330,2772,2578,2813,2687,2465,3724,6162,5909,5685,5811,5460,1209,7706
3068,6726,3136,4063,4599,3104,4156,260,3054,3864,3042,3388,5250,6712,2619,5950,3604,5759,4897,4258,2589,4449,5530,4766,3339,4053,4958,6848,2536,3995,1681,3951,4702,3444,3032,5455,4524,4315,5881,5532,4405,1976,6685,6515,6152,3944,5646,6283,3668,2869,4762,2114,3896,3559,5720,3873,2565,7607,4253,2240,4938,6242,6541,1101,3860,3396,2092,3872,4196,6218,274,2330,2772,2578,2813,2687,2465,3724,6185,5909,5685,5799,5437,1209,7739
3068,6719,3154,4063,4569,3117,4156,260,3054,3882,3042,3408,5270,6723,2608,5972,3587,5751,4887,4258,2589,4428,5542,4748,3320,4057,4968,6848,2532,4004,1681,3951,4702,3437,3015,5455,4537,4315,5881,5534,4425,1979,6685,6515,6152,3944,5646,6283,3668,2869,4762,2114,3896,3559,5720,3873,2565,7607,4263,2263,4979,6229,6547,1085,3868,3379,2096,3872,4196,6207,274,2347,2772,2578,2827,2687,2487,3719,6199,5909,5714,5811,5437,1192,7772
3068,6704,3136,4063,4569,3104,4173,260,3047,3882,3037,3388,5250,6695,2623,5936,3604,5751,4907,4258,2606,4442,5542,4748,3320,4057,4968,6848,2532,4004,1681,3951,4702,3437,3015,5455,4537,4315,5881,5534,4425,1979,6676,6501,6152,3933,5646,6283,3645,2865,4762,2114,3896,3524,5729,3867,2547,7607,4263,2240,4948,6250,6541,1086,3868,3379,2096,3880,4196,6218,260,2347,2772,2578,2813,2666,2487,3733,6185,5909,5695,5823,5437,1192,7804
3068,6726,3154,4052,4599,3083,4173,260,3047,3882,3037,3388,5250,6695,2623,5936,3604,5751,4907,4258,2606,4442,5530,4766,3333,4045,4958,6865,2532,4004,1678,3951,4702,3444,3015,5455,4514,4307,5881,5576,4446,1976,6695,6501,6141,3944,5646,6283,3639,2865,4762,2097,3870,3545,5720,3867,2561,7624,4246,2244,4938,6229,6541,1085,3868,3373,2096,3888,4217,6218,274,2352,2755,2578,2813,2672,2487,3719,6185,5892,5695,5811,5437,1209,7839
3068,6726,3154,4052,4599,3083,4149,260,3047,3882,3042,3381,5260,6712,2604,5936,3604,5751,4856,4229,2602,4442,5530,4766,3302,4036,4958,6865,2532,3981,1678,3951,4702,3437,3015,5455,4524,4298,5881,5576,4446,1976,6695,6501,6141,3944,5646,6283,3639,2865,4762,2097,3870,3545,5720,3867,2561,7624,4246,2244,4938,6229,6541,1085,3868,3373,2096,3888,4217,6218,274,2352,2755,2578,2813,2672,2487,3719,6185,5892,5695,5811,5437,1209,7855
3068,6726,3136,4063,4569,3104,4156,260,3047,3864,3042,3381,5270,6712,2608,5936,3604,5751,4856,4229,2602,4442,5530,4766,3302,4036,4958,6865,2532,3981,1678,3951,4702,3437,3015,5455,4524,4298,5881,5553,4416,1976,6700,6501,6152,3951,5646,6270,3645,2879,4762,2114,3896,3524,5708,3867,2547,7584,4263,2249,4938,6229,6541,1085,3846,3379,2096,3888,4208,6201,274,2347,2755,2578,2833,2672,2487,3719,6185,5909,5677,5799,5437,1192,7889
3072,6719,3136,4063,4569,3104,4156,260,3047,3864,3042,3381,5270,6712,2608,5936,3604,5751,4887,4220,2589,4442,5530,4748,3302,4045,4937,6848,2532,4004,1684,3951,4692,3437,3010,5455,4514,4315,5881,5564,4437,1976,6685,6478,6152,3959,5635,6270,3662,2865,4762,2097,3877,3531,5720,3867,2547,7624,4246,2244,4958,6270,6558,1085,3837,3379,2096,3880,4187,6218,260,2347,2772,2578,2813,2666,2487,3719,6199,5909,5677,5811,5448,1190,7923
3072,6719,3148,4070,4609,3104,4180,274,3024,3864,3042,3388,5281,6712,2619,5950,3587,5762,4887,4250,2606,4442,5542,4748,3320,4045,4958,6848,2532,3995,1681,3951,4692,3437,3015,5463,4524,4315,5881,5523,4405,1976,6685,6493,6163,3951,5646,6270,3662,2865,4762,2118,3903,3545,5708,3867,2547,7624,4270,2249,4969,6250,6541,1085,3860,3379,2096,3880,4208,6218,260,2347,2772,2578,2813,2666,2487,3719,6199,5909,5677,5811,5448,1190,7961
3068,6704,3171,4063,4558,3083,4173,260,3047,3871,3042,3381,5270,6700,2608,5936,3593,5769,4877,4229,2589,4434,5530,4731,3296,4036,4958,6848,2532,3995,1681,3951,4692,3437,3015,5463,4524,4315,5881,5523,4405,1976,6685,6493,6163,3951,5646,6270,3662,2865,4762,2118,3903,3545,5708,3867,2547,7624,4270,2249,4969,6250,6541,1085,3860,3379,2096,3880,4208,6218,260,2347,2772,2578,2813,2666,2487,3733,6185,5902,5695,5811,5437,1209,7976
3068,6704,3171,4063,4558,3083,4173,260,3047,3871,3042,3381,5270,6700,2608,5936,3593,5769,4877,4229,2589,4434,5530,4731,3296,4036,4958,6848,2518,3972,1681,3951,4702,3437,3010,5455,4514,4298,5881,5523,4395,1972,6695,6515,6163,3951,5646,6270,3656,2869,4729,2114,3870,3552,5741,3867,2547,7607,4270,2249,4969,6250,6541,1085,3860,3379,2096,3880,4208,6218,260,2347,2772,2578,2813,2666,2487,3733,6185,5902,5695,5811,5437,1209,7990
3068,6704,3159,4063,4579,3104,4156,260,3047,3871,3042,3388,5270,6695,2604,5936,3611,5769,4887,4258,2606,4428,5530,4748,3320,4036,4958,6848,2521,4004,1684,3951,4702,3437,3010,5455,4514,4298,5881,5523,4395,1972,6695,6515,6163,3951,5646,6270,3656,2869,4729,2114,3870,3552,5741,3867,2547,7607,4246,2244,4948,6250,6558,1085,3860,3379,2096,3872,4196,6207,274,2347,2760,2578,2813,2672,2487,3719,6162,5920,5677,5811,5437,1209,8023
3068,6704,3159,4063,4579,3104,4156,260,3047,3871,3042,3388,5270,6695,2604,5936,3611,5769,4887,4258,2606,4428,5530,4748,3320,4036,4958,6848,2521,4004,1684,3951,4702,3437,3015,5455,4514,4322,5881,5544,4395,1979,6710,6501,6152,3951,5626,6270,3639,2865,4762,2118,3877,3552,5708,3867,2561,7607,4270,2249,4948,6250,6569,1086,3846,3402,2100,3880,4217,6218,275,2352,2777,2583,2807,2687,2487,3724,6185,5930,5706,5811,5437,1192,8040
3068,6704,3177,4063,4579,3104,4156,260,3047,3871,3066,3388,5270,6695,2619,5936,3617,5762,4887,4258,2610,4428,5553,4756,3327,4065,4968,6848,2532,4004,1684,3951,4702,3437,3010,5470,4514,4298,5881,5523,4405,1976,6695,6501,6163,3970,5626,6270,3639,2865,4762,2118,3877,3552,5708,3867,2561,7607,4270,2249,4948,6250,6569,1086,3846,3402,2100,3880,4217,6218,275,2352,2777,2583,2807,2687,2487,3724,6185,5930,5706,5811,5437,1192,8071
3068,6704,3177,4063,4579,3104,4156,260,3047,3871,3066,3388,5270,6695,2619,5936,3617,5762,4887,4258,2610,4428,5553,4756,3327,4065,4968,6848,2532,4004,1684,3951,4702,3437,3010,5470,4514,4298,5881,5523,4405,1976,6695,6501,6163,3970,5635,6270,3639,2869,4762,2118,3877,3559,5708,3867,2565,7607,4246,2249,4958,6263,6569,1101,3860,3385,2077,3880,4187,6218,275,2347,2755,2578,2807,2687,2491,3719,6185,5930,5706,5811,5437,1192,8083
3068,6726,3159,4063,4579,3110,4156,246,3047,3882,3042,3388,5270,6723,2623,5972,3611,5780,4887,4258,2610,4428,5553,4756,3327,4065,4968,6848,2532,4004,1684,3951,4702,3437,3010,5470,4514,4298,5881,5523,4405,1976,6695,6501,6163,3970,5635,6270,3639,2869,4762,2118,3877,3559,5708,3867,2565,7607,4246,2249,4958,6263,6569,1101,3860,3385,2077,3880,4187,6218,275,2347,2755,2578,2807,2687,2491,3719,6185,5920,5677,5799,5437,1192,8098
3068,6726,3159,4063,4579,3110,4156,246,3047,3882,3042,3388,5270,6723,2623,5972,3611,5780,4907,4279,2623,4449,5553,4756,3327,4065,4979,6865,2536,3995,1684,3959,4702,3444,3015,5478,4524,4315,5881,5523,4416,1962,6710,6515,6163,3970,5646,6270,3662,2865,4762,2118,3877,3531,5741,3890,2565,7624,4253,2249,4938,6250,6541,1085,3860,3408,2077,3880,4187,6218,275,2347,2755,2578,2807,2687,2491,3719,6185,5920,5677,5799,5437,1192,8123
3072,6704,3286,4052,4599,3083,4180,275,3047,3913,3042,3388,5270,6723,2623,5972,3611,5780,4907,4279,2623,4449,5553,4756,3327,4065,4979,6865,2536,3995,1684,3959,4702,3444,3015,5478,4524,4315,5881,5523,4416,1962,6710,6515,6163,3970,5646,6270,3662,2865,4762,2118,3877,3531,5741,3890,2565,7624,4253,2249,4938,6250,6541,1085,3860,3408,2092,3880,4208,6218,275,2352,2787,2578,2833,2666,2491,3739,6199,5923,5706,5811,5448,1192,8144
3057,6696,3286,4052,4599,3083,4180,275,3047,3913,3042,3388,5270,6723,2623,5959,3606,5769,4887,4250,2606,4449,5530,4773,3327,4094,4958,6877,2536,3995,1689,3951,4702,3437,3032,5478,4524,4310,5881,5564,4416,1976,6700,6501,6178,3977,5646,6283,3651,2865,4785,2111,3903,3552,5729,3867,2565,7624,4275,2249,4948,6250,6558,1085,3868,3403,2100,3880,4208,6228,275,2347,2774,2578,2833,2693,2491,3724,6199,5926,5677,5823,5437,1211,8173
3057,6696,3362,4033,4579,3083,4156,260,3054,3909,3061,3388,5281,6723,2623,5950,3595,5751,4887,4250,2623,4434,5530,4755,3327,4065,4989,6848,2532,3981,1689,3951,4702,3437,3032,5478,4524,4310,5881,5564,4416,1976,6700,6501,6178,3977,5646,6283,3651,2865,4785,2111,3903,3552,5729,3867,2565,7624,4275,2249,4948,6250,6558,1085,3868,3403,2100,3880,4208,6228,275,2347,2774,2578,2833,2693,2491,3724,6199,5926,5677,5823,5437,1211,8193
3057,6651,3602,3988,4549,3062,4156,260,3031,3919,3061,3388,5281,6723,2623,5950,3595,5751,4887,4250,2623,4434,5530,4755,3327,4065,4989,6848,2532,3981,1695,3959,4702,3437,3015,5455,4514,4318,5881,5555,4416,1976,6685,6478,6188,3988,5646,6283,3668,2869,4773,2115,3877,3552,5708,3867,2550,7601,4265,2244,4948,6283,6569,1086,3837,3385,2100,3872,4217,6228,274,2347,2744,2583,2813,2687,2487,3719,6185,5912,5677,5778,5416,1211,8222
3057,6651,3602,3988,4549,3062,4156,260,3031,3919,3042,3388,5250,6695,2619,5950,3602,5762,4887,4250,2606,4434,5542,4745,3308,4045,4958,6848,2536,4004,1687,3951,4711,3458,3010,5455,4514,4305,5873,5512,4416,1976,6700,6515,6168,3988,5646,6270,3662,2865,4762,2108,3884,3552,5720,3867,2550,7601,4253,2249,4948,6263,6558,1086,3846,3391,2100,3880,4208,6211,274,2352,2759,2583,2813,2687,2487,3719,6185,5912,5677,5778,5416,1211,8255
3057,6651,3620,4007,4567,3083,4156,260,3054,3919,3042,3381,5270,6723,2604,5950,3602,5780,4897,4270,2623,4449,5530,4762,3308,4036,4958,6865,2532,4004,1687,3959,4702,3451,3015,5478,4514,4305,5881,5532,4405,1976,6695,6478,6186,3988,5635,6270,3662,2865,4773,2108,3903,3552,5720,3867,2561,7601,4253,2249,4948,6263,6558,1086,3846,3391,2100,3880,4208,6211,274,2352,2759,2583,2807,2687,2487,3733,6207,5905,5706,5811,5448,1194,8289
3072,6651,3620,3988,4549,3083,4156,260,3054,3919,3042,3381,5270,6723,2604,5950,3602,5780,4897,4270,2623,4449,5530,4762,3308,4036,4958,6865,2532,4004,1687,3959,4702,3451,3015,5478,4514,4305,5881,5532,4405,1976,6695,6478,6186,3988,5635,6270,3662,2865,4773,2108,3903,3552,5720,3867,2561,7601,4270,2244,4948,6263,6569,1086,3868,3391,2100,3860,4217,6218,260,2352,2759,2583,2813,2693,2487,3739,6221,5905,5695,5823,5448,1192,8306
3072,6651,3620,3988,4549,3083,4156,260,3054,3919,3061,3395,5281,6712,2623,5927,3602,5762,4887,4258,2606,4434,5542,4762,3320,4065,4989,6877,2532,4004,1687,3951,4681,3437,3015,5470,4524,4323,5892,5523,4425,1979,6700,6501,6179,3996,5646,6263,3668,2869,4773,2108,3877,3552,5720,3867,2550,7624,4253,2244,4948,6242,6541,1086,3828,3374,2096,3880,4187,6218,260,2352,2759,2583,2813,2693,2487,3739,6221,5905,5695,5823,5448,1192,8335
3053,6651,3620,4007,4549,3089,4163,260,3031,3901,3042,3395,5281,6695,2608,5950,3602,5751,4866,4258,2623,4434,5530,4745,3302,4057,4968,6848,2536,3981,1687,3951,4702,3437,3015,5470,4524,4305,5881,5544,4395,1976,6700,6501,6179,3996,5646,6263,3668,2869,4773,2108,3877,3552,5720,3867,2550,7624,4253,2244,4948,6242,6541,1086,3828,3374,2096,3880,4187,6218,260,2352,2754,2574,2813,2687,2487,3724,6221,5905,5695,5811,5448,1192,8357
3057,6651,3620,3988,4537,3110,4163,260,3031,3901,3042,3395,5281,6695,2608,5950,3602,5751,4866,4258,2623,4434,5530,4745,3302,4057,4968,6848,2536,3981,1687,3951,4702,3437,3015,5470,4524,4305,5881,5544,4395,1976,6700,6493,6168,3970,5635,6250,3662,2869,4762,2105,3884,3552,5720,3873,2550,7601,4253,2244,4948,6242,6558,1086,3868,3391,2096,3872,4217,6218,275,2352,2759,2583,2813,2677,2487,3719,6221,5905,5695,5799,5448,1194,8386
3057,6651,3620,3988,4537,3110,4139,260,3031,3919,3042,3381,5260,6695,2619,5950,3602,5769,4887,4250,2623,4428,5542,4762,3314,4045,4968,6865,2532,3981,1684,3951,4672,3444,3020,5478,4524,4305,5881,5523,4435,1979,6710,6493,6168,3996,5679,6283,3668,2869,4740,2108,3877,3552,5720,3873,2550,7601,4245,2244,4948,6242,6541,1085,3846,3391,2096,3872,4217,6218,275,2352,2759,2583,2813,2677,2487,3719,6221,5905,5695,5799,5448,1194,8424
3057,6651,3602,3988,4558,3110,4173,260,3054,3912,3066,3388,5270,6706,2604,5927,3602,5762,4887,4258,2606,4428,5542,4745,3327,4065,4968,6848,2536,3995,1687,3951,4702,3444,3015,5478,4524,4305,5881,5523,4405,1976,6700,6515,6168,3996,5635,6283,3668,2869,4773,2108,3884,3559,5720,3873,2550,7601,4245,2244,4948,6242,6541,1085,3846,3391,2077,3880,4217,6218,275,2352,2754,2578,2813,2672,2482,3724,6221,5905,5677,5811,5448,1209,8457
3057,6651,3602,3988,4558,3110,4173,260,3054,3912,3066,3388,5270,6706,2604,5927,3602,5762,4887,4258,2606,4428,5542,4745,3327,4065,4968,6848,2536,3995,1687,3951,4702,3444,3015,5478,4524,4305,5881,5523,4405,1976,6700,6515,6168,3996,5635,6283,3668,2869,4773,2108,3884,3559,5708,3873,2547,7607,4245,2244,4948,6263,6541,1085,3868,3391,2096,3880,4208,6218,275,2352,2759,2578,2833,2693,2491,3724,6244,5905,5695,5811,5427,1192,8465
3057,6651,3602,4007,4558,3117,4156,260,3054,3919,3048,3408,5281,6706,2623,5950,3602,5762,4887,4237,2627,4434,5542,4762,3320,4045,4947,6860,2536,4004,1669,3951,4702,3451,3015,5478,4524,4305,5881,5523,4405,1976,6700,6515,6168,3996,5635,6283,3668,2869,4773,2108,3884,3559,5708,3873,2547,7607,4245,2244,4948,6263,6541,1085,3868,3391,2096,3880,4208,6218,275,2352,2759,2578,2833,2693,2491,3724,6244,5905,5695,5811,5427,1192,8481
3057,6651,3602,4007,4558,3117,4156,260,3054,3919,3048,3408,5281,6706,2623,5950,3602,5762,4887,4237,2627,4434,5542,4762,3320,4045,4947,6860,2536,4004,1669,3951,4702,3451,3015,5463,4514,4323,5892,5544,4414,1976,6695,6478,6168,3970,5658,6283,3686,2855,4751,2108,3877,3552,5720,3867,2565,7601,4253,2244,4958,6242,6552,1086,3868,3391,2096,3880,4196,6218,260,2347,2754,2578,2813,2672,2487,3724,6244,5905,5695,5811,5427,1192,8511
3057,6628,3602,4007,4567,3110,4156,260,3054,3919,3042,3388,5271,6706,2623,5936,3602,5751,4887,4258,2610,4428,5542,4771,3320,4045,4947,6860,2536,4004,1687,3951,4702,3451,3020,5470,4524,4298,5881,5523,4405,1976,6710,6515,6168,3970,5646,6263,3651,2865,4751,2108,3877,3552,5720,3867,2565,7601,4253,2244,4958,6242,6552,1086,3868,3391,2096,3880,4196,6218,260,2347,2754,2578,2813,2672,2487,3724,6207,5905,5695,5843,5448,1194,8539
3057,6651,3602,4007,4558,3131,4146,246,3031,3919,3042,3388,5271,6706,2623,5936,3602,5751,4887,4258,2610,4428,5542,4771,3320,4045,4947,6860,2536,4004,1687,3951,4702,3451,3020,5470,4524,4298,5881,5523,4405,1976,6710,6515,6168,3970,5646,6263,3651,2865,4773,2108,3896,3552,5732,3856,2550,7601,4270,2244,4948,6242,6569,1086,3846,3391,2096,3880,4196,6228,275,2352,2759,2578,2807,2672,2491,3724,6221,5905,5695,5811,5448,1211,8557
3057,6651,3602,4007,4558,3131,4146,246,3031,3919,3042,3408,5271,6706,2623,5950,3602,5751,4897,4258,2627,4434,5542,4762,3302,4065,4979,6860,2536,3981,1669,3951,4681,3444,3020,5478,4524,4305,5881,5532,4405,1979,6700,6493,6168,3970,5646,6283,3668,2865,4751,2105,3877,3545,5720,3873,2550,7624,4253,2249,4938,6255,6569,1086,3846,3391,2096,3880,4196,6228,275,2352,2759,2578,2807,2672,2491,3724,6221,5905,5695,5811,5448,1211,8590
3072,6651,3620,3988,4558,3117,4163,260,3054,3936,3042,3408,5271,6723,2623,5950,3602,5751,4897,4267,2623,4434,5542,4762,3320,4074,4958,6848,2536,4004,1687,3959,4702,3451,3020,5478,4524,4305,5881,5523,4425,1979,6700,6493,6168,3970,5646,6283,3668,2865,4751,2105,3877,3545,5720,3873,2550,7624,4253,2249,4938,6255,6541,1086,3846,3391,2100,3880,4196,6228,274,2352,2759,2574,2807,2672,2491,3724,6221,5905,5685,5831,5448,1194,8627
3053,6651,3602,3970,4558,3117,4156,260,3054,3926,3048,3415,5281,6706,2623,5950,3602,5769,4887,4258,2593,4434,5542,4745,3320,4065,4979,6877,2536,4004,1687,3951,4702,3444,3020,5478,4524,4305,5881,5523,4425,1979,6695,6478,6168,3970,5626,6263,3675,2865,4773,2108,3903,3552,5720,3873,2550,7601,4270,2244,4948,6242,6558,1086,3868,3391,2096,3880,4196,6218,260,2352,2759,2574,2813,2672,2487,3724,6221,5894,5685,5819,5448,1194,8657
3053,6651,3602,3970,4558,3117,4156,260,3054,3926,3048,3415,5281,6706,2623,5950,3602,5769,4887,4258,2593,4434,5542,4745,3320,4065,4979,6877,2536,4004,1687,3951,4702,3444,3015,5455,4524,4305,5881,5544,4414,1993,6710,6493,6157,3970,5646,6283,3668,2869,4762,2126,3903,3545,5720,3867,2550,7601,4270,2244,4948,6255,6558,1086,3868,3391,2096,3880,4196,6218,260,2352,2759,2574,2813,2672,2487,3724,6221,5894,5685,5819,5448,1194,8672
3053,6651,3620,3988,4558,3138,4146,260,3047,3919,3048,3415,5281,6706,2623,5950,3602,5769,4887,4258,2593,4434,5542,4745,3320,4065,4979,6877,2536,4004,1687,3951,4702,3444,3015,5455,4524,4305,5881,5544,4414,1993,6710,6493,6157,3970,5646,6283,3668,2869,4762,2126,3903,3545,5720,3867,2550,7601,4270,2244,4948,6255,6552,1086,3868,3385,2096,3880,4205,6228,275,2352,2759,2583,2839,2698,2491,3724,6244,5912,5677,5811,5439,1194,8689
3053,6651,3620,3988,4558,3138,4146,260,3047,3919,3037,3395,5260,6706,2623,5950,3596,5762,4887,4258,2610,4434,5542,4762,3320,4045,4979,6877,2536,4004,1687,3951,4672,3444,3020,5478,4524,4305,5881,5523,4414,1979,6695,6515,6168,3988,5646,6283,3668,2869,4762,2126,3903,3545,5720,3867,2550,7601,4270,2244,4948,6255,6552,1086,3868,3385,2096,3880,4205,6228,275,2352,2759,2583,2839,2698,2491,3724,6244,5912,5677,5811,5439,1194,8706
3057,6628,3620,3970,4558,3110,4163,260,3047,3936,3042,3408,5292,6706,2623,5950,3596,5751,4887,4267,2610,4449,5542,4762,3320,4045,4979,6877,2536,4004,1687,3951,4672,3444,3020,5478,4524,4305,5881,5523,4414,1979,6695,6515,6168,3988,5646,6263,3668,2865,4751,2108,3896,3552,5699,3856,2550,7624,4245,2249,4938,6242,6569,1086,3868,3391,2115,3872,4205,6228,274,2352,2754,2578,2813,2672,2491,3724,6207,5922,5695,5811,5439,1194,8739
3057,6628,3620,3970,4558,3110,4163,260,3047,3936,3042,3408,5292,6706,2623,5950,3596,5751,4887,4267,2610,4449,5542,4754,3302,4045,4947,6860,2536,3995,1704,3951,4702,3423,3020,5478,4524,4305,5881,5576,4405,1996,6710,6515,6175,3988,5646,6276,3668,2865,4773,2105,3877,3545,5732,3873,2550,7624,4245,2249,4938,6242,6569,1086,3868,3391,2115,3872,4205,6228,274,2352,2754,2578,2813,2672,2491,3724,6207,5922,5695,5811,5439,1194,8756
3043,6651,3620,3988,4558,3131,4163,260,3054,3919,3024,3408,5271,6723,2623,5950,3602,5769,4877,4267,2606,4449,5542,4754,3320,4036,4968,6848,2536,4004,1687,3951,4702,3451,3020,5455,4524,4305,5881,5576,4405,1996,6710,6515,6175,3988,5646,6276,3668,2865,4773,2105,3877,3545,5732,3873,2550,7624,4263,2244,4938,6242,6552,1101,3868,3391,2096,3880,4225,6211,275,2352,2754,2578,2813,2672,2508,3739,6221,5912,5695,5811,5439,1211,8789
3057,6651,3614,3970,4537,3131,4146,260,3054,3912,3042,3381,5260,6695,2619,5950,3602,5751,4877,4267,2606,4449,5542,4754,3320,4036,4968,6848,2536,4004,1687,3951,4702,3451,3020,5455,4524,4305,5881,5512,4414,1993,6710,6515,6168,3970,5646,6276,3686,2865,4773,2108,3896,3552,5720,3867,2550,7624,4253,2263,4938,6255,6558,1086,3868,3385,2096,3880,4217,6228,275,2352,2759,2578,2839,2698,2487,3724,6221,5905,5695,5831,5460,1194,8821
3057,6636,3614,3970,4537,3131,4146,260,3054,3912,3042,3381,5260,6695,2619,5950,3602,5751,4887,4258,2610,4434,5542,4762,3320,4065,4979,6860,2536,4004,1684,3951,4702,3451,3020,5478,4524,4298,5881,5564,4414,1979,6710,6493,6186,3970,5646,6263,3668,2869,4773,2108,3877,3559,5732,3873,2565,7601,4253,2244,4958,6234,6569,1086,3846,3391,2096,3888,4205,6228,275,2375,2759,2578,2839,2698,2508,3724,6207,5905,5695,5811,5439,1194,8856
3057,6636,3637,3988,4537,3138,4163,260,3054,3943,3055,3388,5260,6706,2623,5950,3602,5751,4917,4267,2627,4434,5542,4762,3320,4053,4958,6860,2536,4004,1687,3951,4691,3430,3020,5478,4524,4305,5892,5564,4435,1996,6695,6515,6168,3988,5658,6276,3686,2869,4773,2108,3896,3559,5732,3880,2550,7624,4245,2244,4948,6255,6569,1086,3868,3391,2096,3880,4196,6228,275,2375,2759,2578,2839,2698,2508,3724,6207,5905,5695,5811,5439,1194,8889
3057,6651,3644,3970,4558,3138,4146,260,3054,3919,3042,3388,5271,6706,2623,5950,3602,5751,4907,4246,2627,4434,5542,4780,3320,4074,4968,6860,2536,4004,1687,3959,4711,3451,3020,5463,4524,4305,5892,5564,4414,1979,6710,6493,6168,3970,5658,6276,3686,2865,4773,2108,3896,3559,5732,3880,2550,7624,4245,2244,4948,6255,6569,1086,3868,3391,2096,3880,4196,6228,275,2352,2771,2574,2833,2677,2508,3724,6221,5905,5695,5811,5460,1211,8923
3039,6613,3596,3951,4528,3104,4129,246,3024,3894,3018,3388,5240,6695,2604,5927,3578,5769,4897,4246,2632,4434,5565,4762,3320,4065,4979,6860,2536,3981,1687,3959,4711,3451,3020,5463,4524,4305,5892,5564,4414,1979,6710,6493,6168,3970,5658,6276,3686,2865,4773,2126,3896,3552,5720,3880,2550,7607,4253,2244,4948,6255,6569,1086,3868,3391,2100,3880,4196,6201,260,2325,2754,2560,2813,2672,2487,3699,6185,5877,5666,5778,5395,1175,8956
3039,6613,3596,3951,4528,3104,4129,246,3024,3894,3018,3388,5240,6695,2604,5927,3578,5769,4897,4246,2632,4434,5565,4762,3320,4065,4979,6860,2536,3981,1666,3951,4702,3451,3020,5492,4547,4323,5881,5564,4414,1996,6710,6493,6186,3988,5646,6263,3668,2869,4751,2105,3877,3559,5732,3873,2550,7601,4253,2244,4948,6234,6569,1086,3846,3409,2100,3880,4196,6201,260,2325,2754,2560,2813,2672,2487,3699,6185,5877,5666,5778,5395,1175,8973
3053,6651,3637,3988,4588,3131,4163,260,3054,3936,3042,3395,5271,6706,2612,5950,3602,5759,4887,4246,2610,4434,5542,4780,3327,4074,4968,6877,2536,4004,1687,3951,4702,3451,3020,5478,4535,4305,5881,5576,4414,1979,6710,6493,6186,3988,5658,6276,3668,2869,4751,2105,3877,3559,5732,3873,2550,7601,4253,2244,4948,6234,6569,1086,3846,3409,2092,3888,4205,6228,275,2352,2759,2578,2813,2698,2508,3739,6221,5922,5695,5823,5460,1211,9006
3057,6628,3637,3970,4558,3131,4163,260,3054,3936,3042,3395,5292,6723,2608,5950,3602,5769,4887,4267,2627,4449,5542,4762,3327,4074,4979,6871,2536,3981,1687,3951,4711,3451,3020,5478,4535,4305,5881,5576,4414,1979,6710,6493,6186,3988,5658,6276,3668,2869,4762,2108,3896,3552,5732,3873,2550,7624,4253,2244,4958,6255,6581,1086,3891,3415,2115,3880,4205,6228,275,2352,2776,2597,2813,2698,2491,3724,6221,5922,5685,5811,5439,1211,9039
3057,6628,3637,3970,4558,3131,4163,260,3054,3936,3042,3395,5292,6723,2608,5950,3602,5769,4887,4267,2627,4449,5542,4762,3327,4074,4979,6871,2536,3981,1687,3951,4711,3451,3015,5478,4524,4313,5899,5564,4435,1979,6710,6501,6168,3977,5637,6255,3668,2869,4773,2108,3877,3552,5732,3880,2550,7601,4253,2249,4938,6242,6569,1086,3868,3397,2115,3880,4205,6228,275,2352,2776,2597,2813,2698,2491,3724,6221,5922,5685,5811,5439,1211,9056
3057,6628,3637,3988,4567,3131,4163,260,3054,3926,3037,3388,5292,6706,2623,5950,3609,5769,4897,4267,2627,4428,5542,4745,3302,4036,4947,6860,2536,3981,1690,3951,4702,3444,3025,5478,4514,4313,5892,5523,4425,1996,6710,6515,6179,3988,5637,6255,3668,2869,4773,2108,3877,3552,5732,3880,2550,7601,4253,2249,4938,6242,6569,1086,3868,3397,2092,3880,4205,6228,275,2352,2764,2578,2833,2677,2491,3724,6221,5940,5695,5823,5439,1211,9089
3057,6628,3637,3988,4567,3131,4163,260,3054,3926,3037,3388,5292,6706,2623,5950,3609,5769,4897,4267,2627,4428,5542,4745,3302,4036,4947,6860,2536,3981,1690,3951,4702,3444,3025,5478,4514,4313,5892,5523,4425,1996,6710,6515,6179,3988,5626,6276,3686,2869,4773,2112,3896,3552,5732,3880,2550,7601,4278,2244,4958,6255,6569,1086,3868,3397,2096,3880,4225,6228,260,2352,2764,2583,2813,2677,2491,3724,6221,5940,5695,5823,5439,1211,9106
3057,6628,3637,3970,4537,3138,4146,260,3054,3926,3048,3395,5271,6689,2608,5950,3609,5769,4887,4246,2632,4428,5565,4762,3314,4053,4979,6871,2536,4004,1687,3970,4711,3451,3020,5478,4524,4305,5881,5523,4405,1979,6710,6478,6161,3962,5646,6276,3692,2869,4773,2108,3896,3552,5732,3856,2550,7601,4253,2244,4948,6255,6569,1086,3868,3397,2096,3880,4225,6228,260,2352,2764,2583,2813,2677,2491,3724,6221,5957,5677,5811,5427,1213,9138
3057,6628,3637,3951,4558,3117,4153,260,3076,3926,3048,3395,5271,6689,2608,5950,3609,5769,4887,4246,2632,4428,5565,4762,3314,4053,4979,6871,2536,4004,1687,3970,4711,3451,3020,5478,4524,4305,5881,5523,4405,1979,6710,6478,6161,3962,5646,6276,3692,2869,4773,2108,3896,3552,5732,3856,2550,7601,4253,2244,4948,6255,6552,1086,3868,3397,2092,3888,4217,6228,275,2352,2759,2578,2818,2698,2491,3724,6199,5968,5685,5811,5439,1211,9156
3057,6628,3637,3951,4558,3117,4153,260,3076,3926,3042,3395,5271,6706,2608,5936,3602,5780,4887,4258,2627,4434,5565,4762,3327,4074,4979,6871,2536,3981,1672,3959,4702,3451,3020,5478,4524,4313,5892,5534,4435,1979,6710,6478,6161,3962,5646,6276,3692,2869,4773,2108,3896,3552,5732,3856,2550,7601,4253,2244,4948,6255,6552,1086,3868,3397,2092,3888,4217,6228,275,2352,2759,2578,2818,2698,2491,3724,6199,5968,5685,5811,5439,1211,9173
3057,6628,3637,3951,4558,3117,4153,260,3076,3926,3042,3395,5271,6706,2608,5936,3602,5780,4887,4258,2627,4434,5565,4762,3327,4074,4979,6871,2536,3981,1672,3959,4702,3451,3020,5478,4524,4313,5892,5534,4435,1979,6695,6493,6179,3988,5658,6276,3692,2869,4773,2130,3903,3580,5732,3873,2536,7624,4260,2249,4948,6255,6552,1086,3868,3397,2100,3888,4196,6228,260,2352,2781,2620,2818,2698,2491,3724,6199,5968,5685,5811,5439,1211,9188
3057,6651,3644,4007,4558,3138,4146,260,3054,3926,3066,3388,5271,6717,2623,5950,3609,5780,4887,4246,2627,4449,5542,4753,3327,4065,4979,6871,2536,3981,1672,3959,4702,3451,3020,5478,4524,4313,5892,5534,4435,1979,6695,6493,6179,3988,5658,6276,3692,2869,4773,2130,3903,3580,5732,3873,2536,7624,4260,2249,4948,6255,6552,1086,3868,3397,2100,3888,4196,6228,260,2352,2781,2620,2813,2693,2508,3724,6221,5968,5687,5811,5439,1196,9206
3057,6651,3644,3951,4558,3138,4146,260,3054,3926,3066,3388,5271,6717,2623,5950,3609,5780,4887,4246,2627,4449,5542,4753,3327,4065,4968,6860,2532,4004,1672,3959,4702,3451,3020,5470,4514,4313,5892,5523,4414,1982,6710,6515,6179,3996,5658,6276,3668,2869,4773,2112,3903,3552,5732,3873,2547,7624,4260,2249,4948,6255,6552,1086,3868,3409,2100,3880,4205,6228,275,2352,2764,2583,2818,2677,2508,3719,6221,5968,5687,5799,5439,1211,9237
3057,6651,3644,3951,4558,3138,4146,260,3054,3926,3066,3388,5303,6706,2623,5950,3591,5762,4907,4267,2645,4449,5542,4771,3308,4074,4979,6860,2536,4004,1690,3959,4702,3430,3020,5478,4524,4313,5892,5544,4414,1982,6710,6515,6179,3977,5646,6276,3668,2869,4773,2112,3903,3552,5732,3856,2550,7624,4268,2249,4938,6255,6552,1086,3891,3397,2100,3880,4205,6228,275,2352,2764,2583,2818,2677,2508,3719,6221,5968,5687,5799,5439,1211,9272
3062,6651,3644,3996,4537,3152,4163,260,3054,3926,3066,3388,5271,6706,2623,5950,3609,5780,4897,4246,2627,4449,5530,4753,3327,4065,4968,6860,2554,4004,1690,3959,4702,3423,3020,5478,4524,4313,5881,5523,4423,1982,6710,6515,6168,3996,5658,6276,3668,2869,4773,2112,3884,3559,5732,3856,2550,7624,4268,2249,4938,6255,6552,1086,3891,3397,2096,3872,4225,6239,275,2352,2764,2583,2839,2698,2491,3724,6199,5985,5669,5823,5439,1194,9306
3057,6651,3644,3996,4558,3138,4163,260,3054,3926,3066,3388,5271,6706,2623,5950,3609,5780,4897,4246,2627,4449,5530,4753,3327,4065,4968,6860,2554,4004,1690,3959,4702,3423,3020,5478,4524,4313,5881,5523,4423,1982,6710,6515,6168,3996,5658,6276,3668,2869,4773,2112,3884,3559,5720,3856,2550,7607,4260,2249,4948,6255,6569,1086,3891,3397,2081,3888,4225,6211,275,2352,2781,2620,2833,2698,2491,3719,6199,6003,5687,5843,5448,1211,9323
3057,6651,3644,3996,4558,3138,4146,260,3054,3926,3066,3388,5303,6706,2623,5950,3615,5780,4907,4267,2632,4434,5542,4753,3320,4065,4979,6871,2536,3981,1690,3959,4702,3430,3025,5486,4524,4313,5881,5523,4423,1982,6710,6515,6168,3996,5658,6276,3668,2869,4773,2112,3884,3559,5720,3856,2550,7607,4260,2249,4948,6255,6569,1086,3891,3397,2081,3888,4225,6211,275,2352,2781,2620,2833,2698,2491,3719,6199,6003,5687,5843,5448,1211,9339
3057,6651,3644,3996,4558,3138,4146,260,3054,3926,3066,3388,5303,6706,2623,5950,3615,5780,4907,4267,2632,4434,5542,4753,3320,4065,4979,6871,2536,3981,1690,3959,4702,3430,3025,5486,4524,4313,5881,5555,4414,1979,6710,6493,6179,3996,5658,6276,3668,2873,4773,2116,3884,3552,5732,3873,2550,7601,4260,2244,4958,6255,6581,1086,3891,3403,2100,3888,4225,6239,275,2347,2764,2620,2833,2698,2491,3719,6199,6003,5687,5843,5448,1211,9357
3057,6628,3644,3988,4558,3138,4153,260,3054,3943,3085,3415,5292,6706,2608,5950,3609,5780,4907,4267,2632,4434,5542,4753,3320,4065,4979,6871,2536,3981,1690,3959,4702,3430,3025,5486,4524,4313,5881,5555,4414,1979,6710,6493,6179,3996,5658,6276,3668,2873,4773,2116,3884,3552,5732,3873,2550,7601,4260,2244,4958,6255,6581,1086,3891,3403,2100,3888,4225,6239,275,2347,2764,2620,2833,2677,2495,3724,6199,6003,5677,5811,5439,1194,9373
3057,6628,3644,3988,4558,3138,4153,260,3054,3943,3085,3415,5292,6706,2608,5950,3609,5780,4887,4267,2632,4434,5542,4761,3327,4065,4979,6871,2536,3981,1672,3959,4702,3451,3025,5470,4524,4320,5892,5534,4414,1982,6710,6493,6190,3996,5658,6276,3692,2869,4751,2116,3884,3552,5732,3856,2550,7624,4260,2249,4948,6255,6581,1086,3868,3397,2100,3888,4205,6239,260,2352,2786,2620,2839,2698,2512,3724,6176,6049,5669,5823,5439,1194,9404
3057,6651,3650,3977,4547,3138,4153,260,3054,3950,3085,3388,5292,6717,2608,5950,3621,5780,4887,4267,2649,4434,5542,4779,3308,4065,4958,6871,2536,3981,1696,3959,4711,3430,3025,5463,4524,4313,5881,5523,4393,2000,6695,6493,6161,3996,5646,6276,3692,2869,4773,2116,3903,3552,5732,3880,2536,7624,4268,2244,4948,6255,6581,1086,3891,3409,2096,3888,4225,6239,260,2352,2786,2620,2839,2698,2512,3724,6176,6049,5669,5823,5439,1211,9439
3057,6628,3650,3977,4558,3158,4153,260,3054,3950,3079,3388,5292,6717,2608,5950,3621,5780,4887,4267,2649,4434,5542,4779,3308,4065,4958,6871,2536,3981,1696,3959,4711,3430,3025,5463,4524,4313,5881,5523,4393,2000,6695,6493,6161,3996,5646,6276,3692,2869,4773,2116,3903,3552,5732,3880,2536,7624,4268,2244,4948,6255,6581,1086,3891,3409,2096,3888,4225,6239,275,2352,2786,2620,2813,2677,2495,3724,6199,6049,5687,5823,5439,1213,9455
3057,6628,3650,3977,4558,3158,4153,260,3054,3950,3079,3388,5292,6717,2619,5950,3609,5769,4887,4246,2632,4428,5542,4761,3320,4074,4958,6854,2536,3981,1693,3951,4702,3451,3020,5478,4524,4320,5881,5534,4414,1982,6695,6493,6190,3988,5646,6276,3681,2869,4773,2102,3884,3559,5732,3856,2536,7601,4242,2244,4938,6234,6552,1085,3868,3403,2096,3880,4205,6228,275,2352,2781,2615,2833,2698,2512,3730,6199,6060,5658,5811,5439,1213,9488
3053,6628,3633,3970,4547,3138,4153,260,3054,3968,3079,3388,5283,6717,2608,5950,3597,5751,4876,4246,2636,4434,5565,4761,3308,4053,4979,6854,2536,4004,1693,3951,4702,3451,3020,5478,4524,4320,5881,5534,4414,1982,6695,6493,6190,3988,5646,6276,3681,2869,4773,2102,3884,3559,5732,3856,2536,7601,4242,2244,4938,6234,6552,1085,3868,3403,2096,3880,4205,6228,275,2352,2781,2615,2833,2698,2512,3730,6199,6060,5658,5811,5418,1213,9506
3053,6628,3633,3970,4547,3138,4153,260,3054,3968,3079,3388,5283,6717,2608,5950,3597,5751,4876,4246,2636,4434,5565,4761,3308,4053,4979,6854,2536,4004,1675,3959,4702,3430,3008,5478,4524,4320,5892,5523,4414,1982,6710,6493,6190,3988,5658,6255,3675,2869,4773,2116,3896,3552,5732,3863,2550,7601,4268,2249,4948,6268,6552,1085,3868,3403,2096,3880,4205,6228,275,2352,2781,2615,2833,2698,2512,3730,6199,6060,5658,5811,5418,1213,9528
3057,6651,3633,3977,4567,3138,4170,260,3031,3950,3079,3388,5271,6717,2608,5936,3615,5751,4897,4267,2632,4449,5565,4761,3308,4053,4979,6854,2536,4004,1675,3959,4702,3430,3008,5478,4524,4320,5892,5523,4414,1982,6710,6493,6190,3988,5658,6255,3675,2869,4773,2116,3896,3552,5732,3863,2550,7601,4268,2249,4948,6268,6581,1086,3914,3403,2096,3888,4205,6239,275,2352,2768,2620,2813,2677,2495,3724,6176,6049,5669,5811,5418,1213,9540
3043,6628,3633,3977,4567,3138,4170,260,3031,3950,3079,3388,5271,6717,2608,5936,3615,5751,4897,4267,2632,4449,5542,4770,3345,4057,4979,6871,2536,3981,1675,3959,4711,3459,3025,5463,4524,4320,5892,5523,4414,1982,6710,6493,6190,3988,5646,6276,3675,2869,4751,2120,3884,3559,5732,3886,2550,7624,4268,2249,4958,6268,6581,1086,3914,3421,2100,3880,4225,6239,275,2352,2804,2657,2813,2698,2512,3724,6176,6067,5658,5811,5439,1213,9573
3043,6628,3650,3977,4547,3158,4146,260,3061,3975,3098,3408,5271,6717,2623,5950,3615,5780,4876,4246,2632,4449,5542,4752,3320,4065,4958,6854,2532,3990,1678,3959,4702,3451,3025,5478,4524,4310,5892,5523,4414,1982,6710,6493,6183,3996,5646,6276,3692,2869,4751,2120,3884,3559,5732,3886,2550,7624,4268,2249,4958,6268,6581,1086,3914,3421,2100,3880,4225,6239,275,2352,2804,2657,2813,2698,2512,3724,6176,6067,5658,5811,5439,1213,9599
3057,6651,3657,3977,4558,3138,4153,260,3054,3957,3085,3408,5292,6717,2623,5950,3615,5762,4887,4246,2627,4449,5542,4770,3327,4074,4958,6854,2532,3990,1678,3959,4702,3451,3025,5478,4524,4310,5892,5523,4414,1982,6710,6493,6183,3996,5646,6276,3692,2869,4773,2120,3884,3552,5732,3880,2550,7601,4257,2249,4948,6234,6581,1086,3914,3409,2100,3880,4205,6222,260,2352,2809,2657,2839,2698,2512,3724,6190,6077,5669,5811,5439,1213,9623
3057,6651,3657,3977,4558,3138,4153,260,3054,3957,3085,3408,5292,6717,2623,5950,3615,5762,4887,4246,2627,4449,5542,4770,3327,4074,4979,6871,2536,3981,1678,3959,4711,3451,3025,5463,4524,4320,5881,5585,4414,1982,6695,6493,6166,3996,5626,6276,3675,2869,4773,2102,3896,3552,5732,3873,2550,7624,4257,2244,4948,6255,6581,1085,3891,3403,2096,3880,4205,6211,260,2352,2804,2639,2833,2698,2512,3719,6190,6077,5669,5811,5439,1213,9659
3053,6651,3657,3977,4558,3138,4153,260,3031,3932,3079,3415,5303,6717,2608,5950,3621,5762,4866,4267,2632,4449,5542,4770,3283,4065,4979,6871,2536,4004,1678,3959,4711,3451,3025,5463,4524,4320,5881,5585,4414,1982,6695,6493,6166,3996,5626,6276,3675,2869,4773,2102,3896,3552,5732,3873,2550,7624,4257,2244,4948,6255,6581,1085,3891,3403,2096,3880,4205,6211,260,2352,2804,2639,2833,2698,2512,3719,6139,6049,5640,5790,5418,1213,9673
3053,6651,3657,3977,4558,3138,4153,260,3031,3932,3079,3415,5303,6717,2608,5950,3621,5762,4866,4267,2632,4449,5542,4770,3283,4065,4979,6871,2536,4004,1675,3959,4702,3451,3025,5463,4524,4310,5892,5555,4414,1982,6695,6493,6183,3996,5658,6276,3698,2869,4751,2120,3903,3559,5732,3886,2547,7601,4257,2244,4948,6255,6581,1085,3891,3403,2096,3880,4205,6211,260,2352,2804,2639,2833,2698,2512,3719,6139,6049,5640,5790,5418,1213,9679
3057,6628,3650,3977,4537,3138,4153,260,3031,3932,3079,3415,5303,6717,2608,5950,3621,5762,4866,4267,2632,4449,5542,4770,3283,4065,4979,6871,2536,4004,1675,3959,4702,3451,3025,5463,4524,4310,5892,5555,4414,1982,6695,6493,6183,3996,5658,6276,3698,2869,4751,2120,3903,3559,5732,3886,2547,7601,4275,2244,4948,6255,6569,1085,3891,3409,2100,3880,4225,6239,275,2352,2826,2671,2839,2677,2495,3719,6176,6077,5669,5811,5439,1213,9707
3057,6628,3650,3977,4537,3138,4153,260,3054,3957,3085,3388,5292,6717,2623,5950,3610,5751,4866,4267,2632,4442,5542,4770,3302,4065,4958,6854,2536,3972,1678,3959,4702,3430,3003,5449,4524,4310,5892,5523,4414,1982,6710,6515,6194,3988,5637,6255,3668,2865,4751,2102,3877,3559,5732,3880,2536,7624,4257,2244,4948,6255,6581,1086,3914,3409,2100,3880,4225,6211,274,2352,2809,2657,2839,2677,2495,3719,6176,6077,5669,5811,5439,1213,9740
3053,6628,3692,3959,4537,3158,4153,260,3047,3957,3085,3395,5292,6735,2623,5950,3604,5751,4887,4246,2632,4449,5542,4761,3327,4074,4958,6871,2536,3981,1681,3959,4702,3430,3025,5455,4524,4318,5892,5564,4405,1982,6710,6515,6176,3988,5646,6255,3668,2869,4751,2102,3877,3552,5732,3863,2536,7601,4257,2244,4948,6255,6581,1086,3914,3409,2100,3880,4225,6211,274,2352,2809,2657,2833,2698,2491,3724,6176,6060,5650,5811,5439,1213,9772
3057,6628,3723,3970,4558,3158,4153,260,3054,3964,3085,3388,5271,6700,2623,5950,3610,5762,4876,4246,2615,4434,5542,4761,3308,4065,4958,6871,2536,3990,1681,3959,4681,3430,3025,5478,4524,4318,5892,5564,4405,1982,6710,6515,6176,3988,5646,6255,3668,2869,4751,2102,3877,3552,5732,3863,2536,7601,4265,2244,4948,6255,6564,1086,3914,3415,2096,3880,4205,6222,275,2352,2814,2657,2839,2677,2491,3724,6176,6088,5669,5799,5418,1211,9806
3057,6628,3723,3970,4558,3158,4153,260,3054,3964,3085,3388,5271,6700,2623,5950,3610,5762,4876,4246,2615,4434,5542,4761,3308,4065,4958,6871,2536,3990,1681,3959,4681,3430,3025,5478,4524,4318,5881,5512,4414,1982,6710,6493,6176,3996,5646,6276,3692,2869,4773,2123,3884,3552,5732,3869,2550,7624,4273,2249,4948,6255,6581,1086,3891,3398,2100,3880,4205,6222,275,2352,2814,2657,2839,2677,2491,3724,6176,6088,5669,5799,5418,1211,9822
3057,6628,3752,3959,4537,3138,4153,260,3031,3982,3085,3408,5292,6717,2619,5950,3599,5780,4876,4246,2615,4434,5542,4761,3308,4065,4958,6871,2536,3990,1681,3959,4681,3430,3025,5478,4524,4318,5881,5512,4414,1982,6710,6493,6176,3996,5646,6276,3692,2869,4773,2123,3884,3552,5732,3869,2550,7624,4273,2249,4948,6255,6581,1086,3891,3398,2100,3880,4205,6222,260,2330,2801,2676,2833,2698,2512,3724,6176,6053,5669,5811,5418,1213,9839
3057,6628,3752,3959,4537,3138,4153,260,3031,3982,3085,3408,5292,6717,2619,5950,3599,5780,4877,4246,2632,4449,5542,4769,3308,4045,4958,6854,2532,3981,1681,3951,4681,3430,3020,5455,4502,4318,5892,5523,4414,1982,6695,6493,6187,3996,5646,6255,3675,2865,4773,2106,3884,3552,5732,3869,2550,7624,4273,2249,4948,6255,6581,1086,3891,3398,2100,3880,4205,6222,260,2330,2801,2676,2833,2698,2512,3724,6176,6053,5669,5811,5418,1213,9856
3053,6628,3758,3959,4537,3138,4143,260,3031,3989,3085,3408,5292,6717,2623,5950,3599,5762,4876,4246,2615,4442,5542,4769,3308,4045,4958,6854,2536,3981,1684,3959,4702,3451,3020,5455,4502,4318,5892,5523,4414,1982,6695,6493,6187,3996,5646,6255,3675,2865,4773,2106,3884,3552,5720,3880,2532,7601,4255,2249,4948,6255,6581,1086,3891,3404,2096,3880,4225,6222,260,2375,2819,2671,2833,2672,2495,3724,6190,6063,5669,5823,5418,1215,9889
3053,6628,3758,3959,4537,3138,4143,260,3031,3989,3085,3408,5292,6717,2623,5950,3599,5762,4876,4246,2615,4442,5542,4769,3308,4045,4958,6854,2536,3981,1684,3959,4702,3451,3020,5455,4524,4341,5892,5534,4414,2000,6710,6493,6187,4014,5658,6255,3675,2865,4784,2113,3891,3559,5732,3863,2536,7641,4255,2249,4948,6268,6581,1086,3891,3410,2096,3880,4225,6222,260,2375,2819,2671,2833,2672,2495,3724,6190,6063,5669,5823,5418,1215,9908
3043,6583,4017,3940,4547,3138,4153,260,3054,3971,3104,3415,5292,6729,2619,5950,3605,5762,4876,4246,2615,4442,5542,4769,3308,4045,4958,6854,2536,3981,1684,3959,4702,3451,3020,5455,4524,4341,5892,5534,4414,2000,6710,6493,6187,4014,5658,6255,3675,2865,4784,2113,3891,3559,5732,3863,2536,7641,4255,2249,4948,6268,6581,1086,3891,3410,2096,3888,4225,6211,260,2352,2824,2676,2839,2698,2495,3724,6190,6081,5669,5811,5418,1213,9923
3043,6583,4017,3940,4547,3138,4153,260,3054,3971,3104,3415,5292,6729,2619,5950,3605,5762,4887,4267,2649,4449,5565,4767,3327,4065,4989,6854,2532,3981,1681,3977,4702,3430,3025,5455,4524,4311,5892,5534,4414,2003,6695,6493,6189,4014,5646,6255,3675,2869,4784,2113,3891,3559,5732,3863,2536,7641,4255,2249,4948,6268,6581,1086,3891,3410,2096,3888,4225,6211,260,2352,2824,2676,2839,2698,2495,3724,6190,6081,5669,5811,5418,1213,9942
3043,6583,4096,3921,4547,3138,4153,260,3054,3996,3085,3395,5292,6717,2619,5963,3620,5762,4887,4276,2632,4449,5542,4767,3302,4053,4979,6871,2536,4004,1681,3977,4702,3430,3025,5455,4524,4311,5892,5534,4414,2003,6695,6493,6189,4014,5646,6255,3675,2869,4773,2096,3884,3552,5753,3863,2536,7624,4247,2249,4948,6255,6581,1086,3914,3405,2100,3880,4234,6250,275,2352,2826,2708,2833,2698,2512,3719,6199,6111,5669,5823,5439,1213,9972
3057,6583,4139,3921,4537,3138,4153,246,3054,4021,3085,3395,5292,6717,2619,5963,3620,5762,4887,4276,2632,4449,5542,4767,3302,4053,4979,6871,2536,4004,1681,3959,4702,3451,3025,5463,4524,4311,5892,5596,4444,2000,6710,6493,6200,4014,5646,6255,3692,2869,4751,2114,3884,3559,5732,3863,2518,7624,4265,2249,4948,6255,6564,1086,3914,3398,2118,3880,4225,6222,274,2352,2831,2713,2839,2698,2495,3724,6176,6093,5669,5811,5418,1215,9997
3057,6583,4139,3921,4537,3138,4153,246,3054,4021,3122,3388,5292,6717,2619,5963,3626,5762,4897,4246,2632,4442,5578,4767,3308,4045,4979,6871,2536,4004,1684,3966,4711,3430,3025,5455,4524,4326,5892,5585,4414,2000,6685,6493,6193,3996,5646,6255,3692,2869,4751,2114,3884,3559,5732,3863,2518,7624,4265,2249,4948,6255,6564,1086,3914,3398,2118,3880,4225,6222,274,2352,2831,2713,2839,2698,2495,3724,6176,6093,5669,5811,5418,1215,10022
3039,6538,4201,3903,4517,3138,4143,260,3031,4021,3104,3415,5271,6717,2619,5950,3608,5780,4887,4267,2632,4442,5542,4775,3308,4045,4979,6871,2536,4004,1684,3966,4711,3430,3025,5455,4524,4326,5892,5585,4414,2000,6685,6493,6193,3996,5635,6255,3675,2850,4773,2096,3866,3559,5744,3856,2521,7624,4254,2249,4948,6255,6564,1085,3891,3393,2100,3880,4225,6222,260,2352,2813,2708,2833,2698,2512,3719,6176,6086,5669,5811,5439,1211,10056
3043,6538,4219,3884,4547,3138,4136,260,3031,4021,3104,3415,5271,6717,2619,5950,3608,5780,4887,4267,2632,4442,5542,4775,3308,4045,4958,6854,2532,3981,1669,3959,4711,3451,3025,5441,4502,4308,5862,5576,4414,2000,6685,6507,6205,4014,5658,6255,3698,2865,4784,2100,3884,3559,5732,3869,2532,7641,4254,2249,4958,6255,6581,1085,3900,3393,2100,3880,4225,6250,274,2375,2836,2713,2833,2677,2495,3724,6190,6104,5669,5811,5439,1211,10090
3043,6538,4219,3884,4547,3138,4136,260,3031,4021,3104,3408,5292,6717,2619,5927,3608,5762,4887,4246,2632,4442,5555,4757,3327,4065,4968,6871,2532,3981,1669,3959,4702,3451,3025,5463,4524,4316,5903,5523,4444,2000,6685,6507,6205,4033,5646,6255,3692,2865,4761,2118,3884,3552,5732,3863,2518,7601,4254,2249,4958,6255,6592,1085,3891,3399,2100,3880,4205,6205,274,2352,2841,2737,2860,2698,2517,3724,6176,6115,5661,5811,5439,1211,10123
3039,6561,4244,3903,4517,3138,4160,260,3054,4028,3104,3408,5292,6729,2604,5950,3608,5762,4887,4267,2632,4449,5542,4775,3308,4045,4958,6866,2532,4013,1672,3959,4711,3430,3008,5455,4524,4308,5873,5523,4414,1982,6685,6515,6175,4014,5646,6255,3692,2865,4761,2118,3884,3552,5732,3863,2518,7601,4254,2249,4958,6255,6592,1085,3891,3399,2100,3880,4205,6205,274,2352,2841,2737,2860,2698,2517,3724,6176,6115,5661,5811,5439,1213,10149
3043,6553,4219,3921,4517,3110,4160,260,3054,4028,3104,3408,5292,6729,2604,5950,3608,5762,4887,4267,2632,4449,5542,4775,3308,4045,4958,6866,2532,4013,1672,3959,4711,3430,3008,5455,4524,4308,5873,5523,4414,1982,6685,6515,6175,4014,5646,6255,3675,2850,4773,2100,3884,3552,5732,3863,2518,7624,4262,2249,4948,6234,6592,1085,3914,3399,2104,3888,4205,6222,260,2358,2823,2713,2833,2698,2495,3719,6176,6104,5650,5811,5439,1215,10173
3043,6553,4219,3921,4517,3110,4129,260,3061,4003,3104,3395,5292,6729,2615,5950,3615,5754,4887,4267,2636,4442,5578,4766,3308,4045,4979,6871,2532,3981,1672,3959,4702,3451,3013,5455,4524,4316,5862,5534,4393,2000,6685,6493,6205,4014,5658,6255,3675,2850,4784,2100,3903,3559,5732,3869,2518,7619,4262,2249,4938,6255,6564,1085,3891,3399,2100,3880,4205,6250,260,2358,2823,2713,2833,2698,2495,3719,6176,6104,5650,5811,5439,1215,10206
3039,6538,4244,3896,4526,3138,4136,260,3061,4010,3104,3388,5283,6729,2619,5950,3615,5780,4887,4246,2632,4457,5542,4766,3302,4053,4958,6866,2532,4013,1672,3959,4702,3451,3025,5455,4502,4298,5892,5512,4393,1986,6695,6493,6175,4014,5646,6255,3681,2865,4751,2104,3884,3559,5732,3869,2518,7619,4262,2249,4938,6255,6564,1085,3891,3399,2100,3880,4205,6250,274,2352,2859,2769,2833,2698,2500,3724,6176,6115,5650,5811,5418,1215,10239
3039,6538,4244,3896,4526,3138,4136,260,3061,4010,3104,3388,5283,6729,2619,5950,3615,5780,4887,4246,2632,4457,5542,4766,3302,4053,4958,6866,2532,4013,1672,3959,4702,3451,3025,5455,4502,4298,5892,5512,4393,1986,6695,6493,6175,4014,5646,6255,3681,2865,4751,2104,3884,3559,5732,3863,2521,7601,4262,2249,4948,6255,6581,1085,3914,3399,2096,3880,4234,6222,260,2352,2818,2732,2833,2698,2495,3724,6176,6115,5650,5823,5439,1213,10256
3039,6538,4226,3884,4487,3117,4136,260,3054,4028,3085,3415,5271,6700,2604,5963,3615,5762,4897,4276,2632,4442,5542,4766,3308,4074,4958,6854,2532,4004,1672,3951,4702,3451,3030,5455,4502,4316,5892,5512,4393,1986,6695,6493,6175,4014,5646,6255,3681,2865,4751,2104,3884,3559,5732,3863,2521,7601,4262,2249,4948,6255,6581,1085,3914,3399,2096,3880,4234,6222,260,2352,2818,2732,2833,2698,2495,3724,6176,6115,5650,5823,5439,1213,10273
3039,6538,4244,3858,4537,3138,4136,260,3031,4010,3104,3408,5271,6717,2623,5950,3615,5762,4897,4276,2632,4442,5542,4766,3308,4074,4958,6854,2532,4004,1672,3951,4702,3451,3030,5455,4502,4316,5881,5544,4414,2000,6685,6515,6187,4014,5658,6276,3681,2865,4751,2122,3903,3552,5732,3863,2532,7619,4262,2244,4958,6268,6592,1085,3900,3399,2100,3880,4225,6239,274,2358,2859,2750,2839,2704,2517,3724,6176,6115,5650,5790,5418,1213,10305
3039,6538,4244,3858,4537,3138,4136,260,3031,4010,3104,3408,5271,6717,2623,5950,3615,5762,4887,4246,2649,4442,5565,4766,3308,4045,4979,6866,2536,4004,1672,3959,4711,3438,3013,5463,4524,4308,5892,5555,4414,1982,6685,6493,6205,4007,5646,6255,3675,2850,4773,2104,3884,3552,5732,3863,2521,7601,4262,2249,4948,6255,6592,1085,3900,3399,2100,3880,4225,6239,274,2358,2859,2750,2839,2704,2517,3724,6176,6115,5650,5790,5418,1213,10324
3039,6538,4244,3858,4537,3138,4136,260,3031,4010,3104,3408,5271,6717,2623,5950,3615,5762,4887,4246,2649,4442,5565,4766,3308,4045,4979,6866,2536,4004,1672,3959,4711,3438,3013,5463,4524,4308,5892,5555,4414,1982,6685,6493,6205,4007,5646,6255,3675,2850,4773,2104,3884,3552,5732,3863,2521,7601,4262,2249,4948,6255,6564,1070,3891,3399,2100,3888,4225,6205,274,2352,2823,2727,2839,2704,2512,3724,6176,6115,5669,5811,5418,1215,10341
3039,6538,4219,3866,4517,3138,4153,260,3031,4028,3085,3408,5271,6717,2619,5950,3615,5762,4887,4276,2666,4457,5542,4766,3308,4074,4947,6866,2532,3981,1690,3959,4681,3430,3013,5478,4524,4316,5881,5544,4423,2003,6695,6507,6205,4014,5646,6276,3675,2850,4784,2104,3877,3552,5720,3869,2518,7619,4262,2249,4948,6255,6564,1085,3891,3399,2100,3888,4225,6205,274,2352,2823,2727,2839,2704,2512,3724,6176,6115,5669,5811,5418,1215,10371
3039,6538,4236,3877,4517,3138,4136,246,3038,4010,3104,3388,5303,6712,2619,5941,3608,5751,4887,4246,2649,4442,5542,4757,3308,4045,4968,6854,2532,3990,1690,3959,4681,3430,3013,5455,4524,4316,5892,5534,4414,1982,6700,6493,6205,4014,5646,6276,3675,2850,4784,2104,3877,3552,5720,3869,2518,7619,4262,2249,4948,6255,6564,1085,3891,3399,2115,3880,4205,6239,274,2352,2836,2745,2833,2677,2491,3719,6176,6104,5650,5811,5418,1213,10408
3043,6538,4236,3877,4517,3138,4136,246,3038,4010,3104,3388,5303,6712,2619,5941,3608,5751,4887,4246,2649,4442,5542,4757,3308,4045,4968,6854,2532,3990,1690,3959,4681,3430,3013,5455,4524,4316,5892,5534,4414,1982,6700,6493,6205,4014,5646,6255,3675,2855,4784,2104,3877,3559,5732,3863,2518,7601,4262,2249,4948,6242,6592,1085,3877,3399,2100,3888,4225,6222,260,2380,2854,2769,2833,2698,2517,3719,6176,6133,5669,5790,5450,1213,10424
3043,6538,4244,3884,4526,3138,4143,260,3054,4028,3104,3415,5271,6729,2619,5950,3615,5762,4856,4246,2632,4449,5542,4766,3327,4065,4968,6854,2532,3981,1672,3959,4702,3430,3008,5455,4524,4316,5881,5534,4414,2003,6685,6493,6205,4033,5646,6276,3675,2865,4761,2122,3884,3559,5732,3863,2536,7601,4262,2249,4948,6242,6592,1085,3877,3399,2100,3888,4225,6222,260,2380,2854,2769,2833,2698,2517,3719,6176,6133,5669,5790,5450,1213,10448
3039,6561,4226,3884,4547,3138,4136,260,3031,4018,3104,3395,5292,6729,2619,5950,3615,5762,4856,4246,2632,4449,5542,4766,3327,4065,4968,6854,2532,3981,1672,3959,4702,3430,3008,5455,4524,4316,5881,5534,4414,2003,6685,6493,6205,4033,5646,6276,3675,2865,4761,2122,3884,3559,5732,3863,2536,7601,4262,2263,4948,6255,6581,1086,3891,3393,2100,3880,4234,6232,274,2380,2836,2732,2833,2704,2495,3724,6176,6115,5650,5811,5429,1213,10472
3039,6561,4226,3884,4547,3138,4136,260,3031,4018,3104,3395,5292,6729,2619,5963,3615,5762,4887,4267,2632,4442,5565,4766,3302,4053,4958,6854,2532,3990,1669,3959,4691,3438,3025,5463,4502,4316,5892,5523,4414,2003,6700,6507,6187,3996,5658,6276,3681,2869,4761,2122,3903,3552,5732,3869,2521,7624,4262,2249,4958,6255,6592,1086,3891,3399,2100,3888,4225,6232,274,2352,2841,2732,2833,2677,2512,3719,6176,6115,5650,5811,5429,1213,10507
3039,6553,4234,3877,4547,3138,4143,246,3031,4010,3104,3395,5292,6729,2619,5963,3621,5780,4897,4246,2654,4457,5555,4774,3308,4065,4958,6866,2532,4004,1669,3959,4691,3438,3025,5463,4502,4316,5892,5523,4414,2003,6700,6507,6187,3996,5658,6276,3681,2869,4761,2122,3903,3552,5732,3869,2521,7624,4262,2249,4958,6255,6592,1086,3891,3399,2100,3888,4225,6232,274,2352,2841,2732,2833,2677,2512,3719,6153,6162,5621,5811,5418,1215,10523
3039,6553,4223,3884,4526,3144,4136,260,3061,4007,3104,3395,5292,6729,2619,5963,3621,5780,4897,4246,2654,4457,5555,4774,3308,4065,4958,6866,2532,4004,1675,3951,4702,3430,3008,5455,4524,4332,5881,5523,4393,1986,6685,6493,6187,4014,5658,6268,3681,2850,4773,2108,3884,3559,5732,3886,2518,7619,4267,2249,4958,6268,6592,1085,3900,3411,2100,3880,4225,6222,274,2352,2924,2881,2833,2698,2500,3719,6167,6274,5631,5823,5418,1198,10555
3039,6553,4223,3884,4526,3144,4136,260,3061,4007,3079,3395,5292,6700,2623,5963,3610,5762,4866,4276,2654,4442,5555,4765,3308,4065,4958,6866,2536,3990,1678,3959,4702,3451,3013,5463,4524,4314,5892,5523,4414,2000,6661,6493,6191,4014,5646,6268,3681,2869,4751,2115,3884,3559,5732,3869,2518,7619,4241,2249,4958,6255,6581,1085,3922,3411,2100,3880,4213,6232,274,2352,2924,2881,2833,2698,2500,3719,6167,6274,5631,5823,5418,1198,10589
3039,6553,4241,3903,4547,3144,4160,260,3031,4007,3104,3415,5292,6717,2623,5950,3634,5762,4897,4267,2649,4442,5542,4773,3308,4057,4958,6866,2536,3990,1678,3959,4702,3451,3013,5463,4524,4314,5892,5523,4414,2000,6661,6493,6191,4014,5646,6268,3681,2869,4751,2115,3884,3559,5732,3869,2518,7619,4241,2249,4958,6255,6581,1085,3922,3411,2100,3880,4213,6232,274,2375,2911,2843,2833,2698,2495,3719,6167,6245,5642,5802,5429,1213,10609
3043,6538,4231,3884,4517,3117,4160,260,3031,4007,3104,3415,5292,6717,2623,5950,3634,5762,4897,4267,2649,4442,5542,4773,3308,4057,4958,6866,2532,3981,1678,3959,4711,3451,3025,5463,4535,4314,5892,5534,4414,2000,6695,6507,6173,4014,5658,6255,3675,2865,4761,2115,3891,3559,5732,3863,2536,7619,4241,2249,4948,6234,6592,1086,3922,3399,2100,3888,4225,6222,275,2352,2911,2881,2839,2698,2500,3719,6167,6292,5631,5790,5429,1213,10640
3043,6538,4231,3884,4517,3117,4136,260,3031,4014,3104,3408,5292,6729,2619,5941,3616,5762,4876,4255,2649,4449,5555,4755,3308,4053,4968,6866,2532,4004,1684,3959,4711,3451,3030,5455,4502,4329,5881,5523,4393,2000,6695,6507,6173,4014,5658,6255,3675,2865,4761,2115,3891,3559,5732,3863,2536,7619,4241,2249,4948,6234,6592,1086,3922,3399,2100,3888,4225,6222,275,2352,2911,2881,2839,2698,2500,3719,6167,6292,5631,5790,5429,1213,10657
3043,6538,4231,3884,4517,3117,4136,260,3031,4014,3104,3408,5292,6729,2619,5941,3616,5762,4876,4255,2649,4449,5555,4755,3308,4053,4968,6866,2532,4004,1684,3959,4711,3451,3030,5455,4502,4329,5881,5523,4393,2000,6661,6493,6184,4014,5658,6255,3675,2865,4784,2119,3884,3559,5744,3869,2536,7619,4249,2249,4948,6255,6592,1085,3922,3417,2100,3880,4234,6232,260,2375,2893,2843,2839,2698,2500,3719,6167,6292,5631,5790,5429,1213,10672
3039,6538,4231,3910,4526,3138,4136,260,3038,4014,3104,3415,5292,6717,2623,5963,3616,5762,4897,4246,2636,4449,5542,4782,3308,4053,4979,6854,2532,3990,1681,3959,4702,3451,3008,5455,4512,4303,5892,5534,4393,2000,6695,6507,6202,4033,5658,6255,3675,2869,4784,2137,3884,3559,5744,3869,2536,7619,4249,2249,4948,6255,6592,1085,3922,3417,2100,3880,4234,6232,260,2375,2893,2843,2833,2698,2495,3704,6145,6322,5631,5802,5418,1213,10706
3043,6553,4231,3910,4526,3138,4136,260,3038,4014,3104,3415,5292,6717,2623,5963,3616,5762,4897,4246,2636,4449,5542,4782,3308,4053,4979,6854,2532,3990,1681,3959,4702,3451,3008,5455,4512,4303,5892,5534,4393,2000,6695,6507,6202,4033,5658,6255,3675,2869,4784,2137,3884,3559,5753,3880,2536,7619,4257,2249,4958,6255,6581,1085,3914,3405,2100,3888,4234,6232,275,2380,2911,2843,2865,2725,2517,3724,6145,6322,5642,5802,5439,1213,10722
3043,6553,4231,3884,4547,3144,4136,260,3031,4021,3104,3415,5292,6717,2619,5963,3598,5762,4887,4267,2636,4449,5542,4764,3308,4053,4968,6854,2532,3990,1663,3959,4681,3451,3008,5455,4512,4303,5892,5534,4393,2000,6695,6507,6202,4033,5658,6255,3675,2869,4784,2137,3884,3559,5753,3880,2536,7619,4257,2249,4958,6255,6581,1085,3914,3405,2100,3888,4234,6232,275,2380,2911,2843,2865,2725,2517,3724,6145,6322,5642,5802,5439,1213,10739
3043,6553,4231,3884,4547,3144,4136,260,3031,4021,3104,3415,5292,6717,2619,5963,3598,5762,4887,4267,2636,4449,5542,4764,3308,4053,4968,6854,2532,3990,1663,3959,4681,3451,3025,5470,4535,4329,5892,5546,4414,1982,6685,6493,6184,4014,5658,6255,3668,2865,4784,2119,3884,3559,5711,3863,2536,7619,4257,2249,4958,6255,6598,1086,3922,3405,2100,3880,4225,6222,275,2380,2911,2843,2865,2725,2517,3724,6145,6322,5642,5802,5439,1213,10756
3039,6553,4231,3884,4547,3144,4136,260,3038,4014,3104,3415,5292,6717,2608,5927,3616,5762,4887,4267,2636,4449,5542,4764,3308,4053,4968,6854,2532,3990,1663,3959,4681,3451,3025,5470,4535,4329,5892,5546,4414,1982,6685,6493,6184,4014,5658,6255,3668,2865,4784,2119,3884,3559,5711,3863,2536,7619,4257,2249,4958,6255,6598,1086,3922,3405,2100,3880,4225,6222,274,2380,2916,2843,2854,2704,2495,3710,6153,6340,5594,5790,5418,1213,10773
3039,6553,4231,3884,4547,3144,4136,260,3038,4014,3104,3415,5292,6717,2608,5927,3616,5762,4866,4267,2632,4442,5542,4764,3327,4074,4958,6854,2536,3990,1684,3959,4711,3430,3030,5463,4512,4321,5892,5534,4414,2003,6710,6507,6195,4033,5658,6268,3681,2865,4761,2119,3884,3559,5744,3863,2536,7619,4249,2249,4958,6255,6581,1070,3891,3405,2100,3888,4225,6222,275,2358,2916,2881,2839,2698,2495,3724,6145,6329,5594,5790,5418,1213,10806
3043,6553,4239,3884,4547,3138,4136,260,3061,4021,3104,3408,5303,6729,2623,5963,3623,5762,4897,4246,2649,4463,5542,4755,3308,4074,4979,6854,2532,4004,1684,3959,4691,3438,3013,5463,4524,4329,5892,5534,4414,2000,6695,6507,6195,4014,5658,6255,3675,2865,4784,2115,3884,3559,5732,3863,2536,7619,4257,2249,4958,6268,6609,1086,3922,3399,2100,3888,4225,6222,275,2358,2916,2881,2839,2698,2495,3724,6145,6329,5594,5790,5418,1196,10838
3039,6575,4239,3884,4537,3138,4160,260,3031,4021,3104,3408,5303,6729,2623,5963,3623,5762,4897,4246,2649,4463,5542,4755,3308,4074,4979,6854,2532,4004,1684,3959,4691,3438,3013,5463,4524,4329,5892,5534,4414,2000,6695,6507,6195,4014,5658,6255,3675,2865,4784,2115,3884,3559,5732,3863,2536,7619,4257,2249,4958,6268,6609,1086,3922,3399,2081,3888,4205,6205,274,2358,2934,2881,2860,2704,2495,3724,6131,6340,5613,5811,5418,1196,10856
3039,6575,4239,3884,4537,3138,4160,260,3031,4021,3104,3415,5303,6729,2619,5950,3623,5780,4897,4246,2654,4449,5555,4764,3308,4053,4979,6866,2550,3990,1681,3959,4702,3430,3008,5463,4512,4303,5892,5523,4423,2000,6685,6507,6202,4014,5658,6255,3675,2865,4784,2115,3884,3559,5732,3863,2536,7619,4257,2249,4958,6268,6609,1086,3922,3399,2081,3888,4205,6205,274,2358,2934,2881,2860,2704,2495,3724,6131,6340,5613,5811,5418,1196,10873
3043,6553,4239,3891,4547,3138,4160,260,3031,4014,3104,3415,5303,6729,2619,5950,3623,5780,4876,4267,2649,4463,5542,4764,3308,4053,4968,6854,2536,3990,1681,3959,4702,3430,3008,5463,4512,4303,5892,5523,4423,2000,6685,6507,6202,4014,5658,6255,3675,2855,4751,2119,3884,3559,5732,3869,2521,7619,4257,2249,4948,6255,6592,1086,3922,3405,2100,3888,4234,6232,274,2358,2952,2936,2860,2698,2495,3724,6131,6340,5613,5823,5418,1213,10906
3043,6553,4257,3884,4547,3117,4143,260,3031,4003,3104,3415,5303,6729,2619,5950,3623,5780,4876,4267,2649,4463,5542,4764,3308,4053,4968,6854,2536,3990,1684,3959,4711,3451,3008,5463,4512,4311,5892,5534,4414,2003,6681,6507,6206,4033,5658,6268,3675,2850,4761,2119,3903,3559,5732,3880,2536,7641,4257,2249,4958,6234,6592,1086,3914,3405,2081,3888,4225,6232,274,2358,2934,2918,2860,2698,2500,3704,6145,6358,5613,5823,5418,1213,10939
3043,6553,4257,3884,4547,3117,4143,260,3031,4003,3104,3408,5292,6717,2604,5927,3605,5762,4897,4255,2632,4449,5555,4764,3308,4053,4989,6866,2550,3990,1684,3959,4711,3430,3030,5478,4535,4311,5884,5534,4414,2000,6685,6507,6195,4014,5658,6255,3681,2855,4761,2119,3903,3559,5732,3880,2536,7641,4257,2249,4958,6234,6592,1086,3914,3405,2081,3888,4225,6232,274,2358,2934,2918,2860,2698,2500,3704,6145,6358,5613,5823,5418,1213,10959
3039,6553,4257,3866,4547,3117,4136,260,3083,4003,3098,3415,5303,6729,2619,5963,3623,5780,4876,4255,2654,4457,5578,4764,3327,4065,4968,6866,2536,4004,1684,3959,4711,3430,3030,5478,4535,4311,5884,5534,4414,2000,6685,6507,6195,4014,5658,6255,3681,2855,4751,2115,3903,3559,5732,3869,2532,7619,4257,2249,4958,6255,6592,1085,3922,3399,2100,3868,4234,6215,274,2380,2952,2918,2839,2698,2500,3704,6145,6340,5613,5823,5418,1232,10988
3039,6553,4257,3866,4547,3117,4136,260,3083,4003,3098,3415,5303,6729,2619,5963,3623,5780,4876,4255,2654,4457,5578,4764,3327,4065,4968,6866,2536,4004,1681,3959,4691,3430,3030,5463,4535,4311,5892,5534,4414,2003,6671,6493,6177,4014,5658,6255,3681,2855,4751,2119,3896,3552,5732,3869,2536,7619,4257,2249,4958,6234,6592,1085,3922,3405,2096,3888,4225,6215,260,2352,2952,2936,2839,2698,2500,3704,6145,6340,5613,5823,5418,1232,11007
3039,6553,4257,3840,4526,3138,4143,260,3031,4014,3104,3415,5271,6729,2619,5950,3605,5780,4897,4267,2654,4442,5542,4764,3308,4074,4979,6866,2536,3990,1684,3959,4691,3451,3013,5455,4512,4311,5892,5534,4414,1982,6671,6493,6177,4014,5658,6255,3681,2855,4751,2119,3896,3552,5732,3869,2536,7619,4257,2249,4958,6234,6592,1085,3922,3405,2096,3888,4225,6215,260,2352,2952,2936,2839,2704,2500,3710,6145,6340,5613,5802,5418,1215,11044
3039,6553,4257,3840,4526,3138,4143,260,3031,4014,3104,3415,5271,6729,2619,5950,3605,5780,4897,4267,2654,4442,5542,4764,3308,4074,4979,6866,2536,3990,1684,3959,4691,3451,3013,5455,4512,4311,5892,5534,4414,1982,6671,6530,6195,4033,5658,6268,3681,2869,4773,2119,3884,3559,5744,3869,2521,7601,4257,2249,4958,6268,6609,1086,3891,3387,2100,3880,4205,6232,260,2380,2934,2936,2833,2698,2500,3710,6145,6340,5613,5823,5418,1215,11053
3043,6553,4249,3866,4526,3138,4168,260,3061,4021,3104,3408,5283,6729,2619,5941,3623,5762,4897,4246,2636,4463,5578,4764,3327,4065,4968,6866,2536,3981,1684,3959,4702,3451,3025,5470,4535,4329,5892,5555,4423,1986,6695,6507,6195,4014,5658,6268,3681,2869,4751,2119,3884,3559,5744,3869,2521,7601,4257,2249,4958,6268,6609,1086,3891,3387,2100,3880,4205,6232,260,2380,2934,2936,2833,2698,2500,3710,6145,6340,5613,5823,5418,1198,11090
3043,6553,4239,3866,4496,3117,4143,246,3061,4021,3104,3415,5292,6712,2604,5963,3605,5762,4897,4267,2636,4442,5578,4782,3308,4065,4958,6866,2536,4013,1684,3959,4711,3430,3013,5478,4512,4311,5892,5555,4423,1986,6695,6507,6195,4014,5658,6268,3681,2869,4751,2119,3884,3559,5732,3869,2532,7624,4257,2267,4958,6255,6609,1085,3900,3405,2100,3888,4225,6232,274,2380,2952,2936,2860,2698,2495,3704,6122,6322,5613,5811,5418,1215,11123
3043,6553,4239,3866,4496,3117,4143,246,3061,4021,3104,3415,5292,6712,2604,5963,3605,5762,4897,4267,2636,4442,5578,4782,3308,4065,4958,6866,2536,4013,1684,3959,4711,3430,3013,5478,4512,4311,5892,5555,4539,3131,6695,6470,6195,4025,5658,6234,3564,2869,4761,2119,3884,3559,5732,3858,2536,7641,4257,2249,4958,6255,6574,1086,3922,3405,2063,3888,4234,6228,274,2380,2952,2936,2860,2698,2495,3704,6122,6322,5613,5811,5418,1215,11138
3039,6538,4257,3884,4526,3123,4134,260,3031,4021,3104,3395,5292,6695,2619,5941,3616,5762,4876,4276,2634,4457,5542,4764,3308,4053,4968,6811,2532,3981,1684,3959,4681,3430,2963,5455,4512,4311,5892,5523,4549,3154,6695,6493,6195,4033,5658,6247,3552,2855,4784,2123,3903,3587,5732,3858,2536,7641,4257,2249,4958,6255,6574,1086,3922,3405,2063,3888,4234,6228,274,2380,2971,2992,2860,2698,2508,3710,6153,6352,5594,5811,5418,1213,11171
3043,6553,4257,3884,4526,3123,4134,260,3031,4021,3104,3395,5292,6695,2619,5941,3616,5762,4876,4276,2634,4457,5542,4764,3308,4053,4968,6811,2532,3981,1684,3959,4681,3430,2963,5455,4512,4311,5892,5523,4549,3154,6695,6493,6195,4033,5658,6247,3552,2855,4784,2123,3903,3587,5732,3864,2532,7641,4257,2249,4938,6268,6585,1086,3900,3405,2100,3880,4205,6239,260,2352,2916,2862,2839,2704,2530,3719,6153,6340,5631,5802,5397,1213,11187
3043,6553,4257,3884,4547,3138,4134,260,3061,4021,3079,3388,5271,6707,2623,5950,3623,5780,4876,4255,2651,4463,5555,4764,3327,4074,4958,6782,2536,3981,1684,3959,4681,3430,2963,5455,4512,4311,5892,5523,4549,3154,6695,6493,6195,4033,5658,6247,3552,2855,4784,2123,3903,3587,5732,3864,2532,7641,4257,2249,4938,6268,6585,1086,3900,3405,2100,3880,4205,6239,260,2352,2916,2862,2839,2704,2530,3719,6153,6340,5631,5802,5397,1213,11206
3043,6553,4257,3884,4526,3144,4142,260,3054,4003,3104,3415,5303,6724,2623,5963,3623,5780,4876,4255,2651,4463,5555,4764,3327,4074,4958,6782,2536,3981,1684,3959,4711,3438,2963,5455,4502,4311,5892,5576,4549,3114,6671,6507,6184,4014,5626,6226,3552,2865,4784,2119,3884,3552,5744,3840,2521,7619,4257,2249,4948,6255,6585,1086,3914,3423,2100,3888,4213,6239,275,2352,2934,2936,2833,2704,2530,3704,6167,6340,5613,5823,5429,1213,11239
3043,6553,4257,3884,4526,3144,4142,260,3054,4003,3104,3415,5303,6724,2623,5963,3623,5780,4887,4246,2629,4457,5555,4764,3308,4074,4968,6782,2532,3990,1684,3959,4711,3430,2963,5455,4512,4311,5892,5576,4528,3136,6671,6507,6195,4025,5658,6247,3546,2869,4751,2119,3884,3559,5744,3840,2521,7619,4257,2249,4948,6255,6585,1086,3914,3423,2100,3888,4213,6239,275,2352,2934,2936,2833,2704,2530,3704,6167,6340,5613,5823,5429,1213,11256
3028,6553,4257,3884,4526,3123,4142,260,3061,4021,3104,3395,5271,6724,2623,5941,3623,5762,4876,4255,2634,4449,5542,4764,3308,4045,4968,6782,2550,3981,1684,3959,4681,3438,2963,5455,4512,4311,5892,5576,4528,3136,6671,6507,6195,4025,5658,6247,3546,2869,4751,2119,3884,3559,5732,3864,2536,7619,4257,2249,4958,6268,6574,1086,3922,3423,2100,3880,4213,6239,274,2380,2916,2862,2839,2704,2530,3704,6153,6329,5613,5802,5397,1230,11290
3028,6553,4257,3884,4526,3123,4142,260,3061,4021,3104,3395,5271,6724,2623,5941,3623,5762,4876,4255,2634,4449,5542,4764,3308,4045,4968,6782,2550,3981,1684,3959,4681,3438,2958,5478,4512,4319,5903,5576,4549,3171,6695,6493,6195,4033,5637,6247,3559,2850,4784,2101,3891,3559,5765,3847,2536,7619,4257,2253,4958,6255,6568,1072,3922,3399,2100,3880,4213,6239,274,2380,2916,2862,2839,2704,2530,3704,6153,6329,5613,5802,5397,1230,11306
3043,6553,4257,3884,4526,3144,4142,260,3031,4029,3104,3395,5283,6707,2619,5950,3623,5762,4897,4255,2634,4457,5565,4764,3308,4074,4968,6793,2532,3981,1684,3959,4711,3438,2963,5455,4512,4311,5892,5576,4549,3188,6685,6507,6195,4033,5637,6247,3559,2850,4784,2101,3891,3559,5765,3847,2536,7619,4257,2253,4958,6255,6568,1072,3922,3399,2081,3888,4213,6239,274,2380,2976,2992,2827,2677,2512,3704,6167,6340,5594,5790,5408,1213,11339
3039,6553,4239,3858,4526,3144,4124,260,3054,4003,3104,3415,5283,6707,2619,5941,3623,5780,4876,4255,2634,4457,5555,4764,3308,4065,4968,6793,2532,3990,1684,3959,4711,3438,2963,5455,4512,4311,5892,5576,4549,3188,6685,6507,6195,4033,5637,6213,3552,2855,4751,2119,3884,3567,5732,3847,2521,7601,4257,2249,4958,6247,6574,1086,3900,3387,2100,3888,4213,6239,275,2380,2916,2881,2839,2698,2530,3704,6153,6340,5594,5811,5408,1213,11373
3039,6553,4239,3858,4526,3144,4124,260,3054,4003,3104,3415,5283,6707,2619,5941,3623,5780,4876,4255,2634,4457,5555,4764,3308,4065,4968,6793,2532,3990,1684,3959,4711,3438,2963,5455,4524,4311,5892,5576,4549,3206,6671,6530,6213,4033,5637,6247,3552,2850,4784,2101,3884,3552,5765,3854,2532,7619,4257,2249,4938,6268,6574,1086,3900,3387,2100,3888,4213,6239,275,2380,2916,2881,2839,2698,2530,3704,6153,6340,5594,5811,5408,1213,11390
3039,6538,4257,3866,4526,3144,4117,260,3031,4010,3104,3415,5271,6707,2623,5963,3623,5751,4866,4246,2634,4457,5555,4773,3308,4074,4968,6776,2536,3981,1666,3959,4711,3438,2963,5455,4502,4311,5910,5555,4549,3211,6671,6530,6213,4033,5637,6247,3552,2850,4784,2101,3884,3552,5765,3854,2532,7619,4257,2249,4938,6268,6585,1085,3922,3387,2100,3888,4213,6239,274,2380,2952,2973,2839,2704,2530,3704,6167,6340,5613,5802,5408,1213,11421
3043,6553,4257,3884,4547,3165,4124,260,3061,4021,3104,3415,5303,6718,2619,5963,3605,5762,4876,4246,2656,4457,5555,4773,3308,4074,4968,6776,2536,3981,1666,3959,4711,3438,2963,5455,4502,4311,5910,5555,4549,3211,6671,6470,6195,4033,5646,6247,3559,2865,4761,2119,3884,3559,5744,3854,2521,7619,4257,2249,4948,6268,6585,1085,3922,3405,2100,3888,4213,6250,274,2380,2934,2955,2839,2704,2530,3704,6167,6340,5623,5802,5397,1213,11452
3039,6553,4264,3884,4547,3144,4124,260,3038,4021,3104,3415,5303,6718,2619,5963,3605,5762,4876,4246,2656,4457,5555,4746,3314,4053,4958,6759,2536,3981,1684,3959,4691,3438,2951,5470,4512,4319,5892,5576,4549,3206,6671,6507,6195,4033,5658,6247,3552,2855,4761,2119,3884,3559,5753,3847,2518,7601,4239,2249,4958,6247,6597,1086,3922,3405,2085,3888,4234,6256,275,2380,2971,3011,2854,2677,2534,3704,6167,6352,5623,5802,5408,1215,11489
3039,6553,4264,3884,4547,3144,4124,260,3038,4021,3085,3415,5283,6718,2623,5963,3623,5780,4876,4276,2651,4463,5555,4746,3314,4074,4968,6805,2550,3990,1687,3959,4691,3438,2968,5478,4545,4337,5892,5576,4570,3211,6671,6507,6195,4033,5658,6247,3552,2855,4761,2119,3884,3559,5753,3847,2518,7601,4239,2249,4958,6247,6597,1086,3922,3405,2085,3888,4234,6256,275,2380,2971,3011,2854,2677,2534,3704,6167,6352,5623,5802,5408,1215,11506
3039,6553,4264,3884,4547,3144,4124,260,3038,4021,3085,3415,5283,6718,2623,5963,3623,5780,4876,4276,2651,4463,5555,4746,3314,4074,4968,6805,2550,3990,1687,3959,4691,3438,2968,5478,4545,4337,5892,5576,4570,3211,6671,6507,6206,4033,5658,6247,3552,2869,4784,2119,3903,3559,5765,3871,2521,7619,4257,2249,4958,6247,6597,1085,3922,3405,2104,3880,4213,6239,260,2380,2971,3011,2854,2677,2534,3704,6167,6352,5623,5802,5408,1215,11523
3043,6553,4257,3884,4526,3144,4149,260,3061,4029,3109,3415,5303,6718,2623,5963,3623,5762,4897,4255,2673,4463,5555,4764,3308,4074,4968,6788,2536,4022,1687,3959,4691,3438,2968,5478,4545,4319,5892,5576,4570,3206,6685,6522,6206,4033,5658,6260,3552,2869,4761,2119,3903,3559,5765,3871,2521,7619,4257,2249,4958,6247,6597,1085,3922,3405,2104,3880,4213,6239,260,2380,2971,3011,2860,2698,2534,3710,6167,6352,5594,5835,5408,1215,11556
3043,6530,4264,3884,4526,3144,4149,260,3061,4029,3109,3415,5303,6718,2623,5963,3623,5762,4897,4255,2673,4463,5555,4764,3308,4074,4968,6788,2536,4022,1687,3959,4691,3438,2968,5478,4545,4319,5892,5576,4570,3206,6685,6522,6206,4033,5658,6260,3552,2869,4761,2119,3903,3559,5765,3871,2521,7596,4264,2249,4958,6247,6597,1086,3922,3423,2100,3888,4234,6250,274,2380,2989,3029,2860,2704,2556,3724,6167,6340,5594,5802,5420,1232,11572
3043,6530,4264,3884,4526,3144,4131,260,3061,4029,3104,3395,5283,6718,2623,5963,3629,5780,4876,4276,2656,4457,5555,4773,3308,4074,4968,6788,2536,3990,1687,3959,4711,3438,2968,5478,4535,4319,5903,5596,4570,3217,6695,6507,6213,4033,5658,6247,3559,2869,4773,2123,3891,3567,5765,3871,2521,7619,4264,2249,4958,6247,6597,1086,3922,3418,2085,3888,4234,6250,274,2380,2989,3029,2860,2704,2556,3724,6167,6340,5594,5802,5420,1232,11606
3039,6553,4264,3891,4526,3144,4131,260,3068,4029,3085,3415,5303,6730,2623,5963,3623,5780,4897,4276,2673,4471,5555,4764,3314,4053,4968,6788,2536,3990,1687,3959,4711,3438,2968,5478,4535,4319,5892,5596,4570,3211,6695,6545,6206,4052,5658,6247,3552,2869,4761,2123,3910,3559,5765,3871,2521,7619,4264,2249,4958,6247,6597,1086,3922,3418,2085,3888,4234,6250,274,2375,2989,3029,2860,2683,2530,3710,6181,6352,5605,5835,5429,1232,11639
3043,6553,4257,3884,4547,3144,4131,260,3054,4003,3091,3422,5303,6718,2623,5986,3629,5791,4897,4276,2660,4463,5578,4773,3314,4074,4968,6788,2536,4013,1687,3966,4691,3459,2968,5478,4535,4319,5892,5596,4570,3211,6695,6545,6206,4052,5658,6247,3552,2869,4761,2123,3910,3559,5765,3871,2536,7659,4283,2253,4969,6268,6608,1086,3922,3411,2081,3888,4234,6250,274,2380,2994,3035,2860,2704,2534,3710,6167,6340,5605,5823,5408,1232,11673
3043,6553,4257,3884,4547,3144,4131,260,3054,4003,3091,3422,5303,6718,2623,5986,3629,5791,4897,4276,2660,4463,5578,4773,3314,4074,4968,6788,2536,4013,1687,3966,4691,3459,2968,5478,4535,4319,5903,5576,4549,3211,6710,6485,6225,4059,5658,6247,3559,2869,4761,2119,3884,3559,5765,3847,2521,7641,4264,2249,4958,6268,6597,1086,3922,3387,2081,3888,4222,6232,274,2380,2994,3035,2860,2704,2534,3710,6167,6340,5605,5823,5408,1232,11689
3039,6553,4257,3866,4526,3138,4114,260,3061,4003,3091,3415,5303,6730,2623,5963,3623,5780,4897,4276,2660,4463,5578,4773,3314,4074,4968,6788,2536,4013,1687,3966,4691,3459,2968,5478,4535,4319,5903,5576,4549,3211,6710,6485,6225,4059,5658,6247,3559,2869,4761,2119,3884,3559,5765,3847,2521,7641,4264,2249,4958,6268,6597,1086,3922,3387,2081,3888,4222,6232,275,2375,2994,3048,2860,2704,2534,3710,6167,6340,5594,5823,5429,1232,11706
3039,6553,4257,3866,4526,3138,4114,260,3061,4003,3091,3415,5303,6730,2623,5963,3623,5780,4897,4255,2656,4463,5555,4764,3308,4053,4968,6788,2536,3990,1669,3959,4711,3438,2968,5478,4512,4319,5903,5576,4570,3211,6681,6485,6195,4033,5637,6226,3559,2855,4761,2119,3884,3559,5765,3847,2521,7641,4264,2249,4958,6268,6597,1086,3922,3387,2081,3888,4222,6232,275,2375,2994,3048,2860,2704,2534,3710,6167,6340,5594,5823,5429,1232,11723
3039,6553,4257,3866,4526,3138,4114,260,3061,4003,3091,3415,5303,6730,2623,5963,3623,5780,4897,4255,2656,4463,5555,4764,3308,4053,4968,6788,2536,3990,1669,3959,4711,3438,2968,5478,4512,4319,5903,5576,4570,3211,6681,6485,6195,4033,5637,6226,3559,2855,4751,2101,3891,3559,5765,3836,2521,7619,4246,2249,4958,6247,6579,1072,3922,3405,2081,3888,4213,6232,260,2380,2989,3054,2860,2683,2539,3710,6190,6352,5605,5811,5429,1232,11740
3043,6515,4257,3866,4526,3123,4131,260,3038,4003,3085,3415,5283,6684,2604,5963,3623,5780,4876,4255,2656,4457,5555,4773,3314,4053,4968,6788,2550,3981,1687,3940,4691,3438,2968,5478,4512,4319,5903,5576,4570,3211,6681,6485,6195,4033,5637,6226,3559,2855,4751,2101,3891,3559,5765,3836,2521,7619,4246,2249,4958,6247,6579,1072,3922,3405,2081,3888,4213,6232,260,2380,2989,3054,2860,2683,2539,3710,6190,6352,5605,5811,5397,1232,11755
3039,6538,4257,3866,4547,3144,4114,246,3061,4021,3085,3415,5303,6718,2604,5963,3623,5780,4876,4255,2656,4457,5555,4773,3314,4053,4968,6788,2550,3981,1687,3940,4691,3438,2973,5470,4535,4301,5903,5587,4549,3229,6681,6485,6206,4033,5658,6226,3559,2855,4761,2119,3891,3559,5765,3871,2521,7636,4257,2230,4938,6247,6579,1086,3922,3405,2081,3888,4213,6232,260,2380,2989,3048,2839,2704,2534,3710,6167,6333,5594,5802,5408,1232,11788
3039,6538,4257,3866,4547,3144,4114,246,3061,4021,3085,3415,5303,6718,2619,5941,3605,5772,4876,4255,2660,4457,5555,4773,3314,4053,4968,6788,2536,3990,1684,3959,4691,3438,2968,5455,4512,4319,5892,5596,4570,3229,6681,6507,6195,4052,5658,6226,3559,2855,4761,2119,3891,3559,5765,3871,2521,7636,4257,2230,4938,6247,6579,1086,3922,3405,2081,3888,4213,6232,260,2380,2989,3048,2839,2704,2534,3710,6167,6333,5594,5802,5408,1232,11806
3039,6538,4257,3866,4547,3144,4114,246,3061,4021,3085,3415,5303,6718,2619,5941,3605,5772,4876,4255,2660,4457,5555,4773,3314,4053,4968,6788,2536,3990,1684,3959,4691,3438,2968,5455,4512,4319,5892,5596,4570,3229,6681,6507,6195,4052,5637,6247,3559,2865,4751,2101,3891,3559,5765,3854,2518,7619,4264,2249,4958,6255,6579,1085,3922,3411,2081,3888,4213,6232,260,2380,2989,3054,2860,2704,2534,3710,6167,6333,5594,5802,5408,1232,11823
3043,6553,4257,3866,4547,3144,4131,260,3054,4029,3085,3415,5271,6730,2623,5963,3611,5772,4876,4255,2656,4449,5542,4746,3314,4053,4947,6805,2536,3990,1684,3959,4691,3438,2968,5463,4522,4319,5873,5608,4570,3234,6695,6507,6206,4040,5670,6247,3559,2855,4795,2123,3884,3559,5765,3854,2521,7619,4264,2249,4958,6247,6579,1085,3922,3411,2081,3888,4213,6232,260,2380,2989,3054,2860,2704,2534,3710,6167,6352,5594,5823,5408,1232,11856
3039,6553,4264,3866,4547,3144,4131,260,3038,4036,3104,3415,5303,6718,2623,5963,3605,5772,4876,4255,2656,4457,5555,4773,3296,4053,4968,6770,2536,3990,1684,3947,4691,3438,2973,5463,4512,4301,5892,5576,4549,3206,6695,6507,6206,4040,5670,6247,3559,2855,4795,2123,3884,3559,5765,3854,2521,7619,4264,2249,4958,6247,6579,1085,3931,3405,2104,3888,4213,6250,260,2380,2994,3048,2860,2704,2552,3724,6167,6352,5605,5823,5397,1232,11889
3039,6553,4264,3866,4547,3144,4131,260,3038,4036,3104,3415,5303,6718,2623,5963,3605,5772,4876,4255,2656,4457,5555,4773,3296,4053,4968,6770,2536,3990,1684,3947,4691,3438,2973,5463,4512,4301,5892,5576,4549,3206,6671,6485,6206,4033,5637,6247,3559,2855,4761,2105,3903,3559,5765,3864,2521,7619,4264,2249,4958,6247,6579,1086,3922,3405,2081,3888,4213,6232,274,2380,2994,3054,2860,2677,2534,3710,6167,6352,5605,5823,5397,1232,11906
3039,6553,4264,3891,4526,3144,4139,260,3038,4029,3104,3395,5292,6730,2623,5963,3629,5772,4897,4255,2656,4457,5555,4781,3314,4053,4968,6770,2536,3990,1684,3947,4691,3438,2973,5463,4512,4301,5892,5576,4549,3206,6671,6485,6206,4033,5637,6247,3559,2855,4761,2105,3903,3559,5765,3864,2521,7619,4264,2249,4958,6247,6579,1086,3922,3405,2081,3888,4213,6232,274,2380,2994,3054,2860,2677,2534,3710,6153,6340,5594,5823,5397,1215,11923
3039,6553,4257,3866,4547,3144,4131,260,3054,4029,3104,3395,5292,6730,2623,5963,3629,5772,4897,4255,2656,4457,5555,4781,3314,4053,4958,6788,2536,3990,1687,3966,4691,3417,2951,5455,4512,4327,5903,5564,4549,3229,6685,6507,6206,4033,5637,6247,3559,2855,4761,2119,3891,3559,5765,3878,2518,7596,4264,2249,4938,6234,6579,1070,3922,3411,2081,3888,4213,6260,275,2380,2994,3066,2860,2683,2534,3710,6167,6352,5594,5814,5408,1234,11956
3039,6553,4257,3866,4547,3144,4131,260,3054,4029,3085,3415,5283,6718,2623,5963,3605,5780,4876,4255,2656,4457,5555,4746,3308,4053,4968,6788,2536,3990,1684,3959,4711,3438,2963,5455,4535,4311,5873,5576,4560,3211,6685,6507,6206,4033,5637,6247,3559,2855,4761,2119,3891,3559,5765,3878,2518,7596,4264,2249,4938,6234,6579,1070,3922,3411,2081,3888,4213,6260,275,2380,2994,3066,2860,2683,2534,3710,6167,6352,5594,5814,5408,1234,11973
3043,6553,4345,3847,4526,3144,4139,260,3061,4036,3091,3415,5315,6713,2623,5963,3618,5780,4876,4255,2656,4449,5555,4746,3308,4053,4968,6788,2536,3990,1684,3959,4711,3438,2963,5455,4535,4311,5873,5576,4560,3211,6671,6507,6206,4025,5626,6226,3559,2869,4784,2123,3891,3559,5765,3854,2518,7619,4246,2249,4938,6268,6608,1086,3945,3411,2081,3888,4222,6250,260,2375,2994,3054,2865,2683,2539,3710,6153,6352,5594,5802,5408,1234,12006
3043,6553,4345,3847,4526,3144,4139,260,3061,4036,3091,3415,5315,6713,2623,5963,3618,5780,4876,4255,2656,4449,5555,4763,3308,4053,4968,6788,2536,3990,1690,3959,4691,3438,2973,5463,4535,4309,5903,5576,4539,3234,6685,6522,6218,4052,5637,6247,3559,2850,4761,2109,3884,3559,5765,3854,2532,7619,4246,2249,4938,6268,6608,1086,3945,3411,2081,3888,4222,6250,260,2375,2994,3054,2865,2683,2539,3710,6153,6352,5594,5802,5408,1234,12023
3043,6553,4327,3847,4547,3144,4114,260,3061,4036,3085,3422,5283,6701,2623,5977,3611,5762,4897,4255,2660,4463,5555,4763,3327,4053,4968,6800,2536,4000,1690,3959,4721,3438,2968,5463,4502,4327,5903,5576,4539,3234,6685,6522,6218,4052,5637,6247,3559,2850,4761,2109,3884,3559,5765,3854,2532,7619,4254,2249,4958,6247,6597,1085,3922,3400,2085,3888,4213,6250,275,2386,3000,3066,2860,2704,2534,3710,6167,6345,5594,5823,5408,1234,12054
3043,6553,4327,3847,4547,3144,4114,260,3061,4036,3085,3422,5283,6701,2623,5977,3611,5762,4897,4255,2660,4463,5555,4763,3327,4053,4968,6800,2536,4000,1690,3959,4721,3438,2968,5463,4502,4327,5892,5576,4570,3217,6710,6485,6218,4052,5649,6247,3559,2869,4761,2127,3884,3559,5765,3871,2521,7636,4272,2249,4958,6268,6597,1086,3922,3418,2085,3888,4213,6250,275,2386,3000,3066,2860,2704,2534,3710,6167,6345,5594,5823,5408,1234,12073
3043,6553,4327,3828,4526,3144,4131,260,3068,4036,3085,3422,5315,6713,2623,5977,3636,5780,4897,4255,2660,4457,5578,4763,3314,4074,4968,6800,2536,3990,1690,3959,4711,3438,2973,5478,4502,4316,5903,5596,4549,3229,6695,6507,6218,4052,5637,6247,3565,2869,4784,2131,3891,3559,5765,3871,2521,7636,4272,2249,4958,6268,6597,1086,3922,3418,2081,3888,4234,6250,260,2380,3000,3066,2860,2704,2539,3710,6204,6345,5605,5802,5408,1234,12106
3043,6553,4345,3854,4526,3138,4131,260,3061,4036,3091,3422,5283,6713,2623,5941,3636,5762,4876,4255,2660,4463,5555,4763,3308,4082,4968,6788,2550,3990,1690,3959,4691,3438,2973,5478,4502,4316,5903,5596,4549,3229,6695,6507,6218,4052,5637,6247,3565,2869,4784,2131,3891,3559,5765,3860,2521,7619,4272,2253,4969,6268,6608,1086,3931,3418,2081,3888,4213,6250,274,2380,2994,3066,2860,2677,2534,3724,6167,6363,5605,5823,5408,1234,12140
3043,6530,4345,3854,4556,3144,4121,260,3038,4036,3091,3415,5283,6730,2623,5963,3618,5762,4876,4255,2660,4463,5555,4763,3308,4082,4968,6788,2550,3990,1690,3959,4691,3438,2968,5478,4535,4309,5892,5576,4549,3211,6695,6507,6218,4052,5637,6226,3565,2869,4761,2109,3884,3567,5765,3878,2518,7619,4254,2249,4958,6268,6579,1086,3922,3400,2081,3888,4213,6250,275,2380,3000,3048,2860,2710,2556,3704,6190,6345,5594,5823,5408,1232,12173
3043,6530,4345,3854,4556,3144,4121,260,3038,4036,3091,3415,5283,6730,2623,5963,3618,5762,4887,4255,2660,4463,5568,4763,3314,4053,4968,6800,2536,3990,1669,3959,4691,3438,2963,5478,4502,4316,5903,5596,4549,3217,6685,6507,6218,4052,5637,6226,3565,2869,4761,2127,3910,3559,5765,3854,2521,7619,4272,2249,4958,6247,6608,1086,3922,3418,2085,3888,4213,6260,275,2380,3000,3054,2860,2704,2539,3710,6167,6345,5594,5823,5408,1232,12206
3043,6553,4327,3828,4547,3144,4121,260,3061,4036,3085,3415,5303,6730,2623,5963,3618,5762,4876,4255,2656,4449,5555,4763,3314,4053,4968,6788,2536,3990,1672,3959,4721,3445,2973,5478,4535,4309,5892,5596,4570,3211,6695,6485,6206,4052,5637,6226,3559,2855,4751,2105,3884,3559,5765,3860,2536,7619,4254,2230,4938,6247,6597,1085,3922,3418,2085,3888,4213,6260,275,2380,3000,3054,2860,2704,2539,3710,6167,6345,5594,5823,5397,1232,12239
3043,6553,4327,3847,4517,3144,4139,260,3061,4018,3091,3415,5303,6730,2623,5963,3636,5762,4876,4276,2660,4449,5555,4781,3314,4074,4968,6788,2536,3990,1690,3947,4691,3438,2973,5463,4512,4309,5903,5576,4549,3217,6695,6507,6200,4078,5637,6226,3559,2855,4751,2105,3884,3559,5765,3860,2536,7619,4254,2230,4938,6247,6597,1085,3922,3418,2081,3888,4205,6260,260,2375,3000,3054,2833,2683,2517,3710,6167,6363,5594,5802,5408,1215,12273
3043,6553,4327,3847,4517,3144,4139,260,3061,4018,3091,3415,5303,6730,2623,5963,3636,5762,4876,4276,2660,4449,5555,4781,3314,4074,4968,6788,2536,3990,1690,3947,4691,3438,2973,5463,4512,4309,5903,5576,4549,3217,6695,6507,6200,4078,5637,6226,3582,2865,4773,2109,3891,3559,5765,3878,2521,7619,4272,2253,4958,6247,6591,1086,3945,3418,2085,3888,4213,6250,275,2386,3000,3054,2860,2704,2556,3710,6167,6363,5594,5823,5408,1215,12288
3043,6530,4327,3828,4526,3144,4139,260,3068,4036,3066,3422,5283,6730,2623,5977,3624,5791,4886,4276,2678,4463,5542,4763,3308,4074,4968,6788,2532,3990,1690,3947,4691,3438,2973,5463,4512,4309,5903,5576,4549,3217,6695,6507,6200,4078,5637,6226,3582,2865,4773,2109,3891,3559,5765,3878,2521,7619,4272,2253,4958,6247,6591,1086,3945,3418,2085,3888,4213,6250,275,2386,3000,3054,2860,2704,2556,3710,6167,6363,5594,5823,5408,1234,12306
3043,6530,4327,3828,4526,3144,4139,260,3068,4036,3066,3422,5283,6730,2623,5977,3624,5791,4886,4276,2678,4463,5542,4763,3308,4074,4968,6788,2532,3990,1669,3959,4711,3438,2968,5478,4535,4309,5892,5576,4558,3234,6695,6507,6218,4059,5658,6247,3565,2869,4784,2105,3891,3559,5765,3854,2521,7596,4272,2253,4938,6247,6591,1086,3945,3418,2085,3888,4213,6250,275,2386,3000,3054,2860,2704,2556,3710,6167,6363,5594,5823,5408,1234,12322
3043,6515,4327,3836,4547,3144,4139,260,3038,4054,3109,3415,5283,6730,2623,5963,3618,5780,4866,4255,2656,4463,5555,4745,3308,4053,4968,6770,2536,3981,1672,3959,4701,3438,2951,5478,4535,4309,5892,5576,4549,3211,6695,6507,6200,4040,5658,6247,3565,2869,4784,2105,3891,3559,5765,3854,2521,7596,4272,2253,4938,6247,6579,1070,3914,3400,2081,3888,4213,6250,260,2380,3000,3048,2860,2704,2534,3710,6167,6345,5613,5802,5408,1232,12356
3028,6530,4327,3828,4526,3144,4121,260,3061,4036,3085,3415,5283,6730,2623,5977,3636,5772,4876,4255,2660,4463,5555,4763,3308,4053,4968,6770,2536,3981,1672,3959,4701,3438,2951,5478,4535,4309,5892,5576,4549,3211,6695,6507,6200,4040,5637,6247,3552,2850,4761,2127,3884,3559,5744,3860,2521,7619,4254,2253,4938,6268,6597,1086,3922,3400,2081,3888,4213,6250,275,2358,3000,3048,2854,2704,2556,3710,6167,6345,5594,5802,5408,1215,12388
3028,6530,4327,3828,4526,3144,4121,260,3061,4036,3085,3415,5283,6730,2623,5977,3636,5772,4876,4255,2660,4463,5555,4763,3308,4053,4958,6770,2536,4013,1672,3959,4691,3438,2956,5463,4512,4309,5873,5576,4579,3240,6695,6507,6218,4033,5637,6226,3559,2865,4761,2127,3884,3559,5744,3860,2518,7619,4254,2253,4938,6268,6597,1086,3922,3400,2081,3888,4213,6250,275,2358,3000,3048,2854,2704,2556,3710,6167,6345,5594,5802,5408,1215,12406
3043,6553,4337,3828,4526,3165,4121,260,3031,4036,3091,3395,5283,6713,2623,5963,3618,5762,4876,4255,2673,4463,5542,4763,3314,4053,4947,6782,2536,3990,1669,3959,4711,3438,2951,5478,4512,4309,5873,5576,4579,3240,6695,6507,6218,4033,5637,6226,3559,2865,4761,2127,3884,3559,5744,3860,2518,7619,4246,2249,4938,6247,6608,1086,3945,3400,2081,3888,4213,6232,260,2380,3000,3054,2860,2683,2539,3710,6153,6345,5605,5823,5408,1217,12437
3043,6553,4337,3828,4526,3165,4121,260,3031,4036,3091,3395,5283,6713,2623,5963,3618,5762,4876,4255,2673,4463,5542,4763,3314,4053,4947,6782,2536,3990,1669,3959,4711,3438,2951,5478,4512,4309,5892,5564,4570,3252,6710,6507,6229,4052,5637,6239,3559,2850,4761,2109,3891,3559,5756,3854,2521,7601,4254,2230,4938,6247,6602,1086,3922,3400,2081,3888,4213,6232,260,2380,3000,3054,2860,2683,2539,3710,6153,6345,5605,5823,5408,1217,12453
3028,6530,4327,3810,4526,3144,4128,260,3038,4036,3091,3415,5283,6713,2623,5963,3618,5780,4876,4255,2673,4463,5542,4763,3314,4053,4947,6782,2536,3990,1669,3959,4711,3438,2951,5478,4512,4309,5892,5564,4570,3252,6710,6507,6229,4052,5637,6239,3559,2850,4761,2109,3891,3559,5756,3854,2521,7601,4254,2230,4938,6247,6602,1086,3922,3400,2081,3888,4213,6232,275,2380,3000,3029,2860,2704,2539,3710,6204,6345,5605,5802,5399,1217,12472
3028,6530,4327,3810,4526,3144,4128,260,3038,4036,3091,3415,5283,6713,2623,5963,3618,5780,4897,4255,2678,4463,5542,4763,3308,4053,4968,6782,2536,3990,1672,3966,4711,3438,2961,5478,4535,4309,5903,5576,4579,3252,6710,6485,6188,4052,5637,6226,3565,2855,4761,2127,3891,3559,5756,3854,2521,7601,4254,2230,4938,6247,6602,1086,3922,3400,2081,3888,4213,6232,275,2380,3000,3029,2860,2704,2539,3710,6204,6345,5605,5802,5399,1217,12489
3043,6530,4345,3810,4547,3165,4128,260,3038,4036,3091,3415,5283,6713,2623,5963,3618,5780,4897,4255,2678,4463,5542,4763,3308,4053,4968,6782,2536,3990,1672,3966,4711,3438,2961,5478,4535,4309,5903,5576,4579,3252,6710,6485,6188,4052,5637,6226,3565,2855,4761,2127,3891,3559,5744,3860,2521,7619,4254,2249,4958,6247,6602,1072,3931,3400,2104,3888,4213,6243,275,2380,3000,3048,2860,2704,2539,3710,6190,6345,5594,5823,5408,1234,12505
3043,6530,4345,3810,4547,3165,4121,260,3061,4036,3091,3415,5283,6730,2623,5963,3618,5780,4897,4255,2682,4463,5555,4763,3308,4053,4968,6782,2536,3990,1690,3966,4691,3438,2961,5463,4502,4327,5903,5576,4549,3246,6695,6485,6218,4052,5617,6226,3571,2869,4761,2109,3884,3559,5765,3860,2521,7619,4272,2253,4958,6247,6602,1072,3922,3400,2081,3888,4234,6271,275,2380,3000,3048,2860,2704,2539,3710,6190,6345,5594,5823,5408,1234,12539
3043,6530,4327,3828,4547,3144,4121,246,3061,4036,3085,3415,5303,6742,2623,5941,3618,5780,4897,4255,2656,4463,5555,4763,3308,4061,4978,6800,2536,3990,1672,3959,4691,3445,2973,5463,4535,4309,5892,5576,4570,3252,6710,6507,6200,4052,5649,6226,3565,2869,4761,2109,3891,3559,5765,3860,2521,7619,4272,2253,4958,6247,6602,1072,3922,3400,2081,3888,4234,6271,275,2380,3000,3048,2860,2710,2539,3710,6153,6345,5594,5802,5420,1217,12573
3024,6530,4327,3828,4547,3144,4121,246,3061,4036,3085,3415,5303,6742,2623,5941,3618,5780,4897,4255,2656,4463,5555,4763,3308,4061,4978,6800,2536,3990,1672,3959,4691,3445,2973,5463,4535,4309,5892,5576,4570,3252,6710,6507,6200,4052,5649,6226,3565,2869,4761,2109,3891,3559,5744,3860,2521,7619,4272,2249,4958,6247,6591,1086,3922,3418,2081,3888,4222,6260,274,2380,3000,3029,2839,2683,2539,3710,6190,6345,5594,5823,5408,1217,12589
3024,6530,4345,3828,4526,3165,4139,260,3061,4036,3085,3415,5283,6730,2608,5941,3636,5762,4876,4255,2673,4463,5555,4763,3314,4053,4957,6782,2536,3990,1690,3959,4691,3438,2973,5478,4512,4309,5903,5587,4570,3252,6710,6530,6200,4059,5637,6226,3565,2869,4784,2127,3903,3559,5765,3860,2536,7619,4254,2230,4938,6260,6591,1086,3922,3400,2081,3888,4222,6260,274,2380,3000,3029,2839,2683,2539,3710,6190,6345,5594,5823,5408,1217,12623
3043,6530,4345,3828,4547,3165,4139,260,3068,4036,3085,3415,5283,6713,2623,5977,3618,5762,4876,4255,2682,4463,5555,4745,3308,4053,4968,6770,2536,3968,1690,3959,4691,3417,2979,5463,4512,4309,5903,5608,4570,3275,6695,6507,6218,4052,5637,6247,3571,2869,4784,2127,3903,3559,5765,3860,2536,7619,4254,2230,4938,6260,6591,1086,3922,3400,2081,3888,4222,6278,275,2380,3000,3066,2839,2704,2539,3710,6167,6363,5594,5823,5420,1217,12656
3043,6530,4353,3810,4547,3172,4139,260,3061,4036,3085,3415,5303,6742,2623,5963,3624,5772,4876,4264,2660,4463,5555,4763,3308,4053,4978,6811,2536,3990,1690,3959,4711,3438,2979,5463,4512,4309,5903,5608,4570,3275,6695,6507,6218,4052,5637,6247,3571,2869,4761,2109,3891,3559,5756,3867,2521,7619,4254,2253,4948,6260,6620,1086,3922,3418,2085,3888,4243,6289,275,2409,3023,3072,2860,2704,2543,3710,6190,6333,5594,5802,5408,1234,12689
3043,6530,4353,3810,4547,3172,4139,260,3061,4036,3085,3415,5303,6742,2623,5963,3624,5772,4876,4264,2660,4463,5555,4763,3308,4053,4978,6811,2536,3990,1690,3959,4711,3438,2973,5455,4512,4309,5903,5596,4579,3252,6695,6507,6218,4052,5637,6226,3565,2869,4784,2109,3891,3567,5765,3860,2536,7636,4254,2249,4938,6247,6591,1086,3922,3418,2085,3888,4243,6289,275,2409,3023,3072,2860,2704,2543,3710,6190,6333,5594,5802,5408,1234,12706
3043,6568,4363,3817,4526,3165,4139,260,3061,4036,3066,3415,5315,6742,2608,5963,3618,5772,4876,4255,2665,4463,5555,4763,3308,4074,4947,6770,2536,3990,1672,3959,4721,3438,2961,5478,4512,4309,5892,5576,4549,3252,6695,6485,6218,4059,5637,6226,3565,2869,4784,2109,3891,3567,5765,3860,2536,7636,4254,2249,4938,6247,6591,1086,3922,3418,2081,3868,4234,6271,275,2380,3000,3066,2860,2704,2539,3710,6167,6345,5594,5802,5408,1236,12739
3043,6530,4363,3817,4526,3165,4139,260,3061,4036,3066,3415,5315,6742,2608,5963,3618,5772,4876,4255,2665,4463,5555,4763,3308,4074,4947,6770,2536,3990,1672,3959,4721,3438,2961,5478,4512,4309,5892,5576,4549,3252,6695,6485,6218,4059,5646,6226,3565,2855,4784,2109,3891,3559,5756,3867,2518,7636,4254,2230,4938,6247,6591,1086,3945,3424,2085,3888,4222,6260,275,2380,3000,3048,2860,2704,2539,3710,6167,6363,5594,5802,5387,1234,12772
3043,6530,4363,3810,4547,3165,4139,260,3061,4036,3085,3415,5315,6724,2623,5963,3618,5762,4876,4264,2682,4463,5555,4745,3308,4053,4968,6782,2536,3968,1672,3959,4691,3438,2956,5478,4535,4309,5892,5596,4549,3257,6710,6507,6218,4059,5637,6226,3565,2869,4784,2127,3884,3567,5744,3860,2521,7596,4254,2253,4958,6247,6602,1086,3922,3400,2081,3888,4222,6243,275,2380,3000,3066,2860,2683,2543,3710,6167,6345,5605,5823,5387,1234,12790
3028,6530,4345,3817,4547,3144,4121,260,3061,4036,3085,3395,5315,6724,2623,5963,3618,5780,4876,4264,2665,4463,5555,4745,3308,4053,4968,6782,2536,3968,1672,3959,4691,3438,2956,5478,4535,4309,5892,5596,4549,3257,6710,6507,6218,4059,5637,6226,3565,2869,4784,2127,3884,3567,5744,3860,2521,7596,4254,2253,4958,6247,6602,1086,3922,3400,2081,3888,4222,6243,275,2380,3000,3066,2860,2683,2543,3710,6167,6345,5605,5823,5387,1217,12809
3028,6530,4345,3817,4547,3144,4121,260,3061,4036,3085,3395,5315,6724,2623,5963,3618,5780,4876,4264,2665,4463,5555,4763,3308,4074,4968,6811,2550,3968,1693,3959,4691,3438,2973,5478,4512,4327,5903,5596,4570,3269,6695,6507,6229,4052,5637,6226,3565,2855,4761,2109,3884,3552,5744,3860,2521,7619,4254,2249,4938,6247,6602,1086,3922,3400,2085,3888,4222,6260,275,2380,3005,3048,2860,2683,2556,3710,6167,6345,5605,5823,5387,1217,12833
3028,6530,4345,3810,4547,3144,4128,260,3061,4036,3085,3415,5283,6713,2608,5941,3618,5772,4876,4255,2660,4463,5555,4772,3333,4074,4968,6794,2536,3990,1672,3966,4711,3438,2961,5478,4512,4309,5903,5608,4570,3269,6710,6485,6218,4052,5637,6226,3565,2855,4761,2109,3884,3552,5744,3860,2521,7619,4254,2249,4938,6247,6602,1086,3922,3400,2085,3888,4222,6260,275,2380,3005,3048,2860,2683,2556,3710,6176,6345,5594,5802,5399,1236,12863
3043,6530,4345,3810,4526,3144,4121,260,3061,4018,3085,3415,5283,6713,2608,5941,3618,5772,4876,4255,2660,4463,5555,4772,3333,4074,4968,6794,2536,3990,1672,3966,4711,3438,2961,5478,4512,4309,5903,5608,4570,3269,6710,6485,6218,4052,5637,6226,3571,2869,4761,2109,3903,3559,5765,3867,2521,7601,4254,2249,4958,6247,6620,1086,3954,3418,2081,3896,4234,6254,275,2380,3000,3072,2860,2683,2543,3710,6190,6345,5594,5823,5408,1236,12889
3043,6530,4345,3810,4526,3144,4121,260,3061,4018,3085,3415,5283,6724,2623,5941,3624,5780,4886,4255,2665,4463,5565,4745,3308,4053,4978,6794,2536,4000,1672,3959,4691,3438,2961,5492,4512,4309,5903,5576,4570,3269,6710,6485,6218,4052,5637,6226,3571,2869,4761,2109,3903,3559,5765,3867,2521,7601,4254,2249,4958,6247,6620,1086,3954,3418,2081,3896,4234,6254,275,2380,3000,3072,2860,2683,2543,3710,6190,6345,5594,5823,5408,1236,12907
3043,6507,4345,3810,4526,3151,4128,260,3061,4036,3085,3415,5283,6742,2623,5963,3600,5772,4876,4264,2682,4463,5555,4754,3308,4053,4978,6794,2521,3968,1672,3959,4691,3438,2961,5492,4512,4309,5903,5576,4570,3269,6695,6493,6218,4070,5637,6226,3571,2855,4761,2109,3891,3559,5744,3867,2521,7619,4254,2249,4938,6247,6602,1072,3922,3424,2081,3888,4222,6271,275,2380,3000,3072,2860,2710,2560,3710,6167,6345,5594,5802,5387,1236,12940
3043,6568,4345,3817,4547,3165,4128,260,3061,4036,3104,3415,5283,6724,2623,5963,3600,5772,4876,4264,2682,4463,5555,4754,3308,4053,4978,6794,2521,3968,1690,3966,4691,3438,2961,5478,4512,4327,5892,5596,4570,3275,6695,6485,6229,4052,5637,6239,3571,2855,4784,2123,3891,3559,5744,3843,2539,7636,4254,2253,4958,6247,6602,1086,3922,3418,2081,3868,4213,6271,260,2380,3023,3066,2860,2704,2543,3710,6190,6345,5594,5823,5420,1234,12976
3043,6568,4345,3817,4547,3165,4128,260,3061,4036,3104,3415,5283,6724,2619,5963,3618,5762,4876,4255,2665,4463,5555,4745,3314,4053,4968,6806,2536,3990,1690,3940,4691,3445,2961,5478,4512,4309,5892,5576,4549,3269,6695,6507,6218,4052,5637,6239,3571,2855,4784,2123,3891,3559,5744,3843,2539,7636,4254,2253,4958,6247,6602,1086,3922,3418,2081,3868,4213,6271,260,2380,3023,3066,2860,2704,2543,3710,6190,6345,5594,5823,5420,1234,12990
3043,6568,4345,3817,4547,3165,4128,260,3061,4036,3104,3415,5283,6724,2619,5963,3618,5762,4876,4255,2665,4463,5555,4745,3314,4053,4968,6806,2536,3990,1690,3940,4691,3445,2961,5478,4512,4309,5892,5576,4549,3269,6695,6507,6218,4052,5637,6226,3559,2855,4761,2109,3884,3559,5756,3850,2521,7619,4254,2249,4938,6268,6602,1086,3931,3400,2085,3888,4213,6271,275,2386,3000,3066,2860,2704,2543,3710,6190,6345,5594,5823,5420,1234,13006
3043,6545,4345,3810,4547,3165,4128,260,3061,4043,3104,3415,5283,6724,2608,5963,3618,5791,4876,4264,2682,4449,5555,4763,3308,4053,4968,6794,2550,3968,1693,3959,4691,3438,2956,5478,4512,4309,5892,5608,4579,3275,6710,6507,6236,4070,5626,6260,3588,2855,4784,2127,3884,3559,5756,3850,2521,7619,4254,2249,4938,6268,6602,1086,3931,3400,2085,3888,4213,6271,275,2386,3000,3066,2860,2683,2560,3710,6167,6363,5594,5802,5387,1236,13039
3043,6530,4345,3810,4547,3172,4146,275,3068,4036,3085,3415,5283,6713,2623,5941,3618,5762,4876,4264,2682,4463,5555,4763,3308,4053,4968,6794,2536,3990,1672,3966,4691,3438,2956,5478,4512,4309,5892,5608,4579,3275,6710,6507,6236,4070,5626,6260,3588,2855,4784,2127,3884,3559,5765,3867,2521,7619,4262,2253,4938,6247,6602,1072,3931,3406,2081,3888,4213,6260,275,2380,3018,3066,2860,2689,2539,3710,6190,6357,5594,5823,5420,1236,13072
3039,6530,4345,3836,4526,3172,4128,260,3061,4036,3091,3422,5283,6724,2623,5941,3618,5762,4876,4264,2682,4463,5555,4763,3308,4053,4968,6794,2536,3990,1672,3966,4691,3438,2973,5478,4535,4327,5892,5576,4549,3275,6710,6507,6236,4052,5637,6226,3571,2855,4761,2127,3891,3559,5765,3867,2521,7636,4254,2253,4938,6260,6602,1086,3931,3406,2085,3888,4213,6271,275,2380,3000,3072,2860,2710,2543,3710,6167,6363,5605,5823,5408,1236,13096
3039,6530,4345,3836,4526,3172,4128,260,3061,4036,3091,3422,5283,6724,2623,5963,3618,5791,4876,4264,2682,4463,5555,4763,3314,4074,4978,6794,2536,4000,1690,3966,4711,3445,2984,5478,4535,4309,5903,5576,4570,3275,6695,6507,6218,4078,5637,6226,3588,2869,4772,2109,3910,3567,5765,3867,2521,7636,4254,2253,4938,6260,6602,1086,3931,3406,2085,3888,4213,6271,275,2380,3000,3072,2860,2710,2543,3710,6167,6363,5605,5823,5408,1236,13124
3028,6530,4345,3828,4526,3165,4146,260,3068,4036,3091,3395,5283,6713,2626,5963,3618,5772,4886,4264,2682,4463,5555,4763,3308,4053,4968,6794,2536,3990,1672,3959,4711,3438,2984,5478,4535,4309,5903,5576,4570,3275,6695,6507,6218,4078,5637,6226,3588,2869,4772,2109,3910,3567,5744,3867,2539,7596,4254,2249,4938,6260,6614,1072,3931,3418,2081,3888,4243,6271,275,2386,3000,3072,2865,2710,2556,3710,6190,6345,5594,5814,5408,1236,13157
3028,6530,4345,3828,4526,3165,4146,260,3068,4036,3091,3395,5283,6713,2626,5963,3618,5772,4886,4264,2682,4463,5555,4763,3308,4053,4968,6794,2536,3990,1672,3959,4711,3438,2973,5478,4502,4309,5892,5576,4570,3292,6710,6522,6229,4078,5637,6247,3571,2855,4761,2109,3891,3567,5777,3867,2521,7619,4254,2253,4958,6247,6602,1072,3922,3424,2085,3888,4213,6271,275,2380,3000,3066,2860,2710,2539,3715,6190,6345,5594,5814,5408,1236,13174
3047,6553,4353,3828,4547,3165,4128,260,3061,4043,3085,3415,5283,6724,2623,5941,3618,5762,4876,4264,2665,4463,5555,4772,3314,4082,4957,6777,2536,3990,1690,3959,4681,3445,2979,5478,4535,4309,5873,5596,4570,3292,6695,6485,6218,4070,5637,6226,3571,2855,4761,2109,3891,3567,5777,3867,2521,7619,4254,2253,4958,6247,6602,1072,3922,3424,2085,3888,4213,6271,275,2380,3000,3066,2860,2710,2539,3715,6190,6327,5594,5823,5408,1219,13207
3043,6545,4345,3817,4526,3144,4128,260,3061,4036,3085,3415,5283,6724,2623,5927,3624,5791,4886,4264,2682,4463,5555,4745,3308,4053,4968,6794,2536,3990,1690,3959,4681,3445,2979,5478,4535,4309,5873,5596,4570,3292,6695,6485,6218,4070,5637,6226,3571,2855,4761,2109,3884,3559,5744,3867,2521,7619,4272,2249,4948,6247,6602,1088,3922,3400,2104,3896,4222,6254,275,2386,3018,3066,2839,2704,2543,3710,6167,6345,5605,5823,5408,1239,13232
3043,6545,4345,3817,4526,3144,4128,260,3061,4036,3085,3415,5283,6724,2623,5927,3624,5791,4886,4264,2682,4463,5555,4745,3308,4053,4968,6794,2536,3990,1672,3966,4691,3424,2979,5478,4512,4309,5892,5576,4549,3292,6695,6507,6236,4052,5649,6226,3571,2855,4761,2127,3884,3559,5765,3850,2518,7596,4254,2249,4938,6247,6602,1086,3945,3400,2085,3888,4213,6271,275,2386,3000,3072,2860,2710,2543,3715,6167,6345,5605,5823,5408,1239,13257
3043,6545,4353,3828,4526,3172,4128,260,3061,4036,3091,3415,5294,6713,2623,5954,3636,5772,4876,4255,2665,4463,5578,4754,3314,4053,4978,6777,2536,3990,1675,3966,4691,3445,2956,5478,4512,4309,5892,5587,4570,3292,6710,6507,6229,4078,5649,6226,3571,2855,4761,2127,3884,3559,5765,3850,2518,7596,4254,2249,4938,6247,6602,1086,3945,3400,2085,3888,4213,6271,275,2386,3000,3072,2860,2710,2543,3715,6190,6345,5605,5802,5420,1236,13290
3043,6530,4353,3810,4547,3172,4128,260,3045,4018,3091,3422,5283,6724,2623,5963,3624,5780,4876,4264,2682,4463,5555,4763,3289,4053,4968,6777,2536,4013,1672,3959,4691,3417,2956,5478,4512,4309,5892,5587,4570,3292,6710,6507,6229,4078,5637,6226,3571,2855,4761,2127,3884,3559,5777,3867,2536,7596,4262,2249,4948,6260,6614,1086,3931,3400,2081,3888,4213,6265,275,2380,3000,3072,2865,2710,2543,3710,6190,6357,5594,5823,5420,1219,13323
3043,6530,4363,3810,4526,3165,4128,260,3061,4036,3091,3422,5283,6724,2623,5963,3624,5780,4876,4264,2682,4463,5555,4763,3289,4053,4968,6777,2536,4013,1672,3959,4691,3417,2961,5478,4512,4309,5903,5587,4570,3292,6710,6507,6229,4070,5637,6226,3565,2855,4761,2131,3884,3567,5756,3867,2521,7619,4262,2253,4938,6260,6602,1088,3931,3418,2081,3876,4222,6271,275,2380,3000,3072,2865,2683,2543,3710,6190,6345,5594,5790,5387,1217,13357
3043,6530,4363,3810,4526,3165,4128,260,3061,4036,3085,3395,5283,6713,2619,5927,3618,5762,4876,4255,2665,4463,5555,4772,3308,4074,4968,6777,2536,3990,1672,3959,4711,3438,2961,5478,4512,4309,5903,5596,4549,3292,6695,6485,6218,4078,5637,6226,3571,2855,4761,2109,3884,3559,5765,3874,2521,7619,4262,2253,4938,6247,6591,1086,3922,3400,2085,3868,4222,6271,275,2358,3000,3072,2865,2683,2543,3710,6190,6345,5594,5790,5387,1217,13384
3028,6530,4371,3810,4526,3165,4128,260,3061,4036,3066,3415,5303,6707,2623,5941,3624,5780,4897,4264,2687,4470,5555,4763,3308,4053,4968,6765,2536,3990,1675,3940,4711,3438,2979,5478,4512,4309,5892,5587,4579,3292,6719,6507,6218,4070,5637,6226,3571,2855,4761,2109,3884,3559,5765,3874,2521,7619,4262,2253,4938,6247,6591,1086,3922,3400,2085,3868,4222,6271,275,2358,3000,3072,2839,2704,2543,3710,6167,6345,5594,5835,5408,1236,13407
3047,6530,4353,3810,4526,3165,4128,260,3061,4036,3066,3415,5303,6707,2623,5941,3624,5780,4897,4264,2687,4470,5555,4763,3308,4053,4968,6765,2536,3990,1675,3940,4711,3438,2979,5478,4512,4309,5892,5587,4579,3292,6719,6507,6218,4070,5637,6239,3571,2855,4761,2112,3884,3559,5744,3850,2521,7619,4254,2253,4938,6260,6602,1088,3931,3400,2085,3888,4213,6271,275,2386,3000,3072,2865,2704,2547,3710,6204,6357,5605,5814,5399,1236,13440
3047,6530,4353,3810,4526,3165,4128,260,3061,4036,3085,3402,5283,6707,2608,5963,3618,5791,4897,4255,2682,4463,5555,4763,3314,4053,4978,6788,2536,4000,1672,3959,4711,3438,2979,5478,4512,4316,5892,5596,4558,3298,6695,6485,6218,4070,5658,6226,3571,2850,4761,2109,3903,3559,5744,3850,2525,7596,4254,2249,4938,6247,6602,1086,3931,3406,2081,3888,4213,6254,275,2380,3000,3066,2865,2704,2547,3710,6204,6357,5605,5814,5399,1236,13472
3028,6530,4363,3810,4526,3165,4128,260,3061,4054,3066,3415,5283,6724,2623,5977,3618,5780,4897,4255,2682,4463,5555,4772,3308,4053,4978,6777,2536,3990,1675,3959,4691,3424,2961,5463,4512,4309,5903,5596,4570,3280,6719,6522,6218,4078,5658,6226,3571,2855,4772,2131,3884,3559,5744,3856,2525,7596,4254,2249,4938,6247,6602,1086,3931,3406,2081,3888,4213,6254,275,2380,3000,3066,2860,2683,2560,3710,6167,6345,5594,5835,5420,1236,13506
3028,6522,4371,3798,4526,3172,4136,260,3061,4043,3085,3395,5294,6724,2623,5963,3618,5780,4907,4255,2682,4449,5555,4754,3308,4053,4978,6777,2536,3990,1675,3940,4691,3438,2961,5478,4512,4309,5903,5596,4570,3280,6719,6522,6218,4078,5658,6226,3571,2855,4772,2131,3884,3559,5744,3856,2525,7596,4262,2249,4969,6260,6620,1086,3922,3406,2085,3888,4213,6271,275,2380,3005,3066,2860,2710,2543,3710,6167,6357,5605,5823,5399,1239,13539
3028,6522,4371,3798,4526,3172,4136,260,3061,4043,3085,3395,5294,6724,2623,5963,3618,5780,4907,4255,2682,4449,5555,4754,3308,4053,4978,6777,2536,3990,1675,3940,4691,3438,2961,5478,4512,4309,5892,5587,4558,3292,6719,6507,6229,4070,5637,6226,3571,2855,4761,2112,3891,3559,5777,3867,2521,7636,4254,2230,4938,6247,6602,1086,3922,3406,2081,3888,4213,6271,275,2380,3000,3066,2860,2710,2543,3710,6167,6357,5605,5823,5399,1239,13557
3028,6530,4389,3810,4526,3138,4111,246,3031,4018,3085,3415,5294,6707,2608,5941,3618,5780,4897,4255,2687,4449,5555,4745,3289,4053,4947,6788,2536,3990,1657,3940,4691,3438,2961,5478,4512,4309,5892,5608,4549,3298,6710,6507,6229,4070,5637,6226,3571,2869,4761,2109,3884,3559,5777,3867,2521,7636,4254,2230,4938,6247,6602,1086,3922,3406,2081,3888,4213,6271,275,2380,3000,3066,2839,2683,2543,3710,6190,6345,5594,5823,5387,1219,13592
3043,6530,4389,3810,4506,3144,4111,246,3031,4018,3085,3415,5294,6707,2608,5941,3618,5780,4897,4255,2687,4449,5555,4745,3289,4053,4947,6788,2536,3990,1657,3940,4691,3438,2961,5478,4512,4309,5892,5608,4549,3298,6710,6507,6229,4070,5637,6226,3571,2869,4761,2109,3884,3559,5723,3850,2521,7596,4254,2249,4948,6247,6602,1072,3922,3406,2081,3888,4213,6271,275,2380,3005,3066,2860,2710,2560,3710,6190,6345,5576,5802,5399,1236,13600
3043,6530,4389,3810,4506,3144,4111,246,3061,4043,3085,3415,5283,6707,2608,5941,3606,5780,4907,4264,2687,4463,5555,4745,3308,4053,4978,6788,2536,4000,1690,3959,4691,3424,2961,5478,4512,4309,5892,5608,4549,3298,6710,6507,6229,4070,5637,6226,3571,2869,4761,2109,3884,3559,5723,3850,2521,7596,4254,2249,4948,6247,6602,1072,3922,3406,2081,3888,4213,6271,275,2380,3005,3066,2860,2710,2560,3710,6190,6345,5576,5802,5399,1236,13622
3028,6530,4389,3810,4506,3144,4111,246,3061,4043,3085,3415,5283,6707,2608,5941,3606,5780,4907,4264,2687,4463,5555,4745,3308,4053,4978,6788,2536,4000,1690,3959,4691,3424,2961,5478,4535,4316,5892,5596,4549,3298,6695,6507,6229,4070,5637,6260,3577,2869,4761,2131,3903,3559,5777,3856,2521,7636,4262,2249,4958,6260,6614,1072,3922,3430,2085,3896,4213,6271,275,2380,3005,3072,2860,2710,2547,3710,6204,6357,5594,5814,5408,1256,13640
3028,6530,4363,3810,4526,3151,4128,260,3068,4043,3085,3395,5315,6724,2623,5941,3624,5780,4897,4285,2700,4463,5555,4772,3314,4053,4978,6777,2536,3977,1675,3959,4691,3438,2966,5478,4535,4316,5892,5608,4579,3275,6695,6493,6229,4078,5658,6226,3588,2869,4761,2131,3903,3559,5777,3856,2521,7636,4262,2249,4958,6260,6614,1072,3922,3430,2085,3896,4213,6271,275,2380,3005,3072,2860,2710,2547,3710,6204,6357,5594,5814,5408,1256,13674
3028,6530,4363,3810,4526,3151,4128,260,3068,4043,3085,3395,5315,6724,2623,5941,3624,5780,4897,4285,2700,4463,5555,4772,3314,4053,4978,6777,2536,3977,1675,3959,4691,3438,2966,5478,4535,4316,5892,5608,4579,3275,6695,6493,6229,4078,5658,6226,3588,2869,4761,2131,3891,3559,5777,3867,2536,7613,4262,2253,4969,6247,6602,1086,3922,3406,2081,3888,4222,6282,275,2380,3005,3066,2839,2677,2521,3690,6131,6357,5605,5814,5408,1256,13682
3028,6530,4389,3810,4526,3172,4128,260,3068,4061,3085,3415,5294,6724,2623,5941,3624,5762,4897,4264,2700,4463,5555,4754,3333,4061,4968,6794,2536,3990,1675,3966,4691,3445,2966,5478,4535,4316,5892,5608,4549,3275,6710,6507,6229,4070,5658,6226,3588,2869,4761,2131,3891,3559,5777,3867,2536,7613,4262,2253,4969,6247,6602,1086,3922,3406,2081,3888,4222,6282,275,2380,3005,3066,2839,2677,2521,3690,6131,6357,5605,5814,5420,1221,13707
3028,6530,4389,3810,4526,3172,4128,260,3068,4061,3085,3415,5294,6724,2623,5941,3624,5762,4897,4264,2700,4463,5555,4754,3333,4061,4968,6794,2536,3990,1675,3966,4691,3445,2966,5478,4535,4316,5892,5608,4549,3275,6710,6507,6229,4070,5637,6260,3571,2869,4761,2131,3910,3567,5756,3874,2536,7619,4262,2249,4938,6260,6602,1072,3922,3406,2085,3888,4222,6271,275,2386,3023,3085,2860,2683,2560,3710,6190,6357,5594,5835,5420,1221,13724
3028,6530,4389,3817,4526,3144,4128,261,3090,4061,3109,3395,5283,6736,2623,5963,3624,5791,4897,4255,2682,4449,5555,4745,3314,4082,4978,6806,2554,4000,1675,3966,4711,3445,2979,5478,4535,4327,5892,5576,4549,3292,6710,6507,6229,4070,5637,6260,3571,2869,4761,2131,3910,3567,5756,3874,2536,7619,4262,2249,4938,6260,6602,1072,3922,3406,2085,3888,4222,6271,275,2386,3023,3085,2860,2683,2560,3710,6190,6357,5594,5835,5387,1236,13757
3028,6530,4389,3817,4526,3144,4128,261,3090,4061,3109,3395,5283,6736,2623,5963,3624,5791,4897,4255,2682,4449,5555,4745,3314,4082,4978,6806,2554,4000,1675,3966,4711,3445,2979,5478,4535,4327,5892,5576,4549,3292,6710,6507,6229,4070,5637,6226,3588,2869,4761,2131,3891,3567,5744,3850,2521,7619,4262,2253,4938,6247,6614,1072,3922,3424,2081,3888,4234,6282,275,2380,3005,3072,2860,2689,2560,3715,6190,6357,5594,5835,5387,1236,13772
3043,6530,4389,3817,4526,3172,4136,275,3068,4043,3091,3402,5315,6736,2623,5977,3642,5791,4876,4255,2687,4463,5555,4772,3314,4074,4947,6777,2536,3990,1693,3966,4711,3445,2979,5478,4512,4316,5914,5608,4579,3298,6710,6507,6229,4078,5658,6226,3571,2869,4784,2135,3884,3539,5765,3867,2521,7613,4262,2249,4969,6260,6614,1086,3922,3406,2081,3888,4234,6282,275,2380,3005,3072,2860,2689,2560,3715,6190,6357,5605,5823,5408,1239,13807
3043,6530,4389,3817,4536,3151,4136,260,3061,4025,3091,3415,5283,6724,2623,5941,3624,5780,4897,4264,2687,4463,5555,4772,3314,4053,4978,6777,2536,3990,1693,3966,4721,3438,2979,5478,4512,4316,5914,5608,4579,3298,6710,6507,6229,4078,5658,6226,3571,2869,4784,2135,3884,3539,5765,3867,2521,7613,4262,2249,4969,6260,6614,1086,3922,3406,2081,3888,4213,6271,275,2380,3005,3072,2865,2710,2560,3710,6204,6357,5615,5823,5408,1219,13837
3047,6530,4389,3810,4536,3144,4128,260,3061,4043,3072,3422,5303,6724,2623,5941,3624,5780,4897,4264,2687,4463,5555,4772,3314,4053,4978,6777,2536,3990,1693,3966,4721,3438,2979,5463,4545,4316,5903,5608,4579,3292,6710,6507,6229,4078,5658,6247,3571,2855,4795,2112,3903,3567,5744,3850,2521,7619,4270,2253,4948,6260,6602,1086,3922,3406,2085,3896,4213,6271,260,2380,3000,3066,2860,2704,2560,3710,6204,6357,5605,5823,5420,1254,13872
3047,6530,4389,3810,4536,3144,4128,260,3061,4043,3072,3422,5303,6724,2623,5941,3631,5791,4897,4264,2682,4463,5555,4754,3308,4053,4968,6777,2536,3968,1690,3966,4711,3445,2961,5478,4535,4316,5892,5608,4579,3310,6710,6522,6229,4070,5658,6226,3577,2873,4772,2131,3884,3567,5744,3850,2521,7619,4270,2253,4948,6260,6602,1086,3922,3406,2085,3896,4213,6271,260,2380,3000,3066,2860,2704,2560,3710,6204,6357,5605,5823,5420,1254,13878
3043,6522,4389,3817,4536,3165,4128,260,3061,4043,3072,3422,5303,6724,2623,5941,3631,5791,4897,4264,2682,4463,5555,4754,3308,4053,4968,6777,2536,3968,1690,3966,4711,3445,2961,5478,4535,4316,5892,5608,4579,3310,6710,6522,6229,4070,5658,6226,3577,2873,4772,2131,3884,3567,5765,3867,2521,7619,4262,2253,4969,6281,6602,1072,3922,3424,2104,3888,4234,6271,275,2386,3010,3072,2865,2704,2560,3710,6204,6357,5594,5835,5420,1236,13905
3043,6522,4389,3817,4536,3165,4128,260,3061,4043,3085,3415,5303,6724,2623,5941,3624,5780,4897,4264,2682,4463,5555,4781,3333,4074,4968,6794,2536,4013,1675,3959,4701,3445,2979,5478,4522,4316,5892,5608,4579,3310,6710,6522,6229,4070,5658,6226,3577,2873,4772,2131,3884,3567,5765,3867,2521,7619,4262,2253,4969,6281,6602,1072,3922,3424,2104,3888,4234,6271,275,2386,3010,3072,2865,2704,2560,3710,6204,6357,5594,5835,5420,1236,13923
3047,6507,4408,3817,4526,3165,4128,260,3038,4051,3085,3422,5294,6707,2623,5954,3631,5780,4907,4264,2682,4463,5555,4781,3333,4074,4968,6794,2536,4013,1675,3959,4701,3445,2979,5478,4522,4316,5910,5587,4570,3292,6710,6485,6247,4078,5670,6239,3577,2855,4761,2112,3910,3567,5744,3850,2521,7596,4262,2253,4969,6260,6631,1086,3931,3406,2085,3888,4222,6282,275,2380,3005,3072,2865,2704,2547,3710,6204,6357,5576,5835,5408,1239,13956
3043,6507,4408,3810,4526,3144,4128,260,3038,4051,3085,3422,5294,6707,2623,5954,3631,5780,4907,4264,2682,4463,5555,4745,3314,4053,4957,6777,2536,4000,1675,3966,4691,3417,2961,5478,4512,4316,5892,5576,4549,3286,6695,6485,6229,4078,5637,6226,3571,2855,4761,2112,3884,3559,5744,3867,2521,7596,4244,2230,4938,6247,6602,1072,3922,3406,2081,3896,4222,6254,275,2380,3010,3072,2865,2704,2547,3710,6190,6357,5605,5835,5420,1239,13989
3043,6507,4408,3810,4526,3144,4128,260,3061,4036,3091,3422,5283,6724,2623,5941,3624,5780,4897,4255,2682,4463,5555,4754,3314,4061,4947,6777,2536,4000,1675,3947,4691,3438,2961,5478,4522,4324,5903,5576,4570,3292,6695,6507,6229,4078,5637,6226,3571,2869,4772,2131,3891,3559,5744,3850,2507,7596,4244,2253,4938,6260,6602,1086,3922,3406,2081,3896,4222,6282,275,2380,3010,3072,2865,2704,2547,3710,6190,6357,5605,5835,5420,1239,14023
3043,6507,4408,3817,4556,3172,4136,260,3038,4051,3091,3402,5303,6736,2623,5941,3624,5791,4907,4255,2705,4463,5555,4754,3308,4061,4978,6777,2536,3968,1675,3940,4701,3445,2961,5478,4522,4316,5903,5576,4558,3292,6695,6507,6229,4078,5658,6239,3571,2869,4772,2131,3891,3559,5744,3850,2507,7596,4244,2253,4938,6260,6602,1086,3922,3406,2081,3896,4222,6282,275,2380,3023,3066,2860,2683,2565,3710,6190,6338,5605,5835,5387,1236,14055
3043,6530,4426,3824,4526,3165,4128,260,3061,4051,3115,3422,5315,6753,2626,5977,3631,5780,4907,4264,2700,4463,5568,4754,3314,4074,4968,6777,2536,3977,1675,3940,4701,3445,2961,5478,4522,4316,5903,5576,4558,3292,6695,6507,6229,4078,5658,6239,3571,2869,4761,2112,3903,3559,5756,3867,2525,7596,4251,2253,4969,6260,6602,1088,3931,3412,2081,3896,4222,6271,275,2380,3010,3091,2865,2683,2560,3710,6190,6357,5605,5823,5399,1256,14086
3043,6530,4426,3824,4526,3165,4128,260,3061,4051,3115,3422,5315,6753,2626,5977,3631,5780,4907,4264,2700,4463,5568,4754,3314,4074,4968,6777,2536,3977,1675,3947,4691,3445,2966,5478,4522,4324,5892,5608,4579,3298,6695,6500,6229,4078,5658,6247,3571,2855,4761,2112,3891,3559,5744,3850,2507,7596,4262,2253,4948,6247,6602,1088,3931,3412,2081,3896,4222,6271,275,2380,3010,3091,2865,2683,2560,3710,6190,6357,5605,5823,5399,1256,14106
3028,6530,4408,3817,4515,3172,4136,260,3061,4043,3091,3415,5294,6736,2623,5954,3624,5791,4897,4264,2682,4463,5555,4781,3314,4082,4978,6806,2536,3990,1675,3966,4691,3445,2961,5478,4512,4316,5903,5608,4579,3292,6710,6522,6229,4078,5658,6247,3571,2855,4761,2112,3891,3559,5744,3850,2507,7596,4262,2253,4948,6247,6602,1072,3931,3406,2085,3896,4222,6282,260,2380,3010,3072,2860,2689,2547,3715,6190,6357,5605,5802,5408,1219,14139
3028,6530,4408,3817,4515,3172,4136,260,3061,4043,3091,3415,5294,6736,2623,5954,3624,5791,4897,4264,2682,4463,5555,4781,3314,4082,4978,6806,2536,3990,1675,3966,4691,3445,2961,5478,4512,4316,5903,5608,4579,3292,6710,6522,6229,4078,5658,6239,3577,2869,4761,2112,3884,3559,5756,3850,2507,7596,4244,2253,4969,6260,6602,1086,3922,3406,2085,3888,4213,6271,275,2386,3005,3066,2860,2704,2565,3710,6190,6368,5605,5814,5408,1219,14155
3043,6515,4426,3817,4526,3165,4128,260,3061,4051,3091,3415,5283,6719,2623,5963,3624,5780,4917,4264,2687,4463,5555,4754,3308,4061,4968,6788,2554,3990,1675,3947,4691,3417,2961,5478,4512,4324,5921,5608,4549,3292,6695,6493,6229,4070,5649,6226,3571,2873,4761,2116,3891,3559,5744,3850,2521,7596,4244,2253,4969,6260,6602,1086,3922,3406,2085,3888,4213,6271,275,2386,3005,3066,2860,2704,2565,3710,6190,6368,5605,5814,5387,1236,14186
