channel1,channel2,channel3,channel4,channel5,channel6,channel7,channel8,channel9,channel10,channel11,channel12,channel13,channel14,channel15,channel16,channel17,channel18,channel19,channel20,channel21,channel22,channel23,channel24,channel25,channel26,channel27,channel28,channel29,channel30,channel31,channel32,channel33,channel34,channel35,channel36,channel37,channel38,channel39,channel40,channel41,channel42,channel43,channel44,channel45,channel46,channel47,channel48,channel49,channel50,channel51,channel52,channel53,channel54,channel55,channel56,channel57,channel58,channel59,channel60,channel61,channel62,channel63,channel64,channel65,channel66,channel67,channel68,channel69,channel70,channel71,channel72,channel73,channel74,channel75,channel76,channel77,channel78,channel79,channel80,channel81,channel82,channel83,channel84,dts
0,0,0,0,0,0,0,0,0,0,0,0,0,0,0,0,0,0,0,0,0,0,0,0,0,0,0,0,0,0,0,0,0,0,0,0,0,0,0,0,0,0,0,0,0,0,0,0,0,0,0,0,0,0,0,0,0,0,0,0,0,0,0,0,0,0,0,0,0,0,0,0,0,0,0,0,0,0,0,0,0,0,0,0,21
0,0,0,0,0,0,0,0,0,0,0,0,0,0,0,0,0,0,0,0,0,0,0,0,0,0,0,0,0,0,0,0,0,0,0,0,0,0,0,0,0,0,0,0,0,0,0,0,0,0,0,0,0,0,0,0,0,0,0,0,0,0,0,0,0,0,0,0,0,0,0,0,0,0,0,0,0,0,0,0,0,0,0,0,54
0,0,0,0,0,0,0,0,0,0,0,0,0,0,0,0,0,0,0,0,0,0,0,0,0,0,0,0,0,0,0,0,0,0,0,0,0,0,0,0,0,0,0,0,0,0,0,0,0,0,0,0,0,0,0,0,0,0,0,0,0,0,0,0,0,0,0,0,0,0,0,0,0,0,0,0,0,0,0,0,0,0,0,0,88
0,0,0,0,0,0,0,0,0,0,0,0,0,0,0,0,0,0,0,0,0,0,0,0,0,0,0,0,0,0,0,0,0,0,0,0,0,0,0,0,0,0,0,0,0,0,0,0,0,0,0,0,0,0,0,0,0,0,0,0,0,0,0,0,0,0,0,0,0,0,0,0,0,0,0,0,0,0,0,0,0,0,0,0,121
0,0,0,0,0,0,0,0,0,0,0,0,0,0,0,0,0,0,0,0,0,0,0,0,0,0,0,0,0,0,0,0,0,0,0,0,0,0,0,0,0,0,0,0,0,0,0,0,0,0,0,0,0,0,0,0,0,0,0,0,0,0,0,0,0,0,0,0,0,0,0,0,0,0,0,0,0,0,0,0,0,0,0,0,138
0,0,0,0,0,0,0,0,0,0,0,0,0,0,0,0,0,0,0,0,0,0,0,0,0,0,0,0,0,0,0,0,0,0,0,0,0,0,0,0,0,0,0,0,0,0,0,0,0,0,0,0,0,0,0,0,0,0,0,0,0,0,0,0,0,0,0,0,0,0,0,0,0,0,0,0,0,0,0,0,0,0,0,0,154
0,0,0,0,0,0,0,0,0,0,0,0,0,0,0,0,0,0,0,0,0,0,0,0,0,0,0,0,0,0,0,0,0,0,0,0,0,0,0,0,0,0,0,0,0,0,0,0,0,0,0,0,0,0,0,0,0,0,0,0,0,0,0,0,0,0,0,0,0,0,0,0,0,0,0,0,0,0,0,0,0,0,0,0,187
0,0,0,0,0,0,0,0,0,0,0,0,0,0,0,0,0,0,0,0,0,0,0,0,0,0,0,0,0,0,0,0,0,0,0,0,0,0,0,0,0,0,0,0,0,0,0,0,0,0,0,0,0,0,0,0,0,0,0,0,0,0,0,0,0,0,0,0,0,0,0,0,0,0,0,0,0,0,0,0,0,0,0,0,220
0,0,0,0,0,0,0,0,0,0,0,0,0,0,0,0,0,0,0,0,0,0,0,0,0,0,0,0,0,0,0,0,0,0,0,0,0,0,0,0,0,0,0,0,0,0,0,0,0,0,0,0,0,0,0,0,0,0,0,0,0,0,0,0,0,0,0,0,0,0,0,0,0,0,0,0,0,0,0,0,0,0,0,0,255
0,0,0,0,0,0,0,0,0,0,0,0,0,0,0,0,0,0,0,0,0,0,0,0,0,0,0,0,0,0,0,0,0,0,0,0,0,0,0,0,0,0,0,0,0,0,0,0,0,0,0,0,0,0,0,0,0,0,0,0,0,0,0,0,0,0,0,0,0,0,0,0,0,0,0,0,0,0,0,0,0,0,0,0,288
0,0,0,0,0,0,0,0,0,0,0,0,0,0,0,0,0,0,0,0,0,0,0,0,0,0,0,0,0,0,0,0,0,0,0,0,0,0,0,0,0,0,0,0,0,0,0,0,0,0,0,0,0,0,0,0,0,0,0,0,0,0,0,0,0,0,0,0,0,0,0,0,0,0,0,0,0,0,0,0,0,0,0,0,321
0,0,0,0,0,0,0,0,0,0,0,0,0,0,0,0,0,0,0,0,0,0,0,0,0,0,0,0,0,0,0,0,0,0,0,0,0,0,0,0,0,0,0,0,0,0,0,0,0,0,0,0,0,0,0,0,0,0,0,0,0,0,0,0,0,0,0,0,0,0,0,0,0,0,0,0,0,0,0,0,0,0,0,0,355
0,0,0,0,0,0,0,0,0,0,0,0,0,0,0,0,0,0,0,0,0,0,0,0,0,0,0,0,0,0,0,0,0,0,0,0,0,0,0,0,0,0,0,0,0,0,0,0,0,0,0,0,0,0,0,0,0,0,0,0,0,0,0,0,0,0,0,0,0,0,0,0,0,0,0,0,0,0,0,0,0,0,0,0,388
0,0,0,0,0,0,0,0,0,0,0,0,0,0,0,0,0,0,0,0,0,0,0,0,0,0,0,0,0,0,0,0,0,0,0,0,0,0,0,0,0,0,0,0,0,0,0,0,0,0,0,0,0,0,0,0,0,0,0,0,0,0,0,0,0,0,0,0,0,0,0,0,0,0,0,0,0,0,0,0,0,0,0,0,421
0,0,0,0,0,0,0,0,0,0,0,0,0,0,0,0,0,0,0,0,0,0,0,0,0,0,0,0,0,0,0,0,0,0,0,0,0,0,0,0,0,0,0,0,0,0,0,0,0,0,0,0,0,0,0,0,0,0,0,0,0,0,0,0,0,0,0,0,0,0,0,0,0,0,0,0,0,0,0,0,0,0,0,0,437
0,0,0,0,0,0,0,0,0,0,0,0,0,0,0,0,0,0,0,0,0,0,0,0,0,0,0,0,0,0,0,0,0,0,0,0,0,0,0,0,0,0,0,0,0,0,0,0,0,0,0,0,0,0,0,0,0,0,0,0,0,0,0,0,0,0,0,0,0,0,0,0,0,0,0,0,0,0,0,0,0,0,0,0,454
0,0,0,0,0,0,0,0,0,0,0,0,0,0,0,0,0,0,0,0,0,0,0,0,0,0,0,0,0,0,0,0,0,0,0,0,0,0,0,0,0,0,0,0,0,0,0,0,0,0,0,0,0,0,0,0,0,0,0,0,0,0,0,0,0,0,0,0,0,0,0,0,0,0,0,0,0,0,0,0,0,0,0,0,487
0,0,0,0,0,0,0,0,0,0,0,0,0,0,0,0,0,0,0,0,0,0,0,0,0,0,0,0,0,0,0,0,0,0,0,0,0,0,0,0,0,0,0,0,0,0,0,0,0,0,0,0,0,0,0,0,0,0,0,0,0,0,0,0,0,0,0,0,0,0,0,0,0,0,0,0,0,0,0,0,0,0,0,0,505
0,0,0,0,0,0,0,0,0,0,0,0,0,0,0,0,0,0,0,0,0,0,0,0,0,0,0,0,0,0,0,0,0,0,0,0,0,0,0,0,0,0,0,0,0,0,0,0,0,0,0,0,0,0,0,0,0,0,0,0,0,0,0,0,0,0,0,0,0,0,0,0,0,0,0,0,0,0,0,0,0,0,0,0,537
0,0,0,0,0,0,0,0,0,0,0,0,0,0,0,0,0,0,0,0,0,0,0,0,0,0,0,0,0,0,0,0,0,0,0,0,0,0,0,0,0,0,0,0,0,0,0,0,0,0,0,0,0,0,0,0,0,0,0,0,0,0,0,0,0,0,0,0,0,0,0,0,0,0,0,0,0,0,0,0,0,0,0,0,571
0,0,0,0,0,0,0,0,0,0,0,0,0,0,0,0,0,0,0,0,0,0,0,0,0,0,0,0,0,0,0,0,0,0,0,0,0,0,0,0,0,0,0,0,0,0,0,0,0,0,0,0,0,0,0,0,0,0,0,0,0,0,0,0,0,0,0,0,0,0,0,0,0,0,0,0,0,0,0,0,0,0,0,0,588
0,0,0,0,0,0,0,0,0,0,0,0,0,0,0,0,0,0,0,0,0,0,0,0,0,0,0,0,0,0,0,0,0,0,0,0,0,0,0,0,0,0,0,0,0,0,0,0,0,0,0,0,0,0,0,0,0,0,0,0,0,0,0,0,0,0,0,0,0,0,0,0,0,0,0,0,0,0,0,0,0,0,0,0,605
0,0,0,0,0,0,0,0,0,0,0,0,0,0,0,0,0,0,0,0,0,0,0,0,0,0,0,0,0,0,0,0,0,0,0,0,0,0,0,0,0,0,0,0,0,0,0,0,0,0,0,0,0,0,0,0,0,0,0,0,0,0,0,0,0,0,0,0,0,0,0,0,0,0,0,0,0,0,0,0,0,0,0,0,638
0,0,0,0,0,0,0,0,0,0,0,0,0,0,0,0,0,0,0,0,0,0,0,0,0,0,0,0,0,0,0,0,0,0,0,0,0,0,0,0,0,0,0,0,0,0,0,0,0,0,0,0,0,0,0,0,0,0,0,0,0,0,0,0,0,0,0,0,0,0,0,0,0,0,0,0,0,0,0,0,0,0,0,0,655
0,0,0,0,0,0,0,0,0,0,0,0,0,0,0,0,0,0,0,0,0,0,0,0,0,0,0,0,0,0,0,0,0,0,0,0,0,0,0,0,0,0,0,0,0,0,0,0,0,0,0,0,0,0,0,0,0,0,0,0,0,0,0,0,0,0,0,0,0,0,0,0,0,0,0,0,0,0,0,0,0,0,0,0,688
0,0,0,0,0,0,0,0,0,0,0,0,0,0,0,0,0,0,0,0,0,0,0,0,0,0,0,0,0,0,0,0,0,0,0,0,0,0,0,0,0,0,0,0,0,0,0,0,0,0,0,0,0,0,0,0,0,0,0,0,0,0,0,0,0,0,0,0,0,0,0,0,0,0,0,0,0,0,0,0,0,0,0,0,721
0,0,0,0,0,0,0,0,0,0,0,0,0,0,0,0,0,0,0,0,0,0,0,0,0,0,0,0,0,0,0,0,0,0,0,0,0,0,0,0,0,0,0,0,0,0,0,0,0,0,0,0,0,0,0,0,0,0,0,0,0,0,0,0,0,0,0,0,0,0,0,0,0,0,0,0,0,0,0,0,0,0,0,0,738
0,0,0,0,0,0,0,0,0,0,0,0,0,0,0,0,0,0,0,0,0,0,0,0,0,0,0,0,0,0,0,0,0,0,0,0,0,0,0,0,0,0,0,0,0,0,0,0,0,0,0,0,0,0,0,0,0,0,0,0,0,0,0,0,0,0,0,0,0,0,0,0,0,0,0,0,0,0,0,0,0,0,0,0,771
0,0,0,0,0,0,0,0,0,0,0,0,0,0,0,0,0,0,0,0,0,0,0,0,0,0,0,0,0,0,0,0,0,0,0,0,0,0,0,0,0,0,0,0,0,0,0,0,0,0,0,0,0,0,0,0,0,0,0,0,0,0,0,0,0,0,0,0,0,0,0,0,0,0,0,0,0,0,0,0,0,0,0,0,804
0,0,0,0,0,0,0,0,0,0,0,0,0,0,0,0,0,0,0,0,0,0,0,0,0,0,0,0,0,0,0,0,0,0,0,0,0,0,0,0,0,0,0,0,0,0,0,0,0,0,0,0,0,0,0,0,0,0,0,0,0,0,0,0,0,0,0,0,0,0,0,0,0,0,0,0,0,0,0,0,0,0,0,0,838
0,0,0,0,0,0,0,0,0,0,0,0,0,0,0,0,0,0,0,0,0,0,0,0,0,0,0,0,0,0,0,0,0,0,0,0,0,0,0,0,0,0,0,0,0,0,0,0,0,0,0,0,0,0,0,0,0,0,0,0,0,0,0,0,0,0,0,0,0,0,0,0,0,0,0,0,0,0,0,0,0,0,0,0,855
0,0,0,0,0,0,0,0,0,0,0,0,0,0,0,0,0,0,0,0,0,0,0,0,0,0,0,0,0,0,0,0,0,0,0,0,0,0,0,0,0,0,0,0,0,0,0,0,0,0,0,0,0,0,0,0,0,0,0,0,0,0,0,0,0,0,0,0,0,0,0,0,0,0,0,0,0,0,0,0,0,0,0,0,887
0,0,0,0,0,0,0,0,0,0,0,0,0,0,0,0,0,0,0,0,0,0,0,0,0,0,0,0,0,0,0,0,0,0,0,0,0,0,0,0,0,0,0,0,0,0,0,0,0,0,0,0,0,0,0,0,0,0,0,0,0,0,0,0,0,0,0,0,0,0,0,0,0,0,0,0,0,0,0,0,0,0,0,0,921
0,0,0,0,0,0,0,0,0,0,0,0,0,0,0,0,0,0,0,0,0,0,0,0,0,0,0,0,0,0,0,0,0,0,0,0,0,0,0,0,0,0,0,0,0,0,0,0,0,0,0,0,0,0,0,0,0,0,0,0,0,0,0,0,0,0,0,0,0,0,0,0,0,0,0,0,0,0,0,0,0,0,0,0,938
0,0,0,0,0,0,0,0,0,0,0,0,0,0,0,0,0,0,0,0,0,0,0,0,0,0,0,0,0,0,0,0,0,0,0,0,0,0,0,0,0,0,0,0,0,0,0,0,0,0,0,0,0,0,0,0,0,0,0,0,0,0,0,0,0,0,0,0,0,0,0,0,0,0,0,0,0,0,0,0,0,0,0,0,954
0,0,0,0,0,0,0,0,0,0,0,0,0,0,0,0,0,0,0,0,0,0,0,0,0,0,0,0,0,0,0,0,0,0,0,0,0,0,0,0,0,0,0,0,0,0,0,0,0,0,0,0,0,0,0,0,0,0,0,0,0,0,0,0,0,0,0,0,0,0,0,0,0,0,0,0,0,0,0,0,0,0,0,0,988
0,0,0,0,0,0,0,0,0,0,0,0,0,0,0,0,0,0,0,0,0,0,0,0,0,0,0,0,0,0,0,0,0,0,0,0,0,0,0,0,0,0,0,0,0,0,0,0,0,0,0,0,0,0,0,0,0,0,0,0,0,0,0,0,0,0,0,0,0,0,0,0,0,0,0,0,0,0,0,0,0,0,0,0,1005
0,0,0,0,0,0,0,0,0,0,0,0,0,0,0,0,0,0,0,0,0,0,0,0,0,0,0,0,0,0,0,0,0,0,0,0,0,0,0,0,0,0,0,0,0,0,0,0,0,0,0,0,0,0,0,0,0,0,0,0,0,0,0,0,0,0,0,0,0,0,0,0,0,0,0,0,0,0,0,0,0,0,0,0,1037
0,0,0,0,0,0,0,0,0,0,0,0,0,0,0,0,0,0,0,0,0,0,0,0,0,0,0,0,0,0,0,0,0,0,0,0,0,0,0,0,0,0,0,0,0,0,0,0,0,0,0,0,0,0,0,0,0,0,0,0,0,0,0,0,0,0,0,0,0,0,0,0,0,0,0,0,0,0,0,0,0,0,0,0,1071
0,0,0,0,0,0,0,0,0,0,0,0,0,0,0,0,0,0,0,0,0,0,0,0,0,0,0,0,0,0,0,0,0,0,0,0,0,0,0,0,0,0,0,0,0,0,0,0,0,0,0,0,0,0,0,0,0,0,0,0,0,0,0,0,0,0,0,0,0,0,0,0,0,0,0,0,0,0,0,0,0,0,0,0,1088
0,0,0,0,0,0,0,0,0,0,0,0,0,0,0,0,0,0,0,0,0,0,0,0,0,0,0,0,0,0,0,0,0,0,0,0,0,0,0,0,0,0,0,0,0,0,0,0,0,0,0,0,0,0,0,0,0,0,0,0,0,0,0,0,0,0,0,0,0,0,0,0,0,0,0,0,0,0,0,0,0,0,0,0,1104
0,0,0,0,0,0,0,0,0,0,0,0,0,0,0,0,0,0,0,0,0,0,0,0,0,0,0,0,0,0,0,0,0,0,0,0,0,0,0,0,0,0,0,0,0,0,0,0,0,0,0,0,0,0,0,0,0,0,0,0,0,0,0,0,0,0,0,0,0,0,0,0,0,0,0,0,0,0,0,0,0,0,0,0,1137
0,0,0,0,0,0,0,0,0,0,0,0,0,0,0,0,0,0,0,0,0,0,0,0,0,0,0,0,0,0,0,0,0,0,0,0,0,0,0,0,0,0,0,0,0,0,0,0,0,0,0,0,0,0,0,0,0,0,0,0,0,0,0,0,0,0,0,0,0,0,0,0,0,0,0,0,0,0,0,0,0,0,0,0,1155
0,0,0,0,0,0,0,0,0,0,0,0,0,0,0,0,0,0,0,0,0,0,0,0,0,0,0,0,0,0,0,0,0,0,0,0,0,0,0,0,0,0,0,0,0,0,0,0,0,0,0,0,0,0,0,0,0,0,0,0,0,0,0,0,0,0,0,0,0,0,0,0,0,0,0,0,0,0,0,0,0,0,0,0,1188
0,0,0,0,0,0,0,0,0,0,0,0,0,0,0,0,0,0,0,0,0,0,0,0,0,0,0,0,0,0,0,0,0,0,0,0,0,0,0,0,0,0,0,0,0,0,0,0,0,0,0,0,0,0,0,0,0,0,0,0,0,0,0,0,0,0,0,0,0,0,0,0,0,0,0,0,0,0,0,0,0,0,0,0,1204
0,0,0,0,0,0,0,0,0,0,0,0,0,0,0,0,0,0,0,0,0,0,0,0,0,0,0,0,0,0,0,0,0,0,0,0,0,0,0,0,0,0,0,0,0,0,0,0,0,0,0,0,0,0,0,0,0,0,0,0,0,0,0,0,0,0,0,0,0,0,0,0,0,0,0,0,0,0,0,0,0,0,0,0,1238
0,0,0,0,0,0,0,0,0,0,0,0,0,0,0,0,0,0,0,0,0,0,0,0,0,0,0,0,0,0,0,0,0,0,0,0,0,0,0,0,0,0,0,0,0,0,0,0,0,0,0,0,0,0,0,0,0,0,0,0,0,0,0,0,0,0,0,0,0,0,0,0,0,0,0,0,0,0,0,0,0,0,0,0,1255
0,0,0,0,0,0,0,0,0,0,0,0,0,0,0,0,0,0,0,0,0,0,0,0,0,0,0,0,0,0,0,0,0,0,0,0,0,0,0,0,0,0,0,0,0,0,0,0,0,0,0,0,0,0,0,0,0,0,0,0,0,0,0,0,0,0,0,0,0,0,0,0,0,0,0,0,0,0,0,0,0,0,0,0,1288
0,0,0,0,0,0,0,0,0,0,0,0,0,0,0,0,0,0,0,0,0,0,0,0,0,0,0,0,0,0,0,0,0,0,0,0,0,0,0,0,0,0,0,0,0,0,0,0,0,0,0,0,0,0,0,0,0,0,0,0,0,0,0,0,0,0,0,0,0,0,0,0,0,0,0,0,0,0,0,0,0,0,0,0,1305
0,0,0,0,0,0,0,0,0,0,0,0,0,0,0,0,0,0,0,0,0,0,0,0,0,0,0,0,0,0,0,0,0,0,0,0,0,0,0,0,0,0,0,0,0,0,0,0,0,0,0,0,0,0,0,0,0,0,0,0,0,0,0,0,0,0,0,0,0,0,0,0,0,0,0,0,0,0,0,0,0,0,0,0,1337
0,0,0,0,0,0,0,0,0,0,0,0,0,0,0,0,0,0,0,0,0,0,0,0,0,0,0,0,0,0,0,0,0,0,0,0,0,0,0,0,0,0,0,0,0,0,0,0,0,0,0,0,0,0,0,0,0,0,0,0,0,0,0,0,0,0,0,0,0,0,0,0,0,0,0,0,0,0,0,0,0,0,0,0,1354
0,0,0,0,0,0,0,0,0,0,0,0,0,0,0,0,0,0,0,0,0,0,0,0,0,0,0,0,0,0,0,0,0,0,0,0,0,0,0,0,0,0,0,0,0,0,0,0,0,0,0,0,0,0,0,0,0,0,0,0,0,0,0,0,0,0,0,0,0,0,0,0,0,0,0,0,0,0,0,0,0,0,0,0,1387
0,0,0,0,0,0,0,0,0,0,0,0,0,0,0,0,0,0,0,0,0,0,0,0,0,0,0,0,0,0,0,0,0,0,0,0,0,0,0,0,0,0,0,0,0,0,0,0,0,0,0,0,0,0,0,0,0,0,0,0,0,0,0,0,0,0,0,0,0,0,0,0,0,0,0,0,0,0,0,0,0,0,0,0,1405
0,0,0,0,0,0,0,0,0,0,0,0,0,0,0,0,0,0,0,0,0,0,0,0,0,0,0,0,0,0,0,0,0,0,0,0,0,0,0,0,0,0,0,0,0,0,0,0,0,0,0,0,0,0,0,0,0,0,0,0,0,0,0,0,0,0,0,0,0,0,0,0,0,0,0,0,0,0,0,0,0,0,0,0,1438
0,0,0,0,0,0,0,0,0,0,0,0,0,0,0,0,0,0,0,0,0,0,0,0,0,0,0,0,0,0,0,0,0,0,0,0,0,0,0,0,0,0,0,0,0,0,0,0,0,0,0,0,0,0,0,0,0,0,0,0,0,0,0,0,0,0,0,0,0,0,0,0,0,0,0,0,0,0,0,0,0,0,0,0,1471
0,0,0,0,0,0,0,0,0,0,0,0,0,0,0,0,0,0,0,0,0,0,0,0,0,0,0,0,0,0,0,0,0,0,0,0,0,0,0,0,0,0,0,0,0,0,0,0,0,0,0,0,0,0,0,0,0,0,0,0,0,0,0,0,0,0,0,0,0,0,0,0,0,0,0,0,0,0,0,0,0,0,0,0,1505
0,0,0,0,0,0,0,0,0,0,0,0,0,0,0,0,0,0,0,0,0,0,0,0,0,0,0,0,0,0,0,0,0,0,0,0,0,0,0,0,0,0,0,0,0,0,0,0,0,0,0,0,0,0,0,0,0,0,0,0,0,0,0,0,0,0,0,0,0,0,0,0,0,0,0,0,0,0,0,0,0,0,0,0,1537
0,0,0,0,0,0,0,0,0,0,0,0,0,0,0,0,0,0,0,0,0,0,0,0,0,0,0,0,0,0,0,0,0,0,0,0,0,0,0,0,0,0,0,0,0,0,0,0,0,0,0,0,0,0,0,0,0,0,0,0,0,0,0,0,0,0,0,0,0,0,0,0,0,0,0,0,0,0,0,0,0,0,0,0,1554
0,0,0,0,0,0,0,0,0,0,0,0,0,0,0,0,0,0,0,0,0,0,0,0,0,0,0,0,0,0,0,0,0,0,0,0,0,0,0,0,0,0,0,0,0,0,0,0,0,0,0,0,0,0,0,0,0,0,0,0,0,0,0,0,0,0,0,0,0,0,0,0,0,0,0,0,0,0,0,0,0,0,0,0,1587
0,0,0,0,0,0,0,0,0,0,0,0,0,0,0,0,0,0,0,0,0,0,0,0,0,0,0,0,0,0,0,0,0,0,0,0,0,0,0,0,0,0,0,0,0,0,0,0,0,0,0,0,0,0,0,0,0,0,0,0,0,0,0,0,0,0,0,0,0,0,0,0,0,0,0,0,0,0,0,0,0,0,0,0,1605
0,0,0,0,0,0,0,0,0,0,0,0,0,0,0,0,0,0,0,0,0,0,0,0,0,0,0,0,0,0,0,0,0,0,0,0,0,0,0,0,0,0,0,0,0,0,0,0,0,0,0,0,0,0,0,0,0,0,0,0,0,0,0,0,0,0,0,0,0,0,0,0,0,0,0,0,0,0,0,0,0,0,0,0,1638
0,0,0,0,0,0,0,0,0,0,0,0,0,0,0,0,0,0,0,0,0,0,0,0,0,0,0,0,0,0,0,0,0,0,0,0,0,0,0,0,0,0,0,0,0,0,0,0,0,0,0,0,0,0,0,0,0,0,0,0,0,0,0,0,0,0,0,0,0,0,0,0,0,0,0,0,0,0,0,0,0,0,0,0,1654
0,0,0,0,0,0,0,0,0,0,0,0,0,0,0,0,0,0,0,0,0,0,0,0,0,0,0,0,0,0,0,0,0,0,0,0,0,0,0,0,0,0,0,0,0,0,0,0,0,0,0,0,0,0,0,0,0,0,0,0,0,0,0,0,0,0,0,0,0,0,0,0,0,0,0,0,0,0,0,0,0,0,0,0,1688
0,0,0,0,0,0,0,0,0,0,0,0,0,0,0,0,0,0,0,0,0,0,0,0,0,0,0,0,0,0,0,0,0,0,0,0,0,0,0,0,0,0,0,0,0,0,0,0,0,0,0,0,0,0,0,0,0,0,0,0,0,0,0,0,0,0,0,0,0,0,0,0,0,0,0,0,0,0,0,0,0,0,0,0,1721
0,0,0,0,0,0,0,0,0,0,0,0,0,0,0,0,0,0,0,0,0,0,0,0,0,0,0,0,0,0,0,0,0,0,0,0,0,0,0,0,0,0,0,0,0,0,0,0,0,0,0,0,0,0,0,0,0,0,0,0,0,0,0,0,0,0,0,0,0,0,0,0,0,0,0,0,0,0,0,0,0,0,0,0,1738
0,0,0,0,0,0,0,0,0,0,0,0,0,0,0,0,0,0,0,0,0,0,0,0,0,0,0,0,0,0,0,0,0,0,0,0,0,0,0,0,0,0,0,0,0,0,0,0,0,0,0,0,0,0,0,0,0,0,0,0,0,0,0,0,0,0,0,0,0,0,0,0,0,0,0,0,0,0,0,0,0,0,0,0,1771
0,0,0,0,0,0,0,0,0,0,0,0,0,0,0,0,0,0,0,0,0,0,0,0,0,0,0,0,0,0,0,0,0,0,0,0,0,0,0,0,0,0,0,0,0,0,0,0,0,0,0,0,0,0,0,0,0,0,0,0,0,0,0,0,0,0,0,0,0,0,0,0,0,0,0,0,0,0,0,0,0,0,0,0,1788
0,0,0,0,0,0,0,0,0,0,0,0,0,0,0,0,0,0,0,0,0,0,0,0,0,0,0,0,0,0,0,0,0,0,0,0,0,0,0,0,0,0,0,0,0,0,0,0,0,0,0,0,0,0,0,0,0,0,0,0,0,0,0,0,0,0,0,0,0,0,0,0,0,0,0,0,0,0,0,0,0,0,0,0,1805
0,0,0,0,0,0,0,0,0,0,0,0,0,0,0,0,0,0,0,0,0,0,0,0,0,0,0,0,0,0,0,0,0,0,0,0,0,0,0,0,0,0,0,0,0,0,0,0,0,0,0,0,0,0,0,0,0,0,0,0,0,0,0,0,0,0,0,0,0,0,0,0,0,0,0,0,0,0,0,0,0,0,0,0,1838
0,0,0,0,0,0,0,0,0,0,0,0,0,0,0,0,0,0,0,0,0,0,0,0,0,0,0,0,0,0,0,0,0,0,0,0,0,0,0,0,0,0,0,0,0,0,0,0,0,0,0,0,0,0,0,0,0,0,0,0,0,0,0,0,0,0,0,0,0,0,0,0,0,0,0,0,0,0,0,0,0,0,0,0,1854
0,0,0,0,0,0,0,0,0,0,0,0,0,0,0,0,0,0,0,0,0,0,0,0,0,0,0,0,0,0,0,0,0,0,0,0,0,0,0,0,0,0,0,0,0,0,0,0,0,0,0,0,0,0,0,0,0,0,0,0,0,0,0,0,0,0,0,0,0,0,0,0,0,0,0,0,0,0,0,0,0,0,0,0,1888
0,0,0,0,0,0,0,0,0,0,0,0,0,0,0,0,0,0,0,0,0,0,0,0,0,0,0,0,0,0,356,2725,3003,303,0,0,0,0,19,1226,2660,333,99,2767,3072,1176,3844,4049,2865,2488,5041,2614,4511,4256,7101,3971,2480,7413,5814,3441,5656,6511,7452,1311,7172,5012,4516,6371,5013,7651,6645,6312,6215,6220,6034,5840,7525,7052,8866,7229,6901,8220,0,0,1922
6197,6997,6134,4547,4935,2377,5862,302,3358,4466,4564,4663,5964,6762,2599,5659,3429,5140,5095,4126,1935,2601,4701,1733,2119,792,1834,3792,446,3220,147,1954,1464,1649,527,35,66,16,0,0,0,0,0,0,0,0,0,0,0,0,0,0,0,0,0,0,0,0,1403,250,1044,625,0,0,0,682,4516,6371,5013,7651,6645,6312,6215,6220,6034,5840,7525,7052,8866,7229,6901,8220,5859,1879,1955
0,0,0,0,16,0,0,0,0,0,0,16,0,0,0,0,15,0,16,0,0,0,0,0,0,16,0,0,0,268,1021,2850,1832,1977,485,48,2000,187,2225,4570,3290,1211,83,2132,3415,1381,3916,4350,2772,1361,0,0,0,0,0,0,0,0,1403,250,1044,625,0,0,0,682,291,1492,1552,0,0,0,0,0,15,0,0,0,0,225,90,503,2001,0,1988
0,0,0,0,16,0,0,0,0,0,0,16,0,0,0,0,15,0,16,0,0,0,0,0,0,16,0,0,0,268,1021,2850,1832,1977,485,48,2000,187,2225,4570,3290,1211,83,2132,3415,1381,3916,4350,2772,1361,4781,2052,4312,3102,5200,3807,2445,7302,4208,2019,4837,6125,6446,1195,5558,4480,2376,5135,4586,7178,1321,3349,5553,5107,4930,4379,4169,6695,7270,7090,5400,6530,2001,0,2004
3555,6246,5391,5134,5269,2837,6394,315,3178,5022,5066,4486,5968,6647,2602,5395,4634,6196,5529,4352,2754,5062,5316,5504,3592,4412,5493,6871,2477,4063,1808,4660,5726,3900,2901,5128,4896,4400,7726,6321,4656,2114,5216,5570,3821,1225,4547,5378,2838,2295,4962,2421,3496,2358,4728,3840,2418,6881,4081,2152,4492,5374,6446,1195,5558,4480,2376,5135,4586,7178,1321,3349,5553,5107,4930,4379,4169,6695,7270,7090,5400,6530,4622,1349,2037
3055,5720,3413,4708,5372,2260,3223,320,3101,4888,4885,4363,5659,6203,2602,5395,4634,6196,5529,4352,2754,5062,5316,5504,3592,4412,5493,6871,2477,4063,1808,4660,5726,3900,2901,5128,4896,4400,7726,6321,4656,2114,5216,5570,3821,1225,4547,5378,2838,2295,4962,2421,3496,2358,4728,3840,2418,6881,4081,2152,4492,5374,2623,825,1468,2548,1710,4023,4555,6257,286,2366,2885,2641,3623,3212,2515,3873,6138,5496,4805,4551,4366,1140,2054
3055,5720,3413,4708,5372,2260,3223,320,3101,4888,4885,4363,5659,6203,2675,5382,4732,6563,5779,4357,3067,5498,5955,6139,4250,5516,6981,6823,2608,3871,4677,5731,7480,4781,4048,5869,4675,7198,7865,9052,5268,6349,7345,6848,7038,6250,8842,7585,5884,5398,8125,4628,5894,5567,7500,4313,3430,7235,5295,4918,5717,6465,7537,3825,6942,5034,3143,5508,4583,7226,4313,4074,4874,4605,5059,4416,4154,6777,6138,5496,4805,4551,4366,1140,2087
3504,6222,5307,5215,5264,2808,6230,313,3189,5073,5095,4597,5707,6211,2653,5443,4264,5600,5583,4426,3339,4984,5673,5732,3736,4606,6981,6823,2608,3871,4677,5731,7480,4781,4048,5869,4675,7198,7865,9052,5268,6349,7345,6848,7038,6250,8842,7585,5884,5398,8125,4628,5894,5567,7500,4313,3430,7235,5295,4918,5717,6465,7537,3825,6942,5034,3143,5508,4583,7226,4313,4074,4874,4605,5059,4416,4154,6777,7615,6850,5553,6627,4457,1124,2104
5097,6077,5547,5697,5205,3051,7045,366,3350,5224,5095,4597,5707,6211,2653,5443,4264,5600,5583,4426,3339,4984,5673,5732,3736,4606,5643,6838,2587,3980,3652,4901,6400,4462,2903,5796,4766,6292,7533,7439,5265,6078,7140,6741,6951,6195,8603,7629,5510,5380,7588,4272,5760,5482,7388,4239,3314,7268,5331,4988,5589,6698,7549,3856,7135,5251,3634,5532,4690,7350,4510,4921,6153,5605,5625,5059,7505,6872,8668,6866,5400,6510,4489,1008,2138
5097,6077,5547,5697,5205,3051,7045,366,3350,5224,5427,4936,6191,6819,2695,5541,4696,6490,5831,4382,3712,5654,5800,5897,3766,5208,6946,6794,2626,3890,4120,5144,7083,4685,2884,6000,4726,6944,7822,7598,5300,6410,7140,6741,6951,6195,8603,7629,5510,5380,7588,4272,5760,5482,7388,4239,3314,7268,5331,4988,5589,6698,7549,3856,7135,5251,3634,5532,4690,7350,4510,4921,6153,5605,5625,5059,7505,6872,8668,6866,5400,6510,4489,1008,2154
5067,6056,5542,5565,5139,3301,6877,347,3350,5212,5404,4948,6164,6746,2683,5607,4846,6512,5892,4400,3681,5945,5800,5897,3766,5208,6946,6794,2626,3890,4120,5144,7083,4685,2884,6000,4726,6944,7822,7598,5300,6410,7100,6616,7060,6191,8529,7633,5576,5408,7431,4023,5436,4791,7030,3961,3358,7150,5454,4353,5111,6348,7467,3695,6959,4976,3142,5491,4600,7331,3812,4249,6126,5540,5521,4894,7391,6942,8487,6752,5437,6513,4491,1067,2187
5028,6015,5505,5576,5177,2990,6877,347,3350,5212,5404,4948,6164,6746,2683,5607,4846,6512,5892,4400,3681,5945,6149,5966,3935,5318,6854,6615,2658,3865,4528,5347,7474,4683,4519,6069,4704,7075,7788,8396,5210,6222,7186,6683,7129,6229,8702,7622,5655,5442,7564,4037,5586,5445,7126,3965,3333,7251,5409,4610,5507,6363,7516,3769,6997,5000,3149,5507,4602,7298,3819,4230,6126,5540,5558,4895,7407,6884,8637,6705,5402,6497,4405,1072,2221
5028,6015,5505,5576,5177,2990,7008,366,3324,5235,5391,4948,6197,6907,2707,5555,4822,6535,5907,4400,3736,5941,6139,5981,3958,5331,6870,6629,2656,3850,4562,5324,7519,4729,4537,6031,4689,7092,7788,8396,5210,6222,7186,6683,7129,6229,8702,7622,5655,5442,7564,4037,5586,5445,7126,3965,3333,7251,5409,4610,5507,6363,7516,3769,6997,5000,3149,5507,4602,7298,3819,4230,6126,5540,5558,4895,7407,6884,8637,6705,5402,6497,4405,1072,2237
5067,6030,5552,5576,5255,3037,6936,367,3350,5223,5391,4936,6182,6783,2707,5555,4787,6558,5918,4379,3763,5938,6139,5981,3958,5331,6870,6629,2656,3850,4562,5324,7519,4729,4537,6031,4689,7092,7782,8443,5247,6233,7207,6744,7115,6250,8801,7665,5682,5486,7746,4278,5750,5498,7341,3969,3456,7260,5353,4803,5561,6416,7565,3771,7080,5070,3256,5510,4602,7324,3849,4304,6117,5552,5572,4906,7439,6905,8711,6752,5427,6530,4449,1072,2270
5088,6062,5552,5576,5255,3037,6936,367,3350,5223,5391,4936,6182,6783,2707,5555,4787,6558,5918,4379,3763,5938,6108,5966,3949,5331,6854,6600,2656,3850,4562,5288,7474,4705,4535,6019,4702,7092,7782,8443,5223,6164,7190,6735,7115,6250,8823,7647,5511,5442,7746,4278,5777,5498,7411,5768,3366,7331,5342,4849,5575,6470,7343,3759,7090,5082,3263,5498,4611,7299,3838,4326,6146,5568,5575,4906,7371,6935,8759,6690,5439,6572,4553,1555,2304
5088,6062,5589,5601,5204,3067,7000,353,3367,5235,5416,4961,6229,6822,2652,5607,4811,6574,5959,4413,3800,7583,6243,5990,3958,5319,6854,6592,2637,3860,4528,5300,7474,4718,4543,5972,4689,7075,7819,8465,5234,6160,7185,6761,7132,6264,8823,7647,5468,5463,7746,4278,5754,5512,7388,5870,3372,7350,5342,4849,5589,6470,7343,3774,7098,5106,3279,5538,4646,7293,3838,4326,6146,5568,5575,4906,7371,6935,8759,6690,5439,6572,4553,1555,2337
5098,6062,5579,5661,5230,2941,7069,355,3367,5224,5406,4948,6235,6845,2642,5621,4799,6550,5959,4413,3800,7583,6243,5990,3958,5319,6854,6592,2637,3860,4528,5300,7474,4718,4543,5972,4689,7075,7819,8465,5234,6160,7185,6761,7132,6264,8823,7647,5468,5463,7746,4278,5754,5512,7388,5870,3372,7350,5342,4849,5589,6470,7343,3774,7098,5106,3279,5538,4646,7293,3846,4326,6122,5555,5589,4917,7404,6956,8782,6713,5452,6564,4575,1629,2355
5089,6062,5579,5661,5230,2941,7069,355,3367,5224,5406,4948,6235,6845,2642,5621,4799,6550,5907,4386,3825,7854,6243,6004,3958,5345,6870,6599,2603,3860,4562,5313,7493,4776,4541,5996,4689,7099,7819,8538,5247,6152,7173,6761,7115,6264,8871,7641,5446,5454,7720,4255,5740,5498,7388,5973,3379,7331,5342,4849,5589,6470,7337,3735,7098,5118,3263,5512,4599,7309,3853,4326,6122,5591,5601,4929,7404,6950,8782,6753,5452,6564,4575,1633,2387
5089,6062,5579,5601,5230,2964,7069,356,3367,5236,5393,4948,6250,6890,2633,5610,4810,6550,5923,4400,3825,8339,6269,5981,3958,5333,6910,6554,2613,3834,4573,5300,7512,4752,4519,5960,4689,7115,7800,8589,5259,6129,7188,6761,7132,6264,8849,7647,5426,5445,7746,4278,5754,5512,7405,6040,3366,7331,5355,4849,5564,6485,7309,3750,7098,5094,3263,5512,4599,7309,3853,4326,6122,5591,5601,4929,7404,6950,8782,6753,5452,6564,4575,1633,2421
5099,6077,5555,5661,5230,2948,7085,356,3341,5248,5429,4948,6250,6883,2638,5595,4810,6566,5923,4410,3834,8455,6295,5995,3958,5333,6910,6532,2594,3860,4573,5313,7512,4811,4539,5952,4689,7115,7795,8538,5235,6165,7188,6761,7109,6264,8849,7623,5426,5445,7746,4278,5754,5512,7405,6040,3366,7331,5355,4849,5564,6485,7309,3750,7098,5094,3263,5512,4622,7286,3861,4326,6175,5578,5615,4917,7421,6930,8782,6737,5416,6580,4575,1614,2454
5099,6051,5592,5684,5205,3018,7040,358,3341,5236,5418,4923,6273,6860,2609,5621,4834,6566,5923,4400,3825,8764,6337,6018,3967,5347,6903,6569,2589,3860,4573,5313,7512,4811,4539,5952,4689,7115,7795,8538,5235,6165,7188,6761,7109,6264,8849,7623,5426,5445,7746,4312,5777,5512,7411,6165,3399,7350,5355,4849,5564,6462,7286,3764,7116,5118,3271,5538,4588,7286,3856,4311,6122,5568,5615,4894,7393,6952,8782,6729,5465,6564,4575,1636,2487
5089,6077,5568,5661,5269,3018,7040,359,3385,5236,5429,4948,6250,6876,2609,5621,4834,6566,5923,4400,3825,8764,6337,6018,3967,5347,6903,6569,2589,3860,4573,5313,7506,4740,4596,5908,4701,7132,7837,8534,5247,6165,7185,6779,7132,6279,8868,7641,5438,5449,7772,4312,5777,5501,7429,6188,3393,7331,5342,4849,5567,6485,7286,3752,7116,5118,3279,5515,4622,7286,3852,4311,6137,5545,5604,4894,7399,6946,8805,6729,5429,6838,4457,1636,2521
5089,6077,5568,5661,5269,3018,7040,359,3385,5236,5429,4948,6250,6876,2594,5636,4834,6581,5938,4410,3878,9020,6363,5995,3967,5335,6886,6569,2580,3844,4597,5325,7525,4740,4596,5868,4675,7156,7813,8530,5235,6188,7160,6779,7132,6279,8891,7641,5426,5460,7772,4312,5790,5541,7452,6210,3400,7350,5331,4860,5592,6485,7303,3740,7098,5094,3279,5515,4599,7280,3880,4337,6137,5568,5618,4905,7415,6940,8805,6729,5429,6838,4457,1636,2554
5080,6077,5568,5661,5283,3018,7056,360,3350,5236,5406,4935,6226,6876,2574,5621,4810,6581,5927,4397,3856,9180,6347,6018,3967,5335,6886,6561,2580,3844,4573,5313,7500,4787,4561,5860,4675,7115,7837,8483,5259,6179,7160,6779,7132,6241,8843,7641,5426,5440,7766,4312,5777,5515,7429,6224,3380,7324,5355,4860,5592,6462,7303,3740,7098,5094,3279,5515,4599,7280,3880,4337,6137,5568,5618,4905,7415,6940,8782,6713,5429,6855,4481,1591,2587
5090,6051,5592,5661,5309,3026,7033,360,3376,5236,5406,4935,6226,6876,2574,5621,4810,6581,5927,4397,3856,9180,6347,6018,3967,5335,6886,6561,2580,3844,4573,5313,7500,4787,4561,5860,4675,7115,7837,8483,5259,6179,7160,6779,7132,6241,8843,7641,5426,5440,7766,4312,5777,5515,7429,6224,3380,7324,5355,4860,5592,6462,7286,3740,7116,5118,3271,5541,4622,7303,3867,4337,6137,5581,5618,4929,7399,6933,8782,6729,5406,6855,4468,1640,2604
5090,6051,5592,5661,5309,3026,7033,360,3376,5236,5406,4948,6264,6853,2585,5621,4810,6566,5927,4397,3865,9337,6337,5995,3967,5335,6926,6561,2570,3870,4597,5325,7493,4846,4584,5851,4675,7156,7813,8497,5248,6179,7154,6779,7132,6264,8909,7635,5415,5461,7766,4299,5790,5532,7452,6269,3393,7324,5331,4837,5558,6501,7303,3747,7142,5142,3279,5532,4622,7258,3867,4311,6152,5581,5651,4905,7370,6933,8782,6729,5406,6855,4468,1640,2637
5070,6051,5568,5604,5792,2995,7027,340,3376,5249,5406,5012,6250,6869,2590,5636,4845,6581,5948,4386,3842,9397,6337,5995,3967,5335,6926,6561,2570,3870,4597,5325,7493,4846,4584,5851,4675,7156,7813,8497,5248,6179,7154,6779,7132,6264,8909,7635,5415,5461,7766,4299,5790,5532,7452,6269,3393,7324,5331,4837,5558,6501,7303,3747,7142,5142,3279,5532,4622,7258,3867,4311,6152,5581,5651,4905,7370,6933,8782,6729,5429,6857,4504,1801,2654
5080,6025,5568,5591,5807,3120,7027,340,3376,5249,5406,5012,6250,6869,2590,5636,4845,6581,5948,4386,3842,9397,6363,5995,3967,5338,6895,6561,2565,3844,4573,5325,7500,4739,4606,5851,4649,7149,7813,8489,5236,6193,7168,6822,7149,6255,8857,7630,5427,5461,7766,4289,5790,5532,7446,6283,3386,7324,5344,4849,5584,6477,7280,3755,7161,5142,3279,5546,4644,7274,3875,4337,6137,5581,5651,4928,7387,6947,8805,6706,5429,6875,4573,1801,2687
5080,6025,5568,5591,5807,3120,7033,361,3350,5236,5418,5012,6264,6853,2570,5636,4810,6581,5922,4407,3873,9398,6380,6033,3986,5338,6919,6576,2570,3870,4597,5325,7526,4763,4594,5851,4649,7149,7837,8515,5236,6193,7168,6822,7149,6255,8857,7630,5427,5461,7766,4289,5790,5532,7446,6283,3386,7324,5344,4849,5584,6477,7280,3755,7161,5142,3279,5546,4644,7274,3875,4337,6137,5581,5651,4928,7387,6947,8805,6706,5429,6875,4573,1801,2705
5060,6051,5581,5604,5807,3104,7072,341,3350,5249,5418,5012,6264,6846,2590,5636,4821,6581,5937,4397,3905,9437,6380,6033,3986,5338,6919,6576,2570,3870,4597,5325,7526,4763,4594,5851,4649,7149,7837,8515,5236,6193,7154,6761,7132,6241,8857,7654,5427,5461,7786,4312,5790,5546,7423,6283,3393,7350,5331,4860,5598,6492,7319,3747,7142,5165,3279,5546,4620,7274,3875,4337,6152,5581,5651,4917,7409,6947,8805,6722,5441,6875,4549,1820,2737
5060,6051,5581,5604,5807,3104,7072,341,3350,5249,5418,5012,6264,6846,2590,5636,4821,6581,5937,4397,3905,9437,6363,6009,3953,5324,6886,6576,2570,3854,4597,5313,7500,4751,4604,5863,4649,7149,7795,8493,5260,6193,7174,6822,7125,6279,8906,7677,5427,5450,7766,4312,5790,5546,7423,6283,3393,7350,5331,4860,5598,6492,7319,3747,7142,5165,3279,5546,4620,7274,3875,4337,6152,5581,5651,4917,7409,6947,8805,6722,5441,6875,4549,1820,2754
5080,6025,5581,5591,5807,3096,7094,361,3385,5236,5418,5039,6264,6884,2570,5636,4810,6604,5963,4407,3882,9437,6363,5995,3953,5338,6879,6554,2570,3854,4608,5325,7526,4728,4594,5863,4675,7132,7795,8493,5260,6193,7174,6822,7125,6279,8906,7677,5427,5450,7766,4312,5790,5546,7429,6283,3393,7324,5331,4837,5598,6477,7319,3755,7135,5165,3279,5546,4633,7274,3875,4363,6137,5581,5625,4928,7387,6927,8831,6729,5429,6875,4481,1779,2787
5080,6067,5568,5604,5796,3214,7094,342,3385,5236,5395,5026,6309,6869,2570,5636,4810,6566,5963,4407,3882,9437,6363,5995,3953,5338,6879,6554,2570,3854,4608,5325,7526,4728,4594,5863,4675,7132,7813,8541,5224,6171,7168,6822,7149,6255,8880,7612,5427,5441,7786,4312,5790,5546,7464,6261,3393,7350,5331,4860,5572,6492,7319,3755,7142,5165,3279,5546,4631,7274,3875,4348,6137,5581,5625,4928,7364,6941,8854,6706,5429,6875,4513,1846,2821
5080,6067,5568,5604,5796,3214,7094,342,3385,5236,5395,5026,6309,6869,2570,5636,4810,6566,5937,4394,3873,9476,6380,6009,3953,5312,6888,6576,2575,3854,4597,5313,7500,4750,4617,5843,4649,7149,7813,8515,5249,6193,7208,6779,7149,6255,8880,7648,5427,5452,7766,4312,5790,5546,7464,6261,3393,7350,5331,4860,5572,6492,7319,3755,7142,5165,3279,5546,4631,7274,3875,4348,6137,5581,5625,4928,7364,6941,8854,6706,5429,6875,4513,1846,2837
5090,6051,5568,5604,5796,3214,7094,342,3385,5236,5395,5026,6309,6869,2570,5636,4810,6566,5937,4394,3873,9476,6380,6009,3953,5312,6888,6576,2575,3854,4597,5313,7500,4750,4617,5843,4649,7149,7813,8515,5249,6193,7208,6779,7149,6255,8880,7648,5427,5452,7766,4312,5790,5546,7458,6297,3393,7324,5331,4860,5598,6484,7313,3734,7161,5165,3279,5546,4597,7268,3883,4311,6137,5558,5625,4916,7381,6947,8805,6682,5429,6875,4560,2054,2854
5090,6051,5531,5591,5807,3206,7088,341,3350,5236,5382,5026,6294,6824,2590,5651,4810,6566,5953,4418,3882,9437,6380,6033,3953,5352,6904,6568,2570,3844,4597,5325,7526,4738,4604,5843,4687,7156,7813,8515,5261,6199,7248,6805,7149,6264,8880,7624,5440,5461,7766,4312,5790,5561,7476,6297,3400,7369,5331,4860,5598,6484,7313,3755,7161,5165,3279,5546,4597,7268,3883,4311,6137,5558,5625,4916,7381,6947,8805,6682,5429,6875,4560,2054,2887
5080,6041,5568,5604,5781,3230,7088,362,3350,5236,5418,5026,6294,6839,2595,5651,4834,6581,5953,4418,3882,9437,6380,6033,3953,5352,6904,6568,2570,3844,4597,5325,7526,4738,4604,5843,4687,7156,7813,8515,5261,6199,7248,6805,7149,6264,8880,7624,5440,5461,7766,4312,5790,5561,7476,6297,3400,7369,5331,4860,5598,6484,7313,3755,7161,5165,3271,5520,4619,7285,3883,4348,6137,5581,5598,4916,7358,6941,8805,6706,5441,6875,4595,2121,2905
5080,6041,5568,5604,5781,3230,7088,362,3350,5236,5418,5026,6294,6839,2595,5651,4834,6581,5937,4394,3873,9476,6363,5995,3944,5338,6888,6546,2575,3844,4586,5325,7500,4750,4638,5855,4649,7149,7813,8489,5249,6185,7243,6822,7132,6279,8880,7666,5440,5452,7766,4312,5790,5535,7476,6312,3400,7350,5331,4860,5598,6460,7313,3762,7142,5165,3279,5546,4608,7285,3883,4311,6137,5558,5625,4916,7375,6941,8831,6722,5441,6875,4595,2121,2937
5090,6051,5545,5627,5822,3230,7097,362,3385,5236,5418,5000,6294,6825,2600,5651,4834,6581,5937,4404,3900,9456,6363,6033,3953,5338,6904,6553,2575,3880,4608,5325,7526,4750,4603,5843,4649,7132,7813,8515,5249,6204,7243,6848,7132,6279,8903,7642,5454,5472,7792,4323,5790,5546,7476,6281,3400,7343,5331,4860,5598,6484,7318,3762,7161,5154,3279,5546,4608,7285,3883,4311,6137,5558,5625,4916,7375,6941,8831,6722,5441,6875,4608,2217,2971
5110,6025,5592,5604,5796,3238,7074,362,3359,5249,5418,5039,6294,6840,2600,5651,4845,6581,5937,4394,3886,9495,6380,6018,3953,5338,6912,6553,2575,3844,4597,5325,7526,4739,4603,5835,4661,7132,7813,8567,5236,6190,7258,6822,7132,6255,8903,7642,5454,5472,7792,4323,5790,5546,7476,6281,3400,7343,5331,4860,5598,6484,7318,3762,7161,5154,3279,5535,4619,7233,4064,4493,6137,5558,5639,4893,7295,6941,8828,6706,5441,6901,4703,2704,3004
5110,6041,5568,5604,5807,3175,7090,362,3385,5249,5418,5039,6294,6825,2575,5636,4810,6581,5937,4418,3886,9456,6380,6018,3976,5338,6888,6553,2575,3854,4597,5325,7526,4739,4603,5835,4661,7132,7813,8567,5236,6190,7258,6822,7132,6255,8854,7672,5419,5452,7786,4312,5790,5535,7440,6303,3400,7369,5344,4860,5572,6469,7278,3762,7161,5142,3279,5520,4620,7210,4064,4479,6137,5558,5598,4893,7278,6955,8854,6698,5465,6901,4726,2704,3037
5110,6041,5568,5604,5807,3175,7090,362,3385,5249,5418,5039,6294,6825,2575,5636,4810,6581,5937,4418,3886,9456,6380,6018,3976,5338,6888,6553,2575,3854,4597,5325,7500,4750,4613,5855,4649,7132,7813,8563,5249,6204,7208,6805,7149,6279,8880,7648,5442,5452,7786,4312,5790,5546,7500,6318,3407,7369,5344,4860,5598,6484,7278,3762,7161,5142,3279,5520,4620,7210,4064,4479,6137,5558,5598,4893,7278,6955,8854,6698,5465,6901,4726,2704,3054
5130,6041,5581,5617,5848,3206,7090,362,3359,5236,5454,5039,6294,6840,2595,5651,4845,6620,5979,4418,3909,9476,6380,6018,3976,5338,6888,6568,2575,3854,4608,5348,7526,4750,4613,5843,4661,7132,7813,8567,5236,6204,7208,6805,7149,6279,8880,7648,5442,5452,7786,4312,5790,5546,7500,6318,3407,7369,5344,4860,5598,6484,7295,3762,7161,5178,3279,5546,4608,7227,4044,4479,6137,5558,5625,4881,7272,6941,8828,6698,5465,6919,4726,2727,3088
5141,6041,5568,5604,5807,3159,7090,342,3385,5249,5431,5000,6294,6840,2575,5651,4810,6581,5937,4418,3909,9495,6406,6033,3953,5352,6888,6568,2575,3854,4608,5348,7526,4750,4613,5843,4661,7132,7813,8567,5236,6204,7243,6822,7132,6255,8880,7630,5431,5452,7786,4289,5790,5535,7482,6326,3400,7369,5331,4860,5598,6492,7295,3750,7161,5142,3279,5520,4631,7227,4064,4505,6152,5581,5654,4905,7272,6941,8828,6682,5441,6901,4726,2750,3120
5141,6041,5568,5604,5807,3159,7090,342,3385,5249,5431,5000,6294,6840,2575,5651,4810,6581,5937,4418,3909,9495,6406,6033,3953,5352,6912,6568,2580,3844,4608,5348,7526,4761,4613,5855,4687,7149,7790,8590,5249,6204,7243,6822,7149,6279,8880,7642,5431,5452,7786,4312,5790,5535,7500,6386,3407,7369,5331,4860,5598,6492,7295,3750,7161,5142,3279,5520,4631,7227,4064,4505,6152,5581,5654,4905,7272,6941,8828,6682,5441,6901,4726,2750,3137
5130,6041,5568,5604,5859,3104,7090,342,3385,5236,5418,5026,6294,6818,2575,5677,4845,6581,5963,4418,3886,9476,6380,6033,3953,5352,6928,6583,2575,3854,4608,5325,7519,4750,4613,5835,4661,7173,7813,8563,5249,6204,7243,6822,7149,6279,8880,7642,5431,5452,7786,4312,5790,5535,7500,6386,3407,7369,5331,4860,5598,6484,7295,3742,7161,5154,3279,5520,4619,7210,4072,4505,6137,5581,5625,4916,7272,6955,8828,6682,5465,6901,4726,2750,3171
5130,6041,5568,5604,5859,3104,7090,342,3385,5236,5418,5026,6294,6818,2575,5677,4845,6581,5963,4418,3886,9476,6380,6033,3953,5352,6928,6583,2575,3854,4608,5325,7519,4750,4613,5835,4661,7173,7813,8563,5249,6204,7258,6822,7132,6270,8903,7648,5431,5452,7786,4336,5790,5546,7458,6371,3407,7369,5344,4860,5598,6484,7295,3750,7161,5165,3279,5535,4608,7210,4064,4505,6128,5558,5625,4916,7272,6955,8828,6682,5465,6901,4726,2750,3187
5130,6015,5545,5604,5822,3206,7068,342,3350,5236,5418,5000,6309,6780,2575,5651,4810,6596,5953,4394,3900,9456,6380,6033,3953,5352,6928,6583,2575,3854,4608,5325,7519,4750,4613,5835,4661,7173,7813,8563,5249,6204,7258,6822,7132,6270,8903,7648,5431,5452,7786,4336,5790,5546,7458,6371,3407,7369,5344,4860,5598,6484,7295,3750,7161,5165,3279,5535,4608,7210,4064,4505,6128,5558,5598,4916,7272,6941,8828,6722,5441,6901,4726,2750,3204
5110,6041,5568,5604,5822,3238,7068,342,3350,5236,5418,5000,6309,6780,2575,5651,4810,6596,5953,4394,3900,9456,6380,6009,3953,5338,6904,6568,2575,3828,4573,5325,7500,4761,4613,5866,4661,7149,7813,8590,5261,6204,7258,6822,7149,6279,8903,7642,5454,5463,7786,4336,5790,5561,7482,6386,3407,7395,5331,4860,5613,6500,7295,3750,7161,5142,3279,5535,4619,7227,4072,4505,6152,5581,5613,4904,7272,6941,8828,6698,5441,6875,4714,2750,3237
5110,6041,5568,5604,5822,3238,7045,342,3385,5249,5418,5039,6309,6795,2600,5651,4845,6581,5963,4404,3900,9495,6380,6009,3976,5338,6928,6568,2575,3854,4597,5325,7526,4785,4636,5846,4661,7149,7813,8590,5261,6204,7258,6822,7132,6255,8903,7661,5444,5463,7786,4312,5804,5535,7476,6386,3400,7369,5331,4871,5587,6476,7278,3770,7161,5142,3279,5535,4630,7250,4072,4505,6137,5581,5613,4904,7272,6941,8828,6698,5441,6875,4714,2750,3271
5141,6015,5581,5604,5796,3254,7022,362,3359,5249,5431,5013,6309,6795,2575,5651,4845,6581,5968,4415,3909,9495,6380,6033,3976,5312,6904,6545,2580,3844,4608,5325,7519,4773,4613,5835,4635,7132,7813,8567,5250,6204,7223,6822,7149,6279,8903,7661,5444,5452,7806,4323,5790,5520,7476,6386,3400,7369,5331,4871,5587,6476,7278,3770,7161,5142,3279,5535,4630,7250,4072,4505,6137,5581,5613,4904,7272,6955,8854,6698,5441,6919,4714,2750,3304
5141,6041,5581,5604,5822,3261,7068,362,3385,5236,5418,5000,6309,6780,2595,5651,4845,6581,5968,4404,3917,9495,6380,6033,3953,5338,6904,6568,2575,3854,4597,5325,7519,4761,4590,5846,4661,7132,7813,8567,5250,6204,7223,6822,7149,6279,8903,7661,5444,5452,7806,4323,5790,5520,7476,6386,3407,7369,5331,4860,5613,6476,7295,3750,7135,5154,3271,5535,4584,7256,4064,4505,6137,5558,5639,4904,7272,6935,8854,6674,5465,6919,4714,2750,3338
5130,6025,5568,5604,5837,3261,7068,342,3359,5260,5418,5052,6309,6795,2575,5651,4845,6581,5968,4404,3917,9495,6380,6033,3953,5338,6904,6568,2575,3854,4597,5325,7519,4761,4590,5846,4661,7132,7813,8567,5238,6181,7223,6822,7132,6279,8903,7619,5431,5432,7786,4323,5790,5520,7476,6409,3407,7369,5331,4860,5587,6500,7295,3750,7161,5142,3279,5549,4619,7272,4072,4505,6152,5581,5639,4904,7289,6941,8828,6674,5441,6919,4738,2772,3371
5130,6025,5568,5604,5837,3261,7068,342,3359,5260,5418,5052,6309,6795,2575,5651,4845,6581,5953,4404,3909,9495,6363,5995,3953,5352,6928,6568,2580,3854,4597,5337,7545,4797,4613,5866,4635,7156,7813,8590,5250,6204,7243,6822,7149,6279,8903,7637,5419,5452,7786,4312,5790,5520,7476,6477,3407,7369,5344,4860,5628,6491,7312,3742,7161,5165,3279,5535,4619,7266,4092,4505,6113,5558,5613,4892,7227,6955,8854,6635,5465,6892,4738,2772,3405
5141,6041,5568,5604,5796,3261,7045,342,3385,5236,5418,5013,6324,6810,2580,5651,4834,6581,5968,4415,3917,9495,6380,6018,3976,5366,6945,6545,2580,3854,4597,5325,7565,4797,4613,5866,4661,7173,7813,8616,5238,6195,7272,6848,7149,6317,8903,7642,5444,5443,7786,4312,5813,5535,7494,6500,3407,7369,5331,4860,5613,6491,7289,3770,7161,5165,3279,5535,4619,7266,4092,4505,6113,5558,5613,4892,7227,6955,8854,6635,5465,6892,4714,2772,3438
5120,6041,5545,5617,5822,3261,7068,362,3359,5236,5431,5013,6285,6833,2580,5651,4857,6581,5953,4428,3917,9495,6380,6018,3953,5338,6904,6560,2580,3854,4631,5325,7519,4773,4634,5835,4635,7132,7813,8563,5250,6195,7272,6822,7132,6255,8877,7637,5444,5443,7786,4312,5813,5535,7494,6500,3407,7369,5331,4860,5613,6491,7289,3770,7161,5165,3279,5575,4595,7266,4112,4505,6152,5558,5654,4940,7266,6955,8854,6635,5441,6919,4749,2779,3473
5151,6041,5545,5617,5822,3261,7068,362,3359,5236,5431,5013,6285,6833,2580,5651,4857,6581,5953,4428,3917,9495,6380,6018,3953,5338,6904,6560,2580,3854,4631,5325,7519,4773,4634,5835,4635,7132,7813,8563,5250,6195,7272,6822,7132,6255,8877,7637,5444,5443,7786,4312,5813,5561,7494,6552,3400,7369,5331,4871,5587,6507,7266,3750,7161,5154,3279,5561,4606,7266,4076,4467,6113,5558,5613,4916,7260,6955,8854,6635,5441,6919,4749,2779,3488
5151,6041,5545,5641,5822,3293,7068,342,3394,5236,5431,5000,6300,6833,2580,5651,4857,6581,5968,4415,3917,9475,6380,6042,3976,5352,6921,6583,2580,3854,4631,5325,7519,4773,4634,5835,4635,7132,7813,8563,5250,6195,7272,6822,7132,6255,8877,7637,5444,5443,7786,4312,5813,5561,7494,6552,3400,7369,5331,4871,5587,6507,7266,3750,7161,5154,3279,5561,4606,7266,4076,4467,6113,5558,5613,4916,7260,6955,8854,6635,5441,6919,4749,2779,3504
5120,6041,5545,5604,5796,3261,7061,342,3359,5224,5431,5000,6300,6833,2580,5651,4857,6581,5968,4415,3917,9475,6380,6042,3976,5352,6921,6583,2580,3854,4620,5325,7519,4773,4624,5866,4661,7156,7790,8563,5238,6195,7252,6822,7132,6293,8926,7637,5444,5443,7786,4312,5813,5535,7494,6537,3407,7395,5331,4860,5587,6491,7266,3742,7161,5142,3279,5535,4595,7289,4112,4505,6137,5558,5613,4916,7243,6955,8854,6611,5441,6892,4725,2779,3538
5120,6041,5545,5604,5796,3261,7061,342,3359,5224,5372,5026,6309,6833,2580,5651,4869,6596,5942,4415,3926,9476,6380,6018,3953,5352,6904,6583,2580,3828,4631,5337,7545,4761,4624,5846,4635,7173,7813,8616,5250,6218,7223,6796,7132,6270,8900,7637,5456,5443,7786,4312,5813,5561,7494,6537,3407,7395,5344,4860,5602,6500,7266,3750,7161,5165,3279,5549,4606,7272,4112,4505,6137,5558,5613,4928,7227,6935,8854,6611,5441,6892,4725,2779,3570
5141,6041,5568,5604,5837,3261,7084,342,3385,5236,5418,5013,6309,6833,2575,5677,4869,6596,5953,4404,3917,9495,6380,6057,3953,5352,6904,6583,2580,3854,4620,5361,7539,4773,4624,5866,4635,7132,7813,8638,5238,6195,7237,6822,7149,6255,8903,7661,5421,5463,7786,4346,5813,5535,7500,6560,3407,7376,5331,4871,5587,6476,7266,3750,7161,5165,3279,5549,4606,7272,4112,4505,6137,5558,5613,4928,7227,6935,8831,6611,5441,6919,4738,2795,3603
5120,6041,5545,5581,5822,3261,7061,342,3359,5236,5395,5013,6285,6810,2585,5651,4857,6581,5926,4404,3917,9493,6354,6042,3953,5352,6904,6583,2570,3854,4620,5337,7545,4761,4634,5870,4661,7156,7832,8638,5238,6218,7237,6822,7149,6255,8903,7661,5421,5463,7786,4346,5813,5535,7500,6560,3407,7376,5331,4871,5587,6476,7227,3750,7161,5165,3279,5549,4595,7266,4112,4505,6137,5558,5598,4916,7250,6955,8854,6611,5441,6910,4738,2801,3637
5121,6015,5568,5604,5837,3238,7107,364,3359,5273,5431,5026,6300,6872,2591,5651,4845,6581,5926,4404,3917,9493,6354,6042,3953,5352,6904,6583,2570,3854,4620,5337,7545,4761,4634,5870,4661,7156,7832,8638,5238,6218,7226,6822,7149,6293,8926,7642,5456,5465,7786,4312,5813,5535,7500,6560,3454,7343,5344,4860,5602,6491,7243,3797,7135,5142,3279,5509,4595,7283,4149,4479,6128,5581,5613,4940,7243,6963,8828,6627,5441,6892,4738,2779,3671
5121,6041,5568,5604,5848,3238,7107,364,3359,5273,5431,5026,6300,6872,2591,5651,4845,6581,5926,4404,3917,9493,6380,6042,3953,5326,6904,6598,2591,3864,4597,5325,7545,4761,4624,5850,4661,7173,7808,8616,5261,6218,7226,6840,7132,6270,8926,7642,5444,5465,7786,4346,5804,5575,7476,6575,3481,7343,5331,4860,5587,6500,7260,3825,7135,5142,3286,5535,4595,7266,4129,4516,6113,5571,5628,4904,7220,6943,8828,6611,5441,6892,4738,2808,3704
5121,6041,5568,5604,5848,3238,7100,364,3359,5236,5418,5013,6324,6856,2591,5651,4857,6581,5979,4428,3917,9493,6380,6018,3953,5352,6904,6575,2591,3828,4620,5337,7565,4738,4624,5870,4647,7149,7790,8638,5261,6255,7226,6822,7132,6270,8926,7619,5433,5445,7786,4323,5804,5575,7494,6583,3481,7362,5331,4860,5602,6500,7204,3805,7135,5154,3279,5549,4595,7283,4149,4479,6113,5581,5628,4904,7220,6943,8828,6611,5441,6892,4738,2808,3738
5121,6041,5568,5581,5837,3269,7100,364,3359,5236,5418,5013,6309,6833,2591,5651,4857,6581,5953,4404,3926,9493,6380,6033,3953,5366,6880,6575,2596,3828,4620,5325,7545,4749,4611,5870,4635,7156,7813,8638,5274,6255,7226,6814,7132,6255,8900,7661,5456,5445,7786,4336,5813,5549,7476,6598,3502,7343,5331,4860,5602,6500,7204,3805,7135,5154,3279,5549,4595,7283,4149,4479,6113,5581,5613,4916,7260,6943,8828,6611,5441,6910,4725,2801,3771
5121,6041,5581,5581,5837,3269,7100,364,3359,5236,5418,5013,6309,6833,2591,5651,4857,6581,5953,4404,3926,9493,6380,6033,3953,5366,6880,6575,2596,3828,4620,5325,7545,4749,4611,5870,4635,7156,7813,8638,5274,6255,7226,6814,7132,6255,8900,7661,5456,5445,7786,4336,5813,5549,7476,6598,3502,7343,5331,4871,5602,6491,7243,3825,7109,5165,3310,5549,4619,7283,4158,4505,6152,5558,5628,4904,7260,6937,8851,6627,5477,6892,4738,2785,3788
5121,6041,5581,5581,5837,3269,7100,365,3394,5236,5418,5052,6324,6849,2591,5651,4857,6596,5953,4415,3926,9513,6380,6042,3976,5352,6904,6575,2570,3864,4620,5325,7545,4761,4634,5850,4635,7132,7813,8638,5274,6255,7226,6814,7132,6255,8900,7661,5456,5445,7786,4336,5813,5549,7476,6598,3502,7343,5331,4871,5602,6491,7243,3825,7109,5165,3310,5549,4619,7283,4158,4505,6152,5558,5628,4904,7260,6937,8851,6627,5477,6892,4738,2785,3804
5121,6073,5581,5604,5837,3238,7100,344,3359,5236,5395,5026,6309,6849,2596,5665,4857,6596,5953,4404,3926,9533,6380,6042,3976,5352,6904,6575,2570,3864,4620,5325,7545,4761,4634,5850,4635,7132,7813,8616,5261,6232,7241,6840,7173,6293,8926,7642,5456,5476,7806,4312,5813,5561,7500,6643,3509,7362,5344,4860,5587,6500,7237,3833,7109,5154,3279,5535,4595,7243,4129,4505,6137,5581,5654,4904,7237,6957,8854,6587,5441,6892,4738,2808,3838
5131,6015,5581,5604,5837,3238,7100,344,3359,5236,5395,5026,6309,6849,2596,5665,4857,6596,5953,4404,3926,9533,6380,6042,3986,5352,6904,6575,2576,3864,4620,5325,7565,4761,4634,5862,4635,7132,7813,8638,5261,6232,7206,6822,7132,6270,8903,7642,5433,5476,7786,4323,5827,5549,7523,6735,3502,7362,5344,4895,5602,6500,7237,3846,7127,5165,3279,5549,4619,7237,4129,4479,6137,5571,5628,4904,7237,6957,8854,6627,5441,6910,4761,2808,3871
5131,6015,5568,5594,5837,3214,7100,364,3368,5249,5431,5013,6300,6826,2596,5651,4869,6596,5968,4428,3949,9513,6354,6042,3953,5366,6945,6613,2576,3854,4620,5337,7565,4761,4634,5862,4635,7173,7832,8638,5261,6247,7221,6822,7173,6279,8926,7619,5410,5465,7786,4346,5804,5549,7517,6796,3509,7362,5344,4895,5602,6491,7214,3853,7109,5178,3279,5549,4595,7237,4129,4479,6137,5571,5628,4904,7237,6957,8854,6627,5441,6910,4761,2808,3905
5131,6057,5581,5604,5837,3293,7123,344,3359,5249,5418,5026,6300,6826,2591,5651,4857,6620,5968,4415,3926,9513,6380,6042,3976,5366,6880,6575,2591,3854,4620,5337,7565,4749,4634,5882,4635,7173,7832,8638,5261,6232,7221,6796,7149,6255,8903,7642,5410,5465,7786,4346,5804,5549,7517,6796,3509,7362,5344,4895,5602,6491,7214,3853,7109,5178,3279,5549,4595,7237,4129,4516,6137,5594,5628,4916,7237,6957,8854,6627,5441,6892,4749,2808,3938
5131,6057,5581,5641,5837,3293,7123,344,3385,5236,5431,5026,6309,6849,2591,5651,4857,6596,5968,4428,3926,9513,6380,6057,3962,5366,6904,6590,2596,3864,4620,5337,7565,4749,4634,5882,4635,7173,7832,8638,5261,6232,7221,6796,7149,6255,8903,7642,5410,5465,7786,4323,5827,5575,7500,6796,3509,7343,5331,4895,5602,6476,7191,3853,7109,5142,3279,5549,4606,7254,4137,4505,6113,5581,5628,4928,7254,6957,8851,6611,5441,6910,4749,2814,3972
5131,6057,5581,5641,5837,3293,7123,344,3385,5236,5431,5026,6309,6849,2591,5651,4857,6596,5968,4428,3926,9513,6380,6057,3962,5366,6904,6590,2596,3864,4620,5337,7545,4761,4645,5882,4661,7156,7832,8664,5261,6247,7206,6796,7132,6255,8900,7642,5410,5476,7806,4346,5804,5549,7500,6803,3509,7343,5344,4883,5628,6515,7191,3846,7146,5178,3279,5549,4606,7254,4137,4505,6113,5581,5628,4928,7254,6957,8851,6611,5441,6910,4749,2814,3988
5121,6041,5581,5617,5863,3214,7116,344,3359,5236,5431,5052,6333,6849,2596,5665,4857,6596,5968,4415,3926,9493,6354,6018,3953,5366,6904,6552,2576,3864,4597,5325,7539,4738,4611,5882,4661,7149,7808,8638,5238,6224,7206,6796,7132,6255,8900,7642,5410,5476,7806,4346,5804,5549,7500,6803,3509,7343,5344,4883,5628,6515,7191,3846,7146,5178,3279,5549,4606,7237,4158,4516,6152,5571,5643,4928,7254,6937,8851,6627,5454,6910,4761,2814,4021
5121,6041,5568,5594,5837,3238,7139,365,3385,5249,5407,5013,6309,6864,2591,5665,4869,6596,5953,4404,3935,9493,6354,6042,3962,5352,6904,6567,2570,3864,4597,5325,7539,4738,4611,5882,4661,7149,7808,8638,5238,6224,7206,6796,7132,6255,8877,7642,5423,5465,7786,4336,5813,5549,7500,6842,3509,7317,5344,4871,5616,6476,7208,3853,7109,5142,3279,5549,4595,7254,4158,4516,6128,5571,5613,4928,7254,6957,8877,6587,5441,6937,4738,2814,4054
5121,6057,5568,5581,5822,3214,7139,344,3394,5249,5407,5013,6309,6864,2591,5665,4869,6596,5953,4404,3935,9493,6354,6042,3962,5352,6904,6567,2570,3864,4620,5325,7545,4761,4622,5870,4647,7149,7790,8590,5261,6224,7221,6822,7132,6255,8900,7642,5400,5476,7760,4346,5790,5575,7500,6864,3509,7343,5344,4860,5602,6476,7208,3853,7154,5154,3279,5535,4619,7254,4137,4505,6137,5581,5654,4952,7254,6943,8877,6603,5454,6892,4738,2814,4088
5121,6057,5568,5581,5822,3214,7139,344,3394,5249,5418,5026,6309,6864,2596,5665,4869,6581,5968,4404,3935,9513,6380,6028,3962,5352,6904,6567,2570,3854,4620,5337,7519,4761,4622,5882,4635,7132,7813,8590,5261,6224,7206,6796,7132,6270,8926,7642,5423,5476,7786,4312,5790,5535,7500,6864,3509,7343,5344,4860,5602,6500,7191,3846,7127,5154,3279,5549,4619,7254,4137,4516,6128,5558,5628,4916,7254,6923,8877,6603,5454,6892,4738,2814,4121
5131,6015,5568,5594,5822,3214,7155,344,3394,5236,5418,5026,6309,6864,2591,5651,4857,6581,5968,4404,3935,9492,6396,6042,3953,5352,6904,6590,2591,3838,4631,5361,7565,4761,4622,5862,4635,7132,7790,8612,5261,6201,7186,6796,7132,6255,8877,7642,5400,5445,7806,4312,5804,5549,7500,6903,3502,7362,5344,4860,5602,6500,7191,3846,7127,5154,3279,5549,4619,7254,4137,4516,6128,5558,5628,4916,7254,6923,8828,6587,5454,6910,4738,2814,4154
5152,6057,5581,5581,5863,3214,7155,344,3359,5236,5418,5039,6294,6857,2576,5665,4857,6581,5968,4404,3944,9532,6380,6057,3976,5366,6904,6582,2596,3838,4631,5325,7565,4761,4645,5882,4647,7132,7790,8612,5261,6224,7186,6796,7132,6255,8877,7642,5400,5445,7806,4312,5804,5549,7500,6903,3502,7362,5331,4860,5572,6500,7201,3833,7109,5178,3279,5535,4608,7270,4137,4505,6137,5558,5628,4928,7247,6957,8877,6587,5454,6910,4738,2821,4187
5152,6057,5581,5581,5863,3214,7155,344,3359,5236,5418,5039,6294,6857,2576,5665,4857,6581,5968,4404,3944,9532,6380,6057,3976,5366,6904,6582,2596,3838,4631,5325,7565,4761,4645,5882,4647,7132,7790,8612,5261,6224,7200,6796,7149,6279,8877,7642,5412,5456,7806,4336,5790,5575,7505,6933,3502,7362,5331,4860,5602,6500,7201,3853,7109,5178,3279,5523,4608,7270,4137,4528,6137,5594,5628,4928,7247,6957,8877,6587,5454,6910,4738,2821,4205
5131,6015,5581,5581,5837,3238,7178,365,3394,5236,5431,5052,6309,6880,2596,5665,4857,6581,5968,4404,3944,9513,6380,6018,3962,5352,6904,6582,2596,3838,4631,5337,7565,4761,4633,5882,4635,7173,7808,8612,5261,6215,7200,6796,7149,6270,8926,7642,5412,5445,7760,4346,5790,5561,7505,6933,3502,7362,5331,4860,5602,6500,7201,3853,7109,5178,3279,5523,4608,7270,4137,4528,6137,5594,5680,4928,7270,6957,8877,6603,5454,6910,4726,2821,4238
5131,6057,5568,5581,5837,3238,7178,365,3394,5236,5431,5052,6309,6880,2596,5665,4857,6581,5968,4404,3944,9513,6380,6018,3962,5352,6904,6582,2596,3838,4631,5337,7565,4761,4633,5882,4635,7173,7808,8612,5261,6215,7200,6796,7149,6270,8926,7642,5412,5445,7760,4346,5790,5561,7505,6949,3509,7343,5344,4883,5602,6484,7201,3853,7127,5142,3279,5549,4619,7270,4137,4516,6137,5581,5628,4952,7247,6957,8877,6579,5477,6892,4726,2821,4254
5131,6057,5568,5581,5837,3238,7178,344,3359,5249,5431,5052,6309,6857,2596,5680,4869,6596,5984,4394,3944,9513,6422,6042,3986,5366,6928,6582,2596,3864,4631,5361,7539,4761,4633,5882,4673,7173,7832,8635,5261,6215,7221,6840,7132,6255,8900,7642,5412,5476,7786,4323,5827,5535,7523,7018,3509,7336,5344,4895,5643,6500,7201,3874,7127,5178,3302,5549,4619,7270,4137,4516,6137,5581,5628,4952,7247,6957,8877,6579,5477,6892,4726,2821,4287
5131,6031,5581,5594,5837,3214,7178,365,3385,5273,5418,5026,6309,6857,2596,5665,4857,6581,5968,4418,3944,9513,6422,6042,3986,5366,6928,6582,2596,3864,4631,5361,7539,4761,4633,5882,4673,7173,7832,8635,5261,6215,7221,6840,7132,6255,8900,7642,5412,5476,7786,4323,5827,5535,7523,7018,3509,7336,5344,4895,5643,6500,7201,3874,7127,5178,3302,5549,4619,7270,4137,4505,6152,5571,5628,4952,7247,6957,8877,6579,5441,6910,4761,2821,4304
5080,6015,5581,5594,5837,3214,7178,365,3385,5273,5418,5026,6309,6857,2596,5665,4857,6581,5968,4418,3944,9513,6396,6057,3976,5366,6928,6574,2576,3854,4631,5361,7565,4761,4643,5882,4661,7149,7813,8638,5261,6206,7221,6858,7173,6293,8900,7624,5389,5476,7786,4346,5827,5575,7523,7087,3509,7343,5331,4895,5628,6476,7178,3853,7154,5178,3286,5549,4619,7287,4129,4505,6152,5594,5628,4928,7241,6943,8854,6603,5477,6892,4738,2821,4337
5080,6015,5568,5594,5837,3214,7178,344,3385,5236,5418,5026,6309,6873,2596,5651,4869,6596,5953,4428,3922,9513,6380,6057,3986,5366,6928,6559,2596,3864,4631,5361,7565,4738,4643,5882,4661,7149,7813,8638,5261,6206,7221,6858,7173,6293,8900,7624,5389,5476,7786,4346,5827,5575,7523,7087,3509,7343,5331,4895,5628,6476,7178,3853,7154,5178,3286,5549,4619,7287,4129,4505,6152,5594,5628,4928,7241,6943,8854,6603,5477,6892,4738,2821,4354
5091,6005,5581,5571,5837,3261,7211,365,3394,5273,5431,5026,6309,6873,2591,5665,4869,6596,5953,4428,3922,9513,6380,6057,3986,5366,6928,6559,2596,3864,4631,5361,7565,4738,4633,5882,4635,7132,7808,8638,5261,6192,7186,6796,7149,6293,8926,7642,5402,5465,7806,4346,5827,5575,7547,7110,3502,7343,5331,4871,5628,6515,7172,3846,7127,5178,3310,5564,4619,7287,4158,4528,6152,5607,5669,4952,7241,6957,8828,6619,5477,6937,4749,2827,4388
5091,6005,5581,5571,5837,3261,7211,365,3394,5273,5431,5026,6309,6873,2591,5665,4869,6596,5953,4428,3944,9513,6380,6057,3986,5366,6904,6551,2576,3838,4608,5361,7565,4738,4643,5882,4673,7173,7808,8638,5261,6183,7200,6796,7173,6270,8900,7661,5379,5456,7786,4323,5790,5549,7523,7218,3509,7362,5344,4895,5602,6500,7172,3846,7127,5178,3279,5549,4606,7247,4129,4505,6113,5571,5628,4940,7224,6943,8854,6563,5454,6910,4749,2827,4421
5060,5989,5581,5581,5811,3261,7172,344,3368,5249,5431,5026,6309,6857,2576,5691,4869,6620,5968,4439,3954,9533,6396,6033,3986,5366,6921,6589,2576,3864,4608,5361,7565,4738,4643,5882,4673,7173,7808,8638,5261,6183,7200,6796,7173,6270,8900,7661,5379,5456,7786,4323,5790,5549,7523,7218,3509,7362,5344,4895,5602,6500,7172,3846,7127,5178,3279,5549,4606,7247,4129,4505,6113,5571,5628,4940,7224,6943,8854,6563,5454,6910,4714,2804,4438
5060,5989,5581,5581,5811,3261,7172,344,3368,5249,5431,5026,6309,6857,2576,5691,4869,6620,5968,4439,3954,9533,6396,6033,3986,5366,6921,6589,2576,3864,4620,5361,7539,4761,4620,5870,4647,7149,7808,8638,5261,6221,7186,6840,7173,6270,8926,7619,5379,5456,7806,4323,5827,5549,7523,7264,3509,7343,5344,4895,5575,6500,7149,3825,7135,5201,3279,5549,4606,7247,4129,4505,6113,5571,5628,4940,7224,6943,8854,6563,5454,6910,4714,2804,4454
5091,6015,5581,5571,5863,3245,7172,344,3394,5249,5431,5052,6309,6889,2591,5691,4857,6596,5968,4415,3963,9513,6380,6057,3986,5366,6904,6589,2596,3854,4608,5337,7539,4773,4631,5882,4661,7173,7808,8560,5274,6198,7221,6796,7149,6270,8926,7619,5379,5456,7806,4323,5827,5549,7523,7264,3509,7343,5344,4895,5575,6500,7149,3825,7135,5201,3279,5549,4619,7281,4137,4505,6152,5571,5628,4928,7258,6943,8877,6587,5454,6910,4725,2827,4488
5070,5989,5568,5558,5807,3238,7149,344,3359,5249,5395,5026,6309,6850,2596,5651,4869,6596,5994,4404,3940,9513,6354,6057,3962,5366,6904,6574,2596,3854,4608,5337,7539,4773,4631,5882,4661,7173,7808,8560,5274,6198,7221,6796,7149,6270,8903,7642,5356,5456,7786,4312,5804,5549,7523,7264,3509,7343,5320,4883,5613,6500,7172,3853,7127,5201,3279,5549,4606,7241,4129,4490,6099,5558,5654,4904,7201,6923,8854,6603,5441,6892,4738,2850,4521
5070,6031,5581,5594,5837,3238,7165,344,3359,5249,5395,5026,6309,6850,2596,5651,4869,6596,5994,4404,3940,9513,6354,6057,3962,5366,6904,6574,2596,3854,4620,5325,7493,4738,4620,5882,4661,7149,7832,8560,5274,6183,7200,6840,7149,6270,8926,7642,5356,5476,7760,4336,5827,5575,7547,7304,3509,7362,5320,4883,5587,6515,7165,3846,7154,5201,3286,5549,4619,7281,4129,4479,6152,5571,5628,4952,7235,6957,8851,6603,5454,6910,4749,2880,4554
5070,6031,5581,5594,5837,3238,7165,344,3359,5249,5418,5039,6309,6866,2596,5665,4857,6596,5968,4404,3963,9513,6396,6057,3953,5352,6904,6551,2576,3838,4631,5361,7539,4749,4631,5862,4635,7149,7808,8537,5261,6183,7200,6840,7132,6270,8903,7619,5368,5456,7786,4323,5827,5575,7523,7304,3516,7343,5344,4895,5613,6476,7211,3853,7109,5201,3310,5549,4619,7241,4137,4479,6152,5571,5628,4928,7235,6957,8851,6603,5454,6910,4749,2880,4588
5091,5989,5568,5594,5863,3238,7188,344,3385,5249,5407,5052,6309,6866,2596,5665,4869,6596,5968,4415,3940,9513,6396,6057,3986,5366,6921,6566,2570,3828,4620,5361,7539,4749,4631,5882,4647,7156,7808,8537,5274,6183,7200,6814,7149,6270,8926,7642,5381,5476,7786,4323,5804,5575,7541,7321,3509,7362,5344,4895,5613,6476,7211,3853,7109,5201,3310,5549,4619,7241,4137,4479,6152,5571,5628,4928,7235,6957,8877,6603,5477,6892,4738,2880,4622
5091,5989,5581,5571,5837,3238,7165,344,3368,5249,5431,5039,6309,6866,2596,5677,4869,6596,5953,4415,3940,9493,6380,6033,3962,5340,6904,6566,2570,3838,4631,5337,7539,4738,4631,5882,4635,7149,7832,8586,5261,6198,7200,6814,7149,6270,8926,7642,5381,5476,7786,4323,5804,5575,7541,7321,3509,7362,5344,4895,5613,6500,7205,3853,7154,5201,3310,5549,4630,7258,4137,4479,6128,5571,5628,4904,7258,6957,8877,6587,5431,6910,4749,2926,4654
5060,5989,5558,5571,5822,3238,7165,344,3359,5236,5431,5039,6309,6843,2591,5651,4857,6596,5968,4415,3949,9513,6396,6033,3953,5366,6904,6566,2570,3838,4631,5337,7539,4738,4631,5882,4635,7149,7832,8586,5261,6198,7221,6796,7149,6293,8903,7642,5368,5445,7806,4312,5804,5535,7523,7321,3509,7336,5320,4895,5587,6460,7165,3833,7154,5201,3286,5549,4595,7258,4129,4479,6128,5558,5628,4916,7251,6957,8854,6603,5454,6892,4738,2903,4688
5060,5989,5558,5571,5822,3238,7165,344,3359,5236,5431,5039,6309,6843,2591,5651,4857,6596,5968,4415,3949,9513,6396,6033,3953,5366,6904,6566,2576,3864,4608,5337,7539,4761,4631,5882,4635,7149,7808,8586,5238,6175,7180,6796,7132,6270,8903,7619,5356,5465,7760,4323,5804,5575,7523,7304,3509,7343,5320,4895,5587,6460,7165,3833,7154,5201,3286,5549,4595,7258,4129,4479,6128,5558,5628,4916,7251,6957,8854,6603,5454,6892,4738,2903,4704
5080,5989,5568,5594,5837,3238,7165,364,3394,5249,5431,5104,6380,6843,2596,5651,4869,6596,5979,4415,3940,9513,6354,6042,3962,5366,6928,6581,2576,3828,4608,5337,7539,4738,4642,5862,4661,7149,7808,8586,5238,6175,7180,6796,7132,6270,8903,7619,5356,5465,7760,4323,5804,5575,7523,7304,3509,7343,5331,4895,5613,6476,7188,3853,7127,5165,3302,5535,4619,7274,4117,4505,6113,5571,5628,4928,7258,6957,8828,6603,5454,6892,4714,2933,4738
5091,6005,5581,5571,5837,3214,7165,364,3368,5249,5407,5052,6333,6859,2596,5665,4869,6596,5968,4415,3949,9513,6354,6042,3962,5366,6928,6581,2576,3828,4608,5337,7539,4738,4642,5862,4661,7149,7790,8537,5274,6212,7200,6796,7173,6293,8926,7642,5381,5456,7780,4346,5804,5561,7523,7344,3509,7362,5320,4895,5613,6476,7205,3846,7127,5201,3310,5535,4595,7258,4137,4502,6152,5571,5654,4904,7274,6957,8828,6587,5441,6884,4749,2949,4770
5091,6005,5581,5571,5837,3214,7165,364,3368,5249,5407,5052,6333,6859,2596,5665,4869,6596,5968,4415,3949,9513,6380,6042,3962,5366,6904,6581,2576,3854,4608,5373,7519,4738,4631,5862,4673,7173,7808,8612,5261,6189,7200,6814,7173,6270,8926,7637,5381,5476,7806,4323,5841,5575,7523,7344,3509,7362,5320,4895,5613,6476,7205,3846,7127,5201,3310,5535,4595,7258,4137,4502,6152,5571,5654,4904,7274,6957,8828,6587,5441,6884,4749,2949,4788
5091,6005,5581,5571,5837,3238,7182,365,3368,5249,5431,5052,6309,6882,2576,5691,4869,6596,5968,4404,3940,9513,6380,6057,3986,5352,6904,6566,2596,3828,4631,5361,7539,4738,4631,5862,4673,7173,7808,8612,5261,6189,7200,6814,7173,6270,8926,7637,5381,5476,7806,4323,5841,5575,7565,7344,3509,7362,5331,4918,5628,6515,7228,3833,7135,5201,3286,5549,4619,7258,4137,4490,6152,5571,5628,4928,7274,6923,8851,6603,5454,6910,4714,2933,4821
5091,5989,5581,5594,5837,3245,7182,365,3359,5261,5431,5157,6396,6859,2596,5665,4869,6596,5968,4404,3940,9513,6380,6057,3986,5352,6904,6566,2596,3828,4631,5361,7539,4738,4642,5862,4635,7149,7790,8560,5261,6189,7180,6840,7166,6293,8926,7642,5381,5476,7806,4346,5827,5575,7541,7367,3516,7362,5344,4883,5628,6515,7205,3853,7172,5201,3310,5549,4630,7258,4137,4479,6128,5571,5628,4916,7274,6957,8877,6627,5454,6884,4749,2926,4854
5080,6005,5581,5594,5837,3245,7182,365,3359,5261,5431,5157,6396,6859,2596,5665,4869,6596,5926,4415,3949,9513,6396,6033,3953,5340,6921,6581,2576,3828,4608,5337,7559,4738,4608,5862,4647,7132,7808,8537,5238,6189,7200,6814,7149,6270,8926,7619,5381,5456,7760,4312,5804,5575,7565,7304,3509,7343,5344,4895,5587,6515,7274,3833,7154,5201,3310,5549,4630,7274,4137,4490,6152,5571,5628,4940,7274,6957,8854,6603,5454,6910,4738,2933,4888
5080,6005,5568,5594,5822,3245,7182,344,3403,5236,5431,5157,6404,6859,2596,5665,4869,6581,5968,4380,3949,9533,6396,6057,3962,5366,6904,6581,2576,3828,4608,5325,7539,4773,4618,5862,4647,7149,7808,8586,5274,6189,7200,6814,7149,6270,8903,7661,5393,5476,7806,4346,5827,5575,7541,7361,3509,7343,5344,4895,5628,6515,7314,3853,7154,5201,3310,5549,4630,7274,4137,4490,6152,5571,5628,4940,7274,6957,8854,6603,5454,6910,4738,2933,4921
5091,5989,5581,5594,5863,3238,7182,344,3368,5249,5431,5130,6404,6859,2596,5665,4869,6581,5968,4380,3949,9533,6396,6057,3962,5366,6904,6581,2576,3828,4608,5325,7539,4773,4618,5862,4647,7149,7808,8586,5274,6189,7200,6814,7149,6270,8903,7661,5393,5476,7806,4346,5827,5575,7541,7361,3509,7343,5344,4895,5628,6515,7314,3853,7154,5201,3310,5549,4606,7274,4117,4516,6128,5571,5654,4940,7274,6957,8877,6627,5454,6910,4738,2962,4937
5091,5989,5581,5594,5863,3238,7182,344,3368,5249,5431,5130,6404,6859,2576,5691,4869,6612,5968,4415,3949,9513,6380,6033,3962,5340,6921,6581,2570,3838,4608,5350,7539,4761,4618,5882,4685,7173,7808,8563,5274,6189,7180,6814,7149,6270,8926,7661,5357,5476,7786,4323,5817,5590,7565,7337,3509,7382,5320,4895,5628,6515,7546,3853,7154,5201,3310,5564,4619,7222,4137,4490,6166,5607,5628,4940,7285,6957,8877,6627,5454,6910,4738,2962,4971
5091,6015,5581,5594,5811,3221,7199,365,3394,5249,5431,5157,6420,6875,2596,5651,4893,6596,5942,4391,3958,9533,6380,6033,3962,5366,6921,6597,2596,3864,4608,5350,7539,4761,4618,5882,4685,7173,7808,8563,5274,6189,7180,6814,7149,6270,8926,7661,5357,5476,7786,4323,5817,5590,7565,7337,3509,7382,5320,4895,5628,6515,7546,3853,7154,5201,3310,5564,4619,7222,4137,4490,6166,5607,5628,4940,7285,6957,8877,6627,5454,6910,4749,2939,4987
5091,5989,5581,5571,5837,3269,7199,365,3368,5249,5431,5157,6420,6851,2596,5651,4893,6596,5942,4391,3958,9533,6380,6033,3962,5366,6921,6597,2596,3864,4631,5348,7539,4773,4629,5882,4647,7173,7808,8612,5238,6180,7215,6840,7149,6293,8900,7661,5370,5487,7806,4323,5841,5575,7559,7314,3509,7362,5344,4906,5628,6515,7587,3853,7135,5201,3310,5549,4606,7199,4137,4516,6166,5584,5669,4952,7268,6957,8877,6627,5454,6929,4773,2939,5021
5091,5989,5581,5571,5837,3269,7199,365,3368,5249,5431,5157,6420,6851,2596,5691,4869,6596,5968,4415,3958,9513,6354,6057,3962,5366,6921,6574,2576,3828,4631,5337,7539,4760,4652,5882,4647,7173,7832,8586,5274,6194,7200,6840,7149,6293,8923,7661,5370,5476,7780,4323,5827,5575,7517,7297,3509,7343,5344,4895,5628,6515,7592,3833,7154,5201,3310,5575,4606,7199,4137,4490,6128,5571,5628,4940,7268,6957,8877,6627,5454,6929,4773,2939,5055
5091,6005,5581,5594,5837,3245,7215,344,3394,5249,5443,5157,6443,6875,2596,5691,4869,6596,5968,4415,3935,9533,6380,6033,3971,5366,6904,6581,2576,3838,4631,5337,7539,4749,4652,5882,4673,7173,7832,8661,5238,6180,7215,6840,7149,6270,8923,7619,5370,5476,7806,4346,5804,5575,7583,7331,3509,7362,5344,4895,5602,6515,7592,3833,7154,5201,3310,5575,4606,7199,4137,4490,6128,5571,5628,4940,7268,6957,8854,6650,5454,6910,4749,2939,5087
5091,5989,5581,5594,5826,3221,7215,365,3376,5236,5407,5157,6467,6875,2596,5691,4869,6596,5958,4415,3958,9513,6396,6057,3986,5380,6937,6597,2596,3838,4631,5361,7539,4773,4629,5882,4647,7190,7827,8612,5274,6180,7215,6840,7149,6270,8923,7619,5370,5476,7806,4346,5804,5575,7583,7331,3509,7362,5344,4895,5602,6515,7569,3853,7154,5201,3310,5549,4619,7199,4137,4490,6128,5571,5628,4952,7245,6957,8854,6627,5454,6929,4773,2946,5120
5101,5963,5581,5594,5853,3245,7199,365,3394,5249,5443,5170,6443,6875,2591,5691,4869,6596,5942,4415,3935,9513,6396,6057,3962,5380,6937,6597,2596,3838,4631,5361,7539,4773,4629,5882,4647,7190,7827,8612,5274,6180,7200,6840,7149,6270,8900,7661,5370,5476,7780,4323,5827,5575,7541,7331,3509,7362,5344,4895,5628,6515,7569,3853,7154,5214,3310,5564,4630,7199,4137,4516,6152,5584,5628,4952,7268,6957,8851,6627,5467,6910,4738,2946,5154
5091,6005,5581,5594,5837,3245,7199,365,3394,5249,5443,5170,6443,6875,2591,5691,4869,6596,5942,4415,3935,9513,6396,6057,3962,5380,6928,6597,2596,3854,4608,5361,7539,4773,4629,5862,4647,7173,7808,8612,5261,6180,7200,6840,7149,6255,8926,7661,5370,5456,7806,4323,5817,5575,7523,7314,3509,7362,5333,4895,5628,6515,7592,3853,7154,5201,3310,5564,4619,7199,4137,4516,6152,5571,5669,4988,7308,6957,8900,6627,5454,6884,4773,2939,5187
5091,6005,5581,5594,5837,3245,7199,345,3376,5249,5431,5157,6443,6875,2596,5691,4869,6596,5942,4439,3958,9533,6396,6033,3986,5340,6904,6612,2576,3838,4608,5337,7539,4773,4640,5882,4647,7149,7808,8612,5261,6180,7200,6840,7149,6255,8926,7661,5370,5456,7806,4323,5817,5575,7523,7314,3509,7362,5333,4895,5628,6515,7592,3853,7154,5201,3310,5564,4619,7199,4137,4516,6152,5571,5669,4988,7308,6957,8900,6627,5454,6884,4773,2939,5205
5091,6031,5595,5594,5837,3221,7238,344,3368,5261,5431,5170,6467,6898,2596,5677,4869,6596,5942,4391,3967,9533,6396,6033,3986,5340,6904,6612,2576,3838,4608,5337,7539,4773,4640,5882,4647,7149,7808,8635,5274,6180,7180,6814,7149,6293,8900,7637,5382,5476,7806,4312,5841,5575,7559,7331,3529,7362,5344,4906,5643,6500,7569,3853,7154,5201,3310,5549,4630,7215,4137,4516,6128,5571,5628,4964,7245,6951,8900,6627,5454,6910,4773,2939,5237
5091,6005,5581,5594,5837,3190,7238,344,3368,5261,5431,5170,6467,6898,2596,5677,4869,6596,5942,4391,3967,9533,6370,6057,3986,5340,6921,6597,2596,3838,4608,5337,7539,4749,4629,5882,4635,7173,7808,8635,5261,6180,7180,6814,7132,6270,8926,7637,5370,5476,7806,4346,5817,5590,7565,7354,3529,7408,5357,4895,5628,6515,7610,3853,7154,5201,3317,5564,4641,7215,4137,4490,6152,5584,5628,4952,7245,6937,8877,6627,5454,6929,4808,2962,5272
5091,6005,5581,5594,5837,3190,7222,344,3394,5249,5431,5170,6443,6875,2601,5665,4869,6612,5958,4415,3967,9533,6370,6033,3986,5380,6921,6612,2576,3848,4608,5337,7559,4760,4629,5894,4673,7173,7808,8638,5263,6194,7180,6840,7149,6293,8923,7655,5370,5476,7760,4323,5827,5590,7541,7337,3509,7362,5320,4918,5628,6515,7587,3861,7154,5201,3310,5549,4606,7192,4137,4490,6152,5584,5628,4952,7245,6937,8877,6627,5454,6929,4808,2962,5304
5091,5979,5581,5594,5837,3245,7215,344,3368,5249,5431,5183,6452,6875,2576,5691,4869,6612,5958,4391,3935,9533,6396,6033,3976,5354,6937,6612,2596,3854,4619,5361,7565,4773,4640,5862,4647,7173,7808,8661,5261,6180,7180,6840,7149,6270,8900,7642,5347,5456,7760,4323,5804,5564,7541,7337,3509,7362,5320,4918,5628,6515,7587,3861,7154,5201,3310,5549,4606,7192,4137,4502,6152,5571,5628,5000,7268,6971,8828,6627,5454,6902,4808,2946,5338
5091,5979,5581,5571,5853,3198,7199,365,3394,5249,5443,5183,6467,6875,2576,5665,4869,6596,5958,4415,3944,9533,6370,6033,3971,5380,6937,6597,2596,3864,4608,5337,7585,4749,4640,5882,4647,7173,7808,8661,5261,6180,7180,6840,7149,6270,8900,7642,5347,5456,7760,4323,5804,5564,7517,7314,3509,7343,5308,4895,5643,6515,7569,3853,7127,5201,3310,5564,4630,7192,4126,4464,6152,5571,5628,4988,7262,6937,8877,6603,5454,6902,4797,2916,5372
5091,5979,5581,5571,5853,3198,7199,365,3394,5249,5443,5183,6467,6875,2576,5665,4869,6596,5958,4415,3944,9533,6370,6033,3971,5380,6937,6597,2596,3864,4608,5337,7585,4749,4640,5882,4647,7173,7808,8661,5287,6194,7180,6814,7149,6270,8900,7655,5382,5456,7780,4346,5827,5575,7517,7314,3509,7362,5320,4895,5602,6515,7587,3853,7135,5201,3286,5564,4617,7199,4126,4464,6152,5571,5628,4988,7262,6937,8877,6603,5454,6902,4797,2916,5388
5091,6005,5581,5571,5837,3205,7215,365,3368,5249,5431,5196,6483,6890,2596,5665,4869,6596,5958,4377,3935,9552,6370,6057,3986,5380,6937,6597,2596,3838,4608,5337,7539,4760,4629,5882,4647,7197,7827,8661,5263,6194,7200,6840,7149,6270,8900,7661,5370,5456,7780,4346,5827,5575,7517,7314,3509,7362,5320,4895,5602,6515,7587,3853,7135,5201,3286,5564,4617,7199,4117,4490,6128,5571,5628,5023,7262,6957,8877,6642,5454,6902,4856,2939,5421
5091,6005,5581,5594,5826,3253,7215,365,3368,5261,5431,5196,6483,6914,2601,5691,4880,6596,5958,4401,3935,9593,6370,6033,3986,5380,6913,6612,2576,3864,4631,5337,7585,4748,4629,5873,4659,7173,7827,8638,5275,6194,7180,6858,7149,6293,8923,7649,5347,5456,7806,4357,5841,5590,7529,7291,3516,7362,5333,4895,5643,6522,7569,3853,7154,5201,3317,5564,4628,7192,4146,4490,6128,5584,5643,5059,7279,6951,8877,6603,5467,6902,4856,2939,5604
5081,5989,5595,5594,5853,3285,7215,365,3368,5261,5431,5196,6474,6890,2596,5691,4880,6596,5958,4388,3944,9593,6396,6071,3971,5366,6930,6612,2576,3838,4631,5337,7559,4796,4640,5882,4659,7197,7808,8687,5251,6194,7195,6858,7173,6270,8923,7649,5382,5467,7760,4333,5827,5549,7553,7331,3536,7362,5320,4906,5616,6538,7569,3853,7154,5201,3317,5564,4628,7192,4146,4490,6128,5584,5643,5059,7279,6951,8851,6603,5467,6902,4868,2946,5637
5091,6020,5595,5594,5826,3237,7238,345,3359,5261,5431,5183,6498,6898,2601,5706,4869,6620,5958,4412,3935,9593,6396,6071,3986,5380,6930,6627,2601,3848,4642,5373,7585,4760,4640,5894,4661,7214,7808,8687,5263,6180,7195,6858,7173,6270,8923,7649,5382,5467,7760,4333,5827,5549,7553,7331,3536,7362,5320,4906,5616,6538,7587,3841,7135,5201,3286,5564,4628,7215,4117,4490,6142,5571,5602,5059,7245,6951,8828,6603,5467,6902,4892,2946,5670
5101,6005,5595,5607,5853,3261,7238,365,3368,5261,5431,5196,6498,6914,2601,5691,4880,6612,5958,4388,3944,9593,6396,6047,3986,5380,6930,6627,2601,3848,4642,5373,7585,4760,4640,5894,4661,7214,7808,8687,5263,6180,7195,6814,7173,6293,8923,7673,5382,5487,7827,4357,5841,5549,7529,7308,3516,7343,5320,4906,5643,6522,7569,3841,7135,5214,3310,5564,4628,7192,4146,4490,6128,5571,5616,5047,7262,6971,8851,6619,5467,6902,4916,2969,5705
5101,5989,5581,5594,5853,3261,7215,365,3394,5261,5431,5196,6498,6914,2601,5691,4880,6612,5958,4388,3944,9593,6396,6047,3986,5380,6913,6597,2581,3838,4666,5337,7565,4748,4629,5882,4647,7173,7808,8687,5275,6194,7195,6840,7149,6293,8923,7668,5382,5508,7806,4333,5827,5564,7529,7325,3529,7362,5320,4895,5616,6514,7587,3841,7172,5214,3310,5564,4639,7175,4117,4490,6142,5571,5643,5083,7262,6937,8877,6627,5467,6902,4916,2969,5737
5101,5989,5581,5594,5853,3261,7215,365,3394,5261,5431,5196,6474,6890,2601,5706,4880,6612,5958,4412,3921,9593,6380,6057,3986,5380,6930,6635,2601,3864,4642,5373,7559,4772,4640,5873,4659,7190,7808,8664,5251,6180,7195,6840,7149,6293,8923,7668,5382,5508,7806,4333,5827,5564,7529,7325,3529,7362,5320,4895,5616,6514,7587,3841,7172,5214,3310,5564,4639,7175,4117,4490,6142,5571,5643,5083,7262,6937,8877,6627,5467,6902,4916,2969,5755
5101,6005,5595,5607,5853,3269,7232,365,3403,5261,5443,5196,6474,6914,2596,5691,4904,6635,5984,4399,3944,9573,6413,6057,3995,5380,6930,6635,2601,3864,4642,5373,7559,4772,4640,5873,4659,7190,7808,8664,5251,6180,7200,6840,7190,6293,8923,7644,5395,5508,7780,4357,5804,5590,7529,7314,3516,7362,5333,4906,5616,6522,7610,3853,7154,5178,3310,5523,4639,7215,4126,4516,6142,5571,5643,5083,7262,6937,8851,6603,5454,6902,4892,2969,5789
5101,6005,5581,5594,5826,3293,7232,365,3403,5261,5443,5196,6474,6914,2596,5691,4904,6635,5984,4399,3944,9573,6413,6057,3995,5380,6930,6612,2596,3864,4655,5373,7585,4783,4640,5894,4673,7197,7827,8687,5251,6180,7195,6840,7190,6308,8926,7644,5359,5496,7760,4323,5841,5564,7548,7308,3516,7382,5333,4895,5616,6538,7587,3841,7154,5214,3317,5564,4639,7215,4146,4516,6142,5607,5616,5059,7262,6951,8900,6619,5454,6902,4927,2969,5822
5101,6005,5581,5594,5826,3293,7215,365,3368,5261,5418,5170,6490,6890,2601,5691,4869,6596,5958,4388,3921,9593,6396,6071,3986,5380,6947,6651,2601,3848,4666,5373,7605,4783,4629,5894,4673,7214,7808,8710,5264,6180,7195,6858,7166,6293,8950,7625,5370,5508,7780,4357,5827,5564,7548,7331,3536,7362,5333,4918,5643,6522,7569,3841,7154,5214,3310,5538,4639,7215,4137,4516,6128,5594,5616,5059,7262,6951,8900,6619,5454,6902,4927,2969,5855
5101,6005,5595,5594,5826,3277,7175,344,3368,5261,5467,5196,6514,6914,2606,5691,4880,6635,5958,4399,3921,9574,6396,6057,3971,5380,6947,6635,2601,3864,4666,5373,7585,4748,4640,5894,4659,7214,7827,8713,5264,6209,7195,6840,7166,6270,8923,7644,5382,5487,7780,4357,5841,5564,7548,7331,3536,7362,5333,4918,5643,6522,7569,3841,7154,5214,3310,5538,4639,7215,4137,4516,6128,5594,5616,5096,7285,6951,8854,6642,5454,6894,4916,2946,5889
5081,6005,5595,5630,5853,3317,7175,344,3368,5261,5467,5196,6514,6914,2606,5691,4880,6635,5958,4399,3921,9574,6396,6057,3971,5380,6947,6635,2601,3864,4666,5373,7585,4748,4640,5894,4659,7214,7827,8713,5264,6209,7195,6840,7166,6270,8923,7644,5382,5487,7780,4357,5841,5564,7529,7308,3509,7382,5333,4895,5616,6538,7587,3869,7154,5214,3317,5564,4639,7215,4126,4516,6142,5584,5616,5072,7279,6951,8851,6627,5454,6902,4927,2969,5905
5081,6005,5595,5630,5853,3317,7238,345,3368,5261,5431,5196,6490,6914,2601,5706,4880,6612,5958,4399,3921,9593,6396,6047,3962,5380,6947,6612,2576,3864,4666,5361,7585,4759,4640,5894,4647,7214,7808,8687,5251,6171,7195,6840,7166,6270,8950,7644,5370,5487,7827,4333,5827,5564,7529,7331,3516,7382,5320,4918,5628,6498,7587,3841,7172,5214,3286,5564,4639,7215,4126,4516,6142,5584,5616,5072,7279,6951,8851,6627,5454,6902,4927,2969,5939
5101,6005,5595,5594,5826,3317,7232,345,3376,5261,5431,5196,6514,6914,2581,5691,4869,6612,5958,4399,3921,9593,6396,6047,3962,5380,6947,6612,2576,3864,4666,5361,7585,4759,4640,5894,4647,7214,7808,8687,5251,6171,7195,6840,7166,6270,8950,7644,5370,5487,7827,4333,5827,5564,7529,7331,3516,7382,5320,4918,5628,6498,7587,3841,7172,5214,3286,5564,4639,7215,4126,4490,6142,5571,5643,5096,7285,6951,8900,6642,5454,6858,4927,2939,5955
5101,6005,5595,5594,5826,3317,7232,345,3376,5261,5431,5196,6514,6914,2581,5691,4869,6612,5942,4399,3930,9573,6396,6047,3962,5380,6947,6612,2596,3838,4666,5361,7559,4759,4651,5873,4647,7214,7827,8710,5264,6194,7200,6840,7166,6270,8923,7644,5382,5487,7786,4333,5827,5564,7548,7354,3516,7382,5333,4906,5616,6514,7587,3861,7109,5214,3310,5564,4639,7192,4146,4502,6142,5571,5643,5096,7262,6951,8900,6642,5467,6902,4927,2939,5988
5101,5979,5581,5607,5826,3317,7215,365,3376,5261,5443,5196,6530,6937,2601,5732,4880,6620,5984,4409,3912,9573,6380,6047,3971,5380,6947,6612,2601,3848,4655,5361,7585,4783,4651,5873,4647,7214,7827,8710,5264,6194,7200,6840,7166,6270,8923,7644,5382,5487,7786,4333,5827,5564,7548,7354,3516,7382,5333,4906,5616,6514,7587,3861,7109,5214,3310,5564,4639,7192,4146,4502,6142,5571,5643,5096,7262,6951,8900,6642,5467,6902,4916,2969,6004
5101,6005,5581,5571,5842,3341,7215,365,3376,5249,5431,5170,6490,6890,2601,5732,4880,6620,5984,4409,3912,9573,6380,6047,3971,5380,6947,6612,2601,3848,4655,5361,7585,4783,4629,5862,4647,7214,7808,8710,5264,6218,7215,6840,7166,6270,8950,7644,5382,5508,7806,4333,5827,5564,7548,7331,3536,7362,5333,4895,5616,6514,7569,3861,7154,5214,3317,5564,4639,7215,4146,4502,6142,5571,5643,5096,7285,6951,8851,6642,5454,6876,4939,2946,6037
5101,6005,5581,5571,5842,3341,7215,365,3376,5249,5431,5170,6490,6890,2596,5691,4880,6612,5958,4388,3921,9573,6413,6047,3971,5380,6947,6612,2601,3848,4655,5337,7585,4759,4640,5894,4647,7214,7827,8687,5264,6203,7195,6858,7190,6293,8950,7644,5382,5508,7806,4333,5827,5564,7548,7331,3536,7362,5333,4895,5616,6514,7569,3861,7154,5214,3317,5564,4639,7215,4146,4502,6142,5571,5643,5096,7285,6951,8851,6642,5454,6876,4939,2946,6054
5101,6005,5581,5571,5842,3341,7215,365,3376,5249,5431,5170,6490,6890,2596,5691,4880,6612,5958,4388,3921,9573,6413,6047,3971,5380,6947,6612,2601,3848,4655,5337,7585,4759,4640,5894,4647,7214,7827,8687,5264,6203,7195,6858,7190,6293,8923,7644,5393,5487,7801,4357,5827,5564,7542,7215,3536,7362,5333,4895,5657,6514,7592,3869,7172,5214,3317,5590,4604,7199,4126,4479,6142,5584,5616,5096,7268,6951,8851,6642,5454,6876,4939,2946,6070
5101,6020,5595,5607,5826,3293,7238,345,3394,5261,5443,5196,6490,6898,2601,5732,4880,6612,5958,4399,3912,9593,6370,6071,3962,5380,6923,6620,2581,3838,4655,5337,7585,4759,4640,5894,4647,7214,7827,8687,5264,6203,7195,6858,7190,6293,8923,7644,5393,5487,7801,4357,5827,5564,7542,7215,3536,7362,5333,4895,5657,6514,7592,3869,7172,5214,3317,5590,4604,7199,4126,4479,6142,5584,5616,5096,7268,6951,8877,6642,5467,6876,4939,2962,6088
5101,6005,5595,5630,5826,3325,7222,365,3394,5261,5443,5196,6490,6898,2601,5732,4880,6612,5958,4399,3912,9593,6370,6071,3962,5380,6923,6620,2581,3838,4655,5361,7565,4759,4663,5906,4647,7197,7827,8710,5264,6203,7195,6840,7166,6317,8950,7620,5393,5476,7827,4333,5827,5564,7548,7215,3516,7362,5357,4929,5616,6514,7592,3861,7135,5178,3286,5564,4615,7199,4126,4528,6142,5571,5616,5096,7268,6951,8851,6642,5467,6894,4963,2969,6121
5101,6005,5595,5630,5826,3325,7222,365,3394,5261,5431,5196,6514,6921,2601,5706,4904,6596,5958,4399,3921,9593,6370,6033,3971,5380,6923,6635,2601,3838,4666,5350,7559,4759,4629,5894,4647,7197,7827,8710,5264,6203,7195,6840,7166,6317,8950,7620,5393,5476,7827,4333,5827,5564,7548,7215,3516,7362,5357,4929,5616,6514,7592,3861,7135,5178,3286,5564,4615,7199,4126,4528,6142,5571,5616,5096,7268,6951,8851,6642,5467,6894,4963,2969,6138
5101,6005,5595,5630,5826,3325,7222,365,3394,5261,5431,5196,6514,6921,2601,5706,4904,6596,5958,4399,3921,9593,6370,6033,3971,5380,6923,6635,2601,3838,4666,5350,7559,4759,4629,5894,4647,7197,7827,8710,5264,6203,7195,6840,7190,6317,8950,7620,5406,5487,7827,4357,5841,5564,7566,7175,3543,7382,5369,4929,5643,6538,7633,3861,7172,5214,3317,5564,4650,7215,4126,4502,6142,5607,5616,5096,7268,6937,8851,6642,5467,6894,4963,2969,6155
5091,6047,5595,5594,5868,3317,7222,365,3403,5261,5431,5170,6530,6914,2601,5691,4880,6596,5958,4409,3935,9593,6413,6071,3995,5380,6947,6635,2606,3874,4666,5361,7585,4759,4652,5894,4685,7214,7827,8710,5264,6203,7195,6840,7190,6293,8923,7620,5406,5508,7780,4333,5827,5564,7524,7215,3536,7362,5333,4929,5643,6514,7633,3861,7172,5214,3317,5564,4650,7215,4126,4502,6142,5607,5616,5096,7268,6937,8877,6642,5454,6902,4927,2969,6187
5101,6020,5595,5607,5826,3317,7238,346,3403,5285,5431,5210,6530,6914,2601,5691,4880,6612,5973,4399,3921,9593,6396,6047,3971,5380,6923,6620,2581,3864,4666,5373,7585,4771,4652,5894,4659,7214,7785,8687,5264,6203,7195,6840,7190,6293,8923,7620,5406,5508,7780,4333,5827,5564,7524,7215,3536,7362,5333,4929,5643,6514,7592,3861,7154,5201,3317,5564,4650,7199,4146,4502,6142,5607,5631,5108,7262,6965,8900,6642,5467,6902,4927,2962,6220
5101,6020,5595,5607,5826,3317,7238,346,3403,5285,5431,5210,6530,6914,2601,5691,4880,6612,5973,4399,3921,9593,6396,6047,3971,5380,6923,6620,2581,3864,4666,5373,7585,4771,4652,5894,4659,7214,7785,8687,5264,6203,7195,6840,7190,6331,8950,7644,5393,5528,7760,4333,5841,5564,7524,7199,3523,7382,5333,4895,5616,6538,7615,3861,7154,5214,3317,5564,4639,7199,4126,4490,6142,5571,5631,5108,7262,6965,8900,6642,5467,6902,4927,2962,6238
5101,6020,5595,5594,5800,3317,7199,365,3368,5261,5431,5196,6490,6898,2601,5706,4880,6612,5958,4399,3935,9593,6396,6047,3971,5380,6923,6620,2581,3864,4666,5373,7585,4771,4652,5894,4659,7214,7785,8687,5264,6203,7195,6840,7190,6331,8950,7644,5393,5528,7760,4333,5841,5564,7524,7199,3523,7382,5333,4895,5616,6538,7615,3861,7154,5214,3317,5564,4639,7199,4126,4490,6142,5571,5616,5096,7245,6951,8854,6642,5467,6902,4927,2962,6255
5070,5963,5558,5558,5785,3309,7199,365,3368,5261,5431,5196,6490,6898,2601,5706,4880,6612,5958,4399,3935,9593,6396,6047,3962,5380,6947,6597,2601,3838,4666,5361,7585,4771,4629,5873,4673,7214,7827,8687,5288,6226,7195,6840,7190,6308,8950,7662,5416,5548,7827,4357,5827,5564,7548,7199,3523,7382,5346,4895,5643,6538,7615,3841,7180,5214,3310,5564,4639,7199,4126,4516,6142,5584,5657,5083,7285,6951,8802,6603,5418,6858,4892,2939,6288
5070,5963,5558,5558,5785,3309,7159,344,3359,5225,5395,5157,6466,6875,2576,5651,4845,6581,5916,4375,3903,9553,6328,6009,3939,5340,6963,6620,2601,3874,4666,5373,7585,4771,4640,5894,4659,7214,7808,8687,5264,6218,7209,6858,7166,6308,8973,7662,5406,5528,7806,4333,5827,5564,7548,7199,3516,7362,5333,4929,5616,6514,7610,3861,7154,5214,3317,5578,4639,7199,4126,4516,6142,5584,5657,5083,7285,6951,8802,6603,5418,6858,4892,2939,6321
5101,6020,5595,5607,5826,3317,7222,365,3368,5261,5431,5210,6514,6875,2601,5691,4880,6596,5958,4409,3935,9593,6328,6009,3939,5340,6963,6620,2601,3874,4666,5373,7585,4771,4640,5894,4659,7214,7808,8687,5264,6218,7209,6858,7166,6308,8973,7662,5406,5528,7806,4333,5827,5564,7548,7199,3516,7362,5333,4929,5616,6514,7610,3861,7154,5214,3317,5578,4639,7199,4126,4502,6166,5584,5616,5096,7245,6951,8900,6642,5467,6921,4939,2939,6338
5101,6020,5595,5607,5826,3317,7222,365,3368,5261,5431,5210,6514,6875,2601,5691,4880,6596,5958,4409,3935,9593,6396,6047,3962,5354,6947,6620,2601,3838,4666,5373,7585,4783,4652,5873,4673,7214,7827,8687,5264,6203,7195,6840,7190,6293,8923,7644,5416,5528,7806,4333,5841,5564,7548,7199,3516,7362,5333,4929,5616,6514,7610,3861,7154,5214,3317,5578,4639,7199,4126,4502,6166,5584,5616,5096,7245,6951,8900,6642,5467,6921,4939,2939,6354
5101,6005,5595,5594,5826,3317,7215,345,3403,5261,5467,5210,6514,6914,2601,5732,4892,6635,5958,4399,3944,9573,6370,6033,3962,5354,6923,6620,2581,3838,4666,5373,7605,4759,4652,5873,4673,7214,7827,8687,5264,6203,7195,6840,7190,6293,8923,7644,5416,5528,7806,4333,5841,5564,7548,7192,3516,7382,5333,4929,5657,6538,7615,3861,7172,5190,3310,5578,4615,7215,4117,4490,6142,5584,5616,5096,7285,6951,8851,6642,5454,6921,4927,2939,6388
5101,6005,5595,5594,5826,3317,7215,345,3403,5261,5467,5210,6514,6914,2601,5732,4892,6635,5958,4399,3944,9573,6370,6033,3962,5354,6923,6620,2581,3838,4666,5373,7605,4759,4663,5894,4659,7214,7827,8710,5264,6203,7195,6840,7190,6308,8973,7662,5406,5528,7801,4357,5841,5590,7548,7215,3536,7408,5333,4929,5643,6538,7633,3861,7172,5214,3310,5564,4639,7215,4117,4490,6142,5584,5616,5096,7285,6951,8851,6642,5454,6921,4927,2939,6404
5101,6005,5595,5607,5826,3325,7238,365,3394,5261,5443,5210,6530,6914,2601,5706,4880,6635,5973,4433,3944,9613,6413,6071,3971,5394,6963,6635,2601,3864,4666,5373,7585,4771,4663,5894,4659,7214,7827,8710,5277,6241,7195,6814,7190,6308,8973,7662,5393,5528,7801,4357,5841,5590,7548,7215,3536,7408,5333,4929,5643,6538,7633,3861,7172,5214,3310,5564,4639,7215,4146,4490,6142,5571,5616,5108,7262,6951,8900,6642,5454,6876,4927,2946,6439
5081,6005,5595,5607,5826,3317,7215,365,3368,5261,5467,5196,6530,6914,2601,5732,4880,6635,5973,4399,3935,9593,6413,6071,3939,5354,6963,6620,2601,3848,4666,5361,7559,4759,4663,5894,4659,7214,7827,8710,5277,6241,7195,6814,7190,6308,8973,7662,5393,5528,7806,4357,5841,5590,7566,7238,3536,7408,5333,4929,5631,6514,7633,3861,7198,5238,3341,5578,4661,7238,4146,4502,6142,5584,5616,5096,7245,6951,8900,6642,5454,6921,4939,2946,6472
5101,6005,5595,5594,5826,3341,7199,366,3403,5261,5467,5210,6530,6914,2601,5732,4880,6635,5973,4399,3935,9593,6413,6071,3939,5354,6963,6620,2601,3848,4666,5361,7559,4759,4652,5894,4647,7214,7827,8710,5264,6218,7195,6858,7190,6331,8973,7662,5406,5539,7827,4333,5841,5590,7524,7215,3536,7382,5333,4918,5643,6530,7610,3841,7172,5214,3341,5564,4650,7215,4126,4502,6142,5584,5631,5108,7285,6951,8874,6642,5454,6876,4939,2969,6505
5101,6005,5595,5594,5826,3341,7199,366,3403,5261,5467,5210,6530,6914,2601,5691,4880,6635,5973,4399,3944,9573,6396,6047,3962,5368,6947,6635,2601,3838,4666,5350,7585,4759,4640,5882,4647,7238,7827,8710,5277,6218,7195,6840,7190,6293,8923,7638,5406,5528,7827,4357,5841,5590,7566,7238,3516,7408,5333,4929,5657,6545,7610,3861,7172,5214,3317,5578,4650,7215,4126,4502,6142,5584,5631,5120,7245,6951,8877,6642,5467,6921,4939,2969,6538
5091,6020,5595,5571,5815,3349,7222,365,3376,5261,5443,5210,6530,6875,2601,5732,4880,6620,5958,4420,3944,9593,6396,6047,3948,5394,6963,6612,2581,3828,4666,5350,7585,4759,4640,5882,4647,7238,7827,8710,5277,6218,7195,6840,7190,6293,8923,7638,5406,5528,7827,4357,5841,5590,7566,7238,3516,7408,5333,4929,5657,6545,7610,3861,7172,5214,3317,5578,4650,7215,4126,4502,6142,5584,5631,5120,7245,6951,8877,6642,5467,6921,4939,2962,6555
5081,6020,5595,5594,5826,3341,7215,345,3394,5261,5431,5196,6530,6930,2601,5732,4880,6620,5958,4420,3944,9593,6396,6047,3948,5394,6963,6612,2581,3828,4666,5373,7585,4771,4640,5894,4647,7214,7808,8687,5277,6218,7195,6840,7190,6308,8950,7662,5439,5528,7806,4333,5804,5549,7542,7215,3516,7362,5320,4895,5631,6530,7592,3841,7172,5190,3294,5578,4650,7215,4126,4490,6142,5584,5616,5108,7245,6951,8874,6642,5467,6902,4939,2962,6589
5081,6020,5595,5594,5826,3341,7215,345,3394,5261,5431,5196,6530,6930,2601,5691,4880,6620,5931,4409,3921,9593,6396,6047,3971,5380,6947,6612,2581,3838,4666,5337,7585,4782,4617,5873,4647,7214,7827,8687,5277,6218,7195,6840,7190,6270,8923,7620,5452,5539,7780,4333,5827,5549,7524,7215,3516,7362,5333,4906,5631,6514,7610,3841,7154,5214,3317,5564,4650,7215,4126,4490,6142,5571,5631,5120,7262,6951,8874,6642,5467,6902,4939,2962,6622
5101,6020,5595,5571,5842,3349,7215,365,3394,5261,5454,5196,6506,6914,2601,5706,4880,6635,5958,4409,3921,9574,6396,6047,3962,5354,6963,6612,2601,3838,4690,5361,7585,4771,4640,5894,4647,7214,7827,8687,5277,6241,7195,6858,7190,6293,8947,7638,5452,5528,7806,4333,5804,5564,7542,7232,3536,7362,5309,4918,5643,6506,7610,3841,7154,5214,3317,5564,4650,7215,4126,4490,6142,5571,5631,5120,7262,6951,8877,6642,5454,6876,4927,2976,6655
5081,5979,5595,5584,5815,3349,7215,345,3403,5261,5443,5196,6506,6890,2601,5677,4880,6635,5958,4409,3921,9593,6396,6047,3962,5354,6963,6627,2601,3838,4666,5373,7605,4771,4640,5894,4647,7238,7827,8687,5265,6241,7195,6832,7190,6308,8947,7638,5452,5528,7806,4333,5804,5564,7542,7232,3536,7362,5309,4918,5643,6506,7610,3841,7154,5214,3286,5538,4650,7192,4117,4464,6142,5584,5616,5108,7279,6971,8877,6642,5454,6876,4927,2969,6687
5081,5979,5595,5584,5815,3349,7215,345,3403,5261,5443,5196,6506,6890,2601,5677,4880,6635,5958,4409,3921,9593,6396,6047,3962,5354,6963,6627,2601,3838,4666,5373,7605,4771,4640,5894,4647,7238,7827,8687,5265,6241,7195,6832,7190,6308,8950,7638,5429,5528,7806,4333,5841,5590,7542,7215,3536,7343,5309,4906,5616,6530,7610,3861,7172,5190,3310,5578,4626,7215,4126,4490,6142,5571,5616,5108,7279,6971,8877,6642,5454,6876,4927,2969,6704
5101,5994,5595,5607,5842,3349,7215,345,3376,5261,5431,5196,6506,6890,2601,5706,4880,6635,5958,4420,3921,9593,6396,6047,3962,5354,6963,6627,2601,3838,4666,5373,7605,4771,4640,5894,4647,7238,7827,8687,5265,6241,7195,6832,7190,6308,8950,7638,5429,5528,7806,4333,5841,5590,7542,7215,3536,7343,5309,4906,5616,6530,7610,3861,7172,5190,3310,5578,4626,7215,4126,4490,6142,5571,5616,5096,7222,6951,8851,6658,5467,6902,4939,2969,6721
5101,5994,5595,5607,5842,3349,7215,345,3376,5261,5431,5196,6506,6890,2601,5706,4880,6635,5958,4420,3921,9593,6396,6047,3995,5368,6963,6612,2601,3874,4690,5373,7605,4771,4617,5906,4659,7214,7803,8736,5277,6241,7195,6840,7190,6293,8950,7638,5429,5508,7780,4333,5827,5578,7542,7215,3536,7382,5309,4906,5616,6530,7610,3861,7172,5190,3310,5578,4626,7215,4126,4490,6142,5571,5616,5096,7222,6951,8851,6658,5467,6902,4939,2969,6737
5101,6020,5595,5607,5842,3349,7215,344,3359,5261,5431,5210,6530,6906,2601,5706,4880,6635,5973,4409,3921,9613,6396,6047,3971,5394,6963,6635,2601,3874,4655,5337,7585,4771,4640,5894,4647,7214,7803,8736,5277,6241,7195,6840,7190,6293,8950,7638,5429,5508,7780,4333,5827,5578,7542,7215,3536,7382,5320,4895,5631,6514,7587,3861,7154,5214,3310,5578,4650,7215,4126,4490,6142,5571,5616,5072,7262,6930,8874,6619,5467,6876,4939,2969,6771
5101,6020,5595,5607,5842,3349,7215,344,3359,5261,5431,5210,6530,6906,2601,5706,4880,6635,5973,4409,3921,9613,6396,6047,3971,5394,6963,6635,2601,3874,4655,5337,7585,4771,4640,5894,4647,7214,7827,8687,5264,6241,7195,6858,7190,6317,8923,7638,5439,5508,7780,4333,5841,5564,7566,7215,3536,7382,5333,4929,5616,6514,7610,3861,7180,5214,3317,5564,4661,7192,4154,4502,6142,5594,5616,5072,7262,6930,8874,6619,5467,6876,4939,2969,6788
5101,6005,5608,5607,5842,3349,7215,345,3403,5274,5443,5170,6506,6875,2601,5691,4880,6635,5973,4420,3921,9613,6396,6047,3971,5394,6963,6635,2601,3874,4655,5337,7585,4771,4640,5894,4647,7214,7827,8687,5264,6241,7195,6858,7190,6317,8923,7638,5439,5508,7780,4333,5841,5564,7566,7215,3536,7382,5333,4929,5616,6514,7610,3861,7180,5214,3317,5564,4661,7192,4154,4502,6142,5594,5643,5108,7262,6951,8874,6642,5467,6894,4939,2969,6805
5101,6020,5608,5607,5842,3349,7215,345,3403,5274,5443,5170,6506,6875,2601,5691,4880,6635,5973,4420,3921,9613,6396,6047,3995,5354,6963,6635,2601,3848,4666,5373,7605,4795,4651,5894,4647,7214,7808,8710,5277,6218,7195,6858,7166,6293,8973,7662,5452,5508,7801,4333,5841,5578,7542,7238,3536,7382,5309,4895,5643,6530,7604,3841,7172,5214,3294,5578,4637,7192,4134,4490,6142,5584,5657,5108,7262,6951,8900,6642,5467,6902,4939,2969,6837
5101,6020,5595,5571,5826,3349,7215,365,3368,5261,5454,5210,6545,6906,2601,5691,4880,6635,5958,4409,3921,9593,6396,6071,3971,5368,6963,6612,2581,3838,4666,5337,7578,4759,4640,5894,4659,7238,7827,8710,5289,6255,7195,6858,7190,6331,8973,7638,5452,5487,7780,4333,5841,5578,7524,7215,3516,7362,5333,4906,5643,6521,7610,3861,7154,5214,3317,5578,4626,7199,4134,4490,6142,5584,5657,5108,7262,6951,8900,6642,5467,6902,4939,2969,6871
5101,6020,5595,5607,5842,3349,7238,345,3368,5261,5431,5210,6521,6890,2601,5706,4880,6635,5958,4420,3921,9593,6413,6047,3986,5380,6939,6612,2601,3874,4690,5373,7585,4782,4651,5894,4659,7214,7827,8710,5277,6241,7195,6858,7190,6317,8950,7638,5465,5498,7780,4333,5841,5578,7524,7215,3516,7362,5333,4906,5643,6521,7610,3861,7154,5214,3317,5578,4626,7199,4146,4528,6142,5584,5616,5108,7268,6951,8874,6642,5467,6876,4951,2993,6905
5101,6005,5595,5607,5842,3357,7215,365,3403,5261,5443,5210,6521,6890,2601,5691,4880,6635,5989,4420,3921,9593,6413,6071,3971,5354,6980,6627,2601,3848,4701,5373,7585,4771,4627,5894,4633,7238,7827,8710,5277,6241,7195,6858,7190,6317,8950,7638,5465,5498,7780,4333,5841,5590,7542,7215,3536,7382,5333,4895,5631,6545,7610,3849,7154,5190,3286,5578,4602,7152,4134,4476,6142,5584,5616,5120,7285,6965,8874,6642,5454,6876,4939,2969,6939
5101,6020,5595,5607,5842,3349,7232,365,3403,5261,5443,5210,6506,6906,2601,5706,4880,6635,5989,4420,3921,9593,6413,6071,3971,5354,6980,6627,2601,3848,4701,5373,7585,4771,4627,5894,4633,7238,7785,8710,5277,6264,7195,6840,7190,6308,8923,7657,5441,5487,7827,4357,5841,5578,7542,7255,3543,7382,5333,4929,5657,6530,7627,3841,7154,5214,3317,5538,4650,7169,4126,4502,6142,5584,5631,5108,7279,6951,8874,6642,5467,6921,4951,2976,6971
5101,6020,5595,5607,5842,3349,7232,365,3403,5261,5443,5210,6506,6906,2601,5706,4880,6635,5958,4420,3921,9593,6396,6023,3971,5380,6980,6612,2601,3848,4666,5350,7578,4771,4640,5894,4659,7238,7827,8710,5289,6287,7215,6858,7190,6331,8973,7638,5429,5508,7827,4357,5841,5578,7542,7255,3543,7382,5333,4929,5657,6530,7627,3841,7154,5214,3317,5538,4650,7169,4126,4502,6142,5584,5631,5108,7279,6951,8874,6642,5467,6921,4951,2976,6988
5101,6020,5595,5607,5842,3357,7215,366,3403,5261,5467,5210,6545,6906,2601,5706,4880,6635,5973,4420,3930,9593,6413,6071,3971,5394,6980,6627,2606,3874,4666,5350,7578,4771,4640,5894,4659,7238,7827,8710,5289,6287,7215,6858,7190,6331,8973,7638,5429,5508,7806,4333,5827,5578,7560,7232,3536,7389,5333,4929,5631,6545,7627,3841,7154,5226,3317,5564,4661,7192,4146,4528,6157,5584,5643,5108,7279,6930,8874,6619,5467,6921,4951,2976,7021
5101,6020,5571,5594,5842,3357,7232,365,3403,5261,5467,5210,6545,6906,2601,5706,4880,6635,5973,4420,3930,9593,6413,6071,3971,5394,6980,6627,2606,3874,4690,5373,7605,4782,4617,5906,4659,7238,7803,8684,5289,6302,7215,6832,7190,6308,8950,7638,5441,5508,7827,4357,5841,5578,7542,7279,3516,7382,5333,4906,5657,6530,7627,3861,7198,5214,3317,5578,4661,7192,4126,4490,6142,5584,5631,5120,7302,6951,8877,6619,5467,6894,4939,2976,7054
5101,6020,5571,5594,5842,3357,7232,365,3403,5261,5443,5223,6545,6906,2606,5732,4880,6635,5973,4385,3930,9593,6380,6085,3995,5354,6956,6612,2581,3848,4666,5373,7585,4771,4651,5906,4659,7214,7827,8687,5277,6302,7195,6884,7190,6331,8973,7638,5429,5508,7801,4357,5841,5578,7542,7238,3536,7382,5333,4929,5657,6530,7627,3861,7172,5190,3317,5578,4650,7209,4126,4502,6142,5597,5631,5120,7319,6951,8877,6619,5467,6894,4939,2976,7088
5112,6047,5595,5607,5842,3357,7232,345,3394,5261,5443,5210,6490,6890,2601,5691,4869,6635,5973,4420,3953,9613,6413,6047,3971,5394,6980,6627,2581,3848,4690,5350,7605,4746,4627,5894,4647,7214,7827,8687,5253,6279,7215,6832,7190,6317,8950,7638,5441,5508,7806,4333,5827,5564,7524,7238,3536,7382,5333,4929,5657,6530,7627,3861,7172,5190,3317,5578,4650,7209,4126,4502,6142,5597,5631,5120,7319,6951,8877,6642,5454,6876,4927,2976,7122
5112,6047,5571,5584,5826,3357,7215,365,3376,5261,5443,5210,6490,6890,2601,5691,4869,6635,5973,4420,3953,9613,6413,6047,3971,5394,6980,6627,2581,3848,4690,5350,7605,4746,4627,5894,4647,7214,7827,8687,5253,6279,7215,6832,7190,6317,8950,7638,5441,5508,7806,4333,5827,5564,7524,7238,3536,7382,5333,4906,5643,6530,7627,3861,7172,5214,3317,5578,4626,7209,4146,4490,6142,5584,5616,5120,7279,6951,8825,6642,5467,6894,4939,2969,7138
5112,6047,5571,5584,5826,3357,7215,365,3376,5261,5454,5210,6530,6906,2601,5732,4880,6635,5973,4420,3930,9593,6396,6047,3971,5356,6963,6612,2581,3848,4666,5337,7605,4782,4617,5873,4659,7214,7803,8710,5265,6279,7215,6832,7190,6331,8973,7638,5441,5508,7801,4343,5827,5578,7560,7238,3536,7382,5357,4906,5616,6545,7627,3861,7172,5214,3317,5578,4626,7209,4146,4502,6142,5584,5616,5108,7279,6937,8825,6642,5467,6894,4939,2969,7173
5101,6005,5595,5607,5842,3349,7215,345,3394,5261,5443,5196,6545,6906,2601,5691,4880,6635,5958,4420,3921,9593,6396,6047,3971,5368,6963,6612,2601,3838,4666,5373,7605,4771,4640,5894,4685,7214,7803,8710,5240,6279,7195,6858,7214,6331,8973,7657,5441,5528,7801,4357,5841,5590,7542,7279,3536,7389,5357,4906,5616,6545,7627,3861,7172,5214,3317,5578,4626,7209,4146,4502,6142,5584,5616,5108,7279,6937,8851,6627,5467,6902,4939,2976,7205
5081,6020,5595,5594,5842,3333,7209,345,3403,5261,5431,5210,6506,6906,2601,5706,4880,6620,5931,4409,3921,9593,6396,6023,3948,5354,6947,6612,2581,3838,4666,5350,7559,4746,4651,5873,4647,7214,7785,8687,5277,6279,7195,6858,7214,6331,8973,7657,5441,5528,7801,4357,5841,5590,7542,7279,3536,7389,5333,4895,5643,6530,7604,3841,7154,5214,3310,5564,4626,7169,4126,4502,6142,5584,5616,5108,7302,6951,8874,6642,5467,6894,4939,2976,7238
5101,5994,5571,5571,5826,3325,7232,345,3376,5261,5454,5210,6506,6906,2601,5718,4880,6620,5931,4420,3930,9593,6396,6023,3948,5354,6947,6612,2581,3838,4666,5350,7559,4746,4651,5873,4647,7214,7785,8687,5277,6279,7195,6840,7190,6308,8923,7638,5429,5508,7806,4333,5804,5564,7542,7238,3516,7382,5309,4906,5616,6506,7627,3841,7154,5214,3317,5538,4626,7192,4126,4502,6142,5584,5616,5108,7302,6951,8874,6642,5467,6894,4951,2976,7272
5101,5994,5571,5571,5826,3325,7232,345,3376,5261,5454,5210,6506,6906,2601,5718,4880,6620,5931,4420,3930,9593,6413,6047,3971,5380,6980,6612,2601,3848,4666,5373,7605,4758,4617,5873,4659,7214,7827,8710,5277,6325,7209,6840,7166,6331,8947,7657,5441,5519,7801,4357,5827,5564,7560,7238,3536,7382,5309,4906,5616,6506,7627,3841,7154,5214,3317,5538,4626,7192,4126,4502,6142,5584,5616,5108,7302,6951,8874,6642,5467,6894,4951,2976,7289
5101,6005,5595,5607,5826,3381,7232,345,3376,5261,5454,5210,6506,6906,2601,5718,4880,6620,5931,4420,3930,9593,6413,6047,3971,5380,6980,6612,2601,3848,4666,5373,7605,4758,4617,5873,4659,7214,7827,8710,5277,6325,7209,6840,7166,6331,8947,7657,5441,5519,7801,4357,5827,5564,7560,7238,3536,7382,5333,4906,5616,6506,7604,3841,7154,5214,3310,5538,4626,7186,4126,4476,6157,5584,5631,5108,7302,6951,8877,6642,5443,6894,4951,2976,7305
5101,6005,5595,5607,5826,3381,7209,365,3359,5261,5467,5210,6506,6906,2601,5718,4880,6596,5973,4420,3921,9633,6413,6047,3971,5368,6980,6627,2601,3848,4701,5373,7585,4771,4604,5894,4659,7214,7827,8710,5289,6325,7195,6858,7190,6331,8973,7657,5418,5508,7801,4333,5841,5564,7560,7255,3536,7382,5333,4929,5616,6545,7627,3861,7172,5214,3294,5578,4637,7209,4126,4502,6142,5584,5631,5108,7302,6951,8877,6642,5443,6894,4951,2976,7339
5112,6047,5595,5571,5842,3349,7209,365,3403,5261,5454,5196,6521,6883,2606,5691,4880,6635,5973,4420,3930,9613,6413,6047,3971,5368,6980,6627,2601,3848,4701,5373,7585,4771,4604,5894,4659,7214,7827,8710,5289,6325,7195,6858,7190,6331,8973,7657,5418,5508,7801,4333,5841,5564,7560,7255,3536,7382,5333,4929,5616,6545,7627,3861,7172,5214,3294,5578,4637,7209,4126,4502,6142,5584,5590,5096,7262,6951,8877,6642,5443,6894,4939,2976,7355
5112,6020,5595,5571,5842,3349,7209,365,3403,5261,5454,5196,6521,6883,2606,5691,4880,6635,5973,4420,3930,9613,6396,6023,3971,5394,6963,6627,2581,3848,4666,5361,7605,4782,4627,5906,4659,7214,7827,8687,5277,6348,7195,6840,7190,6317,8947,7638,5418,5539,7827,4333,5841,5578,7560,7255,3536,7408,5333,4906,5657,6521,7610,3849,7154,5226,3317,5578,4637,7209,4134,4502,6142,5584,5631,5108,7302,6930,8851,6642,5467,6921,4951,2976,7388
5112,6020,5595,5594,5842,3381,7209,365,3412,5274,5467,5210,6521,6906,2601,5732,4880,6620,5973,4420,3953,9593,6413,6047,3962,5368,6980,6627,2601,3848,4690,5373,7585,4771,4627,5906,4659,7214,7827,8687,5277,6348,7195,6840,7190,6317,8947,7638,5418,5539,7827,4333,5841,5578,7560,7255,3536,7408,5333,4906,5657,6521,7610,3849,7154,5226,3317,5578,4637,7209,4134,4502,6142,5584,5631,5108,7302,6930,8851,6642,5467,6921,4951,2976,7405
5101,6005,5595,5571,5842,3357,7232,345,3376,5261,5443,5210,6545,6906,2601,5732,4880,6620,5973,4420,3953,9593,6413,6047,3962,5368,6980,6627,2601,3848,4690,5373,7585,4771,4617,5906,4673,7214,7827,8710,5289,6348,7215,6858,7207,6317,8973,7657,5441,5528,7801,4357,5841,5578,7566,7255,3564,7362,5333,4906,5643,6506,7610,3861,7198,5214,3310,5552,4650,7186,4126,4502,6142,5584,5631,5108,7302,6951,8900,6642,5467,6894,4951,2969,7437
5101,6005,5595,5571,5842,3357,7232,345,3376,5261,5443,5210,6545,6906,2581,5718,4880,6635,5958,4409,3953,9613,6387,6047,3971,5368,6980,6612,2606,3838,4690,5350,7605,4771,4627,5894,4647,7214,7803,8710,5253,6348,7195,6814,7190,6331,8973,7657,5406,5560,7801,4357,5841,5578,7566,7255,3564,7362,5333,4906,5643,6506,7610,3861,7198,5214,3310,5552,4650,7186,4126,4502,6142,5584,5631,5108,7302,6951,8900,6642,5467,6894,4951,2969,7455
5101,6020,5595,5607,5826,3357,7209,346,3394,5261,5467,5210,6530,6860,2606,5732,4880,6612,5973,4409,3976,9613,6413,6047,3962,5380,6963,6604,2601,3848,4690,5350,7605,4771,4627,5894,4647,7214,7803,8710,5253,6348,7195,6814,7190,6331,8973,7657,5406,5560,7780,4357,5841,5578,7584,7255,3543,7382,5309,4906,5631,6545,7627,3869,7172,5214,3317,5578,4626,7186,4126,4502,6142,5560,5646,5132,7302,6951,8900,6642,5454,6894,4951,2976,7488
5102,5994,5608,5584,5883,3357,7209,367,3403,5274,5467,5236,6545,6883,2612,5706,4880,6635,5973,4420,3976,9591,6413,6047,3971,5368,7004,6627,2816,3874,4701,5386,7605,4806,4593,5877,4647,7238,7827,8710,5289,6348,7102,6814,7190,6331,8947,7657,5441,5979,7806,4333,5841,5578,7560,7255,3530,7382,5309,4906,5631,6521,7627,3857,7172,5226,3294,5578,4626,7202,4122,4464,6157,5584,5631,5120,7302,6959,8874,6642,5443,6894,4939,3000,7654
5081,6020,5595,5594,5868,3357,7186,346,3394,5274,5467,5236,6545,6883,2612,5706,4880,6635,5973,4420,3976,9591,6413,6047,3971,5368,6980,6627,2836,3864,4666,5350,7578,4782,4604,5857,4659,7255,7827,8736,5289,6372,7061,6858,7190,6331,8947,7657,5441,6081,7853,4333,5841,5578,7542,7255,3537,7389,5309,4906,5631,6521,7604,3857,7154,5214,3317,5578,4637,7186,4122,4502,6142,5584,5631,5144,7302,6938,8900,6658,5467,6894,4939,2983,7688
5081,6020,5595,5594,5868,3357,7186,346,3394,5274,5467,5236,6521,6860,2591,5706,4880,6635,5973,4420,4000,9571,6413,6047,3995,5368,6980,6627,2836,3874,4677,5373,7605,4782,4638,5877,4659,7255,7845,8733,5289,6372,7061,6858,7190,6331,8947,7657,5441,6081,7853,4333,5841,5578,7542,7255,3537,7389,5309,4906,5631,6521,7604,3857,7154,5214,3317,5578,4637,7186,4122,4502,6142,5584,5631,5144,7302,6938,8900,6658,5467,6894,4939,2983,7704
5102,6047,5595,5607,5868,3357,7209,367,3403,5261,5467,5236,6545,6883,2612,5691,4880,6635,5973,4420,3976,9591,6396,6071,3971,5368,6980,6627,2836,3874,4677,5373,7605,4782,4638,5877,4659,7255,7845,8733,5289,6372,7061,6858,7190,6355,8947,7657,5418,6134,7832,4367,5841,5605,7560,7255,3510,7382,5333,4906,5657,6521,7604,3836,7172,5190,3317,5578,4661,7186,4122,4476,6142,5584,5631,5120,7325,6973,8900,6642,5467,6894,4951,2976,7738
5102,6047,5595,5607,5868,3357,7209,367,3403,5261,5467,5236,6545,6883,2612,5691,4880,6635,5973,4420,3976,9591,6396,6071,3971,5368,6963,6612,2632,3874,4666,5373,7605,4782,4604,5857,4647,7214,7803,8710,5289,6363,7040,6858,7231,6346,8947,7657,5431,6142,7853,4367,5841,5578,7560,7255,3530,7408,5333,4906,5657,6521,7604,3836,7172,5190,3317,5578,4661,7186,4122,4476,6142,5584,5631,5120,7325,6973,8900,6642,5467,6894,4951,2976,7755
5102,6020,5595,5607,5868,3389,7209,367,3403,5261,5467,5223,6545,6883,2597,5691,4892,6674,5973,4420,3976,9612,6413,6047,3971,5394,6980,6643,2612,3848,4690,5373,7578,4782,4638,5857,4647,7214,7803,8710,5265,6348,7040,6858,7231,6346,8947,7657,5431,6142,7853,4367,5841,5578,7560,7255,3530,7408,5333,4906,5657,6521,7604,3857,7172,5226,3317,5578,4626,7186,4122,4502,6157,5584,5616,5144,7302,6959,8874,6642,5467,6921,4963,2976,7788
5102,6005,5595,5584,5868,3349,7186,346,3403,5261,5467,5236,6545,6899,2617,5732,4880,6658,5947,4420,3976,9591,6413,6047,3971,5394,6980,6643,2612,3848,4690,5373,7578,4782,4638,5857,4647,7214,7803,8710,5265,6348,7040,6858,7214,6331,8947,7632,5418,6142,7832,4333,5827,5578,7560,7255,3510,7382,5333,4906,5631,6521,7604,3836,7198,5214,3317,5578,4637,7186,4122,4502,6119,5560,5631,5120,7302,6959,8900,6658,5443,6894,4951,3000,7822
5102,6020,5595,5607,5868,3373,7186,346,3403,5261,5467,5236,6545,6899,2617,5732,4880,6658,5947,4420,3976,9591,6396,6047,3971,5394,6980,6604,2612,3864,4690,5373,7605,4782,4604,5857,4659,7238,7803,8710,5289,6348,7040,6832,7190,6355,8947,7657,5418,6175,7853,4357,5841,5578,7560,7279,3517,7382,5333,4906,5631,6521,7604,3857,7172,5214,3294,5578,4637,7186,4122,4502,6142,5584,5657,5120,7319,6959,8851,6642,5467,6894,4951,3006,7855
5102,6020,5595,5607,5868,3373,7186,347,3403,5261,5467,5210,6545,6883,2591,5706,4880,6635,5973,4420,3976,9591,6413,6023,3971,5368,6980,6643,2719,3874,4666,5373,7605,4782,4615,5857,4659,7214,7803,8710,5289,6348,7040,6814,7190,6331,8947,7632,5418,6204,7832,4333,5817,5578,7560,7272,3510,7389,5309,4895,5631,6521,7622,3836,7172,5226,3317,5578,4661,7186,4122,4502,6142,5584,5657,5120,7319,6959,8851,6642,5467,6894,4951,3006,7888
5102,6005,5571,5607,5868,3381,7209,368,3403,5261,5467,5236,6545,6883,2597,5718,4892,6635,5973,4420,3976,9571,6413,6062,3971,5368,6980,6604,2719,3874,4690,5373,7605,4782,4604,5836,4647,7238,7827,8736,5265,6348,7055,6832,7190,6331,8973,7614,5418,6204,7853,4367,5827,5578,7560,7272,3510,7389,5309,4895,5631,6521,7622,3836,7172,5226,3317,5578,4661,7186,4122,4476,6157,5584,5631,5120,7302,6952,8900,6658,5443,6894,4951,3000,7922
5112,6020,5595,5571,5842,3381,7202,367,3394,5261,5467,5196,6530,6883,2591,5718,4880,6635,5947,4420,3986,9571,6413,6047,3971,5368,6980,6589,2760,3874,4677,5350,7585,4771,4627,5836,4647,7231,7827,8736,5265,6348,7055,6832,7190,6331,8973,7614,5418,6204,7853,4367,5827,5578,7542,7255,3510,7382,5346,4906,5631,6537,7627,3836,7172,5214,3317,5578,4637,7186,4122,4502,6142,5584,5605,5120,7302,6952,8874,6642,5467,6894,4951,2983,7955
5112,6020,5571,5584,5868,3381,7202,367,3403,5261,5467,5236,6545,6883,2591,5706,4880,6596,5947,4420,3986,9571,6413,6047,3971,5368,6980,6589,2760,3874,4677,5350,7585,4771,4627,5836,4647,7231,7803,8710,5289,6363,7040,6832,7207,6331,8947,7632,5418,6183,7806,4333,5841,5578,7542,7255,3510,7362,5322,4906,5631,6545,7604,3836,7154,5214,3294,5578,4637,7186,4122,4490,6119,5584,5616,5120,7319,6959,8851,6619,5443,6894,4951,2976,7988
5112,6020,5571,5584,5868,3381,7202,367,3403,5261,5467,5236,6545,6883,2591,5706,4880,6596,5947,4409,3986,9571,6396,6023,3962,5368,6980,6627,2693,3848,4666,5350,7578,4782,4615,5869,4647,7214,7803,8710,5289,6363,7055,6814,7214,6331,8973,7632,5418,6204,7806,4333,5841,5578,7542,7255,3510,7362,5322,4906,5631,6545,7604,3836,7154,5214,3294,5578,4637,7186,4122,4490,6119,5584,5616,5120,7319,6959,8851,6619,5443,6894,4951,2976,8005
5112,6020,5595,5584,5868,3381,7186,367,3403,5261,5467,5236,6545,6876,2597,5706,4892,6635,5947,4420,3986,9591,6413,6071,3995,5394,6980,6627,2673,3848,4666,5373,7578,4782,4615,5869,4647,7214,7803,8710,5289,6363,7055,6814,7214,6331,8973,7632,5418,6204,7806,4343,5841,5605,7560,7279,3537,7408,5333,4906,5646,6521,7645,3844,7154,5226,3294,5578,4648,7186,4130,4502,6157,5584,5631,5120,7302,6973,8851,6619,5467,6912,4951,3006,8038
5112,6020,5595,5584,5868,3381,7186,367,3403,5261,5467,5236,6545,6876,2597,5706,4892,6635,5947,4420,3986,9591,6413,6071,3995,5394,6980,6627,2673,3848,4666,5373,7578,4782,4615,5869,4659,7255,7803,8710,5289,6363,7040,6858,7207,6355,8973,7657,5431,6216,7853,4367,5841,5593,7560,7279,3530,7408,5309,4906,5631,6521,7645,3857,7172,5214,3294,5578,4648,7186,4130,4502,6157,5584,5631,5120,7302,6973,8851,6619,5467,6912,4951,3006,8054
5112,6020,5595,5620,5910,3381,7226,347,3403,5261,5443,5250,6561,6899,2597,5706,4892,6635,5973,4430,4009,9591,6413,6071,3995,5382,6980,6620,2632,3848,4701,5373,7578,4782,4615,5889,4659,7214,7827,8710,5289,6348,7040,6832,7190,6331,8973,7657,5431,6216,7853,4367,5841,5593,7560,7279,3530,7408,5309,4906,5631,6521,7645,3857,7172,5214,3317,5620,4648,7209,4130,4540,6157,5607,5657,5144,7319,6959,8874,6658,5467,6939,4951,3006,8088
5102,6020,5571,5607,5868,3389,7202,368,3403,5274,5467,5250,6570,6860,2597,5706,4880,6612,5973,4420,4009,9591,6396,6047,3971,5368,6980,6604,2632,3838,4701,5373,7578,4782,4615,5889,4659,7214,7827,8710,5289,6348,7040,6832,7190,6331,8973,7657,5418,6204,7832,4357,5841,5578,7560,7272,3510,7382,5333,4895,5631,6521,7645,3865,7172,5238,3317,5578,4637,7202,4102,4490,6142,5584,5631,5120,7302,6938,8874,6658,5467,6894,4951,3006,8122
5102,6020,5595,5597,5868,3381,7186,346,3403,5261,5443,5236,6545,6860,2597,5706,4880,6612,5973,4420,4009,9591,6396,6047,3971,5368,6980,6604,2632,3838,4666,5337,7578,4782,4604,5857,4647,7238,7803,8687,5265,6348,7040,6832,7207,6331,8997,7651,5431,6204,7853,4343,5841,5578,7560,7296,3537,7408,5346,4906,5631,6521,7604,3844,7172,5214,3317,5593,4637,7186,4130,4464,6142,5560,5646,5144,7302,6938,8874,6642,5454,6894,4951,2976,8155
5102,6020,5595,5597,5868,3381,7186,346,3403,5261,5443,5236,6545,6860,2591,5706,4880,6612,5947,4396,3986,9591,6396,6047,3971,5354,6980,6604,2638,3848,4677,5373,7605,4782,4627,5857,4659,7214,7803,8710,5289,6348,7020,6832,7214,6331,8947,7657,5418,6204,7853,4357,5841,5578,7560,7296,3537,7408,5346,4906,5631,6521,7604,3844,7172,5214,3317,5593,4637,7186,4130,4464,6142,5560,5646,5144,7302,6938,8874,6642,5454,6894,4951,2976,8172
5112,6005,5571,5584,5842,3381,7186,346,3403,5261,5467,5236,6545,6899,2597,5691,4880,6620,5973,4420,3976,9591,6413,6047,3971,5368,6980,6604,2638,3848,4677,5373,7605,4782,4627,5857,4659,7214,7803,8710,5289,6348,7020,6832,7214,6331,8947,7657,5418,6204,7853,4357,5841,5578,7560,7296,3510,7382,5333,4906,5657,6521,7622,3844,7180,5214,3317,5578,4637,7209,4122,4528,6142,5584,5631,5144,7302,6952,8874,6642,5467,6894,4951,3000,8204
5102,6020,5595,5584,5853,3357,7186,346,3403,5261,5467,5236,6545,6899,2597,5691,4880,6620,5973,4420,3976,9591,6413,6047,3971,5368,6963,6627,2653,3864,4666,5350,7605,4782,4615,5869,4647,7214,7803,8710,5265,6363,7040,6832,7190,6331,8947,7657,5431,6183,7853,4333,5841,5578,7560,7255,3510,7382,5346,4906,5631,6521,7622,3836,7198,5214,3310,5578,4637,7202,4130,4528,6119,5584,5631,5120,7319,6938,8874,6642,5467,6894,4951,2976,8237
5102,6020,5595,5584,5853,3357,7186,346,3403,5274,5467,5210,6521,6899,2597,5732,4892,6635,5947,4430,3976,9571,6413,6047,3971,5368,6980,6627,2775,3874,4677,5350,7605,4782,4627,5836,4659,7231,7803,8710,5265,6363,7040,6832,7190,6331,8947,7632,5418,6216,7853,4343,5841,5578,7560,7279,3510,7362,5309,4906,5631,6521,7604,3816,7172,5214,3294,5552,4613,7202,4122,4502,6119,5584,5631,5120,7319,6938,8874,6642,5467,6894,4951,2976,8272
5081,6020,5571,5571,5868,3357,7186,346,3376,5274,5467,5210,6545,6860,2612,5706,4880,6635,5973,4396,3976,9571,6413,6047,3971,5342,6980,6643,2862,3874,4666,5350,7578,4794,4615,5836,4633,7255,7827,8710,5302,6363,7020,6832,7214,6317,8947,7632,5418,6204,7827,4333,5841,5578,7560,7279,3510,7382,5309,4906,5631,6521,7604,3816,7172,5214,3294,5552,4613,7202,4122,4502,6119,5584,5643,5120,7302,6938,8851,6642,5467,6850,4951,3000,8305
5081,6005,5595,5571,5868,3357,7186,346,3403,5261,5467,5196,6545,6876,2597,5706,4880,6635,5973,4420,3976,9571,6413,6062,3971,5368,6997,6643,2877,3874,4701,5373,7578,4782,4638,5816,4659,7231,7827,8710,5302,6363,7020,6832,7214,6317,8947,7632,5418,6204,7827,4333,5841,5578,7560,7279,3510,7382,5309,4895,5605,6521,7604,3836,7172,5238,3325,5578,4637,7186,4130,4490,6119,5584,5631,5120,7302,6952,8874,6619,5454,6894,4927,3000,8338
5112,6020,5595,5607,5868,3381,7202,367,3403,5274,5467,5236,6521,6876,2591,5706,4880,6658,5947,4420,3976,9551,6413,6062,3971,5368,6997,6643,2877,3874,4701,5373,7578,4782,4638,5816,4659,7231,7803,8710,5265,6348,7040,6832,7214,6370,8973,7657,5431,6204,7853,4343,5841,5578,7560,7296,3517,7382,5346,4906,5631,6545,7627,3844,7198,5226,3317,5593,4661,7202,4151,4490,6142,5584,5631,5157,7296,6952,8874,6658,5454,6894,4951,3000,8372
5081,6020,5595,5607,5868,3381,7202,367,3403,5274,5467,5236,6521,6876,2591,5706,4880,6658,5947,4420,3976,9551,6413,6023,3995,5368,6980,6627,2857,3874,4690,5373,7578,4782,4615,5836,4659,7238,7803,8733,5289,6348,7020,6832,7207,6331,8973,7657,5431,6196,7853,4343,5841,5578,7560,7296,3510,7382,5322,4906,5657,6537,7622,3844,7198,5214,3317,5578,4624,7186,4110,4502,6142,5573,5657,5120,7296,6938,8874,6642,5467,6894,4963,3006,8404
5081,6020,5571,5607,5842,3357,7186,346,3394,5238,5467,5210,6545,6860,2571,5706,4880,6612,5973,4420,3986,9571,6370,6023,3948,5368,6980,6604,2836,3848,4666,5361,7578,4782,4604,5836,4659,7238,7803,8710,5253,6372,7055,6858,7214,6331,8973,7657,5418,6204,7853,4333,5841,5552,7578,7296,3510,7382,5346,4906,5646,6497,7622,3836,7172,5214,3317,5552,4637,7186,4110,4502,6142,5573,5657,5120,7296,6938,8874,6642,5467,6894,4963,3006,8438
5112,6036,5595,5584,5894,3389,7186,368,3403,5274,5467,5236,6545,6876,2597,5732,4880,6635,5973,4420,3986,9591,6430,6085,3995,5394,6997,6643,2877,3874,4701,5350,7605,4782,4627,5848,4659,7214,7762,8710,5302,6386,7055,6832,7214,6331,8970,7651,5431,6216,7853,4333,5841,5552,7578,7296,3510,7382,5346,4906,5646,6497,7622,3836,7172,5214,3317,5552,4637,7186,4122,4490,6142,5584,5631,5120,7279,6938,8874,6642,5443,6912,4951,3006,8471
5112,6020,5608,5584,5868,3381,7186,347,3403,5261,5467,5210,6545,6876,2591,5732,4892,6635,5989,4420,3976,9571,6413,6047,3971,5394,6980,6643,2842,3874,4666,5350,7578,4782,4627,5848,4659,7214,7762,8710,5302,6386,7055,6832,7214,6331,8970,7651,5431,6216,7853,4367,5854,5578,7578,7296,3537,7427,5333,4941,5631,6521,7599,3836,7198,5214,3317,5552,4637,7202,4122,4476,6157,5584,5646,5144,7319,6938,8874,6658,5480,6894,4951,3006,8505
5112,6047,5595,5584,5868,3357,7186,347,3376,5250,5467,5236,6545,6876,2591,5732,4892,6635,5989,4420,3976,9571,6413,6047,3971,5394,6980,6643,2842,3874,4666,5350,7578,4782,4627,5848,4659,7231,7827,8710,5278,6386,7034,6832,7190,6331,8973,7632,5418,6204,7853,4333,5841,5578,7536,7279,3517,7382,5309,4883,5631,6521,7604,3824,7172,5214,3317,5567,4637,7202,4130,4502,6142,5584,5631,5144,7302,6952,8874,6642,5467,6912,4951,3006,8537
5112,6047,5595,5584,5868,3357,7186,347,3376,5250,5467,5236,6545,6876,2597,5706,4892,6635,5963,4430,4009,9611,6413,6085,3971,5368,6980,6643,2862,3864,4701,5373,7578,4794,4615,5836,4659,7231,7822,8710,5278,6386,7034,6832,7231,6340,8973,7632,5418,6204,7853,4333,5841,5578,7536,7279,3517,7382,5309,4883,5631,6521,7604,3824,7172,5214,3317,5567,4637,7202,4130,4502,6142,5584,5631,5144,7302,6952,8874,6642,5467,6912,4951,3006,8554
5112,6020,5584,5584,5868,3414,7186,368,3403,5274,5467,5236,6545,6876,2576,5732,4880,6635,5947,4430,4000,9591,6413,6085,4205,5526,6980,6643,2862,3874,4701,5373,7578,4794,4615,5836,4659,7231,7822,8710,5278,6386,7034,6832,7231,6340,8973,7632,5431,6204,7879,4343,5841,5578,7560,7296,3530,7382,5309,4906,5631,6521,7604,3844,7198,5226,3294,5578,4637,7186,4130,4516,6142,5584,5620,5157,7319,6952,8874,6642,5443,6894,4951,3006,8588
5112,6020,5584,5584,5868,3414,7186,368,3403,5274,5467,5236,6545,6876,2576,5732,4880,6635,5947,4430,4000,9591,6413,6085,4205,5526,6980,6643,2862,3874,4690,5350,7625,4782,4638,5836,4659,7255,7803,8710,5278,6363,7055,6832,7231,6346,8970,7657,5431,6204,7853,4343,5854,5578,7536,7296,3510,7382,5309,4918,5646,6537,7622,3824,7154,5214,3294,5578,4637,7186,4130,4516,6142,5584,5620,5157,7319,6952,8874,6642,5443,6894,4951,3006,8605
5112,6020,5608,5597,5883,3381,7202,368,3403,5274,5456,5210,6521,6876,2597,5732,4892,6612,5947,4406,4009,9571,6430,6109,4182,5540,6980,6643,2857,3874,4677,5362,7578,4794,4638,5848,4633,7255,7798,8733,5289,6386,7034,6832,7231,6346,8970,7657,5431,6204,7853,4343,5854,5578,7536,7296,3510,7382,5309,4918,5646,6537,7622,3824,7154,5214,3317,5552,4637,7186,4122,4502,6142,5560,5631,5144,7319,6952,8874,6634,5480,6868,4951,3000,8638
5132,6020,5608,5597,5883,3389,7186,367,3403,5261,5480,5236,6521,6883,2597,5732,4892,6627,5947,4420,4009,9591,6413,6071,4192,5540,6980,6643,2857,3874,4677,5362,7578,4794,4638,5848,4633,7255,7798,8733,5289,6386,7034,6832,7231,6346,8947,7651,5431,6204,7832,4333,5831,5567,7578,7296,3517,7382,5309,4906,5631,6513,7645,3836,7172,5226,3317,5578,4648,7202,4122,4528,6157,5597,5646,5120,7296,6952,8874,6658,5443,6912,4963,3006,8672
5132,6020,5608,5597,5883,3389,7186,367,3403,5261,5480,5236,6521,6883,2597,5732,4892,6627,5947,4420,4009,9591,6413,6071,4192,5540,6980,6643,2862,3874,4690,5362,7598,4794,4604,5848,4633,7255,7803,8733,5302,6386,7055,6858,7190,6346,8970,7632,5431,6237,7853,4343,5841,5578,7578,7319,3517,7382,5346,4906,5646,6497,7645,3836,7172,5226,3317,5578,4648,7202,4122,4528,6157,5597,5646,5120,7296,6952,8874,6658,5443,6912,4963,3006,8689
5102,6020,5584,5597,5894,3389,7186,368,3403,5274,5467,5224,6545,6876,2597,5732,4880,6627,5963,4420,3986,9591,6413,6095,4205,5567,6980,6643,2862,3874,4677,5327,7552,4758,4604,5828,4659,7255,7822,8710,5302,6386,7055,6858,7190,6346,8970,7632,5431,6237,7853,4343,5841,5578,7578,7319,3517,7382,5346,4906,5646,6497,7604,3844,7172,5214,3325,5567,4648,7202,4130,4502,6142,5573,5646,5120,7319,6952,8874,6642,5443,6894,4963,3000,8722
5102,6020,5584,5597,5894,3389,7186,368,3403,5274,5467,5224,6545,6876,2597,5732,4880,6627,5963,4420,3986,9591,6413,6095,4205,5567,6980,6643,2862,3874,4677,5327,7552,4758,4604,5828,4659,7255,7822,8710,5302,6386,7020,6832,7207,6370,8970,7632,5431,6237,7879,4343,5854,5567,7560,7296,3537,7382,5346,4918,5646,6513,7604,3844,7198,5226,3325,5593,4637,7186,4130,4502,6157,5584,5646,5120,7319,6938,8874,6642,5443,6894,4963,3000,8738
5132,6020,5608,5597,5868,3414,7202,347,3403,5274,5480,5250,6545,6860,2591,5706,4892,6627,5963,4420,4009,9591,6413,6085,4215,5552,6980,6627,2883,3874,4701,5350,7598,4782,4604,5816,4659,7255,7822,8733,5302,6386,7034,6832,7231,6346,8970,7675,5431,6237,7853,4377,5854,5593,7560,7296,3517,7382,5346,4918,5646,6513,7604,3844,7198,5226,3325,5593,4637,7186,4130,4502,6157,5584,5646,5120,7319,6938,8851,6658,5443,6886,4963,3000,8772
5112,6062,5608,5597,5883,3414,7202,347,3403,5274,5480,5250,6545,6860,2591,5706,4892,6627,5963,4420,4009,9591,6413,6085,4215,5552,6980,6627,2883,3874,4701,5350,7598,4782,4604,5816,4659,7255,7822,8733,5302,6386,7034,6832,7231,6346,8970,7675,5431,6237,7853,4377,5854,5593,7560,7296,3517,7382,5322,4918,5646,6537,7604,3844,7172,5214,3302,5552,4637,7186,4122,4490,6157,5560,5646,5120,7296,6952,8874,6658,5480,6868,4963,3006,8788
5112,6062,5608,5597,5883,3414,7202,368,3403,5261,5480,5250,6545,6876,2597,5732,4892,6612,5947,4420,3986,9591,6413,6062,4205,5567,6997,6627,2862,3874,4690,5350,7598,4782,4615,5828,4659,7214,7798,8733,5302,6386,7034,6832,7231,6346,8997,7632,5418,6237,7853,4343,5831,5564,7560,7296,3537,7382,5309,4918,5631,6497,7645,3844,7198,5226,3325,5593,4637,7202,4130,4502,6142,5560,5646,5120,7296,6952,8874,6658,5480,6868,4963,3006,8821
5112,6005,5595,5584,5868,3405,7186,347,3376,5261,5443,5236,6537,6876,2597,5732,4892,6627,5963,4430,4009,9591,6413,6071,4215,5593,7021,6643,2862,3874,4701,5350,7578,4794,4638,5836,4659,7238,7798,8707,5302,6386,7020,6832,7207,6346,8970,7651,5431,6216,7853,4343,5817,5552,7560,7296,3537,7382,5309,4918,5631,6497,7645,3844,7198,5226,3325,5593,4637,7202,4130,4502,6142,5560,5646,5120,7319,6952,8851,6634,5443,6886,4963,3006,8854
5112,6020,5595,5584,5910,3405,7179,346,3403,5274,5443,5236,6521,6853,2591,5732,4892,6612,5947,4420,4000,9571,6413,6071,4215,5552,6980,6643,2862,3874,4701,5350,7578,4794,4638,5836,4659,7238,7798,8707,5302,6386,7020,6832,7207,6346,8970,7651,5431,6216,7853,4343,5817,5552,7560,7296,3510,7382,5309,4906,5631,6513,7622,3844,7172,5226,3325,5578,4648,7226,4130,4514,6142,5597,5605,5157,7319,6952,8874,6674,5480,6886,4951,3006,8888
5112,6020,5608,5597,5910,3381,7202,347,3376,5274,5456,5236,6521,6860,2576,5732,4892,6627,5947,4420,4000,9571,6413,6071,4215,5552,6980,6643,2862,3874,4701,5350,7578,4794,4627,5848,4659,7214,7780,8733,5302,6363,7034,6832,7231,6346,8970,7651,5418,6216,7874,4357,5841,5593,7578,7279,3517,7382,5309,4929,5605,6521,7622,3844,7198,5214,3325,5593,4637,7186,4130,4528,6133,5597,5605,5120,7319,6932,8874,6658,5480,6912,4951,3006,8922
5112,6020,5608,5597,5910,3381,7202,347,3376,5274,5456,5236,6521,6860,2576,5732,4892,6627,5963,4396,3976,9571,6413,6085,4205,5567,6997,6627,2801,3874,4701,5362,7598,4794,4615,5836,4659,7255,7780,8733,5278,6363,7034,6832,7231,6346,8947,7657,5431,6216,7853,4343,5817,5593,7560,7296,3517,7382,5346,4906,5631,6537,7622,3844,7172,5226,3325,5567,4648,7202,4130,4502,6157,5584,5646,5133,7302,6952,8874,6658,5443,6886,4951,3006,8955
5112,6020,5608,5573,5894,3405,7202,368,3376,5261,5456,5210,6537,6876,2597,5732,4892,6627,5963,4420,4009,9591,6413,6062,4215,5552,6980,6643,2755,3874,4701,5350,7598,4782,4615,5848,4647,7255,7798,8710,5302,6363,7055,6832,7214,6308,8994,7675,5454,6237,7879,4333,5831,5593,7536,7279,3537,7382,5309,4918,5620,6513,7622,3844,7198,5226,3325,5567,4648,7202,4130,4502,6157,5584,5646,5133,7302,6952,8874,6658,5443,6886,4951,3006,8989
5112,6020,5608,5573,5894,3381,7202,346,3403,5261,5443,5250,6561,6853,2617,5732,4892,6627,5963,4420,4009,9591,6413,6062,4215,5552,6980,6643,2755,3874,4701,5350,7598,4782,4615,5848,4647,7255,7798,8710,5302,6363,7055,6832,7214,6308,8994,7675,5454,6237,7879,4333,5831,5593,7536,7279,3537,7382,5309,4918,5620,6513,7622,3844,7198,5226,3317,5578,4613,7202,4122,4502,6142,5573,5620,5120,7319,6952,8874,6658,5480,6912,4951,3006,9005
5112,6020,5608,5573,5894,3381,7202,346,3403,5261,5443,5250,6561,6853,2617,5732,4892,6627,5963,4420,4018,9571,6413,6071,4215,5567,6980,6627,2699,3848,4701,5362,7598,4794,4615,5848,4659,7255,7798,8710,5302,6348,7040,6832,7207,6346,8947,7627,5454,6216,7853,4367,5854,5578,7560,7296,3517,7382,5358,4941,5620,6537,7622,3844,7198,5226,3317,5593,4637,7186,4130,4516,6142,5560,5620,5133,7296,6918,8874,6658,5469,6868,4951,3006,9032
5102,6020,5608,5560,5868,3414,7202,347,3403,5261,5443,5250,6537,6876,2591,5732,4880,6627,5947,4430,4009,9591,6413,6071,4215,5567,6980,6627,2699,3848,4701,5362,7598,4794,4615,5848,4659,7255,7798,8710,5302,6348,7040,6832,7207,6346,8947,7627,5454,6216,7853,4367,5854,5578,7560,7296,3517,7382,5358,4941,5620,6537,7622,3844,7198,5226,3317,5593,4637,7186,4130,4516,6142,5560,5620,5133,7296,6918,8874,6658,5469,6868,4951,3006,9040
5102,6020,5608,5560,5868,3414,7202,347,3403,5261,5443,5250,6537,6876,2591,5732,4880,6627,5947,4430,4009,9591,6413,6109,4238,5567,6980,6627,2719,3848,4701,5362,7598,4794,4638,5848,4659,7231,7822,8710,5278,6363,7034,6832,7190,6331,8970,7651,5454,6216,7832,4343,5854,5552,7560,7296,3530,7382,5346,4918,5646,6497,7604,3824,7198,5214,3317,5593,4637,7186,4130,4516,6142,5560,5620,5133,7296,6918,8874,6658,5469,6868,4951,3006,9070
5112,6020,5584,5597,5910,3405,7179,347,3394,5261,5480,5210,6521,6837,2591,5706,4892,6627,5963,4430,4000,9591,6413,6047,4215,5540,6997,6643,2699,3848,4701,5362,7532,4769,4615,5869,4633,7255,7822,8733,5302,6363,7020,6832,7231,6346,8970,7651,5454,6216,7832,4343,5854,5552,7560,7296,3530,7382,5346,4918,5646,6497,7604,3824,7198,5214,3317,5552,4624,7202,4102,4528,6133,5597,5605,5133,7319,6952,8874,6658,5456,6886,4951,3006,9104
5112,6020,5571,5560,5868,3414,7179,346,3376,5274,5480,5224,6537,6860,2591,5706,4892,6612,5963,4430,4000,9591,6396,6071,4215,5567,6997,6643,2699,3848,4701,5362,7532,4769,4615,5869,4633,7255,7822,8733,5302,6363,7020,6832,7231,6346,8947,7632,5441,6224,7853,4333,5831,5593,7554,7296,3510,7382,5309,4929,5646,6513,7604,3844,7198,5214,3325,5552,4637,7186,4130,4528,6157,5597,5620,5157,7296,6918,8874,6634,5456,6886,4951,3006,9137
5112,6020,5571,5560,5868,3414,7179,346,3376,5274,5480,5224,6537,6860,2591,5706,4892,6612,5963,4430,4000,9591,6396,6071,4215,5567,6980,6627,2699,3874,4690,5350,7572,4794,4638,5860,4659,7238,7822,8733,5278,6348,7069,6832,7190,6323,8947,7632,5431,6237,7853,4343,5854,5593,7578,7319,3510,7382,5322,4929,5620,6513,7604,3844,7198,5214,3325,5552,4637,7186,4130,4528,6157,5597,5620,5157,7296,6918,8874,6634,5456,6886,4951,3006,9155
5112,6020,5595,5573,5910,3405,7202,368,3403,5274,5456,5250,6537,6837,2576,5706,4892,6627,5963,4420,4009,9591,6387,6085,4238,5567,7021,6682,2678,3848,4701,5362,7598,4794,4615,5828,4633,7255,7798,8733,5302,6348,7069,6832,7190,6323,8947,7632,5431,6237,7853,4343,5854,5593,7578,7319,3510,7382,5322,4929,5620,6513,7627,3816,7198,5226,3317,5567,4648,7202,4122,4502,6157,5597,5605,5157,7319,6952,8874,6658,5456,6886,4963,3006,9188
5112,6020,5595,5573,5910,3405,7202,368,3403,5274,5456,5250,6537,6837,2576,5706,4892,6627,5963,4420,4009,9591,6387,6085,4238,5567,7021,6682,2678,3848,4701,5362,7598,4794,4615,5828,4633,7255,7798,8733,5302,6348,7014,6832,7231,6331,8970,7651,5454,6257,7853,4333,5817,5593,7578,7279,3517,7382,5322,4918,5620,6537,7622,3844,7172,5226,3302,5593,4624,7202,4110,4488,6133,5573,5620,5157,7279,6967,8874,6658,5456,6886,4963,3006,9205
5102,6005,5571,5573,5883,3389,7186,347,3403,5274,5480,5224,6545,6853,2597,5732,4892,6627,5963,4420,4009,9611,6413,6085,4238,5578,7021,6643,2699,3874,4701,5339,7578,4782,4615,5836,4633,7238,7798,8710,5289,6348,7014,6806,7207,6308,8970,7632,5454,6257,7827,4343,5831,5552,7578,7296,3496,7382,5322,4918,5620,6537,7622,3844,7172,5226,3302,5593,4624,7202,4110,4488,6133,5573,5620,5157,7279,6967,8874,6658,5480,6868,4951,3006,9229
5112,6020,5584,5597,5883,3405,7202,347,3376,5250,5480,5224,6545,6853,2597,5732,4892,6627,5963,4420,4009,9611,6413,6085,4238,5578,7021,6643,2699,3874,4701,5339,7578,4782,4615,5836,4633,7238,7798,8710,5289,6348,7014,6806,7207,6308,8970,7632,5454,6257,7827,4343,5831,5552,7578,7296,3496,7382,5333,4941,5661,6553,7604,3824,7198,5226,3317,5567,4637,7202,4110,4502,6157,5573,5620,5157,7319,6952,8874,6642,5456,6912,4963,3006,9255
5112,6020,5584,5597,5883,3405,7202,347,3376,5250,5456,5224,6521,6860,2602,5732,4892,6627,5947,4420,3986,9591,6413,6062,4238,5593,6997,6643,2699,3848,4690,5350,7572,4758,4615,5881,4659,7255,7798,8710,5278,6363,7014,6832,7190,6323,8970,7675,5454,6278,7853,4343,5831,5593,7578,7279,3524,7382,5346,4941,5620,6513,7622,3824,7154,5226,3348,5578,4648,7162,4130,4528,6157,5560,5620,5157,7319,6952,8874,6642,5456,6912,4963,3006,9288
5112,5994,5608,5597,5868,3389,7202,347,3403,5274,5443,5250,6561,6853,2591,5732,4880,6627,5947,4406,4000,9571,6413,6062,4238,5593,6997,6643,2699,3848,4690,5350,7572,4758,4615,5881,4659,7255,7798,8710,5278,6363,7014,6832,7190,6323,8970,7675,5454,6278,7853,4343,5831,5593,7578,7279,3524,7382,5346,4941,5620,6513,7622,3824,7154,5226,3348,5578,4648,7162,4130,4528,6157,5560,5605,5144,7296,6932,8851,6658,5456,6894,4951,3006,9303
5112,5994,5608,5597,5868,3389,7202,347,3403,5274,5443,5250,6561,6853,2591,5732,4880,6627,5947,4406,4000,9571,6396,6062,4238,5578,6980,6643,2719,3848,4701,5362,7572,4782,4615,5848,4647,7255,7798,8733,5302,6386,7014,6832,7207,6346,8970,7632,5441,6278,7827,4367,5831,5593,7560,7319,3524,7382,5333,4941,5646,6513,7622,3824,7172,5226,3348,5552,4648,7186,4130,4502,6157,5597,5605,5144,7296,6932,8851,6658,5456,6894,4951,3006,9322
5112,6020,5571,5597,5910,3389,7202,347,3403,5274,5443,5250,6561,6853,2591,5732,4880,6627,5947,4406,4000,9571,6396,6062,4238,5578,6980,6643,2719,3848,4701,5362,7572,4782,4615,5848,4647,7255,7798,8733,5302,6386,7014,6832,7207,6346,8970,7632,5441,6278,7827,4367,5831,5593,7560,7319,3524,7382,5333,4941,5646,6513,7622,3824,7172,5226,3348,5552,4648,7186,4130,4502,6157,5597,5605,5144,7296,6952,8851,6634,5456,6886,4951,3006,9338
5112,6020,5571,5597,5910,3389,7179,347,3403,5238,5492,5224,6537,6853,2597,5732,4892,6627,5963,4396,4009,9591,6387,6085,4205,5578,6997,6627,2719,3838,4690,5362,7578,4794,4615,5848,4659,7255,7798,8733,5302,6386,7014,6832,7207,6346,8970,7632,5441,6278,7827,4367,5831,5593,7560,7319,3524,7382,5333,4941,5646,6513,7622,3824,7172,5226,3348,5552,4648,7186,4130,4502,6157,5597,5605,5144,7296,6952,8851,6634,5456,6886,4951,3006,9354
5112,6020,5608,5584,5910,3414,7202,368,3403,5274,5480,5250,6561,6876,2622,5732,4892,6627,5963,4396,4009,9591,6387,6085,4205,5578,6997,6627,2719,3838,4690,5362,7578,4794,4615,5848,4659,7255,7780,8733,5265,6363,7014,6832,7248,6346,8970,7651,5454,6290,7853,4343,5854,5593,7578,7279,3537,7382,5322,4941,5620,6513,7604,3844,7198,5226,3325,5567,4648,7202,4130,4502,6157,5573,5646,5144,7296,6932,8874,6619,5456,6868,4963,3006,9380
5112,6020,5608,5584,5910,3414,7202,368,3403,5274,5480,5250,6561,6876,2622,5732,4892,6627,5963,4420,4032,9611,6413,6085,4215,5552,6997,6643,2801,3874,4701,5362,7598,4794,4638,5848,4659,7255,7780,8733,5265,6363,7014,6832,7248,6346,8970,7651,5454,6290,7853,4343,5854,5593,7578,7279,3537,7382,5322,4941,5620,6513,7604,3844,7198,5226,3325,5567,4648,7202,4130,4502,6157,5573,5646,5144,7296,6932,8874,6619,5456,6868,4963,3006,9388
5112,6020,5608,5584,5910,3414,7202,368,3403,5274,5480,5250,6561,6876,2622,5732,4892,6627,5963,4420,4032,9611,6413,6085,4215,5552,6997,6643,2801,3874,4701,5362,7598,4794,4638,5848,4659,7255,7780,8707,5278,6363,7014,6832,7224,6361,8947,7651,5465,6278,7853,4343,5831,5593,7536,7296,3517,7401,5322,4906,5620,6497,7622,3824,7172,5226,3325,5567,4648,7202,4130,4502,6157,5573,5646,5144,7296,6932,8874,6619,5456,6868,4963,3006,9405
5112,5994,5608,5597,5868,3405,7186,346,3376,5274,5456,5224,6561,6876,2571,5732,4868,6612,5921,4430,4009,9591,6413,6062,4215,5593,6997,6620,2781,3848,4701,5362,7552,4782,4638,5848,4659,7255,7780,8707,5278,6363,7014,6832,7224,6361,8947,7651,5465,6278,7853,4343,5831,5593,7536,7296,3517,7401,5322,4906,5620,6497,7622,3824,7172,5226,3341,5567,4637,7202,4102,4502,6157,5573,5646,5133,7296,6952,8851,6634,5443,6886,4951,3000,9437
5112,5994,5608,5597,5868,3405,7186,346,3376,5274,5456,5224,6561,6876,2571,5732,4868,6612,5921,4430,4009,9591,6413,6062,4215,5593,6997,6620,2781,3848,4701,5362,7552,4782,4604,5828,4659,7255,7798,8707,5278,6363,7028,6832,7207,6346,8997,7632,5454,6290,7853,4343,5831,5593,7536,7302,3537,7356,5309,4941,5605,6537,7604,3831,7172,5226,3341,5567,4637,7202,4102,4502,6157,5573,5646,5133,7296,6952,8851,6634,5443,6886,4951,3000,9455
5112,5994,5571,5597,5894,3414,7202,348,3376,5261,5456,5210,6537,6853,2576,5732,4892,6588,5947,4430,4032,9591,6430,6085,4238,5608,7021,6643,2807,3874,4701,5362,7572,4758,4604,5828,4659,7255,7798,8707,5278,6363,7028,6832,7207,6346,8997,7632,5454,6290,7853,4343,5831,5593,7536,7302,3537,7356,5309,4941,5605,6537,7604,3831,7172,5226,3325,5567,4648,7202,4110,4502,6133,5560,5605,5133,7319,6952,8874,6634,5456,6868,4951,3006,9472
5112,5994,5571,5597,5894,3414,7202,348,3376,5261,5456,5210,6537,6853,2576,5732,4892,6588,5947,4430,4032,9591,6430,6085,4238,5608,7021,6643,2807,3874,4701,5362,7572,4758,4615,5828,4659,7255,7798,8684,5265,6363,7028,6832,7231,6323,8947,7675,5477,6298,7832,4343,5831,5593,7554,7296,3524,7382,5322,4953,5605,6537,7622,3824,7172,5226,3325,5593,4648,7202,4130,4502,6133,5573,5620,5157,7319,6932,8874,6634,5456,6868,4951,3006,9505
5112,6020,5584,5573,5883,3389,7186,368,3376,5274,5456,5250,6537,6853,2602,5732,4904,6627,5963,4420,4000,9591,6413,6085,4238,5593,6980,6643,2842,3884,4690,5362,7578,4794,4615,5828,4659,7248,7798,8710,5278,6363,7014,6858,7248,6361,8994,7651,5454,6298,7853,4367,5831,5578,7578,7296,3524,7382,5322,4953,5605,6537,7622,3824,7172,5226,3325,5593,4648,7202,4130,4502,6133,5573,5620,5157,7319,6932,8900,6658,5480,6886,4951,3006,9530
5122,6020,5584,5573,5883,3414,7202,368,3403,5274,5480,5224,6537,6853,2597,5732,4880,6627,5963,4420,4009,9591,6387,6085,4228,5567,6997,6643,2868,3884,4690,5362,7578,4794,4615,5828,4659,7248,7798,8710,5278,6363,7014,6858,7248,6361,8994,7651,5454,6298,7853,4367,5831,5578,7578,7296,3524,7382,5322,4941,5646,6537,7604,3824,7172,5239,3325,5593,4648,7202,4118,4502,6133,5597,5646,5133,7296,6967,8874,6642,5456,6886,4963,3006,9555
5122,6020,5584,5573,5883,3414,7202,368,3403,5274,5480,5224,6537,6853,2597,5732,4880,6627,5963,4420,4009,9591,6387,6085,4228,5567,6997,6643,2868,3884,4701,5362,7592,4794,4604,5840,4659,7255,7780,8733,5289,6363,6993,6832,7207,6323,8970,7632,5477,6298,7827,4343,5831,5593,7536,7296,3524,7382,5346,4941,5646,6513,7604,3831,7172,5226,3325,5593,4648,7202,4139,4502,6157,5573,5646,5133,7296,6967,8874,6642,5456,6886,4963,3006,9576
5112,6020,5595,5597,5883,3389,7162,347,3368,5261,5467,5224,6537,6837,2581,5732,4880,6627,5963,4396,4009,9591,6413,6085,4228,5578,6997,6643,2868,3884,4701,5362,7592,4794,4604,5840,4659,7255,7780,8733,5289,6363,6993,6832,7207,6323,8970,7632,5477,6298,7827,4343,5831,5593,7536,7296,3524,7382,5346,4941,5646,6513,7604,3831,7172,5226,3325,5593,4648,7202,4139,4502,6157,5573,5605,5120,7279,6946,8874,6634,5456,6886,4963,3006,9605
5112,6020,5595,5597,5883,3389,7162,347,3368,5261,5467,5224,6537,6837,2581,5732,4880,6627,5963,4396,4009,9591,6413,6085,4228,5578,6980,6604,2883,3848,4701,5350,7572,4782,4615,5828,4671,7214,7798,8733,5265,6348,6993,6814,7231,6346,8970,7632,5441,6298,7806,4343,5817,5620,7578,7279,3517,7408,5322,4918,5620,6537,7622,3831,7198,5226,3325,5608,4648,7186,4139,4502,6119,5573,5605,5120,7279,6946,8874,6634,5456,6886,4963,3006,9622
5112,6020,5584,5597,5910,3405,7202,368,3403,5274,5467,5224,6537,6837,2581,5732,4880,6627,5963,4396,4009,9591,6413,6085,4228,5578,6980,6604,2883,3848,4701,5350,7572,4782,4615,5828,4671,7214,7798,8733,5265,6348,6993,6814,7231,6346,8970,7632,5441,6298,7806,4343,5817,5620,7578,7279,3517,7408,5322,4918,5620,6537,7622,3831,7198,5226,3325,5608,4648,7186,4139,4502,6119,5573,5605,5120,7302,6932,8851,6634,5456,6886,4963,3006,9638
5112,6020,5584,5597,5910,3405,7202,368,3403,5274,5456,5224,6537,6876,2597,5732,4892,6627,5963,4430,4000,9591,6413,6085,4238,5593,6997,6643,2889,3874,4701,5362,7598,4769,4615,5828,4659,7231,7798,8707,5278,6363,7008,6832,7231,6331,8970,7632,5477,6319,7806,4343,5817,5620,7578,7279,3517,7408,5322,4918,5620,6537,7622,3831,7198,5226,3325,5608,4648,7186,4139,4502,6119,5573,5605,5120,7302,6932,8851,6634,5456,6886,4963,3006,9655
5112,6020,5584,5597,5910,3405,7202,368,3403,5274,5456,5224,6537,6876,2597,5732,4892,6627,5963,4430,4000,9591,6413,6085,4238,5593,6997,6643,2889,3874,4701,5362,7598,4769,4615,5828,4659,7231,7798,8707,5278,6363,7008,6832,7231,6331,8970,7632,5477,6319,7853,4343,5841,5578,7560,7319,3524,7362,5334,4929,5620,6497,7622,3831,7172,5226,3325,5578,4648,7202,4130,4502,6133,5573,5605,5120,7302,6932,8851,6634,5456,6886,4963,3006,9670
5122,6020,5584,5597,5910,3414,7202,368,3403,5261,5456,5224,6537,6853,2581,5732,4904,6627,5963,4430,4009,9591,6413,6085,4238,5578,7021,6643,2883,3848,4701,5362,7598,4782,4615,5840,4659,7255,7816,8733,5278,6363,6993,6832,7231,6370,8947,7632,5477,6311,7853,4367,5831,5593,7560,7319,3524,7362,5334,4929,5620,6497,7622,3831,7172,5226,3325,5578,4648,7202,4130,4502,6133,5573,5631,5157,7319,6932,8874,6634,5456,6886,4951,3006,9696
5122,6020,5595,5597,5883,3381,7202,368,3403,5261,5456,5224,6537,6853,2581,5732,4904,6627,5963,4430,4009,9591,6413,6085,4238,5578,7021,6643,2883,3848,4701,5362,7598,4782,4615,5840,4659,7255,7816,8733,5278,6363,6993,6832,7231,6370,8947,7632,5477,6311,7853,4367,5831,5593,7560,7296,3517,7382,5322,4906,5631,6497,7622,3844,7198,5214,3333,5593,4673,7202,4139,4502,6119,5573,5605,5133,7296,6946,8874,6634,5456,6868,4951,3006,9722
5122,6020,5595,5597,5883,3381,7202,368,3403,5274,5456,5250,6537,6876,2597,5732,4892,6627,5963,4420,4009,9591,6413,6109,4238,5593,7004,6643,2889,3874,4701,5362,7578,4782,4615,5828,4633,7255,7798,8710,5278,6363,7008,6832,7231,6370,8970,7657,5477,6311,7853,4343,5831,5567,7536,7319,3517,7382,5322,4918,5620,6513,7622,3824,7198,5214,3325,5593,4637,7186,4139,4502,6119,5573,5605,5133,7296,6946,8874,6634,5456,6868,4951,3006,9754
5122,6020,5608,5597,5883,3414,7202,368,3376,5250,5480,5210,6561,6853,2597,5732,4892,6627,5963,4430,4009,9610,6413,6085,4238,5593,6997,6627,2883,3874,4712,5362,7598,4758,4615,5828,4633,7231,7798,8710,5278,6363,7008,6832,7231,6370,8970,7657,5477,6311,7853,4343,5831,5567,7536,7319,3517,7382,5322,4918,5620,6513,7622,3824,7198,5214,3325,5593,4637,7186,4110,4502,6157,5573,5631,5144,7296,6946,8874,6658,5480,6886,4963,3006,9771
5122,6020,5608,5597,5883,3414,7202,368,3376,5250,5480,5210,6561,6853,2597,5732,4892,6627,5963,4430,4009,9610,6413,6085,4238,5593,6997,6627,2883,3874,4712,5362,7598,4758,4615,5828,4633,7231,7798,8707,5302,6363,6993,6832,7255,6384,8997,7657,5454,6319,7879,4343,5854,5620,7536,7319,3517,7382,5322,4918,5620,6513,7622,3824,7198,5214,3325,5593,4637,7186,4110,4502,6157,5573,5631,5144,7296,6946,8874,6658,5480,6886,4963,3006,9778
5122,6047,5608,5597,5894,3414,7202,368,3376,5250,5480,5210,6561,6853,2597,5732,4892,6627,5963,4430,4009,9610,6413,6085,4238,5593,6997,6627,2883,3874,4712,5362,7598,4758,4615,5828,4633,7231,7798,8707,5302,6363,6993,6832,7255,6384,8997,7657,5454,6319,7879,4343,5854,5620,7560,7319,3517,7382,5334,4918,5646,6497,7622,3831,7172,5214,3348,5593,4637,7202,4139,4502,6157,5573,5620,5120,7296,6946,8874,6658,5456,6912,4951,3006,9804
5122,6047,5608,5597,5894,3414,7162,348,3403,5274,5480,5250,6537,6876,2597,5732,4892,6627,5963,4406,4032,9610,6413,6085,4238,5567,7021,6627,2883,3874,4701,5375,7552,4794,4627,5840,4659,7238,7798,8710,5278,6363,7008,6832,7238,6370,8970,7651,5477,6331,7853,4367,5854,5593,7578,7319,3517,7382,5322,4941,5646,6521,7622,3824,7198,5239,3333,5567,4648,7202,4139,4502,6157,5573,5620,5120,7296,6946,8874,6658,5456,6912,4951,3006,9838
5122,6020,5622,5584,5883,3414,7202,368,3376,5250,5480,5224,6561,6876,2602,5706,4892,6627,5963,4406,4032,9610,6413,6085,4238,5567,7021,6627,2883,3874,4701,5375,7552,4794,4627,5840,4659,7238,7798,8710,5278,6363,7008,6832,7238,6370,8970,7651,5477,6331,7853,4367,5854,5593,7578,7319,3517,7382,5322,4941,5646,6521,7622,3824,7198,5239,3333,5567,4648,7202,4130,4502,6157,5573,5631,5157,7319,6932,8874,6658,5456,6912,4963,3006,9853
5122,6020,5622,5584,5883,3414,7202,368,3376,5250,5480,5224,6561,6876,2602,5706,4892,6627,5963,4396,4032,9591,6413,6109,4228,5593,7021,6643,2889,3884,4701,5362,7598,4782,4615,5840,4633,7214,7822,8733,5278,6363,7008,6850,7231,6384,8970,7651,5454,6319,7853,4343,5854,5578,7560,7302,3496,7382,5322,4918,5646,6537,7622,3824,7198,5239,3333,5567,4648,7202,4130,4502,6157,5573,5631,5157,7319,6932,8874,6658,5456,6912,4963,3006,9872
5122,6020,5595,5597,5883,3405,7186,348,3403,5274,5480,5250,6521,6853,2597,5774,4892,6627,5963,4406,4032,9570,6413,6085,4248,5593,6980,6643,2883,3874,4701,5362,7598,4794,4615,5840,4633,7214,7822,8733,5278,6363,7008,6850,7231,6384,8970,7651,5454,6319,7853,4343,5854,5578,7560,7302,3496,7382,5322,4918,5646,6537,7604,3824,7198,5226,3325,5593,4648,7186,4110,4490,6133,5573,5620,5133,7296,6952,8897,6658,5456,6886,4951,3000,9903
5112,6020,5584,5597,5899,3405,7162,347,3376,5274,5469,5250,6521,6853,2597,5774,4892,6627,5963,4406,4032,9570,6413,6085,4248,5593,6980,6643,2883,3874,4701,5362,7598,4794,4627,5840,4633,7255,7780,8707,5278,6348,7008,6832,7231,6346,8970,7651,5454,6331,7874,4343,5854,5593,7578,7302,3517,7382,5322,4941,5646,6537,7604,3824,7198,5226,3325,5593,4648,7202,4130,4502,6133,5573,5646,5133,7296,6946,8897,6658,5456,6912,4975,3006,9930
5112,6020,5584,5597,5899,3405,7162,347,3376,5274,5469,5250,6521,6853,2597,5721,4892,6627,5947,4406,4009,9591,6413,6085,4238,5593,6997,6627,2889,3858,4701,5375,7598,4794,4615,5828,4659,7255,7822,8733,5302,6363,6993,6858,7231,6346,8970,7651,5465,6319,7853,4343,5854,5593,7578,7319,3496,7382,5346,4941,5646,6513,7622,3831,7198,5250,3348,5567,4624,7202,4139,4502,6133,5597,5646,5144,7319,6932,8897,6658,5456,6912,4975,3006,9971
5112,6020,5608,5597,5883,3414,7202,347,3376,5261,5480,5224,6537,6853,2602,5732,4892,6627,5963,4406,4009,9610,6413,6109,4238,5578,6997,6643,2883,3848,4725,5362,7598,4794,4592,5840,4633,7255,7816,8759,5302,6363,7008,6832,7231,6346,8944,7675,5477,6331,7853,4343,5831,5634,7578,7319,3517,7382,5322,4918,5620,6513,7622,3831,7198,5250,3348,5567,4624,7202,4139,4502,6133,5597,5646,5144,7319,6932,8874,6658,5469,6912,4951,3006,10004
5122,6047,5598,5573,5883,3414,7202,348,3403,5274,5480,5224,6537,6876,2602,5732,4892,6627,5963,4430,4000,9610,6430,6085,4238,5593,6997,6643,2883,3874,4712,5362,7552,4782,4615,5840,4671,7296,7840,8710,5302,6363,7008,6832,7231,6346,8944,7675,5477,6331,7853,4343,5831,5634,7578,7319,3517,7382,5322,4918,5620,6513,7604,3824,7198,5239,3356,5593,4648,7202,4110,4502,6172,5597,5620,5157,7296,6952,8874,6619,5467,6904,4951,2983,10038
5122,6020,5595,5573,5894,3414,7202,347,3403,5274,5480,5224,6561,6837,2576,5732,4904,6627,5963,4406,4009,9610,6413,6076,4238,5593,6997,6643,2883,3874,4712,5362,7552,4782,4615,5840,4671,7296,7840,8710,5302,6363,6987,6850,7255,6370,8970,7651,5477,6352,7879,4343,5854,5620,7578,7319,3517,7401,5309,4941,5646,6537,7622,3852,7198,5239,3348,5578,4648,7202,4130,4514,6172,5597,5620,5133,7319,6946,8874,6658,5492,6894,4963,2983,10071
5102,6020,5608,5597,5910,3414,7202,347,3403,5274,5480,5224,6561,6837,2576,5732,4904,6627,5963,4406,4009,9610,6413,6076,4238,5593,6980,6643,2883,3874,4701,5362,7592,4782,4615,5828,4659,7255,7822,8733,5278,6363,6987,6832,7248,6370,8970,7651,5477,6380,7853,4343,5854,5593,7578,7319,3524,7382,5322,4918,5620,6513,7622,3831,7198,5226,3325,5593,4648,7202,4139,4514,6133,5573,5620,5133,7319,6946,8874,6634,5456,6912,4963,3006,10104
5102,6020,5608,5597,5910,3414,7202,348,3403,5274,5492,5250,6545,6853,2581,5732,4892,6627,5963,4420,4018,9610,6413,6109,4215,5593,6997,6627,2889,3864,4701,5350,7578,4782,4615,5828,4633,7279,7822,8730,5302,6363,6973,6850,7248,6370,8970,7651,5441,6400,7879,4343,5831,5593,7560,7279,3524,7408,5322,4918,5646,6537,7622,3831,7198,5226,3325,5593,4648,7202,4139,4502,6133,5597,5620,5133,7319,6946,8874,6634,5456,6912,4963,3006,10137
5122,6020,5622,5597,5925,3414,7179,368,3412,5274,5480,5250,6561,6853,2602,5732,4904,6666,5978,4420,4009,9590,6413,6109,4215,5593,6997,6627,2889,3864,4701,5350,7578,4782,4615,5828,4633,7279,7822,8730,5302,6363,6973,6850,7248,6370,8970,7651,5441,6400,7879,4343,5831,5593,7560,7279,3524,7408,5322,4918,5646,6537,7622,3831,7198,5226,3325,5593,4648,7202,4139,4502,6133,5597,5605,5157,7296,6967,8874,6634,5469,6912,4963,3006,10154
5123,6010,5595,5597,5883,3381,7179,368,3412,5274,5480,5250,6561,6853,2602,5732,4904,6666,5978,4420,4009,9590,6413,6109,4238,5593,7004,6643,2883,3848,4701,5375,7598,4794,4626,5699,4645,7272,7816,8733,5302,6363,6954,6832,7231,6370,8970,7627,5465,6399,7874,4367,5854,5593,7578,7319,3511,7382,5322,4929,5620,6521,7604,3827,7172,5226,3325,5593,4648,7186,4135,4502,6157,5573,5646,5157,7319,6954,8874,6634,5480,6886,4963,3006,10187
5123,6010,5595,5597,5883,3381,7186,349,3403,5274,5480,5250,6537,6876,2592,5732,4892,6627,5963,4430,4032,9485,6413,6062,4215,5593,6997,6643,3518,3926,4701,5362,7619,4794,4649,5658,4633,7272,7822,8733,5302,6363,6975,6876,7255,6370,8997,7651,5477,6399,7874,4354,5854,5620,7578,7319,3511,7408,5322,4918,5646,6537,7622,3827,7198,5239,3348,5593,4637,7202,4135,4502,6157,5573,5646,5157,7319,6954,8874,6634,5480,6886,4963,3006,10221
5123,6036,5584,5597,5910,3414,7202,349,3376,5287,5480,5224,6561,6876,2592,5748,4892,6627,5963,4430,4018,9506,6413,6062,4215,5593,6997,6643,3518,3926,4701,5362,7619,4794,4649,5658,4633,7272,7822,8733,5302,6363,6975,6876,7255,6370,8997,7651,5477,6399,7874,4354,5854,5620,7578,7319,3511,7408,5322,4918,5646,6537,7622,3827,7198,5239,3348,5593,4637,7202,4135,4528,6142,5586,5620,5157,7296,6954,8897,6674,5480,6931,4951,3006,10237
5123,6036,5584,5597,5910,3414,7202,349,3376,5287,5480,5224,6561,6876,2592,5748,4892,6627,5963,4430,4018,9506,6413,6100,4238,5593,6980,6643,3559,3926,4725,5362,7592,4794,4638,5658,4645,7255,7816,8733,5265,6340,6954,6832,7231,6384,8970,7657,5477,6419,7853,4343,5831,5620,7578,7319,3511,7408,5322,4918,5646,6537,7622,3827,7198,5239,3348,5593,4637,7202,4135,4528,6142,5586,5620,5157,7296,6954,8897,6674,5480,6931,4951,3006,10254
5123,6020,5622,5597,5936,3414,7202,349,3412,5287,5480,5224,6561,6876,2592,5732,4892,6627,5963,4430,4009,9485,6430,6085,4248,5593,6997,6643,3559,3937,4736,5362,7598,4794,4615,5658,4633,7231,7816,8733,5265,6340,6954,6832,7231,6384,8970,7657,5477,6419,7853,4343,5831,5620,7578,7302,3518,7382,5322,4941,5646,6521,7622,3827,7217,5239,3325,5593,4648,7202,4135,4502,6172,5610,5620,5157,7302,6954,8874,6674,5456,6886,4963,3006,10288
5123,6020,5622,5597,5910,3414,7202,349,3412,5274,5480,5264,6521,6869,2587,5732,4892,6627,5963,4430,4009,9485,6430,6085,4248,5593,6997,6643,3559,3937,4736,5362,7598,4794,4615,5658,4633,7231,7822,8733,5278,6340,6954,6832,7231,6370,8970,7651,5454,6419,7879,4343,5854,5593,7602,7319,3518,7427,5322,4918,5646,6537,7622,3827,7198,5250,3325,5593,4648,7202,4115,4540,6172,5610,5620,5120,7296,6954,8874,6650,5492,6886,4951,3006,10320
5123,6020,5622,5597,5910,3414,7202,349,3412,5274,5480,5264,6521,6869,2587,5732,4892,6627,5963,4420,4009,9485,6413,6085,4238,5593,6997,6643,3580,3926,4701,5362,7598,4794,4638,5658,4633,7255,7798,8733,5302,6363,6975,6832,7231,6346,8970,7651,5477,6399,7879,4343,5854,5593,7602,7319,3518,7427,5322,4918,5646,6537,7622,3827,7198,5250,3325,5593,4648,7202,4115,4540,6172,5610,5620,5120,7296,6954,8874,6650,5492,6886,4951,3006,10337
5102,6020,5584,5597,5899,3414,7202,349,3412,5274,5480,5264,6521,6869,2587,5732,4892,6627,5963,4420,4009,9485,6413,6085,4238,5593,6997,6643,3580,3926,4701,5362,7598,4794,4638,5658,4633,7255,7798,8733,5302,6363,6975,6832,7231,6346,8970,7651,5477,6399,7853,4354,5868,5620,7578,7319,3518,7382,5322,4941,5646,6537,7622,3827,7198,5226,3325,5567,4648,7202,4106,4502,6157,5573,5620,5157,7319,6954,8923,6650,5456,6886,4951,3006,10356
5102,6020,5584,5597,5899,3414,7186,370,3403,5250,5456,5250,6521,6860,2572,5732,4892,6627,5963,4396,4009,9485,6387,6085,4238,5578,6997,6643,3600,3900,4701,5375,7598,4794,4615,5658,4633,7255,7798,8733,5278,6363,6954,6832,7248,6370,9021,7675,5477,6432,7874,4343,5845,5620,7578,7319,3518,7401,5322,4918,5646,6513,7622,3827,7191,5239,3325,5567,4648,7202,4106,4502,6157,5573,5620,5157,7319,6954,8923,6650,5456,6886,4951,3006,10387
5123,6036,5584,5597,5910,3414,7202,370,3403,5274,5480,5224,6561,6876,2572,5732,4892,6627,5963,4396,4009,9485,6387,6085,4238,5578,6997,6643,3600,3900,4701,5375,7598,4794,4615,5658,4633,7255,7798,8733,5278,6363,6954,6832,7248,6370,9021,7675,5477,6432,7874,4343,5845,5620,7578,7319,3518,7401,5322,4918,5646,6513,7622,3827,7191,5239,3325,5593,4648,7202,4135,4540,6148,5597,5661,5157,7296,6954,8874,6658,5469,6912,4951,3000,10405
5123,6036,5584,5597,5910,3414,7202,370,3403,5274,5480,5224,6561,6876,2572,5748,4904,6627,5978,4430,4009,9485,6413,6085,4248,5593,6980,6643,3621,3926,4725,5375,7598,4794,4615,5658,4645,7296,7816,8756,5302,6363,6954,6832,7231,6384,8970,7651,5490,6419,7874,4343,5854,5593,7560,7342,3518,7382,5334,4953,5646,6537,7663,3827,7198,5226,3325,5593,4648,7202,4135,4514,6157,5573,5646,5157,7319,6954,8874,6634,5456,6886,4951,3000,10437
5134,6020,5622,5597,5910,3414,7179,370,3403,5274,5492,5250,6561,6853,2597,5732,4892,6643,5989,4406,4009,9485,6387,6085,4248,5578,6997,6643,3608,3937,4725,5375,7598,4794,4615,5658,4645,7296,7816,8756,5302,6363,6954,6832,7231,6384,8970,7651,5490,6419,7874,4343,5854,5593,7560,7342,3518,7382,5334,4953,5646,6537,7663,3827,7198,5226,3325,5593,4648,7202,4135,4514,6157,5573,5646,5157,7319,6954,8874,6634,5456,6886,4951,3014,10454
5123,6020,5622,5633,5910,3414,7202,349,3403,5274,5480,5238,6561,6876,2597,5732,4892,6643,5989,4406,4009,9485,6387,6085,4248,5578,6997,6643,3608,3937,4725,5375,7598,4818,4638,5670,4633,7255,7840,8707,5302,6363,6989,6832,7248,6346,8997,7651,5477,6419,7853,4367,5868,5620,7578,7342,3518,7382,5322,4941,5620,6513,7622,3827,7217,5239,3325,5578,4637,7202,4135,4540,6133,5610,5646,5157,7319,6954,8874,6634,5456,6868,4963,3000,10487
5123,6020,5622,5633,5910,3414,7202,349,3403,5274,5480,5238,6561,6876,2587,5732,4904,6643,5963,4430,4009,9485,6413,6085,4238,5593,6997,6643,3600,3926,4701,5375,7572,4794,4615,5658,4633,7272,7816,8733,5302,6355,6954,6850,7231,6370,8997,7651,5465,6419,7874,4354,5831,5620,7597,7342,3518,7382,5322,4953,5646,6513,7622,3827,7217,5226,3348,5593,4648,7202,4135,4528,6148,5597,5620,5144,7319,6954,8874,6634,5456,6868,4963,3000,10521
5123,6062,5622,5610,5952,3414,7219,350,3412,5274,5480,5250,6561,6853,2597,5732,4892,6627,5963,4406,4009,9485,6430,6085,4228,5593,6997,6643,3621,3937,4712,5375,7598,4818,4615,5670,4659,7255,7798,8733,5278,6340,6954,6832,7231,6384,8970,7675,5477,6419,7900,4343,5854,5608,7578,7342,3497,7382,5322,4918,5646,6537,7622,3827,7217,5226,3348,5593,4648,7202,4135,4528,6148,5597,5620,5144,7319,6954,8874,6658,5469,6886,4963,3037,10554
5134,6062,5622,5633,5925,3414,7202,371,3403,5287,5456,5264,6561,6853,2572,5774,4892,6643,5963,4430,4009,9485,6430,6109,4248,5593,7021,6643,3621,3926,4736,5375,7598,4818,4615,5679,4633,7272,7840,8756,5302,6355,6954,6832,7231,6384,8970,7675,5477,6419,7900,4343,5854,5608,7578,7342,3497,7382,5322,4918,5646,6537,7581,3827,7198,5239,3333,5593,4648,7202,4135,4502,6148,5597,5646,5157,7319,6969,8897,6674,5492,6904,4963,3030,10588
5134,6062,5622,5633,5925,3414,7202,371,3403,5287,5456,5264,6561,6853,2572,5774,4892,6643,5963,4430,4009,9485,6430,6109,4248,5593,7021,6643,3621,3926,4736,5375,7598,4818,4615,5679,4633,7272,7840,8756,5302,6355,6975,6832,7272,6384,8997,7651,5477,6419,7879,4367,5868,5620,7578,7383,3518,7401,5346,4953,5646,6553,7640,3835,7217,5263,3333,5593,4684,7202,4144,4528,6172,5597,5661,5169,7336,6934,8897,6674,5492,6904,4963,3030,10605
5123,6020,5608,5597,5910,3414,7202,350,3403,5274,5492,5224,6537,6869,2592,5748,4904,6643,5963,4430,4009,9485,6430,6109,4248,5593,6997,6666,3621,3926,4736,5362,7598,4794,4615,5637,4645,7272,7798,8733,5265,6363,6975,6832,7231,6370,8994,7651,5477,6440,7874,4343,5868,5593,7578,7342,3518,7382,5346,4953,5646,6553,7640,3835,7217,5263,3333,5593,4684,7202,4144,4528,6172,5597,5661,5169,7336,6934,8874,6658,5492,6886,4963,3006,10637
5102,6062,5622,5610,5925,3422,7219,371,3412,5287,5480,5224,6553,6876,2592,5732,4892,6627,5963,4406,4032,9485,6413,6109,4238,5578,6997,6643,3621,3900,4714,5339,7598,4794,4615,5658,4633,7231,7798,8733,5265,6363,6975,6832,7231,6370,8994,7651,5477,6440,7874,4343,5868,5593,7578,7342,3518,7382,5322,4953,5661,6553,7622,3827,7217,5239,3333,5620,4648,7202,4135,4540,6172,5573,5661,5157,7319,6969,8897,6674,5456,6912,4963,3006,10671
5123,5994,5598,5597,5936,3414,7202,370,3403,5274,5480,5250,6561,6853,2572,5759,4904,6627,5963,4406,4032,9485,6413,6109,4238,5578,6997,6643,3621,3900,4714,5339,7598,4794,4615,5658,4633,7231,7798,8733,5289,6340,6975,6832,7272,6384,8970,7651,5477,6440,7874,4343,5868,5620,7578,7342,3518,7408,5334,4941,5620,6513,7622,3827,7198,5263,3325,5593,4673,7219,4135,4514,6133,5610,5620,5133,7296,6954,8897,6658,5456,6886,4963,3006,10704
5134,6062,5598,5597,5936,3414,7202,370,3403,5274,5480,5250,6561,6853,2572,5759,4904,6627,5963,4406,4032,9485,6413,6100,4238,5634,6980,6643,3600,3926,4725,5362,7572,4794,4615,5670,4633,7255,7798,8733,5278,6355,6954,6832,7231,6370,8997,7651,5490,6419,7853,4354,5854,5593,7578,7342,3518,7382,5322,4941,5620,6537,7622,3847,7198,5226,3325,5593,4648,7202,4115,4502,6172,5573,5620,5169,7319,6954,8897,6674,5469,6886,4963,3030,10737
5134,6062,5608,5620,5910,3414,7202,349,3412,5287,5480,5250,6561,6853,2597,5748,4892,6627,5963,4430,4032,9485,6413,6100,4238,5567,6997,6643,3628,3926,4736,5362,7619,4818,4615,5658,4645,7296,7816,8733,5278,6340,6954,6832,7231,6384,8970,7632,5477,6453,7879,4354,5854,5593,7578,7365,3518,7382,5334,4929,5620,6513,7599,3827,7172,5226,3302,5593,4637,7179,4115,4502,6172,5573,5620,5169,7319,6954,8897,6674,5469,6886,4963,3030,10770
5102,6036,5608,5597,5910,3414,7202,349,3403,5274,5480,5224,6545,6853,2592,5748,4904,6627,5963,4430,4032,9485,6413,6100,4238,5567,6997,6643,3628,3926,4736,5362,7619,4818,4615,5658,4645,7296,7816,8733,5278,6340,6954,6832,7231,6384,8970,7632,5477,6453,7879,4354,5854,5593,7578,7365,3518,7382,5334,4929,5620,6513,7599,3827,7172,5226,3302,5593,4637,7179,4115,4502,6133,5573,5646,5157,7296,6954,8874,6634,5492,6886,4963,3006,10787
5102,6036,5608,5597,5910,3414,7202,349,3403,5274,5480,5224,6545,6853,2592,5748,4904,6627,5963,4430,4009,9485,6413,6109,4238,5608,7021,6643,3621,3926,4736,5375,7619,4794,4615,5649,4645,7255,7840,8756,5278,6340,6954,6832,7248,6370,8970,7651,5454,6419,7853,4343,5831,5608,7578,7342,3518,7382,5309,4918,5646,6513,7622,3827,7217,5226,3356,5593,4673,7202,4135,4502,6142,5573,5620,5133,7319,6934,8874,6634,5456,6912,4963,3006,10820
5123,6047,5622,5597,5910,3414,7202,349,3412,5287,5492,5250,6585,6853,2592,5732,4904,6627,5963,4430,4009,9485,6413,6100,4225,5593,7021,6643,3628,3910,4736,5339,7598,4818,4615,5649,4645,7255,7840,8756,5278,6340,6954,6832,7248,6370,8970,7651,5454,6419,7853,4343,5831,5608,7578,7342,3518,7382,5309,4918,5646,6513,7622,3827,7217,5226,3356,5593,4673,7202,4135,4502,6142,5573,5620,5133,7319,6934,8874,6634,5456,6912,4963,3006,10838
5123,6047,5622,5597,5910,3414,7202,349,3412,5287,5492,5250,6585,6853,2592,5732,4904,6627,5963,4430,4009,9485,6413,6100,4225,5593,7021,6643,3628,3910,4736,5339,7598,4818,4615,5658,4633,7238,7798,8733,5302,6340,6969,6832,7255,6370,8997,7632,5454,6419,7874,4343,5845,5593,7554,7365,3518,7382,5334,4918,5620,6513,7622,3827,7172,5239,3356,5593,4673,7202,4135,4502,6142,5573,5620,5133,7319,6934,8874,6634,5456,6912,4963,3006,10855
5102,5994,5584,5597,5910,3414,7179,349,3403,5250,5456,5224,6561,6853,2572,5732,4904,6612,5963,4430,4009,9485,6430,6124,4248,5593,7021,6643,3600,3900,4736,5375,7598,4794,4615,5658,4645,7272,7798,8733,5278,6340,6954,6832,7255,6370,8997,7632,5454,6419,7874,4343,5845,5593,7554,7365,3518,7382,5334,4918,5620,6513,7622,3827,7172,5239,3325,5593,4648,7202,4115,4502,6133,5573,5620,5133,7336,6919,8874,6650,5456,6868,4963,3006,10888
5102,5994,5584,5597,5910,3414,7179,349,3403,5250,5456,5224,6561,6853,2572,5732,4904,6612,5963,4430,4009,9485,6430,6124,4248,5593,7021,6643,3600,3900,4736,5375,7598,4794,4615,5658,4645,7272,7798,8733,5278,6340,6954,6832,7255,6370,8970,7632,5490,6440,7853,4377,5854,5620,7560,7342,3518,7408,5358,4918,5620,6513,7622,3827,7217,5263,3333,5593,4648,7219,4144,4540,6172,5597,5661,5133,7296,6934,8897,6634,5469,6886,4963,3006,10904
5123,6036,5622,5610,5910,3414,7219,370,3376,5261,5469,5250,6561,6853,2577,5748,4904,6627,5978,4430,4032,9485,6387,6100,4238,5593,7038,6658,3621,3937,4712,5362,7598,4794,4626,5670,4645,7272,7840,8733,5302,6355,6969,6850,7248,6370,8997,7651,5490,6432,7874,4343,5854,5620,7578,7359,3518,7382,5334,4918,5646,6529,7622,3827,7217,5263,3333,5593,4648,7219,4144,4540,6172,5597,5661,5133,7296,6934,8897,6634,5469,6886,4963,3014,10937
5123,6036,5622,5620,5910,3414,7202,371,3403,5274,5456,5264,6561,6853,2577,5732,4904,6643,5963,4430,4042,9485,6430,6124,4238,5608,7021,6658,3628,3937,4736,5362,7572,4794,4626,5670,4645,7248,7798,8733,5278,6355,6954,6850,7248,6370,8997,7651,5490,6432,7874,4343,5854,5620,7578,7359,3518,7382,5334,4918,5646,6529,7599,3827,7198,5226,3325,5608,4673,7219,4144,4514,6172,5573,5620,5157,7336,6969,8897,6658,5469,6912,4963,3006,10970
5123,6036,5584,5610,5925,3414,7219,370,3403,5287,5492,5264,6561,6892,2592,5748,4904,6643,5963,4430,4042,9485,6413,6100,4238,5608,7021,6658,3628,3937,4736,5362,7572,4794,4626,5670,4645,7248,7798,8733,5278,6355,6954,6850,7248,6370,8944,7651,5490,6419,7879,4377,5845,5634,7578,7342,3546,7427,5346,4918,5646,6513,7599,3855,7198,5263,3325,5593,4648,7179,4123,4514,6148,5597,5620,5157,7296,6969,8897,6674,5456,6886,4963,3006,11004
5123,6020,5598,5597,5910,3389,7219,370,3403,5274,5492,5264,6561,6892,2592,5748,4904,6643,5963,4430,4042,9485,6413,6100,4238,5608,7021,6643,3621,3926,4712,5362,7572,4794,4638,5658,4633,7272,7816,8733,5278,6355,6934,6832,7272,6384,8994,7651,5490,6453,7900,4377,5854,5593,7602,7359,3525,7427,5322,4953,5646,6513,7640,3847,7172,5250,3325,5593,4637,7202,4135,4514,6157,5573,5620,5133,7296,6919,8874,6658,5456,6886,4963,3014,11038
5123,6020,5598,5597,5910,3389,7219,370,3403,5274,5480,5250,6561,6853,2592,5732,4880,6627,5947,4430,4042,9485,6430,6085,4238,5593,7021,6658,3600,3937,4736,5362,7572,4794,4615,5649,4633,7255,7798,8733,5278,6355,6934,6832,7272,6384,8994,7651,5490,6453,7900,4377,5854,5593,7602,7359,3525,7427,5322,4953,5646,6513,7640,3847,7172,5250,3325,5593,4637,7202,4135,4514,6157,5573,5620,5133,7296,6919,8874,6658,5456,6886,4963,3014,11054
5123,6020,5598,5597,5910,3389,7219,370,3403,5274,5480,5250,6561,6853,2592,5732,4880,6627,5947,4430,4042,9485,6430,6085,4238,5593,7021,6658,3600,3937,4736,5362,7572,4794,4615,5649,4633,7255,7798,8733,5278,6355,6954,6832,7231,6355,8970,7651,5477,6440,7900,4343,5845,5620,7578,7342,3518,7408,5334,4941,5646,6513,7622,3835,7217,5239,3333,5593,4673,7202,4123,4502,6172,5573,5620,5133,7296,6919,8874,6658,5456,6886,4963,3014,11072
5102,6020,5622,5610,5910,3414,7196,370,3403,5250,5480,5250,6561,6829,2577,5732,4904,6580,5936,4406,4009,9485,6404,6085,4228,5593,7021,6658,3600,3937,4736,5362,7572,4794,4615,5649,4633,7255,7798,8733,5278,6355,6954,6832,7231,6355,8970,7651,5477,6440,7900,4343,5845,5620,7578,7342,3518,7408,5334,4941,5646,6513,7622,3835,7217,5239,3333,5593,4673,7202,4123,4502,6172,5573,5646,5133,7296,6969,8874,6658,5456,6904,4963,3030,11087
5102,6020,5622,5610,5910,3414,7196,370,3403,5250,5480,5250,6561,6829,2577,5732,4904,6580,5936,4406,4009,9485,6404,6085,4228,5593,7021,6658,3600,3910,4736,5375,7598,4794,4626,5658,4633,7272,7798,8756,5278,6331,6954,6832,7248,6370,8970,7651,5477,6419,7874,4343,5854,5593,7597,7342,3525,7401,5358,4941,5646,6513,7640,3827,7217,5239,3333,5593,4673,7202,4123,4502,6172,5573,5646,5133,7296,6969,8874,6658,5456,6904,4963,3030,11105
5123,6020,5608,5610,5910,3422,7219,349,3412,5274,5456,5264,6561,6876,2592,5748,4904,6643,5936,4406,4009,9485,6404,6085,4228,5593,7021,6658,3600,3910,4736,5375,7598,4794,4626,5658,4633,7272,7798,8756,5278,6331,6954,6832,7248,6370,8970,7651,5477,6419,7874,4343,5854,5593,7597,7342,3525,7401,5358,4941,5646,6513,7640,3827,7217,5239,3317,5578,4673,7219,4115,4502,6148,5597,5620,5145,7296,6954,8848,6634,5456,6886,4963,3014,11126
5123,6020,5608,5610,5910,3422,7219,349,3412,5274,5456,5264,6561,6876,2592,5748,4904,6643,5963,4430,4042,9505,6430,6100,4238,5620,7046,6658,3628,3926,4712,5362,7598,4794,4615,5658,4633,7255,7822,8733,5278,6340,6954,6850,7272,6408,8970,7651,5490,6440,7874,4343,5854,5593,7597,7342,3525,7401,5358,4941,5646,6513,7640,3827,7217,5239,3317,5578,4673,7219,4115,4502,6148,5597,5620,5145,7296,6954,8848,6634,5456,6886,4963,3014,11138
5123,6020,5584,5597,5925,3414,7196,370,3403,5287,5492,5236,6561,6869,2592,5748,4904,6627,5963,4430,4042,9505,6430,6100,4238,5620,7046,6658,3628,3926,4712,5362,7598,4794,4615,5658,4633,7255,7822,8733,5278,6340,6954,6850,7272,6408,8970,7651,5490,6440,7853,4354,5868,5620,7578,7359,3518,7401,5334,4906,5646,6513,7599,3827,7217,5226,3325,5608,4673,7219,4115,4488,6133,5597,5620,5133,7313,6934,8848,6658,5456,6886,4939,3006,11172
5123,6036,5584,5597,5910,3414,7196,370,3403,5287,5492,5236,6561,6869,2592,5748,4904,6627,5963,4406,4032,9485,6396,6085,4215,5593,7021,6643,3600,3926,4725,5375,7572,4794,4615,5658,4633,7255,7798,8733,5278,6340,6954,6832,7248,6370,8947,7651,5477,6432,7853,4333,5845,5593,7578,7342,3518,7382,5322,4918,5620,6513,7599,3827,7217,5226,3325,5608,4648,7179,4144,4502,6148,5573,5634,5157,7319,6934,8897,6634,5456,6904,4963,3014,11203
5123,6036,5584,5597,5910,3414,7179,349,3412,5274,5480,5224,6537,6853,2597,5759,4904,6627,5963,4406,4009,9505,6430,6124,4238,5608,7021,6643,3608,3910,4712,5362,7598,4794,4626,5670,4633,7255,7798,8733,5278,6340,6954,6850,7231,6384,8970,7669,5490,6419,7853,4377,5854,5593,7597,7383,3518,7382,5334,4929,5620,6529,7622,3827,7217,5226,3325,5593,4673,7196,4144,4502,6148,5573,5634,5157,7319,6934,8897,6634,5456,6904,4963,3014,11238
5123,6036,5584,5610,5910,3414,7179,349,3403,5274,5456,5250,6561,6869,2592,5732,4904,6627,5963,4406,4009,9505,6430,6124,4238,5608,7021,6643,3608,3910,4712,5362,7598,4794,4626,5670,4633,7255,7798,8733,5278,6340,6954,6850,7231,6384,8970,7669,5490,6419,7853,4377,5854,5593,7597,7383,3518,7382,5334,4929,5620,6529,7622,3827,7217,5226,3325,5593,4673,7196,4135,4502,6148,5610,5646,5157,7319,6934,8874,6634,5492,6886,4939,3006,11254
5123,6036,5584,5610,5910,3414,7179,349,3403,5274,5456,5250,6561,6869,2592,5732,4904,6627,5936,4441,4042,9485,6430,6100,4238,5608,7021,6643,3628,3937,4725,5362,7598,4794,4626,5670,4645,7255,7798,8733,5289,6340,6948,6832,7248,6370,9021,7651,5467,6440,7853,4377,5854,5593,7597,7383,3518,7382,5334,4929,5620,6529,7622,3827,7217,5226,3325,5593,4673,7196,4135,4502,6148,5610,5646,5157,7319,6934,8874,6634,5492,6886,4939,3006,11271
5123,6020,5622,5597,5952,3414,7196,349,3376,5274,5480,5264,6561,6892,2592,5732,4928,6627,5963,4441,4009,9485,6413,6100,4248,5608,7021,6658,3580,3910,4725,5362,7598,4794,4626,5670,4645,7255,7798,8733,5289,6340,6948,6832,7248,6370,9021,7651,5467,6440,7879,4354,5854,5593,7578,7359,3518,7382,5322,4918,5620,6513,7640,3827,7198,5226,3333,5620,4673,7179,4135,4540,6172,5573,5620,5133,7319,6954,8874,6650,5480,6886,4963,3006,11304
5134,6036,5584,5584,5910,3414,7196,370,3403,5274,5480,5250,6561,6892,2572,5732,4904,6643,5963,4441,4009,9485,6413,6100,4248,5608,7021,6658,3580,3910,4725,5362,7578,4794,4626,5658,4633,7231,7798,8733,5278,6340,6969,6850,7248,6393,8970,7669,5490,6440,7879,4354,5854,5620,7554,7383,3518,7408,5346,4918,5620,6513,7599,3827,7217,5239,3325,5593,4648,7179,4135,4540,6148,5610,5620,5133,7296,6954,8874,6658,5456,6904,4963,3014,11338
5134,6036,5584,5584,5910,3414,7196,370,3403,5274,5480,5250,6561,6892,2572,5732,4904,6643,5947,4441,4018,9485,6413,6085,4238,5608,7021,6658,3580,3937,4712,5362,7619,4794,4615,5658,4645,7272,7798,8733,5278,6331,6969,6850,7248,6384,8970,7627,5467,6440,7900,4343,5854,5620,7597,7383,3518,7401,5322,4941,5620,6537,7616,3827,7217,5239,3325,5620,4673,7219,4135,4488,6133,5597,5620,5133,7313,6954,8874,6658,5456,6904,4963,3014,11371
5123,6036,5622,5597,5936,3414,7196,349,3376,5274,5480,5250,6561,6853,2592,5748,4892,6627,5978,4441,4018,9485,6413,6124,4248,5593,7021,6658,3580,3910,4725,5362,7598,4794,4626,5690,4633,7255,7798,8733,5278,6317,6954,6832,7248,6370,8994,7651,5490,6440,7900,4354,5854,5593,7578,7359,3518,7401,5334,4941,5620,6513,7616,3827,7217,5239,3325,5620,4673,7219,4135,4488,6133,5597,5620,5133,7313,6954,8874,6634,5480,6912,4963,3037,11404
5123,6020,5622,5597,5910,3414,7196,370,3412,5287,5480,5250,6577,6869,2592,5732,4892,6627,5963,4430,4032,9485,6413,6109,4238,5578,6997,6643,3518,3900,4725,5362,7598,4794,4626,5690,4633,7255,7798,8733,5278,6317,6954,6832,7248,6370,8994,7651,5490,6440,7900,4354,5854,5593,7578,7359,3518,7401,5334,4941,5620,6513,7599,3827,7217,5226,3325,5593,4673,7202,4106,4514,6148,5573,5620,5145,7336,6940,8897,6674,5469,6886,4939,3037,11422
5123,6020,5622,5597,5910,3414,7196,370,3412,5287,5480,5250,6577,6869,2592,5732,4892,6627,5963,4430,4032,9485,6413,6109,4238,5578,6997,6643,3518,3900,4701,5339,7572,4794,4626,5637,4645,7255,7798,8733,5302,6331,6948,6832,7248,6370,8970,7651,5490,6440,7900,4343,5831,5593,7578,7383,3539,7382,5322,4918,5661,6513,7599,3827,7217,5226,3317,5620,4673,7219,4135,4502,6148,5573,5620,5133,7313,6954,8848,6650,5456,6886,4939,3037,11454
5123,6020,5608,5597,5910,3414,7202,349,3403,5263,5480,5236,6537,6853,2572,5759,4892,6627,5936,4406,4009,9485,6413,6085,4238,5593,7021,6658,3621,3900,4725,5362,7572,4794,4626,5637,4633,7255,7798,8733,5291,6331,6954,6832,7255,6346,8970,7651,5490,6440,7900,4343,5831,5593,7578,7383,3539,7382,5322,4918,5661,6513,7599,3827,7217,5226,3317,5620,4673,7219,4135,4502,6148,5573,5620,5133,7313,6954,8848,6650,5456,6886,4963,3037,11472
5102,6020,5584,5597,5952,3414,7179,349,3412,5274,5480,5250,6561,6853,2592,5732,4904,6619,5963,4441,4042,9485,6413,6085,4238,5593,7021,6658,3621,3900,4725,5362,7572,4794,4626,5637,4633,7255,7798,8733,5291,6331,6954,6832,7255,6346,8970,7651,5490,6440,7853,4343,5854,5620,7578,7365,3518,7382,5334,4918,5620,6537,7616,3855,7217,5239,3325,5620,4673,7219,4135,4502,6133,5573,5661,5157,7336,6934,8848,6634,5456,6886,4963,3037,11505
5102,6020,5584,5597,5952,3414,7179,349,3412,5274,5480,5250,6561,6853,2592,5732,4904,6619,5963,4441,4042,9485,6413,6085,4238,5593,7021,6658,3628,3937,4725,5362,7572,4805,4615,5658,4607,7255,7798,8733,5278,6340,6954,6850,7272,6384,8970,7651,5490,6440,7853,4343,5854,5620,7578,7365,3518,7382,5334,4918,5620,6537,7616,3855,7217,5239,3325,5620,4673,7219,4135,4502,6133,5573,5661,5157,7336,6934,8848,6634,5456,6886,4963,3037,11522
5134,6036,5622,5597,5936,3414,7179,349,3403,5287,5456,5250,6537,6869,2577,5748,4904,6627,5978,4406,4042,9485,6430,6085,4238,5567,7021,6658,3621,3910,4725,5362,7572,4805,4615,5658,4607,7255,7798,8733,5278,6340,6954,6850,7272,6384,8970,7627,5490,6440,7879,4354,5854,5608,7578,7383,3518,7382,5334,4929,5646,6513,7599,3806,7198,5215,3325,5593,4673,7196,4135,4514,6148,5560,5620,5133,7336,6954,8874,6634,5456,6931,4963,3014,11555
5123,6036,5608,5597,5952,3414,7202,350,3403,5274,5456,5250,6537,6869,2577,5748,4904,6627,5978,4406,4042,9485,6430,6085,4238,5567,7021,6658,3621,3910,4725,5362,7572,4794,4626,5658,4645,7272,7816,8756,5278,6355,6954,6832,7231,6370,8944,7651,5490,6440,7853,4354,5868,5593,7578,7383,3567,7427,5334,4918,5646,6513,7616,3835,7198,5239,3333,5620,4673,7202,4135,4502,6133,5573,5620,5133,7296,6934,8874,6634,5480,6886,4939,3030,11589
5123,6036,5608,5597,5952,3414,7202,350,3403,5274,5480,5250,6537,6853,2592,5732,4904,6643,5963,4430,4042,9485,6413,6124,4238,5608,7046,6643,3600,3900,4736,5375,7592,4794,4615,5626,4633,7272,7798,8756,5278,6317,6954,6850,7255,6384,8944,7651,5490,6440,7853,4354,5868,5593,7578,7383,3567,7427,5334,4918,5646,6513,7616,3835,7198,5239,3333,5620,4673,7202,4135,4502,6133,5573,5620,5133,7296,6934,8874,6634,5480,6886,4939,3030,11605
5102,6020,5608,5597,5910,3414,7179,349,3376,5287,5480,5250,6537,6853,2592,5732,4904,6643,5963,4430,4042,9485,6413,6124,4238,5608,7046,6643,3600,3900,4736,5375,7592,4794,4615,5626,4633,7272,7798,8756,5278,6317,6954,6850,7255,6384,8921,7651,5477,6440,7879,4377,5831,5593,7578,7383,3567,7408,5334,4941,5620,6529,7575,3814,7217,5239,3325,5608,4673,7196,4115,4528,6133,5573,5620,5157,7313,6969,8897,6634,5456,6904,4975,3030,11630
5102,6020,5608,5597,5910,3414,7179,349,3376,5287,5480,5250,6537,6869,2592,5732,4892,6627,5963,4441,4009,9485,6430,6109,4238,5593,7046,6658,3600,3937,4725,5339,7598,4769,4626,5649,4633,7231,7798,8733,5278,6331,6954,6850,7272,6370,8970,7651,5490,6440,7879,4343,5831,5608,7578,7383,3539,7401,5334,4941,5634,6513,7616,3827,7217,5239,3356,5593,4673,7196,4115,4528,6133,5573,5620,5157,7313,6969,8897,6634,5456,6904,4975,3030,11661
5134,6062,5608,5597,5910,3414,7179,349,3412,5287,5480,5250,6561,6885,2592,5748,4904,6643,5978,4441,4042,9505,6413,6085,4228,5567,7021,6635,3600,3900,4736,5375,7572,4794,4615,5658,4633,7272,7798,8733,5278,6331,6954,6850,7272,6370,8970,7651,5490,6440,7879,4343,5831,5608,7578,7383,3539,7401,5334,4941,5634,6513,7616,3827,7217,5239,3356,5593,4673,7196,4135,4528,6148,5573,5620,5133,7313,6934,8897,6634,5469,6886,4915,3030,11688
5134,6062,5608,5597,5910,3414,7179,349,3412,5287,5480,5250,6561,6885,2592,5748,4904,6643,5978,4441,4042,9505,6413,6085,4228,5567,7021,6635,3600,3900,4736,5375,7572,4794,4615,5658,4633,7272,7822,8707,5278,6331,6934,6824,7231,6370,8970,7651,5477,6440,7900,4354,5831,5593,7578,7365,3539,7382,5322,4953,5646,6513,7599,3827,7217,5239,3325,5620,4673,7219,4135,4502,6148,5573,5620,5133,7336,6969,8897,6658,5456,6886,4951,3037,11711
5134,6062,5622,5620,5952,3414,7219,349,3412,5261,5480,5250,6553,6869,2572,5732,4904,6627,5963,4430,4018,9485,6413,6100,4238,5567,7046,6658,3600,3937,4725,5362,7598,4794,4626,5658,4607,7272,7822,8733,5278,6331,6954,6850,7255,6370,8970,7651,5477,6432,7900,4354,5868,5634,7578,7365,3539,7382,5322,4953,5646,6513,7599,3827,7217,5239,3325,5620,4673,7219,4135,4502,6148,5573,5620,5133,7336,6969,8897,6658,5456,6886,4951,3037,11738
5123,6036,5622,5620,5952,3414,7219,349,3412,5261,5480,5250,6553,6869,2572,5732,4904,6627,5963,4430,4018,9485,6413,6100,4238,5567,7046,6658,3600,3937,4725,5362,7598,4794,4626,5658,4607,7272,7822,8733,5278,6331,6954,6850,7255,6370,8970,7651,5477,6432,7900,4354,5868,5634,7578,7383,3559,7382,5334,4918,5620,6513,7593,3806,7172,5226,3356,5593,4673,7179,4135,4476,6148,5586,5634,5133,7336,6948,8897,6650,5456,6886,4939,3006,11754
5123,6036,5608,5597,5952,3422,7196,350,3412,5287,5480,5250,6561,6869,2597,5732,4904,6643,5978,4430,4042,9485,6413,6085,4248,5593,7046,6658,3628,3937,4725,5362,7598,4794,4649,5658,4645,7248,7798,8756,5278,6331,6954,6850,7231,6370,8970,7651,5490,6453,7900,4354,5868,5608,7578,7383,3539,7408,5334,4941,5634,6513,7599,3835,7198,5226,3325,5593,4648,7219,4135,4476,6148,5586,5634,5133,7336,6948,8897,6650,5456,6886,4939,3006,11781
5123,6020,5598,5610,5936,3414,7196,349,3412,5287,5492,5250,6537,6892,2592,5748,4928,6627,5963,4430,4042,9505,6430,6100,4238,5593,7046,6658,3628,3937,4725,5362,7598,4794,4649,5658,4645,7248,7798,8756,5278,6331,6954,6850,7231,6370,8970,7651,5490,6453,7900,4354,5868,5608,7578,7383,3539,7408,5334,4941,5634,6513,7599,3835,7198,5226,3325,5593,4648,7219,4135,4502,6133,5573,5620,5108,7296,6934,8897,6650,5456,6886,4939,3037,11805
5123,6020,5598,5610,5936,3414,7196,349,3412,5287,5492,5250,6537,6892,2592,5748,4928,6627,5963,4430,4042,9505,6430,6100,4238,5593,7028,6658,3600,3937,4725,5375,7619,4805,4626,5670,4633,7255,7798,8733,5278,6331,6969,6832,7248,6384,8994,7669,5490,6440,7900,4354,5868,5608,7578,7383,3539,7408,5334,4941,5634,6513,7599,3835,7198,5226,3325,5593,4648,7219,4135,4502,6133,5573,5620,5108,7296,6934,8897,6650,5456,6886,4939,3037,11820
5113,6036,5608,5597,5910,3414,7196,349,3385,5287,5492,5250,6561,6853,2592,5774,4892,6627,5963,4430,4009,9485,6413,6109,4248,5567,7046,6658,3580,3926,4725,5375,7619,4805,4626,5670,4633,7255,7798,8733,5278,6331,6969,6832,7248,6384,8994,7669,5490,6440,7879,4354,5868,5593,7578,7406,3559,7408,5334,4918,5620,6513,7616,3835,7198,5226,3325,5593,4673,7196,4135,4514,6148,5610,5634,5133,7313,6954,8874,6634,5456,6912,4939,3030,11854
5102,6020,5584,5573,5883,3414,7179,349,3403,5263,5456,5224,6561,6892,2592,5774,4892,6627,5963,4430,4009,9485,6413,6109,4248,5567,7046,6658,3580,3926,4725,5362,7598,4794,4615,5658,4633,7272,7816,8733,5278,6293,6934,6806,7207,6361,8994,7651,5477,6419,7879,4343,5831,5593,7578,7383,3559,7382,5334,4918,5620,6513,7599,3827,7198,5239,3302,5567,4648,7196,4115,4514,6148,5573,5634,5133,7336,6954,8897,6658,5480,6904,4939,3030,11888
5102,6020,5584,5573,5883,3414,7179,349,3403,5263,5456,5224,6561,6892,2566,5732,4892,6627,5963,4430,4018,9485,6430,6100,4238,5608,7046,6635,3580,3900,4760,5362,7572,4794,4615,5658,4633,7272,7798,8733,5278,6370,6948,6850,7255,6370,8994,7651,5477,6419,7879,4343,5831,5593,7578,7383,3559,7382,5334,4918,5620,6513,7599,3827,7198,5239,3302,5567,4648,7196,4115,4514,6148,5573,5634,5133,7336,6954,8897,6658,5480,6904,4939,3030,11905
5113,6036,5622,5610,5952,3422,7196,350,3385,5287,5492,5264,6537,6869,2572,5732,4892,6643,5978,4430,4042,9485,6430,6100,4248,5593,7046,6658,3608,3937,4760,5362,7572,4794,4615,5658,4633,7272,7798,8733,5278,6370,6948,6850,7255,6370,8968,7651,5490,6440,7900,4343,5854,5608,7578,7383,3580,7427,5334,4929,5661,6537,7616,3827,7217,5239,3333,5608,4673,7196,4135,4514,6133,5586,5634,5145,7336,6969,8874,6650,5469,6904,4963,3030,11937
5113,6036,5622,5610,5952,3422,7196,350,3385,5287,5492,5264,6537,6869,2572,5732,4892,6643,5978,4430,4042,9485,6430,6100,4248,5593,7046,6658,3608,3937,4714,5362,7598,4794,4660,5699,4645,7296,7816,8756,5315,6331,6969,6850,7248,6370,8970,7651,5514,6440,7879,4354,5868,5634,7597,7389,3580,7427,5334,4918,5661,6513,7616,3827,7217,5239,3333,5608,4673,7196,4135,4514,6133,5586,5634,5145,7336,6969,8874,6650,5469,6904,4963,3030,11954
5134,6036,5622,5633,5952,3422,7219,350,3412,5287,5492,5291,6561,6853,2592,5748,4904,6643,5978,4430,4042,9525,6430,6124,4248,5608,7046,6658,3587,3937,4736,5375,7619,4794,4626,5670,4645,7279,7816,8756,5278,6355,6969,6850,7248,6370,8970,7651,5514,6440,7879,4354,5868,5634,7597,7389,3580,7427,5334,4918,5661,6513,7622,3827,7198,5226,3325,5634,4673,7219,4144,4514,6172,5586,5634,5157,7313,6934,8897,6634,5469,6886,4975,3037,11987
5102,6036,5608,5597,5952,3422,7196,350,3412,5287,5492,5291,6561,6869,2592,5732,4904,6643,5978,4441,4042,9505,6430,6124,4238,5608,7046,6658,3587,3937,4736,5375,7619,4794,4626,5670,4645,7279,7816,8756,5278,6355,6954,6832,7272,6384,8970,7669,5514,6440,7874,4377,5854,5634,7597,7389,3608,7427,5334,4953,5661,6513,7616,3835,7172,5239,3333,5634,4684,7219,4144,4514,6172,5610,5634,5133,7313,6934,8897,6674,5469,6904,4963,3037,12021
5102,6036,5608,5597,5952,3422,7196,350,3412,5287,5492,5291,6561,6869,2592,5732,4904,6643,5978,4441,4042,9505,6430,6124,4238,5608,7046,6643,3628,3926,4712,5375,7592,4781,4626,5670,4645,7272,7816,8733,5278,6340,6934,6850,7248,6370,8994,7627,5490,6440,7874,4377,5868,5620,7578,7406,3587,7427,5334,4953,5661,6513,7616,3835,7172,5239,3333,5634,4684,7219,4144,4514,6172,5610,5634,5133,7313,6934,8897,6674,5469,6904,4963,3037,12038
5123,6036,5622,5633,5936,3422,7196,350,3412,5287,5480,5250,6553,6869,2597,5732,4904,6643,5978,4430,4018,9505,6430,6124,4248,5593,7046,6658,3608,3937,4760,5362,7619,4805,4626,5658,4645,7272,7798,8756,5278,6355,6934,6850,7248,6370,8994,7627,5490,6440,7874,4377,5868,5620,7578,7406,3587,7427,5334,4929,5646,6513,7616,3827,7217,5226,3348,5634,4673,7219,4115,4514,6148,5573,5634,5145,7319,6969,8871,6634,5480,6886,4963,3037,12071
5123,6036,5622,5633,5936,3422,7196,350,3412,5287,5480,5250,6553,6869,2597,5732,4904,6643,5978,4430,4018,9505,6430,6124,4248,5593,7046,6658,3608,3937,4760,5362,7619,4805,4626,5658,4645,7272,7798,8756,5278,6355,6948,6850,7272,6370,8997,7627,5490,6419,7874,4354,5868,5620,7578,7365,3580,7401,5298,4929,5620,6513,7640,3827,7217,5239,3333,5620,4673,7179,4144,4540,6172,5610,5634,5145,7319,6969,8871,6634,5480,6886,4963,3037,12087
5134,6062,5608,5610,5910,3414,7172,371,3403,5287,5469,5250,6577,6869,2597,5748,4904,6627,5978,4430,4042,9485,6430,6124,4248,5593,7046,6658,3608,3937,4760,5362,7619,4805,4626,5658,4645,7272,7798,8756,5278,6355,6948,6850,7272,6370,8997,7627,5490,6419,7874,4354,5868,5620,7578,7365,3580,7401,5298,4929,5620,6513,7640,3827,7217,5239,3333,5620,4673,7179,4144,4540,6172,5610,5620,5157,7296,6954,8848,6650,5469,6904,4963,3037,12105
5134,6036,5608,5610,5910,3414,7172,371,3403,5287,5469,5250,6577,6869,2597,5748,4904,6627,5978,4430,4042,9485,6413,6100,4238,5593,7046,6635,3600,3937,4736,5362,7619,4794,4615,5679,4645,7296,7816,8733,5278,6355,6969,6832,7272,6370,8970,7651,5477,6453,7900,4354,5868,5620,7578,7383,3608,7408,5322,4953,5620,6513,7616,3835,7244,5239,3325,5608,4684,7179,4144,4514,6148,5597,5661,5169,7313,6954,8897,6674,5469,6886,4939,3014,12138
5134,6036,5622,5597,5936,3414,7219,350,3412,5274,5492,5264,6561,6869,2597,5763,4904,6627,5952,4430,4042,9506,6413,6100,4248,5608,7038,6658,3587,3910,4736,5375,7619,4830,4626,5690,4645,7296,7816,8733,5278,6355,6969,6832,7272,6370,8970,7651,5477,6453,7900,4354,5868,5620,7578,7383,3608,7408,5322,4953,5620,6513,7616,3835,7244,5239,3325,5608,4684,7179,4144,4514,6148,5597,5661,5169,7313,6954,8897,6674,5469,6886,4939,3014,12156
5102,6020,5584,5597,5936,3414,7179,349,3403,5250,5480,5264,6537,6869,2592,5732,4892,6627,5978,4430,4042,9505,6413,6100,4248,5608,7038,6658,3587,3910,4736,5375,7619,4830,4626,5690,4645,7296,7798,8730,5278,6331,6954,6850,7272,6384,8970,7669,5490,6440,7874,4343,5831,5593,7578,7406,3600,7401,5322,4918,5661,6529,7599,3827,7217,5226,3325,5620,4673,7219,4115,4514,6148,5586,5620,5133,7296,6934,8897,6634,5456,6886,4939,3037,12188
5102,6020,5584,5597,5936,3414,7179,349,3403,5250,5480,5264,6537,6869,2592,5732,4892,6627,5978,4430,4042,9505,6413,6100,4248,5608,7046,6658,3580,3910,4736,5362,7572,4805,4626,5658,4645,7272,7798,8733,5315,6331,6969,6850,7272,6346,8968,7627,5477,6453,7874,4354,5868,5593,7578,7406,3600,7401,5322,4918,5661,6529,7599,3827,7217,5226,3325,5620,4673,7219,4115,4514,6148,5586,5620,5133,7296,6934,8897,6634,5456,6886,4939,3037,12205
5134,6036,5622,5610,5952,3414,7196,370,3403,5287,5492,5224,6577,6869,2592,5748,4904,6627,5936,4430,4042,9505,6404,6100,4238,5582,7046,6635,3567,3910,4760,5375,7572,4805,4626,5658,4645,7272,7798,8733,5315,6331,6969,6850,7272,6346,8968,7627,5477,6453,7874,4354,5868,5593,7578,7389,3580,7382,5298,4918,5634,6513,7616,3827,7217,5239,3325,5620,4684,7196,4115,4476,6133,5573,5620,5145,7313,6954,8897,6634,5456,6886,4951,3037,12238
5134,6036,5622,5610,5952,3414,7196,370,3403,5287,5492,5224,6577,6869,2592,5748,4904,6627,5936,4430,4042,9505,6404,6100,4238,5582,7046,6635,3567,3910,4760,5375,7572,4805,4626,5658,4645,7255,7798,8733,5278,6355,6934,6832,7207,6384,8944,7627,5490,6432,7874,4330,5845,5593,7578,7383,3580,7382,5334,4918,5634,6513,7616,3827,7217,5226,3325,5620,4684,7196,4115,4476,6133,5573,5620,5145,7313,6954,8897,6634,5456,6886,4951,3037,12255
5113,6036,5622,5597,5936,3414,7196,350,3412,5287,5492,5250,6577,6869,2592,5748,4892,6643,5936,4406,4042,9485,6430,6085,4248,5608,7046,6658,3580,3910,4736,5362,7619,4794,4615,5658,4645,7272,7798,8756,5278,6355,6948,6850,7231,6384,8944,7627,5490,6453,7874,4330,5845,5593,7578,7383,3580,7382,5334,4918,5634,6513,7616,3827,7217,5226,3325,5620,4673,7196,4115,4514,6148,5573,5620,5133,7313,6934,8897,6650,5456,6886,4963,3014,12288
5123,6036,5622,5610,5936,3414,7179,349,3412,5287,5492,5250,6577,6869,2592,5748,4892,6627,5978,4430,4032,9485,6430,6124,4248,5582,7063,6658,3608,3910,4736,5362,7619,4794,4615,5658,4645,7272,7798,8756,5278,6355,6948,6850,7231,6384,8944,7627,5490,6453,7879,4354,5868,5608,7578,7383,3580,7401,5322,4918,5646,6529,7616,3827,7217,5226,3356,5608,4673,7219,4144,4514,6133,5586,5634,5133,7296,6954,8874,6634,5469,6904,4975,3037,12321
5123,6036,5622,5610,5936,3414,7179,349,3412,5287,5492,5250,6577,6869,2592,5748,4892,6627,5978,4430,4032,9485,6430,6124,4248,5582,7063,6658,3608,3910,4725,5375,7619,4794,4649,5658,4645,7248,7816,8733,5278,6355,6948,6832,7255,6384,8994,7651,5477,6406,7900,4354,5868,5608,7597,7383,3608,7427,5334,4929,5634,6513,7616,3827,7217,5239,3356,5608,4673,7219,4144,4514,6133,5586,5634,5133,7296,6954,8874,6634,5469,6904,4975,3037,12338
5102,6062,5622,5610,5952,3414,7179,350,3403,5287,5492,5264,6561,6892,2597,5748,4904,6643,5963,4430,4032,9505,6413,6109,4238,5567,7063,6658,3628,3937,4736,5350,7592,4794,4626,5649,4645,7255,7798,8756,5291,6355,6954,6850,7248,6384,8994,7651,5477,6406,7900,4354,5868,5608,7597,7383,3608,7427,5334,4929,5634,6513,7616,3827,7217,5239,3348,5620,4660,7196,4135,4514,6133,5586,5620,5108,7313,6934,8897,6650,5456,6904,4975,3030,12371
5102,6062,5622,5610,5952,3414,7179,350,3403,5287,5492,5264,6561,6892,2597,5748,4904,6643,5963,4430,4032,9505,6413,6109,4238,5567,7063,6658,3628,3937,4736,5350,7592,4794,4626,5649,4645,7255,7798,8756,5291,6355,6954,6850,7248,6384,8970,7645,5490,6440,7874,4343,5854,5620,7597,7383,3580,7427,5322,4929,5634,6513,7616,3827,7217,5239,3325,5593,4673,7179,4115,4502,6133,5573,5634,5133,7313,6934,8897,6650,5456,6904,4975,3030,12388
5113,6036,5598,5597,5936,3389,7196,349,3412,5287,5492,5224,6561,6869,2577,5774,4892,6627,5978,4430,4042,9465,6430,6100,4248,5567,7046,6635,3662,3910,4736,5375,7592,4794,4626,5649,4619,7296,7840,8730,5254,6355,6948,6850,7248,6384,8970,7645,5490,6440,7874,4343,5854,5620,7597,7383,3580,7427,5322,4929,5634,6513,7616,3827,7217,5239,3325,5593,4673,7179,4115,4502,6133,5573,5634,5133,7313,6934,8874,6634,5469,6886,4975,3037,12405
5113,6036,5598,5597,5936,3389,7196,349,3412,5287,5492,5224,6561,6869,2577,5774,4892,6627,5978,4430,4042,9465,6430,6100,4248,5567,7046,6635,3662,3910,4736,5375,7592,4794,4626,5649,4619,7296,7840,8730,5254,6355,6948,6850,7248,6384,8970,7651,5514,6440,7874,4354,5854,5608,7578,7383,3587,7408,5334,4953,5634,6513,7616,3835,7217,5239,3348,5608,4648,7196,4123,4514,6148,5573,5634,5157,7313,6969,8874,6634,5469,6886,4975,3037,12425
5113,6036,5622,5597,5952,3414,7196,350,3412,5274,5480,5264,6537,6829,2597,5748,4892,6627,5978,4430,4042,9484,6430,6085,4238,5582,7063,6658,3670,3910,4736,5362,7592,4805,4602,5649,4645,7272,7798,8756,5278,6355,6934,6850,7231,6370,8970,7651,5514,6440,7874,4354,5854,5608,7578,7383,3587,7408,5334,4953,5634,6513,7616,3835,7217,5239,3348,5608,4648,7196,4123,4514,6148,5573,5634,5157,7313,6969,8874,6634,5469,6904,4963,3006,12458
5102,6036,5622,5597,5952,3422,7196,350,3412,5274,5480,5264,6537,6829,2597,5748,4892,6627,5978,4430,4042,9484,6430,6085,4238,5582,7063,6658,3670,3910,4736,5362,7592,4805,4602,5649,4645,7272,7798,8756,5278,6355,6934,6850,7231,6370,8944,7651,5477,6440,7874,4377,5854,5593,7578,7359,3580,7427,5322,4953,5661,6513,7616,3835,7217,5226,3333,5608,4673,7196,4123,4514,6148,5573,5634,5133,7313,6948,8871,6650,5469,6886,4939,3037,12471
5102,6036,5622,5597,5952,3422,7179,350,3412,5287,5469,5264,6537,6869,2572,5748,4904,6643,5936,4430,4042,9505,6430,6109,4248,5608,7063,6658,3670,3910,4736,5362,7592,4805,4602,5649,4645,7272,7798,8756,5278,6355,6934,6850,7231,6370,8944,7651,5477,6440,7874,4377,5854,5593,7578,7359,3580,7427,5322,4953,5661,6513,7616,3835,7217,5226,3333,5608,4673,7196,4123,4514,6148,5573,5634,5133,7313,6948,8871,6650,5469,6886,4939,3037,12488
5102,6036,5622,5597,5952,3422,7179,350,3412,5287,5469,5264,6537,6869,2572,5748,4904,6643,5936,4430,4042,9505,6430,6109,4248,5608,7046,6658,3670,3926,4736,5375,7598,4769,4602,5649,4645,7272,7816,8733,5278,6355,6948,6832,7248,6370,8994,7651,5490,6453,7853,4377,5868,5634,7578,7383,3580,7427,5334,4953,5634,6513,7616,3835,7217,5239,3333,5608,4673,7196,4123,4514,6148,5573,5634,5133,7313,6948,8871,6650,5469,6886,4939,3037,12505
5113,6036,5584,5586,5952,3414,7179,350,3412,5287,5469,5264,6537,6869,2572,5748,4904,6643,5936,4430,4042,9505,6430,6109,4248,5608,7046,6658,3670,3926,4736,5375,7598,4769,4602,5649,4645,7272,7816,8733,5278,6355,6948,6832,7248,6370,8994,7651,5490,6453,7853,4377,5868,5634,7578,7383,3580,7427,5334,4953,5634,6513,7616,3835,7217,5239,3325,5593,4648,7196,4123,4514,6172,5586,5620,5133,7313,6948,8897,6650,5456,6904,4963,3037,12521
5113,6036,5584,5586,5952,3414,7179,349,3412,5274,5492,5264,6561,6869,2577,5748,4904,6627,5978,4441,4042,9505,6413,6085,4238,5593,7046,6658,3670,3937,4725,5362,7572,4805,4626,5637,4645,7296,7840,8756,5291,6355,6954,6850,7272,6384,8994,7645,5490,6453,7874,4354,5845,5608,7597,7383,3608,7427,5334,4929,5661,6513,7616,3835,7217,5239,3325,5608,4684,7196,4123,4514,6172,5586,5620,5133,7313,6948,8897,6650,5456,6904,4963,3037,12554
5113,6020,5598,5610,5952,3422,7196,371,3429,5287,5492,5264,6561,6869,2597,5759,4892,6627,5978,4417,4032,9465,6413,6100,4248,5608,7046,6658,3690,3937,4736,5375,7592,4769,4626,5649,4645,7272,7816,8756,5291,6355,6948,6832,7231,6370,8944,7645,5490,6432,7900,4354,5854,5608,7597,7383,3608,7427,5334,4929,5661,6513,7616,3835,7217,5239,3325,5608,4684,7196,4135,4514,6148,5586,5634,5157,7313,6948,8874,6650,5469,6886,4951,3037,12587
5102,6036,5598,5610,5952,3422,7196,371,3429,5287,5492,5264,6561,6869,2597,5759,4892,6627,5978,4417,4032,9465,6413,6100,4248,5608,7046,6658,3690,3937,4736,5375,7592,4769,4626,5649,4645,7272,7816,8756,5291,6355,6948,6832,7231,6370,8944,7645,5490,6432,7900,4354,5854,5608,7578,7342,3587,7382,5334,4953,5620,6513,7593,3827,7198,5226,3333,5608,4673,7196,4115,4514,6157,5563,5620,5133,7289,6948,8874,6674,5456,6886,4939,3037,12604
5102,6036,5608,5597,5936,3414,7196,349,3412,5274,5492,5264,6537,6869,2577,5774,4892,6627,5936,4441,4051,9484,6413,6109,4248,5608,7046,6635,3662,3926,4736,5375,7619,4805,4626,5649,4645,7272,7816,8756,5291,6355,6948,6832,7231,6370,8944,7645,5490,6432,7900,4354,5854,5608,7578,7342,3587,7382,5334,4953,5620,6513,7593,3827,7198,5226,3333,5608,4673,7196,4115,4514,6157,5563,5620,5133,7289,6948,8874,6674,5456,6886,4939,3037,12620
5102,6036,5608,5597,5936,3414,7196,349,3412,5274,5492,5264,6537,6869,2577,5774,4892,6627,5936,4441,4051,9484,6413,6109,4248,5608,7046,6635,3662,3926,4736,5375,7619,4805,4626,5637,4645,7272,7816,8730,5278,6355,6948,6850,7231,6370,8968,7669,5467,6432,7853,4343,5831,5608,7597,7383,3608,7401,5311,4918,5634,6513,7616,3835,7217,5226,3333,5608,4673,7196,4115,4514,6157,5563,5620,5133,7289,6948,8874,6674,5456,6886,4939,3037,12637
5134,6036,5584,5573,5952,3422,7196,350,3412,5287,5492,5264,6553,6845,2592,5732,4904,6627,5952,4441,4042,9505,6430,6124,4238,5567,7046,6635,3670,3910,4736,5362,7592,4794,4626,5649,4645,7272,7798,8756,5278,6355,6948,6850,7248,6370,8944,7645,5503,6453,7853,4343,5831,5608,7597,7383,3608,7401,5311,4918,5634,6513,7616,3835,7217,5226,3325,5608,4684,7196,4144,4514,6148,5597,5634,5145,7313,6948,8897,6634,5456,6904,4951,3037,12671
5134,6036,5598,5597,5952,3422,7172,350,3403,5287,5480,5264,6561,6869,2597,5732,4892,6604,5978,4441,4042,9505,6404,6124,4248,5582,7063,6658,3670,3910,4736,5375,7592,4805,4626,5649,4645,7272,7798,8756,5278,6355,6948,6850,7248,6370,8944,7645,5503,6453,7879,4343,5868,5634,7597,7383,3608,7427,5322,4929,5634,6529,7616,3827,7217,5239,3333,5634,4684,7219,4135,4488,6133,5586,5620,5145,7313,6948,8897,6674,5469,6886,4939,3037,12704
5134,6036,5598,5597,5952,3422,7172,350,3403,5287,5480,5264,6561,6869,2597,5732,4892,6604,5978,4441,4042,9505,6404,6124,4248,5582,7063,6658,3670,3910,4736,5375,7592,4805,4626,5628,4633,7255,7816,8756,5278,6370,6948,6850,7231,6370,8968,7627,5490,6453,7874,4377,5868,5634,7578,7406,3580,7401,5322,4929,5634,6513,7599,3835,7217,5239,3333,5634,4684,7219,4135,4488,6133,5586,5620,5145,7313,6948,8897,6674,5469,6886,4939,3037,12720
5102,6010,5584,5610,5978,3422,7196,350,3412,5287,5480,5264,6577,6869,2597,5748,4904,6643,5978,4441,4042,9505,6413,6124,4248,5582,7046,6658,3683,3937,4749,5362,7592,4769,4626,5649,4671,7296,7840,8756,5291,6355,6948,6832,7248,6384,8968,7627,5490,6453,7874,4377,5868,5634,7578,7406,3580,7401,5322,4929,5634,6513,7599,3835,7217,5239,3333,5608,4648,7196,4135,4502,6148,5610,5634,5145,7313,6962,8871,6674,5456,6904,4939,3037,12754
5102,6010,5584,5610,5978,3422,7196,350,3412,5287,5480,5264,6577,6869,2597,5748,4904,6643,5978,4441,4042,9505,6413,6124,4248,5582,7046,6658,3683,3937,4749,5362,7592,4769,4626,5649,4671,7296,7840,8756,5291,6355,6948,6832,7248,6384,8968,7651,5490,6440,7879,4354,5854,5608,7578,7383,3587,7401,5358,4918,5620,6513,7616,3835,7217,5263,3348,5608,4684,7196,4144,4488,6148,5573,5634,5133,7313,6948,8874,6650,5492,6904,4939,3037,12771
5134,6036,5608,5610,5978,3422,7196,350,3412,5274,5443,5224,6553,6869,2577,5774,4928,6643,5978,4441,4042,9505,6430,6100,4248,5608,7046,6658,3683,3910,4749,5362,7592,4769,4626,5649,4671,7296,7840,8756,5291,6355,6948,6832,7248,6384,8968,7651,5490,6440,7879,4354,5854,5608,7578,7383,3587,7401,5358,4918,5620,6513,7616,3835,7217,5263,3348,5608,4684,7196,4144,4488,6148,5573,5634,5133,7313,6948,8874,6650,5492,6904,4963,3037,12787
5134,6036,5622,5597,5952,3422,7219,350,3412,5287,5443,5224,6553,6869,2577,5774,4928,6643,5978,4441,4042,9505,6430,6100,4248,5608,7046,6658,3683,3910,4725,5375,7592,4794,4626,5617,4633,7272,7816,8756,5291,6355,6948,6832,7272,6370,8968,7645,5490,6453,7900,4354,5868,5634,7597,7383,3608,7401,5334,4953,5646,6529,7640,3806,7217,5239,3356,5634,4673,7196,4144,4514,6148,5586,5634,5145,7313,6948,8874,6650,5469,6904,4963,3037,12813
5134,6036,5622,5597,5952,3422,7219,350,3412,5287,5480,5264,6561,6869,2592,5732,4904,6627,5978,4441,4042,9505,6413,6100,4248,5608,7063,6635,3683,3937,4736,5399,7619,4794,4637,5649,4645,7248,7798,8733,5291,6355,6948,6850,7272,6384,8968,7645,5490,6453,7900,4354,5868,5634,7597,7383,3608,7401,5334,4953,5646,6529,7640,3806,7217,5239,3356,5634,4673,7196,4144,4514,6148,5586,5634,5145,7313,6948,8874,6650,5469,6904,4963,3037,12838
5134,6036,5622,5597,5952,3422,7219,350,3412,5287,5480,5264,6561,6869,2592,5732,4904,6627,5978,4441,4042,9505,6413,6100,4248,5608,7063,6635,3683,3937,4736,5399,7619,4794,4637,5649,4645,7248,7798,8733,5291,6355,6948,6850,7272,6384,8994,7645,5490,6432,7900,4354,5854,5608,7578,7383,3608,7401,5334,4953,5620,6529,7616,3835,7198,5239,3333,5608,4673,7196,4123,4488,6148,5586,5620,5145,7330,6969,8897,6634,5469,6904,4963,3037,12855
5134,6036,5584,5610,5952,3422,7196,350,3412,5274,5456,5264,6577,6845,2577,5748,4904,6643,5952,4430,4042,9484,6413,6100,4248,5608,7046,6658,3670,3900,4736,5399,7619,4794,4637,5649,4645,7248,7798,8733,5291,6355,6948,6850,7272,6384,8994,7645,5490,6432,7900,4354,5854,5608,7578,7383,3608,7401,5334,4953,5620,6529,7616,3835,7198,5239,3333,5608,4673,7196,4123,4488,6148,5586,5620,5145,7330,6969,8897,6634,5469,6904,4939,3037,12872
5113,6036,5622,5586,5978,3398,7196,350,3412,5287,5456,5264,6577,6845,2577,5748,4904,6643,5952,4430,4042,9484,6413,6100,4248,5608,7046,6658,3670,3900,4725,5362,7572,4805,4626,5637,4633,7255,7816,8756,5315,6393,6948,6850,7248,6384,8968,7645,5503,6440,7900,4343,5868,5608,7597,7400,3615,7382,5334,4953,5676,6529,7616,3827,7198,5239,3348,5608,4684,7219,4123,4514,6148,5586,5634,5133,7313,6948,8897,6650,5469,6904,4963,3044,12905
5113,6036,5622,5586,5978,3398,7196,350,3412,5287,5480,5238,6537,6885,2572,5732,4904,6643,5952,4441,4042,9465,6387,6124,4238,5608,7063,6674,3690,3926,4736,5362,7592,4794,4626,5649,4645,7248,7816,8756,5291,6355,6948,6850,7248,6384,8968,7627,5490,6419,7900,4354,5868,5634,7597,7406,3608,7427,5334,4929,5661,6529,7640,3835,7244,5239,3356,5634,4684,7219,4123,4514,6148,5586,5661,5145,7336,6934,8897,6650,5469,6904,4963,3044,12933
5134,6036,5622,5610,5978,3422,7196,350,3403,5287,5492,5264,6577,6892,2572,5732,4904,6643,5952,4441,4042,9465,6387,6124,4238,5608,7063,6674,3690,3926,4736,5362,7592,4794,4626,5649,4645,7248,7816,8756,5291,6355,6948,6850,7248,6384,8968,7627,5490,6419,7900,4354,5868,5634,7597,7406,3608,7427,5334,4929,5661,6529,7640,3835,7244,5239,3356,5634,4684,7219,4123,4514,6148,5586,5661,5145,7336,6934,8874,6650,5469,6912,4963,3037,12953
5113,6036,5598,5610,5952,3422,7196,350,3403,5287,5492,5264,6577,6892,2572,5748,4904,6627,5978,4430,4042,9505,6430,6124,4238,5608,7063,6651,3690,3937,4736,5399,7619,4781,4626,5628,4645,7272,7816,8756,5278,6331,6934,6850,7248,6384,8968,7645,5503,6453,7900,4354,5868,5608,7597,7383,3587,7382,5334,4929,5634,6529,7616,3835,7198,5239,3333,5634,4673,7196,4144,4514,6148,5610,5634,5145,7313,6948,8897,6674,5492,6904,4963,3037,12988
5113,6036,5598,5610,5952,3422,7196,350,3412,5287,5480,5264,6569,6845,2597,5748,4928,6627,5978,4430,4018,9484,6430,6100,4238,5608,7063,6635,3662,3900,4736,5362,7592,4805,4626,5617,4657,7272,7816,8756,5291,6355,6934,6850,7248,6384,8968,7645,5503,6453,7900,4354,5868,5608,7597,7383,3587,7382,5334,4929,5634,6529,7616,3835,7198,5239,3333,5634,4673,7196,4144,4514,6148,5610,5634,5145,7313,6948,8897,6674,5492,6904,4963,3037,13005
5113,6036,5598,5610,5952,3422,7196,350,3412,5287,5480,5264,6569,6845,2597,5748,4928,6627,5978,4430,4018,9484,6430,6100,4238,5608,7063,6635,3662,3900,4736,5362,7592,4805,4626,5617,4657,7272,7816,8756,5291,6355,6934,6806,7248,6384,8968,7627,5467,6432,7879,4354,5854,5634,7597,7400,3587,7427,5334,4918,5661,6529,7616,3835,7217,5226,3333,5634,4673,7196,4144,4502,6172,5586,5634,5145,7313,6948,8897,6674,5492,6904,4963,3037,13014
5134,6036,5622,5586,5952,3422,7196,350,3412,5274,5492,5264,6553,6885,2592,5774,4928,6643,5978,4441,4042,9485,6430,6100,4238,5608,7063,6635,3662,3900,4736,5362,7592,4805,4626,5617,4657,7272,7816,8756,5291,6355,6934,6806,7248,6384,8968,7627,5467,6432,7879,4354,5854,5634,7597,7400,3587,7427,5334,4918,5661,6529,7616,3835,7217,5226,3333,5634,4673,7196,4144,4502,6172,5586,5620,5157,7313,6948,8897,6650,5469,6904,4963,3037,13028
5134,6036,5622,5586,5952,3422,7196,350,3412,5274,5492,5264,6553,6885,2592,5774,4928,6643,5978,4441,4042,9485,6387,6124,4238,5582,7063,6635,3690,3910,4712,5362,7592,4805,4626,5649,4619,7255,7798,8756,5291,6355,6948,6832,7248,6384,8968,7651,5490,6440,7900,4354,5868,5623,7597,7400,3587,7427,5334,4918,5661,6529,7616,3835,7217,5226,3333,5634,4673,7196,4144,4502,6172,5586,5620,5157,7313,6948,8897,6650,5469,6904,4963,3037,13055
5113,6036,5622,5610,5978,3422,7196,349,3412,5287,5469,5264,6577,6885,2577,5748,4904,6643,5978,4441,4042,9484,6404,6124,4248,5582,7063,6658,3690,3900,4736,5375,7619,4805,4626,5649,4619,7255,7798,8756,5291,6355,6948,6832,7248,6384,8968,7651,5490,6440,7900,4354,5868,5623,7597,7383,3600,7427,5334,4953,5661,6513,7616,3835,7198,5239,3333,5634,4673,7219,4144,4540,6148,5586,5634,5133,7313,6948,8897,6658,5469,6904,4963,3037,13088
5113,6036,5622,5610,5978,3422,7196,349,3412,5287,5469,5264,6577,6885,2577,5748,4904,6643,5978,4441,4042,9484,6404,6124,4248,5582,7063,6658,3690,3900,4736,5375,7619,4805,4626,5649,4645,7296,7798,8756,5291,6355,6969,6850,7248,6384,8994,7627,5490,6453,7853,4354,5868,5634,7597,7406,3608,7427,5334,4941,5661,6513,7593,3814,7191,5239,3333,5634,4684,7213,4144,4514,6148,5586,5634,5133,7313,6948,8897,6658,5469,6904,4963,3037,13105
5113,6020,5598,5610,5952,3414,7196,350,3385,5287,5469,5264,6561,6869,2577,5748,4904,6627,5978,4441,4042,9484,6404,6124,4248,5582,7063,6658,3690,3900,4736,5375,7619,4805,4626,5649,4645,7296,7798,8756,5291,6355,6969,6850,7248,6384,8994,7627,5490,6453,7853,4354,5868,5634,7597,7406,3608,7427,5334,4941,5661,6513,7593,3814,7191,5239,3333,5634,4684,7213,4144,4514,6148,5586,5634,5145,7313,6934,8897,6634,5456,6904,4951,3044,13121
5113,6020,5598,5610,5952,3414,7196,350,3385,5287,5469,5264,6561,6869,2577,5748,4904,6627,5963,4406,4042,9484,6430,6100,4248,5582,7046,6658,3690,3910,4712,5375,7592,4805,4626,5628,4645,7272,7816,8756,5291,6355,6948,6806,7248,6346,8994,7645,5490,6453,7900,4343,5854,5608,7597,7406,3608,7427,5334,4929,5634,6489,7616,3814,7217,5226,3325,5608,4684,7196,4123,4514,6148,5586,5634,5145,7330,6948,8897,6674,5469,6904,4951,3044,13155
5134,6036,5584,5573,5952,3414,7213,351,3412,5287,5480,5291,6577,6869,2572,5748,4904,6643,5978,4441,4051,9484,6430,6109,4248,5582,7038,6658,3670,3900,4725,5362,7592,4805,4602,5649,4645,7272,7816,8730,5278,6331,6969,6850,7231,6384,8968,7669,5503,6453,7900,4354,5868,5634,7597,7423,3608,7427,5334,4953,5661,6529,7616,3835,7217,5239,3325,5608,4684,7196,4123,4514,6148,5586,5634,5145,7330,6948,8897,6674,5469,6904,4951,3067,13188
5134,6005,5547,5537,5952,3422,7196,371,3412,5263,5492,5264,6537,6869,2572,5748,4904,6643,5978,4441,4051,9484,6430,6109,4248,5582,7038,6658,3670,3900,4725,5362,7592,4805,4602,5649,4645,7272,7816,8730,5278,6331,6969,6850,7231,6384,8968,7669,5503,6453,7900,4354,5868,5634,7597,7423,3608,7427,5334,4953,5661,6529,7616,3835,7217,5239,3333,5634,4684,7196,4144,4540,6148,5586,5634,5145,7313,6948,8874,6626,5456,6904,4951,3037,13205
5134,6005,5547,5537,5952,3422,7196,371,3412,5263,5492,5264,6537,6869,2572,5732,4904,6643,5952,4417,4042,9484,6430,6100,4248,5608,7063,6658,3670,3900,4736,5375,7592,4805,4626,5649,4645,7248,7816,8756,5302,6370,6948,6850,7248,6384,8968,7645,5467,6453,7879,4354,5868,5634,7578,7400,3600,7408,5311,4953,5661,6529,7616,3814,7217,5239,3356,5634,4684,7196,4144,4514,6148,5573,5634,5145,7330,6948,8897,6650,5469,6904,4951,3037,13238
5134,6036,5622,5610,5952,3422,7172,371,3412,5287,5492,5264,6577,6885,2597,5748,4904,6643,5978,4441,4018,9485,6430,6085,4248,5608,7046,6658,3683,3900,4725,5375,7619,4805,4626,5649,4645,7272,7816,8756,5302,6370,6948,6850,7248,6384,8968,7645,5467,6453,7879,4354,5868,5634,7578,7400,3600,7408,5311,4953,5661,6529,7616,3814,7217,5239,3356,5634,4684,7196,4144,4514,6148,5573,5634,5145,7330,6948,8897,6650,5469,6904,4939,3037,13255
5134,6036,5622,5610,5952,3422,7172,371,3412,5287,5492,5264,6577,6885,2597,5748,4904,6643,5978,4441,4018,9485,6430,6085,4248,5608,7046,6658,3683,3900,4725,5375,7619,4805,4626,5649,4645,7272,7798,8730,5291,6355,6969,6850,7248,6384,8994,7669,5503,6432,7874,4377,5868,5593,7597,7383,3608,7401,5322,4953,5661,6529,7634,3835,7244,5263,3356,5634,4684,7196,4144,4514,6148,5573,5634,5145,7330,6948,8897,6650,5469,6904,4939,3037,13270
5134,6036,5622,5610,5952,3422,7196,350,3412,5287,5469,5291,6577,6869,2577,5732,4892,6627,5952,4406,4042,9484,6413,6124,4238,5582,7046,6674,3662,3900,4736,5375,7572,4769,4602,5628,4633,7255,7816,8730,5278,6331,6948,6850,7272,6384,8994,7669,5503,6432,7874,4377,5868,5593,7597,7383,3608,7401,5322,4953,5661,6529,7634,3835,7244,5263,3325,5634,4673,7196,4135,4514,6148,5586,5634,5133,7313,6948,8871,6650,5456,6904,4975,3060,13304
5102,6020,5608,5597,5952,3389,7213,371,3403,5287,5469,5238,6577,6869,2597,5748,4904,6643,5936,4430,4042,9484,6413,6100,4248,5582,7046,6674,3662,3900,4736,5375,7572,4769,4602,5628,4633,7255,7816,8730,5278,6331,6948,6850,7272,6384,8968,7645,5503,6453,7900,4354,5845,5608,7597,7383,3580,7401,5311,4918,5687,6513,7634,3835,7217,5263,3356,5634,4684,7196,4144,4528,6148,5586,5620,5145,7313,6948,8848,6650,5456,6904,4939,3044,13338
5102,6020,5608,5597,5952,3389,7213,371,3403,5287,5469,5238,6577,6869,2597,5748,4904,6643,5936,4430,4042,9484,6413,6100,4248,5582,7046,6674,3690,3937,4725,5362,7592,4769,4602,5628,4645,7272,7816,8756,5278,6355,6948,6832,7248,6384,8968,7645,5490,6453,7874,4343,5845,5593,7572,7383,3587,7382,5334,4953,5687,6529,7634,3835,7217,5239,3325,5634,4684,7219,4144,4502,6133,5573,5634,5145,7313,6948,8871,6650,5433,6904,4939,3044,13359
5134,6036,5584,5597,5952,3414,7196,350,3376,5250,5456,5264,6537,6869,2577,5732,4904,6619,5952,4406,4018,9484,6413,6100,4205,5582,7046,6643,3690,3910,4736,5375,7592,4769,4613,5628,4645,7255,7798,8730,5291,6370,6948,6832,7248,6384,8968,7645,5490,6453,7874,4343,5845,5593,7572,7383,3587,7382,5334,4953,5687,6529,7634,3835,7217,5239,3325,5634,4684,7219,4144,4502,6133,5573,5634,5145,7313,6948,8871,6650,5433,6904,4975,3037,13387
5134,6036,5584,5597,5952,3414,7196,350,3376,5250,5456,5264,6537,6869,2577,5732,4904,6619,5952,4406,4018,9484,6413,6100,4205,5582,7046,6643,3690,3910,4736,5375,7592,4769,4613,5628,4645,7255,7798,8730,5291,6370,6948,6832,7248,6376,8968,7627,5503,6453,7900,4354,5868,5608,7578,7383,3615,7401,5334,4929,5687,6529,7634,3814,7217,5239,3333,5634,4684,7196,4144,4502,6133,5573,5634,5145,7313,6948,8871,6650,5433,6904,4975,3037,13404
5134,6036,5584,5610,5952,3414,7196,350,3412,5287,5492,5238,6577,6869,2577,5748,4904,6627,5952,4430,4018,9484,6430,6109,4248,5608,7046,6635,3690,3910,4736,5362,7619,4805,4602,5649,4645,7272,7816,8730,5291,6355,6969,6850,7231,6370,8968,7645,5490,6453,7874,4354,5868,5608,7578,7383,3615,7401,5334,4929,5687,6529,7634,3814,7217,5239,3333,5634,4684,7196,4135,4514,6133,5586,5634,5145,7330,6948,8871,6650,5469,6904,4975,3060,13438
5134,6020,5622,5597,5952,3422,7213,371,3403,5287,5469,5264,6553,6869,2572,5732,4904,6619,5994,4430,4018,9484,6430,6085,4248,5582,7063,6674,3698,3937,4736,5375,7592,4818,4602,5649,4645,7272,7816,8730,5291,6355,6969,6850,7231,6370,8968,7645,5490,6453,7874,4354,5868,5608,7578,7400,3587,7401,5322,4929,5687,6513,7616,3835,7217,5239,3333,5634,4684,7172,4144,4540,6148,5586,5634,5145,7313,6948,8897,6650,5456,6904,4939,3044,13470
5134,6020,5622,5597,5952,3422,7213,371,3403,5287,5469,5264,6553,6869,2572,5732,4904,6619,5994,4430,4018,9484,6430,6085,4248,5582,7063,6674,3698,3937,4736,5375,7592,4818,4602,5649,4645,7272,7816,8730,5302,6370,6969,6850,7272,6384,8968,7645,5490,6453,7879,4354,5868,5608,7597,7400,3608,7427,5322,4953,5687,6529,7634,3835,7217,5239,3333,5634,4648,7219,4144,4540,6148,5586,5634,5145,7313,6948,8897,6650,5456,6904,4939,3044,13487
5134,6036,5622,5586,5952,3446,7196,371,3412,5274,5469,5264,6561,6869,2577,5732,4904,6627,5952,4441,4018,9465,6430,6124,4248,5582,7046,6635,3690,3910,4712,5375,7592,4781,4626,5649,4645,7272,7793,8730,5291,6355,6948,6850,7248,6384,8968,7645,5467,6453,7900,4354,5868,5608,7597,7400,3608,7427,5322,4953,5687,6529,7634,3835,7217,5239,3333,5634,4648,7219,4144,4514,6148,5586,5634,5145,7313,6948,8897,6674,5469,6904,4939,3060,13521
5134,6036,5622,5586,5952,3446,7196,371,3412,5274,5469,5264,6561,6869,2577,5732,4904,6627,5952,4441,4018,9465,6430,6124,4248,5582,7046,6635,3690,3910,4712,5375,7592,4781,4626,5649,4645,7272,7793,8730,5291,6355,6948,6850,7248,6384,8968,7645,5467,6453,7900,4354,5868,5608,7578,7423,3608,7401,5334,4929,5702,6529,7616,3835,7217,5239,3333,5634,4660,7196,4144,4514,6148,5586,5634,5145,7353,6948,8897,6650,5469,6886,4951,3060,13538
5134,6036,5598,5610,5952,3422,7196,371,3412,5287,5469,5238,6561,6869,2577,5748,4904,6643,5952,4441,4028,9505,6404,6100,4248,5582,7063,6658,3690,3910,4725,5375,7592,4769,4626,5628,4645,7224,7816,8730,5278,6355,6948,6850,7248,6361,8968,7645,5467,6432,7900,4319,5854,5593,7597,7383,3608,7401,5298,4929,5661,6529,7616,3814,7198,5226,3333,5634,4660,7213,4144,4514,6148,5586,5634,5145,7353,6948,8897,6650,5469,6886,4951,3060,13571
5134,6036,5622,5610,5952,3422,7196,350,3412,5287,5492,5278,6577,6885,2597,5748,4904,6643,5952,4441,4028,9484,6430,6124,4248,5608,7046,6674,3711,3926,4736,5375,7592,4805,4626,5649,4645,7272,7798,8756,5291,6355,6969,6850,7248,6361,8968,7645,5503,6453,7900,4319,5854,5593,7597,7383,3608,7401,5298,4929,5661,6529,7616,3814,7198,5226,3333,5634,4660,7213,4115,4502,6133,5586,5634,5145,7313,6948,8871,6650,5469,6904,4951,3037,13604
5134,6036,5622,5610,5952,3422,7196,350,3412,5287,5492,5278,6577,6885,2597,5748,4904,6643,5952,4441,4028,9484,6430,6124,4248,5608,7046,6674,3711,3926,4736,5375,7592,4805,4626,5649,4645,7272,7798,8756,5291,6355,6969,6850,7248,6361,8968,7645,5503,6453,7879,4343,5868,5567,7530,7359,3608,7382,5334,4953,5687,6529,7593,3814,7244,5263,3348,5634,4660,7196,4144,4514,6148,5586,5634,5145,7313,6948,8871,6650,5469,6923,4951,3037,13621
5134,6036,5598,5610,5952,3422,7196,350,3412,5274,5469,5238,6553,6869,2577,5748,4892,6643,5952,4430,4018,9484,6430,6124,4248,5582,7063,6635,3690,3910,4736,5399,7592,4805,4626,5649,4645,7272,7798,8756,5291,6355,6969,6850,7248,6361,8968,7645,5503,6453,7879,4343,5868,5567,7530,7359,3608,7382,5334,4953,5687,6529,7593,3814,7244,5263,3348,5634,4660,7196,4144,4514,6148,5586,5634,5145,7313,6948,8871,6650,5469,6923,4975,3060,13642
5134,6036,5598,5610,5952,3422,7196,350,3412,5274,5469,5238,6553,6869,2577,5748,4892,6643,5952,4430,4018,9484,6430,6124,4248,5582,7063,6635,3690,3910,4736,5399,7592,4805,4626,5628,4645,7272,7816,8753,5266,6355,6969,6850,7248,6384,8968,7645,5503,6453,7879,4354,5868,5593,7597,7406,3608,7382,5322,4953,5687,6529,7616,3835,7217,5263,3333,5661,4684,7196,4144,4502,6148,5563,5634,5145,7313,6948,8871,6650,5469,6923,4975,3060,13655
5134,6036,5584,5610,5952,3422,7196,350,3385,5287,5492,5238,6577,6869,2577,5748,4892,6643,5952,4430,4018,9484,6430,6124,4248,5582,7063,6635,3690,3910,4736,5399,7592,4805,4626,5628,4645,7272,7816,8753,5266,6355,6969,6850,7248,6384,8968,7645,5503,6453,7879,4354,5868,5593,7597,7406,3608,7382,5322,4953,5687,6529,7616,3835,7217,5263,3333,5661,4684,7196,4144,4502,6148,5563,5634,5145,7313,6948,8897,6650,5469,6904,4951,3067,13671
5134,6036,5584,5610,5952,3422,7196,350,3385,5287,5492,5238,6577,6869,2572,5732,4928,6619,5952,4417,4018,9484,6404,6100,4238,5608,7063,6635,3690,3921,4736,5375,7592,4805,4626,5628,4645,7272,7816,8753,5291,6370,6989,6850,7248,6384,8994,7645,5526,6466,7900,4377,5854,5608,7597,7383,3608,7427,5334,4929,5687,6529,7658,3835,7244,5263,3333,5661,4684,7219,4144,4514,6148,5586,5634,5133,7313,6948,8897,6650,5469,6904,4951,3067,13704
5134,6020,5622,5610,5978,3422,7196,350,3412,5287,5492,5264,6577,6885,2597,5774,4904,6627,5952,4430,4028,9484,6430,6124,4238,5582,7063,6635,3690,3910,4736,5375,7592,4805,4602,5628,4645,7272,7816,8730,5291,6370,6969,6850,7248,6384,8968,7645,5490,6453,7900,4343,5845,5608,7597,7383,3608,7401,5322,4918,5687,6529,7658,3835,7244,5263,3333,5661,4684,7219,4144,4514,6148,5586,5634,5133,7313,6948,8897,6650,5469,6904,4975,3044,13738
5113,6047,5622,5610,5952,3446,7196,350,3412,5287,5492,5264,6577,6885,2597,5774,4904,6627,5952,4430,4028,9484,6430,6124,4238,5582,7063,6635,3690,3910,4736,5375,7592,4805,4602,5628,4645,7272,7816,8730,5291,6370,6969,6850,7248,6384,8968,7645,5490,6453,7900,4343,5845,5608,7597,7383,3608,7401,5322,4918,5687,6529,7616,3835,7217,5239,3333,5634,4673,7196,4144,4514,6148,5573,5634,5145,7313,6948,8871,6674,5469,6904,4951,3067,13754
5113,6047,5622,5610,5952,3446,7196,350,3412,5287,5480,5264,6553,6869,2577,5732,4904,6643,5978,4441,4042,9484,6430,6124,4248,5582,7063,6635,3690,3937,4736,5375,7619,4805,4626,5649,4645,7272,7798,8756,5315,6355,6969,6850,7248,6384,8968,7645,5490,6453,7900,4343,5845,5608,7597,7383,3608,7401,5322,4918,5687,6529,7616,3835,7217,5239,3333,5634,4673,7196,4144,4514,6148,5573,5634,5145,7313,6948,8871,6674,5469,6904,4951,3067,13771
5113,6036,5598,5610,5952,3422,7213,371,3412,5287,5492,5264,6577,6885,2597,5748,4928,6604,5952,4441,4042,9484,6430,6124,4248,5582,7063,6635,3690,3937,4736,5375,7619,4805,4626,5649,4645,7272,7798,8756,5315,6355,6954,6832,7248,6384,8968,7669,5490,6453,7900,4354,5868,5634,7597,7383,3608,7427,5334,4929,5687,6529,7616,3835,7244,5239,3325,5634,4684,7196,4144,4514,6148,5586,5634,5133,7330,6948,8871,6650,5469,6904,4951,3060,13804
5113,6036,5598,5610,5952,3422,7213,371,3412,5287,5492,5264,6577,6885,2597,5748,4928,6604,5952,4441,4042,9484,6413,6124,4248,5608,7063,6651,3690,3937,4725,5375,7592,4805,4613,5628,4645,7255,7816,8756,5291,6355,6969,6850,7272,6384,8968,7645,5503,6453,7900,4330,5868,5608,7597,7400,3608,7427,5334,4929,5687,6529,7616,3835,7244,5239,3325,5634,4684,7196,4144,4514,6148,5586,5634,5133,7330,6948,8871,6650,5469,6904,4951,3060,13820
5134,6020,5622,5610,5952,3422,7213,350,3412,5287,5492,5251,6577,6869,2577,5748,4928,6619,5952,4441,4051,9505,6430,6124,4248,5582,7063,6651,3690,3937,4736,5362,7592,4830,4626,5649,4633,7272,7816,8730,5291,6370,6969,6850,7272,6384,8968,7645,5503,6453,7900,4330,5868,5608,7597,7400,3608,7427,5311,4918,5687,6529,7634,3814,7198,5239,3356,5634,4684,7196,4144,4540,6148,5586,5634,5145,7330,6948,8897,6634,5469,6904,4975,3067,13854
5134,6036,5622,5610,5952,3422,7213,350,3412,5287,5492,5264,6577,6869,2597,5774,4928,6643,5952,4441,4051,9484,6430,6124,4248,5582,7063,6651,3690,3937,4736,5362,7592,4830,4626,5649,4633,7272,7816,8730,5291,6370,6969,6850,7248,6384,8992,7645,5503,6453,7900,4377,5868,5608,7597,7406,3628,7427,5334,4953,5729,6529,7634,3835,7217,5239,3333,5649,4684,7213,4123,4514,6172,5563,5634,5145,7330,6948,8897,6650,5469,6904,4951,3067,13887
5113,6036,5622,5610,5952,3422,7213,350,3412,5287,5492,5264,6577,6869,2597,5774,4928,6643,5952,4441,4051,9484,6430,6124,4248,5623,7063,6674,3690,3937,4736,5375,7612,4830,4637,5649,4645,7272,7816,8753,5291,6355,6969,6850,7272,6384,8968,7645,5503,6453,7900,4354,5868,5649,7597,7400,3608,7427,5334,4929,5729,6529,7616,3827,7217,5239,3333,5634,4684,7196,4135,4488,6148,5586,5634,5158,7313,6948,8871,6650,5469,6904,4951,3060,13920
5113,6036,5608,5610,5952,3422,7213,350,3412,5287,5492,5264,6577,6885,2577,5732,4904,6643,5952,4441,4042,9505,6430,6124,4248,5582,7063,6635,3690,3910,4736,5375,7592,4805,4637,5649,4645,7272,7816,8756,5291,6346,6969,6850,7272,6384,8968,7645,5503,6440,7900,4377,5868,5634,7597,7406,3608,7447,5334,4929,5702,6529,7634,3835,7217,5226,3333,5634,4684,7213,4152,4514,6172,5586,5634,5158,7313,6948,8871,6650,5469,6904,4951,3060,13954
5123,6062,5622,5610,5952,3422,7213,350,3412,5287,5492,5264,6553,6861,2577,5774,4904,6643,5952,4441,4051,9484,6430,6100,4248,5608,7063,6651,3683,3910,4736,5362,7566,4805,4637,5649,4607,7272,7798,8730,5278,6355,6989,6850,7248,6384,8968,7645,5490,6440,7900,4377,5868,5634,7597,7406,3608,7447,5334,4929,5702,6529,7634,3835,7217,5226,3333,5634,4684,7213,4152,4514,6172,5586,5634,5145,7330,6962,8897,6650,5469,6904,4975,3060,13987
5113,6036,5608,5610,5952,3414,7196,350,3412,5287,5492,5264,6577,6869,2577,5748,4904,6643,5952,4441,4051,9484,6430,6124,4248,5623,7063,6674,3690,3926,4736,5375,7586,4830,4637,5649,4607,7272,7798,8730,5278,6355,6989,6850,7248,6384,8968,7645,5490,6440,7879,4343,5831,5608,7572,7423,3608,7427,5322,4929,5702,6529,7634,3814,7217,5239,3333,5634,4684,7196,4115,4514,6148,5586,5608,5145,7330,6927,8871,6650,5469,6904,4963,3060,14020
5113,6036,5608,5610,5952,3414,7196,350,3412,5287,5492,5264,6577,6869,2577,5748,4904,6643,5952,4441,4051,9484,6430,6124,4248,5623,7063,6674,3690,3926,4736,5375,7586,4830,4602,5637,4645,7272,7816,8779,5291,6370,6989,6850,7248,6384,8968,7645,5503,6453,7900,4343,5868,5649,7597,7423,3608,7427,5311,4953,5714,6529,7611,3835,7244,5239,3333,5634,4684,7196,4115,4514,6148,5586,5608,5145,7330,6927,8871,6650,5469,6904,4963,3060,14038
5134,6036,5598,5586,5952,3422,7172,371,3412,5287,5480,5264,6561,6869,2577,5748,4904,6643,5968,4441,4042,9484,6413,6124,4272,5582,7063,6651,3690,3910,4725,5375,7566,4794,4637,5649,4645,7272,7840,8753,5291,6370,6989,6832,7272,6384,8968,7669,5503,6453,7900,4343,5868,5649,7597,7423,3608,7427,5311,4953,5714,6529,7611,3835,7244,5239,3333,5634,4684,7172,4123,4514,6148,5586,5634,5145,7330,6934,8874,6634,5469,6904,4951,3075,14070
5134,6036,5598,5586,5952,3422,7172,371,3412,5287,5480,5264,6561,6869,2577,5748,4904,6643,5968,4441,4042,9484,6413,6124,4272,5582,7063,6651,3690,3910,4725,5375,7566,4794,4637,5649,4645,7272,7840,8753,5291,6370,6989,6832,7272,6384,8968,7669,5503,6453,7900,4354,5868,5634,7578,7406,3608,7401,5311,4929,5714,6504,7634,3814,7244,5239,3333,5634,4684,7213,4123,4514,6172,5586,5634,5121,7313,6948,8871,6634,5469,6904,4951,3075,14088
5134,6036,5622,5610,5952,3414,7213,350,3412,5287,5492,5264,6553,6885,2577,5774,4928,6643,5952,4430,4042,9505,6430,6124,4248,5582,7087,6651,3690,3910,4736,5375,7592,4830,4637,5649,4645,7272,7840,8753,5291,6370,6989,6832,7272,6384,8968,7669,5503,6453,7900,4354,5868,5634,7578,7406,3608,7401,5311,4929,5714,6504,7634,3814,7244,5239,3333,5634,4684,7213,4123,4514,6172,5586,5634,5121,7313,6948,8871,6634,5469,6904,4963,3037,14104
5134,6062,5622,5610,5952,3422,7196,371,3412,5287,5492,5264,6577,6869,2577,5774,4928,6643,5952,4430,4042,9505,6430,6124,4248,5582,7087,6651,3690,3910,4736,5375,7592,4830,4626,5649,4645,7296,7816,8756,5291,6355,6969,6850,7248,6384,8941,7645,5490,6432,7900,4354,5868,5623,7597,7423,3608,7401,5322,4953,5729,6529,7634,3835,7244,5239,3356,5649,4684,7196,4144,4514,6148,5586,5634,5145,7330,6948,8874,6650,5469,6904,4951,3067,14131
5134,6062,5622,5610,5952,3422,7196,371,3412,5287,5492,5264,6577,6869,2597,5748,4892,6619,5952,4417,4018,9484,6413,6124,4248,5596,7087,6651,3690,3910,4736,5375,7592,4841,4626,5649,4645,7296,7816,8756,5291,6355,6969,6850,7248,6384,8941,7645,5490,6432,7900,4354,5868,5623,7597,7423,3608,7401,5322,4953,5729,6529,7634,3835,7244,5239,3356,5649,4684,7196,4144,4514,6148,5586,5634,5145,7330,6948,8874,6650,5469,6904,4951,3067,14138
5134,6062,5622,5610,5952,3422,7196,371,3412,5287,5492,5264,6577,6869,2597,5748,4892,6619,5952,4417,4018,9484,6413,6124,4248,5596,7087,6651,3690,3910,4736,5375,7592,4841,4626,5617,4607,7272,7798,8730,5291,6370,6989,6850,7248,6384,8992,7669,5503,6453,7879,4354,5868,5608,7597,7423,3608,7401,5334,4918,5729,6529,7634,3835,7217,5263,3325,5634,4684,7196,4144,4514,6148,5610,5634,5145,7330,6948,8874,6650,5469,6904,4951,3067,14170
5113,6052,5598,5610,5952,3414,7213,371,3412,5263,5492,5278,6601,6885,2577,5774,4904,6627,5952,4441,4028,9484,6430,6124,4258,5608,7087,6651,3690,3910,4736,5375,7592,4841,4626,5617,4607,7272,7798,8730,5291,6370,6989,6850,7248,6384,8992,7669,5503,6453,7879,4354,5868,5608,7597,7423,3608,7401,5334,4918,5729,6529,7634,3835,7217,5263,3325,5634,4684,7196,4144,4514,6148,5610,5634,5145,7330,6948,8871,6650,5469,6904,4963,3060,14180
5113,6052,5598,5610,5952,3414,7213,371,3412,5263,5492,5278,6601,6885,2577,5774,4904,6627,5952,4441,4028,9484,6430,6124,4258,5608,7087,6658,3711,3910,4736,5362,7612,4805,4602,5649,4645,7272,7816,8753,5304,6370,6989,6850,7248,6384,8992,7669,5503,6453,7879,4354,5868,5608,7597,7423,3608,7401,5334,4918,5729,6529,7634,3835,7217,5263,3325,5634,4684,7196,4144,4514,6148,5610,5634,5145,7330,6948,8871,6650,5469,6904,4963,3060,14188
5113,6052,5598,5610,5952,3414,7213,371,3412,5263,5492,5278,6601,6885,2577,5774,4904,6627,5952,4441,4028,9484,6430,6124,4258,5608,7087,6658,3711,3910,4736,5362,7612,4805,4602,5649,4645,7272,7816,8753,5304,6370,6989,6850,7248,6384,8944,7645,5503,6453,7926,4377,5868,5623,7597,7423,3608,7427,5358,4953,5714,6529,7616,3835,7217,5239,3333,5661,4684,7196,4152,4514,6172,5586,5649,5169,7330,6948,8871,6650,5469,6904,4963,3060,14205
5134,6062,5622,5610,5952,3422,7213,350,3412,5287,5492,5384,6650,6885,2577,5748,4892,6643,5968,4417,4051,9484,6430,6124,4248,5608,7087,6658,3711,3910,4736,5362,7612,4805,4602,5649,4645,7272,7816,8753,5304,6370,6989,6850,7248,6384,8944,7645,5503,6453,7926,4377,5868,5623,7597,7423,3608,7427,5358,4953,5714,6529,7616,3835,7217,5239,3333,5661,4684,7196,4152,4514,6172,5586,5649,5169,7330,6948,8874,6650,5456,6878,4975,3067,14222
5134,6062,5622,5610,5952,3422,7213,350,3412,5287,5492,5384,6650,6885,2577,5748,4892,6643,5968,4417,4051,9484,6430,6124,4248,5608,7046,6635,3690,3910,4736,5399,7612,4805,4613,5628,4645,7272,7816,8753,5291,6346,6989,6850,7248,6384,8968,7645,5480,6453,7900,4354,5868,5608,7597,7423,3608,7427,5334,4953,5714,6529,7616,3806,7217,5239,3333,5634,4684,7213,4144,4514,6148,5586,5634,5145,7313,6948,8874,6650,5456,6878,4975,3067,14255
5134,6036,5608,5586,5952,3422,7196,350,3412,5287,5492,5238,6553,6885,2577,5774,4904,6619,5952,4441,4051,9484,6430,6124,4272,5582,7046,6635,3690,3910,4736,5399,7612,4805,4613,5628,4645,7272,7816,8753,5291,6346,6989,6850,7248,6384,8968,7645,5480,6453,7900,4354,5868,5608,7597,7423,3608,7427,5334,4953,5714,6529,7616,3806,7217,5239,3333,5634,4684,7213,4144,4514,6148,5586,5634,5145,7313,6948,8897,6650,5456,6904,4975,3060,14270
5134,6036,5608,5586,5952,3422,7196,350,3412,5287,5492,5238,6553,6885,2577,5774,4904,6619,5952,4441,4051,9484,6430,6124,4272,5582,7087,6635,3711,3937,4725,5375,7592,4830,4613,5628,4645,7296,7816,8756,5291,6370,6989,6868,7272,6384,9018,7645,5490,6453,7921,4354,5868,5649,7597,7423,3608,7401,5311,4953,5714,6504,7616,3814,7217,5239,3333,5676,4684,7213,4144,4540,6148,5586,5634,5169,7313,6913,8848,6610,5433,6878,4975,3060,14304
5102,5994,5571,5573,5910,3389,7172,329,3368,5238,5456,5211,6545,6901,2597,5774,4904,6643,5978,4441,4051,9504,6430,6124,4248,5582,7104,6674,3690,3937,4736,5362,7566,4830,4626,5628,4645,7272,7816,8756,5291,6370,6989,6868,7272,6384,9018,7645,5490,6453,7921,4354,5868,5649,7597,7423,3608,7401,5311,4953,5714,6504,7616,3814,7217,5239,3333,5676,4684,7213,4144,4540,6148,5586,5634,5169,7313,6913,8848,6610,5433,6878,4915,3037,14321
5144,6036,5598,5610,5978,3422,7213,350,3412,5287,5480,5238,6577,6885,2577,5774,4904,6643,5952,4417,4042,9484,6430,6124,4248,5582,7104,6674,3690,3937,4736,5362,7566,4830,4626,5628,4645,7272,7798,8730,5315,6346,6989,6850,7248,6384,8968,7645,5503,6453,7900,4377,5868,5608,7597,7423,3615,7427,5311,4929,5714,6529,7611,3814,7217,5239,3333,5634,4684,7213,4144,4514,6172,5610,5649,5169,7330,6962,8921,6674,5505,6923,4975,3067,14355
5134,6010,5598,5610,5978,3422,7213,350,3412,5287,5480,5238,6577,6885,2577,5774,4904,6643,5952,4417,4042,9484,6430,6100,4272,5608,7070,6651,3690,3937,4712,5388,7612,4830,4626,5628,4645,7296,7816,8753,5291,6346,7004,6850,7248,6384,8965,7669,5503,6453,7900,4354,5868,5623,7597,7406,3615,7427,5334,4953,5729,6529,7634,3842,7244,5263,3333,5634,4684,7213,4135,4514,6148,5573,5649,5145,7330,6948,8897,6650,5469,6904,4975,3037,14387
5134,6010,5622,5597,5952,3398,7196,371,3412,5287,5492,5264,6577,6869,2577,5748,4904,6627,5952,4430,4042,9484,6430,6124,4248,5582,7087,6635,3690,3910,4736,5375,7566,4830,4637,5628,4645,7272,7816,8753,5291,6346,7004,6850,7248,6384,8965,7669,5503,6453,7900,4354,5868,5623,7597,7406,3615,7427,5334,4953,5729,6529,7634,3842,7244,5263,3333,5634,4684,7213,4135,4514,6148,5573,5649,5145,7330,6948,8897,6650,5469,6904,4975,3037,14404
5134,6010,5622,5597,5952,3398,7196,371,3412,5287,5492,5264,6577,6869,2577,5748,4904,6627,5952,4430,4042,9484,6430,6124,4248,5582,7087,6635,3690,3910,4736,5375,7566,4830,4637,5628,4645,7272,7816,8753,5291,6346,6969,6850,7231,6384,8968,7645,5490,6453,7900,4354,5845,5649,7597,7423,3608,7401,5334,4953,5755,6529,7593,3835,7217,5239,3333,5649,4684,7172,4135,4514,6148,5573,5649,5145,7330,6948,8897,6650,5469,6904,4975,3037,14420
5113,6036,5598,5610,5968,3422,7196,350,3412,5287,5469,5278,6553,6885,2582,5748,4904,6643,5968,4452,4051,9484,6430,6100,4248,5582,7087,6635,3690,3900,4701,5375,7566,4854,4613,5628,4645,7272,7816,8779,5291,6323,6969,6850,7272,6384,8968,7645,5490,6453,7879,4330,5868,5608,7597,7423,3608,7401,5334,4953,5755,6529,7593,3835,7217,5239,3333,5649,4684,7172,4144,4514,6148,5586,5634,5145,7313,6948,8897,6650,5469,6904,4951,3084,14454
5134,6036,5598,5610,5968,3422,7196,350,3412,5287,5469,5278,6553,6885,2582,5748,4904,6643,5968,4452,4051,9484,6430,6100,4248,5582,7087,6635,3690,3900,4701,5375,7566,4854,4613,5628,4645,7272,7816,8779,5291,6323,6969,6850,7272,6384,8968,7645,5490,6453,7879,4330,5868,5608,7578,7406,3608,7427,5311,4929,5714,6513,7634,3835,7244,5239,3333,5649,4697,7213,4144,4514,6148,5586,5649,5121,7330,6927,8871,6650,5469,6904,4975,3067,14470
5134,6036,5622,5610,5978,3422,7213,350,3412,5287,5492,5278,6577,6869,2597,5774,4904,6643,5952,4441,4018,9484,6430,6085,4248,5582,7070,6651,3690,3910,4736,5399,7566,4830,4613,5628,4645,7272,7816,8779,5291,6323,6969,6850,7272,6384,8968,7645,5490,6453,7879,4330,5868,5608,7578,7406,3608,7427,5311,4929,5714,6513,7634,3835,7244,5239,3333,5649,4697,7213,4144,4514,6148,5586,5649,5121,7330,6927,8871,6650,5469,6904,4975,3067,14488
5113,6036,5622,5610,5978,3430,7213,350,3412,5287,5492,5264,6569,6869,2597,5774,4904,6643,5952,4441,4018,9484,6430,6085,4248,5582,7070,6651,3690,3910,4736,5399,7566,4830,4626,5628,4645,7296,7816,8730,5291,6308,7010,6868,7248,6384,8968,7621,5490,6453,7879,4354,5854,5608,7572,7400,3615,7401,5298,4929,5729,6545,7616,3806,7198,5239,3356,5634,4684,7213,4144,4526,6148,5586,5634,5158,7330,6948,8871,6650,5469,6923,4975,3060,14520
5113,6036,5622,5610,5978,3430,7213,350,3412,5287,5492,5264,6569,6869,2577,5748,4904,6643,5978,4428,4051,9484,6404,6100,4248,5582,7128,6627,3690,3937,4736,5375,7612,4866,4602,5628,4607,7248,7816,8730,5266,6323,7010,6876,7248,6384,8968,7621,5490,6453,7879,4354,5854,5608,7572,7400,3615,7401,5298,4929,5729,6545,7616,3806,7198,5239,3356,5634,4684,7213,4144,4526,6148,5586,5634,5158,7330,6948,8871,6650,5469,6923,4975,3060,14538
5144,6010,5622,5573,5968,3422,7213,371,3403,5287,5492,5251,6553,6869,2577,5774,4928,6643,5968,4441,4051,9484,6430,6100,4272,5596,7087,6674,3711,3937,4736,5375,7612,4866,4602,5628,4607,7248,7816,8730,5266,6323,7010,6876,7248,6384,8968,7664,5490,6453,7900,4354,5882,5623,7597,7406,3608,7427,5311,4953,5729,6529,7616,3835,7217,5239,3356,5661,4684,7213,4144,4514,6148,5573,5608,5121,7330,6934,8871,6650,5469,6904,4951,3060,14570
5134,6020,5598,5610,5994,3422,7213,350,3412,5287,5492,5238,6529,6885,2577,5774,4928,6643,5968,4441,4051,9484,6430,6100,4272,5596,7087,6674,3711,3937,4725,5375,7612,4830,4602,5649,4645,7272,7816,8779,5291,6346,6969,6850,7248,6384,8968,7645,5490,6432,7900,4354,5868,5623,7597,7406,3608,7401,5334,4929,5714,6529,7634,3835,7217,5239,3333,5649,4695,7236,4144,4514,6172,5610,5649,5169,7330,6948,8897,6650,5469,6904,4951,3060,14604
5134,6020,5598,5610,5994,3422,7213,350,3412,5287,5492,5238,6529,6885,2577,5748,4928,6643,5952,4417,4051,9484,6430,6124,4248,5623,7111,6635,3711,3937,4736,5399,7612,4854,4637,5649,4645,7296,7816,8730,5291,6323,7024,6850,7248,6384,8992,7645,5503,6453,7900,4354,5868,5608,7597,7406,3608,7401,5311,4953,5714,6529,7634,3814,7217,5239,3333,5634,4684,7213,4144,4514,6148,5586,5649,5158,7306,6927,8897,6650,5469,6904,4951,3060,14637
5134,6036,5598,5610,5994,3430,7213,350,3412,5287,5492,5278,6553,6869,2577,5774,4904,6643,5952,4452,4042,9484,6430,6109,4272,5623,7111,6635,3711,3937,4736,5399,7612,4854,4637,5649,4645,7296,7816,8730,5291,6323,7024,6850,7248,6384,8992,7645,5503,6453,7900,4354,5868,5608,7597,7406,3608,7401,5311,4953,5714,6529,7634,3814,7217,5239,3333,5634,4684,7213,4144,4514,6148,5586,5649,5158,7306,6927,8871,6650,5469,6923,4963,3067,14654
5134,6036,5598,5610,5968,3422,7213,371,3412,5287,5492,5278,6553,6869,2577,5774,4904,6643,5952,4452,4042,9484,6430,6109,4272,5623,7111,6635,3711,3937,4736,5375,7592,4878,4637,5628,4645,7272,7793,8753,5304,6323,7010,6868,7248,6384,8992,7664,5490,6432,7900,4354,5868,5623,7572,7383,3608,7401,5311,4953,5729,6504,7634,3835,7236,5239,3356,5649,4684,7213,4144,4514,6148,5586,5649,5145,7330,6948,8897,6650,5469,6923,4963,3060,14688
5134,6036,5598,5610,5968,3422,7213,371,3412,5287,5480,5411,6666,6885,2577,5748,4904,6643,5952,4393,4042,9484,6447,6124,4248,5582,7087,6651,3711,3910,4725,5375,7592,4866,4626,5628,4619,7272,7816,8730,5291,6285,7010,6868,7248,6384,8992,7664,5490,6432,7900,4354,5868,5623,7572,7383,3608,7401,5311,4953,5729,6504,7634,3835,7236,5239,3356,5649,4684,7213,4144,4514,6148,5586,5649,5145,7330,6948,8897,6650,5469,6923,4963,3060,14704
5134,6020,5584,5573,5994,3430,7213,371,3412,5287,5492,5225,6553,6869,2577,5774,4916,6643,5952,4428,4018,9484,6447,6124,4248,5582,7087,6651,3711,3910,4725,5375,7592,4866,4626,5628,4619,7272,7816,8730,5291,6285,7010,6824,7248,6384,8968,7664,5503,6453,7900,4377,5845,5623,7572,7423,3608,7427,5334,4929,5714,6520,7634,3814,7198,5239,3356,5676,4695,7196,4123,4488,6148,5573,5649,5145,7313,6927,8871,6650,5492,6904,4975,3084,14737
5134,6020,5584,5573,5994,3430,7213,371,3412,5287,5492,5225,6553,6869,2577,5774,4916,6643,5952,4428,4018,9484,6404,6100,4248,5596,7087,6635,3711,3910,4736,5375,7586,4854,4602,5628,4645,7272,7816,8753,5304,6323,6989,6868,7272,6384,8968,7664,5503,6453,7921,4354,5868,5623,7597,7406,3600,7401,5334,4929,5714,6520,7634,3814,7198,5239,3356,5676,4695,7196,4123,4488,6148,5573,5649,5145,7313,6927,8871,6650,5492,6904,4975,3084,14754
5113,6036,5598,5610,5978,3422,7196,350,3385,5287,5480,5238,6553,6869,2577,5748,4904,6619,5968,4441,4042,9484,6430,6100,4238,5582,7087,6635,3719,3937,4712,5375,7566,4854,4613,5649,4619,7272,7816,8753,5304,6323,6989,6868,7272,6384,8968,7664,5503,6453,7921,4354,5868,5623,7597,7406,3600,7401,5322,4918,5714,6529,7616,3814,7217,5239,3348,5634,4684,7172,4123,4476,6148,5586,5623,5145,7330,6948,8897,6650,5446,6923,4951,3060,14787
5134,6036,5598,5610,5968,3422,7213,351,3412,5287,5492,5251,6569,6869,2577,5748,4904,6643,5994,4452,4051,9484,6430,6100,4238,5582,7087,6635,3719,3937,4712,5375,7566,4854,4613,5649,4619,7272,7798,8753,5266,6308,6989,6850,7272,6408,8968,7664,5490,6453,7900,4354,5868,5623,7572,7423,3600,7427,5334,4929,5729,6520,7593,3835,7217,5239,3333,5649,4695,7196,4123,4526,6148,5586,5649,5145,7330,6948,8897,6650,5469,6904,4963,3067,14821
5134,5994,5598,5610,5968,3422,7213,351,3412,5287,5492,5251,6569,6869,2577,5748,4904,6643,5994,4452,4051,9484,6413,6100,4248,5596,7128,6651,3739,3937,4736,5375,7586,4866,4637,5617,4631,7272,7816,8730,5304,6323,6989,6850,7248,6384,8965,7639,5503,6453,7900,4354,5868,5623,7591,7406,3615,7427,5322,4929,5755,6520,7634,3814,7217,5239,3333,5649,4695,7196,4144,4488,6148,5586,5649,5133,7330,6948,8871,6650,5469,6923,4927,3060,14854
5134,5994,5622,5610,5994,3414,7196,350,3412,5287,5492,5278,6553,6869,2572,5748,4904,6643,5952,4441,4018,9484,6413,6109,4248,5608,7111,6627,3739,3937,4736,5362,7586,4830,4626,5628,4645,7272,7816,8730,5291,6323,7010,6850,7272,6384,8992,7645,5490,6453,7900,4354,5868,5634,7597,7423,3608,7401,5334,4929,5714,6504,7616,3814,7217,5226,3309,5634,4695,7213,4144,4488,6148,5586,5649,5133,7330,6948,8871,6650,5469,6923,4927,3060,14887
5134,6020,5622,5597,5994,3422,7172,350,3403,5287,5492,5251,6569,6869,2582,5759,4904,6643,5968,4452,4051,9484,6430,6124,4248,5582,7087,6635,3690,3937,4736,5375,7606,4866,4637,5649,4645,7272,7816,8703,5266,6308,7010,6876,7248,6384,8992,7682,5490,6453,7900,4330,5868,5608,7597,7423,3608,7401,5334,4929,5714,6504,7616,3814,7217,5226,3309,5634,4695,7213,4144,4488,6148,5586,5634,5169,7313,6927,8897,6650,5469,6923,4963,3060,14921
5113,6010,5598,5610,5994,3430,7172,371,3412,5287,5505,5251,6569,6885,2577,5748,4904,6619,5968,4441,4051,9484,6430,6124,4248,5596,7153,6658,3711,3910,4725,5375,7606,4866,4637,5649,4645,7272,7816,8703,5266,6308,7010,6876,7248,6384,8992,7682,5490,6453,7900,4330,5868,5608,7597,7406,3608,7401,5334,4918,5729,6504,7616,3814,7217,5239,3333,5661,4671,7196,4144,4514,6148,5586,5634,5133,7330,6948,8897,6650,5469,6878,4951,3067,14954
5113,6036,5622,5610,6021,3430,7196,350,3412,5287,5492,5251,6553,6869,2577,5748,4904,6619,5968,4441,4051,9484,6430,6124,4248,5596,7153,6658,3711,3910,4725,5375,7606,4866,4626,5649,4645,7272,7816,8753,5304,6308,7010,6850,7272,6384,9015,7645,5503,6453,7900,4377,5868,5649,7615,7423,3608,7401,5311,4929,5729,6520,7611,3814,7217,5239,3356,5676,4684,7219,4144,4476,6148,5586,5623,5145,7330,6948,8871,6650,5469,6923,4975,3067,14987
5113,6036,5622,5610,6021,3430,7196,350,3412,5287,5492,5251,6553,6869,2577,5774,4904,6643,5968,4428,4051,9484,6413,6124,4238,5596,7104,6651,3711,3937,4736,5375,7586,4830,4637,5640,4633,7296,7816,8753,5304,6299,7010,6850,7248,6384,8968,7664,5490,6432,7900,4377,5868,5649,7615,7423,3608,7401,5311,4929,5729,6520,7611,3814,7217,5239,3356,5676,4684,7219,4144,4476,6148,5586,5623,5145,7330,6948,8871,6650,5469,6923,4975,3067,15005
5134,6036,5622,5610,5994,3430,7172,350,3412,5274,5492,5278,6553,6869,2577,5774,4940,6643,5968,4417,4042,9484,6430,6109,4248,5596,7128,6658,3711,3947,4748,5375,7612,4866,4637,5640,4633,7296,7816,8753,5304,6299,7010,6850,7248,6384,8968,7664,5490,6432,7900,4354,5868,5623,7591,7406,3608,7401,5311,4929,5729,6545,7616,3814,7217,5239,3333,5634,4695,7213,4123,4488,6148,5586,5649,5145,7313,6927,8871,6626,5469,6923,4963,3067,15038
5113,5994,5598,5610,5994,3422,7189,351,3438,5287,5492,5251,6553,6885,2577,5774,4940,6643,5968,4417,4042,9484,6430,6109,4248,5596,7128,6658,3711,3947,4748,5375,7612,4866,4626,5628,4645,7272,7816,8730,5304,6308,6989,6850,7248,6384,8965,7639,5490,6453,7900,4354,5868,5596,7615,7406,3608,7401,5334,4953,5755,6504,7616,3835,7217,5239,3333,5634,4695,7196,4135,4514,6148,5586,5649,5158,7313,6948,8871,6650,5492,6896,4951,3067,15071
5113,5994,5598,5610,5994,3422,7189,351,3438,5287,5492,5251,6553,6885,2577,5748,4904,6643,5978,4417,4042,9484,6413,6109,4248,5582,7070,6658,3711,3910,4712,5375,7606,4854,4626,5649,4645,7296,7816,8753,5304,6308,6995,6850,7272,6384,8965,7639,5490,6453,7900,4354,5868,5596,7615,7406,3608,7401,5334,4953,5755,6504,7616,3835,7217,5239,3333,5634,4695,7196,4135,4514,6148,5586,5649,5158,7313,6948,8871,6650,5492,6896,4951,3067,15088
5113,5994,5598,5610,5994,3422,7189,351,3438,5287,5492,5251,6553,6885,2577,5748,4904,6643,5978,4417,4042,9484,6413,6109,4248,5582,7070,6658,3711,3910,4712,5375,7606,4854,4626,5649,4645,7296,7816,8753,5304,6308,6995,6850,7272,6384,8941,7639,5490,6432,7900,4354,5868,5623,7591,7406,3608,7408,5334,4929,5729,6520,7634,3835,7217,5239,3325,5661,4684,7196,4144,4488,6148,5586,5649,5158,7313,6927,8897,6650,5469,6878,4951,3067,15104
5134,6036,5598,5610,5994,3430,7172,349,3412,5287,5492,5251,6545,6885,2577,5774,4916,6619,5952,4452,4018,9484,6404,6124,4248,5570,7128,6651,3711,3921,4748,5375,7586,4890,4637,5661,4645,7272,7816,8726,5304,6285,6989,6832,7224,6370,8992,7664,5503,6453,7900,4354,5868,5623,7591,7429,3608,7401,5334,4929,5729,6520,7634,3835,7217,5239,3325,5661,4684,7196,4144,4488,6148,5586,5649,5158,7313,6927,8897,6650,5469,6878,4963,3067,15137
5134,6036,5598,5597,6021,3406,7213,350,3412,5287,5492,5264,6553,6869,2577,5774,4892,6643,5968,4417,4018,9484,6430,6124,4258,5596,7087,6651,3711,3900,4712,5375,7566,4866,4602,5649,4645,7248,7816,8753,5291,6285,6989,6850,7248,6384,8992,7664,5503,6453,7900,4354,5868,5623,7591,7429,3608,7401,5334,4929,5729,6520,7593,3814,7217,5239,3333,5649,4671,7236,4152,4514,6148,5550,5649,5133,7313,6927,8897,6626,5469,6870,4963,3067,15170
5134,6036,5598,5597,6021,3406,7213,350,3412,5287,5492,5264,6553,6869,2577,5774,4892,6643,5968,4417,4018,9484,6430,6124,4258,5596,7087,6651,3711,3900,4712,5375,7566,4866,4602,5649,4645,7248,7816,8753,5291,6285,6989,6850,7248,6384,8992,7621,5490,6453,7900,4354,5854,5623,7597,7429,3608,7401,5311,4929,5729,6504,7616,3835,7198,5226,3333,5649,4684,7236,4144,4488,6148,5586,5649,5133,7313,6927,8897,6626,5469,6870,4963,3067,15187
5113,6036,5598,5610,6021,3422,7172,350,3412,5287,5492,5264,6553,6869,2577,5732,4928,6643,5952,4417,4042,9484,6430,6100,4248,5596,7087,6651,3711,3900,4712,5375,7566,4866,4602,5649,4645,7248,7816,8753,5291,6285,6989,6850,7248,6384,8992,7621,5490,6453,7900,4354,5854,5623,7597,7429,3608,7401,5311,4929,5729,6504,7616,3835,7198,5226,3333,5649,4684,7236,4144,4488,6148,5586,5608,5145,7330,6927,8897,6626,5469,6896,4951,3060,15204
5134,6036,5598,5610,6021,3430,7172,350,3412,5287,5492,5264,6553,6869,2577,5732,4928,6643,5952,4417,4042,9484,6430,6100,4248,5596,7111,6635,3711,3910,4725,5375,7586,4890,4626,5628,4645,7272,7816,8726,5304,6308,6989,6850,7248,6384,8965,7639,5490,6453,7900,4354,5868,5596,7615,7423,3608,7447,5334,4918,5714,6504,7611,3814,7217,5239,3333,5649,4684,7236,4144,4526,6148,5586,5649,5133,7313,6927,8871,6626,5469,6896,4963,3067,15237
5134,6036,5598,5610,6021,3430,7196,371,3412,5287,5492,5238,6553,6869,2582,5748,4928,6643,5968,4417,4042,9505,6430,6115,4272,5596,7128,6674,3711,3910,4736,5375,7586,4890,4602,5628,4645,7272,7816,8703,5304,6285,7010,6850,7248,6384,8965,7621,5490,6453,7874,4343,5845,5623,7591,7423,3608,7401,5311,4906,5702,6520,7593,3814,7217,5239,3302,5649,4671,7219,4123,4514,6133,5563,5649,5133,7313,6927,8871,6626,5469,6896,4963,3067,15270
5134,6036,5622,5610,6021,3430,7196,350,3412,5287,5492,5251,6545,6885,2582,5774,4904,6619,5968,4452,4042,9484,6430,6115,4272,5596,7128,6674,3711,3910,4736,5375,7586,4890,4602,5628,4645,7272,7816,8703,5304,6285,7010,6850,7248,6384,8965,7621,5490,6453,7874,4343,5845,5623,7591,7423,3608,7401,5311,4906,5702,6520,7593,3814,7217,5239,3302,5649,4671,7219,4123,4514,6133,5563,5634,5158,7313,6942,8897,6650,5469,6896,4963,3060,15287
5134,6036,5622,5610,6021,3430,7196,350,3412,5287,5492,5251,6545,6885,2582,5774,4904,6619,5968,4452,4042,9484,6413,6124,4238,5596,7104,6651,3731,3910,4736,5375,7586,4866,4613,5628,4645,7272,7816,8753,5304,6323,6989,6850,7255,6384,8941,7639,5490,6453,7900,4354,5845,5649,7591,7423,3608,7401,5311,4906,5702,6520,7593,3814,7217,5239,3302,5649,4671,7219,4123,4514,6133,5563,5634,5158,7313,6942,8897,6650,5469,6896,4963,3060,15297
5144,6036,5598,5610,6021,3422,7196,350,3412,5287,5492,5251,6545,6885,2582,5774,4904,6619,5968,4452,4042,9484,6413,6124,4238,5596,7104,6651,3731,3910,4736,5375,7586,4866,4613,5628,4645,7272,7816,8753,5304,6323,6989,6850,7255,6384,8941,7639,5490,6453,7900,4354,5845,5649,7591,7423,3628,7427,5311,4929,5729,6520,7616,3835,7236,5239,3325,5649,4671,7219,4152,4514,6148,5586,5623,5145,7336,6927,8871,6626,5469,6896,4951,3060,15322
5144,6036,5598,5610,6021,3422,7196,371,3412,5287,5492,5265,6593,6885,2577,5789,4904,6643,5968,4428,4042,9484,6430,6124,4248,5596,7128,6635,3711,3937,4736,5375,7606,4866,4626,5649,4645,7272,7816,8753,5304,6323,6989,6850,7272,6384,8965,7639,5490,6453,7900,4354,5868,5623,7615,7423,3615,7401,5334,4929,5729,6496,7611,3814,7217,5263,3333,5649,4660,7219,4152,4514,6148,5586,5623,5145,7336,6927,8871,6626,5469,6896,4951,3060,15354
5134,6036,5598,5610,6021,3430,7172,371,3412,5287,5492,5251,6569,6885,2603,5774,4928,6643,5968,4452,4051,9484,6404,6100,4248,5596,7128,6651,3719,3937,4736,5375,7586,4890,4602,5628,4645,7272,7798,8753,5279,6299,6989,6850,7248,6384,8992,7664,5514,6453,7900,4343,5868,5623,7615,7423,3615,7401,5334,4929,5729,6496,7611,3814,7217,5263,3333,5649,4660,7219,4123,4488,6148,5586,5649,5158,7313,6948,8848,6626,5469,6896,4987,3060,15389
5123,6036,5622,5586,6021,3406,7189,350,3412,5263,5492,5251,6569,6885,2603,5774,4928,6643,5968,4452,4051,9484,6404,6100,4248,5596,7128,6651,3719,3937,4736,5375,7586,4890,4602,5628,4645,7272,7798,8753,5279,6299,6989,6850,7248,6384,8992,7664,5514,6453,7900,4343,5868,5623,7572,7423,3608,7382,5322,4929,5729,6520,7611,3835,7217,5239,3309,5649,4695,7219,4123,4514,6148,5573,5623,5121,7313,6927,8871,6634,5456,6878,4951,3060,15407
5123,6036,5622,5586,6021,3406,7189,350,3412,5263,5480,5278,6553,6869,2577,5774,4904,6619,5968,4428,4051,9484,6430,6124,4272,5596,7128,6651,3711,3937,4736,5375,7586,4890,4637,5628,4645,7296,7816,8753,5304,6299,7010,6868,7248,6384,8992,7664,5503,6453,7900,4377,5868,5623,7572,7406,3608,7401,5311,4929,5729,6520,7611,3822,7217,5263,3333,5676,4695,7219,4123,4514,6148,5573,5623,5121,7313,6927,8871,6634,5456,6878,4951,3060,15437
5113,6036,5598,5610,6021,3406,7189,350,3403,5287,5492,5278,6577,6885,2577,5774,4916,6643,5968,4417,4042,9484,6430,6124,4248,5596,7128,6651,3711,3937,4736,5375,7586,4890,4637,5628,4645,7296,7816,8753,5304,6299,7010,6868,7248,6384,8992,7664,5503,6453,7900,4377,5868,5623,7572,7406,3608,7401,5311,4929,5729,6520,7611,3822,7217,5263,3333,5676,4695,7219,4123,4514,6148,5586,5649,5133,7330,6948,8897,6650,5482,6923,4963,3067,15455
5113,6036,5598,5610,6021,3406,7189,350,3403,5287,5492,5278,6577,6885,2577,5774,4916,6643,5968,4417,4042,9484,6430,6124,4248,5596,7111,6651,3731,3921,4725,5375,7586,4890,4637,5628,4645,7272,7816,8753,5317,6323,7010,6850,7248,6384,8965,7664,5514,6453,7900,4354,5868,5638,7572,7423,3608,7401,5334,4929,5744,6496,7593,3814,7263,5239,3364,5649,4671,7259,4123,4488,6148,5610,5649,5158,7330,6927,8871,6650,5456,6896,4963,3067,15488
5134,6036,5611,5610,6021,3398,7172,350,3412,5263,5469,5292,6569,6845,2577,5774,4904,6604,5968,4452,4051,9505,6447,6100,4248,5596,7128,6635,3711,3910,4736,5375,7586,4890,4637,5628,4631,7272,7816,8730,5279,6285,7010,6868,7248,6384,8965,7639,5514,6453,7900,4354,5868,5623,7615,7423,3608,7401,5298,4929,5729,6520,7593,3814,7263,5239,3364,5649,4671,7259,4123,4488,6148,5610,5649,5158,7330,6927,8871,6650,5456,6896,4951,3060,15513
5134,6036,5611,5610,6021,3398,7172,350,3412,5263,5469,5292,6569,6845,2577,5774,4904,6604,5968,4452,4051,9505,6447,6100,4248,5596,7128,6635,3711,3910,4736,5375,7586,4890,4637,5628,4631,7272,7816,8730,5279,6285,7010,6868,7248,6384,8965,7639,5514,6453,7900,4354,5868,5623,7615,7423,3608,7401,5298,4929,5729,6520,7593,3814,7217,5239,3333,5649,4695,7236,4144,4514,6172,5586,5649,5170,7330,6927,8897,6650,5469,6896,4951,3060,15522
5134,6036,5622,5610,6021,3406,7189,350,3438,5287,5492,5278,6569,6885,2577,5774,4904,6604,5968,4452,4051,9505,6447,6100,4248,5596,7128,6635,3711,3910,4736,5375,7586,4890,4637,5628,4631,7272,7816,8730,5279,6285,7010,6868,7248,6384,8965,7639,5514,6453,7900,4354,5868,5623,7615,7423,3608,7401,5298,4929,5729,6520,7593,3814,7217,5239,3333,5649,4695,7236,4144,4514,6172,5586,5649,5170,7330,6927,8897,6650,5469,6896,4963,3067,15528
5134,6036,5622,5610,6021,3406,7189,350,3438,5287,5492,5278,6569,6885,2577,5774,4928,6643,5968,4452,4051,9484,6430,6124,4272,5596,7128,6666,3731,3910,4736,5375,7606,4890,4637,5628,4645,7296,7816,8776,5304,6323,7030,6868,7272,6384,8965,7639,5514,6453,7900,4354,5868,5623,7615,7423,3608,7401,5298,4929,5729,6520,7593,3814,7217,5239,3333,5649,4695,7236,4144,4514,6172,5586,5649,5170,7330,6927,8897,6650,5469,6896,4963,3067,15555
5134,6036,5622,5610,6021,3406,7189,350,3438,5287,5492,5278,6569,6885,2577,5774,4928,6643,5968,4452,4051,9484,6430,6124,4272,5596,7128,6666,3731,3910,4736,5375,7606,4890,4637,5628,4645,7296,7816,8776,5304,6323,7030,6868,7272,6384,9015,7658,5526,6453,7900,4377,5868,5623,7591,7406,3608,7427,5334,4929,5729,6536,7593,3814,7217,5263,3333,5676,4684,7259,4144,4514,6148,5586,5649,5158,7330,6948,8897,6650,5492,6896,4963,3067,15572
5134,6036,5622,5610,6047,3430,7213,350,3421,5287,5492,5251,6609,6885,2577,5800,4928,6619,5968,4452,4051,9484,6404,6124,4248,5623,7111,6651,3731,3910,4736,5375,7612,4890,4613,5640,4645,7272,7816,8776,5304,6299,7004,6868,7272,6384,8989,7664,5526,6453,7900,4354,5868,5638,7615,7447,3608,7401,5334,4929,5755,6536,7593,3814,7217,5263,3333,5676,4684,7259,4144,4514,6148,5586,5649,5158,7330,6948,8897,6650,5492,6896,4963,3091,15604
5144,6036,5598,5610,6021,3398,7213,350,3412,5287,5492,5278,6569,6885,2577,5800,4904,6619,5968,4452,4042,9484,6430,6124,4248,5638,7128,6690,3739,3910,4736,5375,7606,4890,4637,5628,4657,7272,7816,8753,5291,6299,7004,6868,7272,6384,8989,7664,5526,6453,7900,4354,5868,5638,7615,7447,3608,7401,5334,4929,5755,6536,7616,3835,7217,5239,3333,5676,4684,7259,4144,4514,6172,5586,5649,5145,7330,6927,8897,6650,5469,6896,4963,3067,15638
5113,6010,5598,5586,6021,3430,7189,351,3412,5263,5492,5292,6569,6885,2577,5748,4928,6643,5968,4452,4051,9524,6447,6100,4272,5596,7128,6690,3739,3910,4736,5375,7606,4890,4637,5628,4657,7272,7816,8753,5291,6299,7010,6850,7248,6384,8992,7664,5490,6453,7900,4354,5868,5596,7591,7406,3608,7401,5311,4929,5729,6496,7593,3814,7217,5263,3333,5649,4695,7219,4132,4488,6148,5586,5649,5121,7289,6927,8871,6626,5469,6896,4927,3060,15664
5113,6010,5598,5586,6021,3430,7189,351,3412,5263,5492,5292,6569,6885,2577,5748,4928,6643,5968,4452,4051,9524,6447,6100,4272,5596,7111,6651,3711,3937,4701,5375,7586,4878,4602,5628,4645,7272,7816,8753,5304,6299,7010,6850,7272,6384,8965,7639,5503,6453,7900,4354,5868,5623,7591,7464,3608,7401,5311,4929,5729,6496,7593,3814,7217,5263,3333,5649,4695,7219,4132,4488,6148,5586,5649,5121,7289,6927,8871,6626,5469,6896,4927,3060,15678
5134,6036,5622,5586,6021,3422,7172,350,3412,5250,5492,5292,6569,6885,2577,5748,4928,6643,5968,4452,4051,9524,6447,6100,4272,5596,7111,6651,3711,3937,4701,5375,7586,4878,4602,5628,4645,7272,7816,8753,5304,6299,7010,6850,7272,6384,8965,7639,5503,6453,7900,4354,5868,5623,7591,7464,3608,7401,5311,4929,5702,6520,7593,3835,7217,5239,3325,5649,4695,7242,4123,4514,6148,5586,5649,5133,7313,6942,8871,6650,5469,6896,4963,3067,15705
5134,6036,5622,5586,6021,3422,7172,350,3412,5250,5492,5251,6593,6861,2597,5789,4904,6643,5968,4439,4051,9484,6430,6100,4248,5596,7128,6651,3739,3947,4736,5399,7586,4890,4613,5628,4645,7296,7816,8726,5304,6299,7010,6868,7231,6384,8989,7664,5503,6453,7900,4354,5868,5649,7634,7470,3615,7401,5334,4953,5729,6520,7611,3822,7217,5239,3333,5649,4660,7236,4123,4514,6148,5586,5649,5133,7313,6942,8871,6650,5469,6896,4963,3067,15738
5113,6036,5598,5610,6047,3454,7213,351,3412,5287,5492,5278,6569,6885,2577,5774,4928,6643,5968,4452,4028,9484,6430,6100,4248,5596,7128,6651,3739,3947,4736,5399,7586,4890,4613,5628,4645,7296,7816,8726,5304,6299,7010,6868,7231,6384,8989,7664,5503,6453,7900,4354,5868,5649,7634,7470,3615,7401,5334,4953,5729,6520,7611,3822,7217,5239,3333,5649,4660,7236,4115,4488,6148,5586,5638,5158,7306,6927,8921,6650,5469,6896,4963,3067,15755
5113,6036,5598,5610,6047,3454,7213,351,3412,5287,5492,5278,6569,6885,2577,5774,4928,6643,5968,4452,4028,9484,6404,6124,4272,5596,7128,6651,3731,3910,4712,5375,7586,4890,4613,5661,4657,7272,7816,8776,5304,6323,6989,6850,7272,6408,8965,7682,5514,6453,7900,4354,5868,5623,7597,7470,3615,7427,5334,4953,5729,6520,7611,3822,7217,5239,3333,5649,4660,7236,4115,4488,6148,5586,5638,5158,7306,6927,8921,6650,5469,6896,4963,3067,15772
5134,6036,5611,5610,6021,3454,7213,351,3412,5287,5492,5278,6569,6885,2577,5774,4928,6643,5968,4452,4028,9484,6404,6124,4272,5596,7128,6651,3731,3910,4712,5375,7586,4890,4613,5661,4657,7272,7816,8776,5304,6323,6989,6850,7272,6408,8965,7682,5514,6453,7900,4354,5868,5623,7597,7470,3615,7427,5311,4953,5755,6504,7616,3793,7191,5263,3333,5691,4671,7219,4132,4514,6172,5586,5649,5158,7330,6948,8871,6650,5469,6896,4963,3084,15788
5134,6036,5611,5610,6021,3454,7172,350,3438,5287,5492,5265,6569,6901,2597,5774,4904,6643,5968,4452,4051,9504,6404,6124,4248,5611,7128,6651,3739,3910,4736,5375,7586,4890,4613,5628,4645,7272,7816,8753,5291,6323,6989,6850,7272,6408,8965,7682,5514,6453,7900,4354,5868,5623,7597,7470,3615,7427,5311,4953,5755,6504,7616,3793,7191,5263,3333,5691,4671,7219,4132,4514,6172,5586,5649,5158,7330,6948,8871,6650,5469,6896,4963,3084,15805
5134,6036,5611,5610,6021,3454,7172,350,3438,5287,5492,5265,6569,6901,2597,5774,4904,6643,5968,4452,4051,9504,6404,6124,4248,5611,7128,6651,3739,3910,4736,5375,7586,4890,4613,5628,4645,7272,7816,8753,5291,6323,7010,6850,7272,6384,8965,7639,5467,6453,7900,4354,5868,5623,7591,7470,3608,7401,5334,4929,5729,6520,7611,3835,7244,5239,3333,5691,4671,7236,4132,4514,6172,5586,5649,5158,7330,6948,8871,6650,5469,6896,4963,3084,15820
5113,6036,5598,5610,6021,3430,7189,350,3412,5287,5492,5251,6569,6861,2577,5774,4904,6643,5984,4452,4051,9484,6447,6100,4248,5611,7111,6651,3731,3921,4736,5375,7586,4866,4637,5628,4645,7272,7816,8753,5317,6323,6989,6850,7248,6384,8965,7664,5490,6453,7900,4354,5868,5623,7591,7470,3608,7401,5334,4929,5729,6520,7611,3835,7244,5239,3333,5691,4671,7236,4144,4514,6133,5586,5649,5158,7330,6927,8897,6626,5469,6896,4951,3067,15854
5113,6036,5598,5610,6021,3430,7189,371,3412,5287,5492,5251,6569,6845,2577,5800,4904,6643,5968,4452,4051,9484,6430,6100,4248,5596,7104,6627,3724,3937,4712,5375,7586,4890,4637,5628,4645,7272,7816,8753,5317,6323,6989,6850,7248,6384,8965,7664,5490,6453,7900,4354,5854,5638,7597,7429,3608,7421,5334,4929,5729,6504,7634,3814,7217,5263,3333,5676,4671,7236,4144,4514,6148,5586,5623,5158,7330,6927,8897,6650,5469,6896,4951,3091,15887
5123,6036,5598,5610,6021,3430,7213,350,3412,5287,5469,5278,6569,6845,2577,5800,4904,6643,5968,4452,4051,9484,6430,6100,4248,5596,7104,6627,3724,3937,4712,5375,7586,4890,4613,5628,4619,7255,7798,8703,5242,6261,7010,6850,7224,6384,8941,7639,5503,6453,7900,4354,5868,5623,7615,7429,3608,7401,5311,4929,5755,6520,7634,3842,7217,5263,3309,5649,4671,7253,4144,4514,6148,5586,5664,5158,7313,6942,8871,6650,5469,6896,4975,3067,15920
5123,6036,5598,5610,6021,3430,7213,350,3412,5287,5469,5278,6569,6845,2577,5774,4904,6643,5968,4428,4028,9463,6430,6100,4272,5596,7128,6651,3731,3910,4736,5375,7566,4830,4613,5628,4619,7272,7816,8753,5317,6338,7010,6850,7248,6384,8965,7621,5516,6453,7921,4354,5868,5623,7615,7470,3608,7421,5334,4929,5744,6520,7634,3835,7236,5239,3333,5664,4695,7276,4144,4526,6148,5586,5649,5158,7330,6927,8871,6650,5482,6896,4975,3067,15954
5113,6010,5622,5610,6037,3430,7213,350,3421,5287,5492,5251,6569,6885,2603,5800,4928,6643,5968,4452,4051,9504,6430,6109,4248,5611,7128,6627,3731,3937,4748,5375,7612,4890,4637,5640,4631,7272,7816,8776,5304,6299,7010,6832,7248,6384,8965,7639,5503,6466,7900,4354,5868,5623,7615,7470,3615,7401,5311,4953,5729,6496,7634,3835,7236,5239,3333,5664,4695,7276,4144,4526,6148,5586,5649,5158,7330,6927,8871,6650,5482,6896,4951,3067,15988
5113,6036,5584,5610,6021,3430,7213,351,3412,5274,5492,5265,6529,6845,2577,5774,4928,6643,5984,4452,4051,9504,6430,6100,4248,5611,7128,6651,3739,3937,4736,5375,7606,4890,4647,5628,4645,7272,7816,8726,5304,6323,7010,6824,7272,6384,8965,7639,5503,6466,7900,4354,5868,5623,7615,7470,3615,7401,5311,4953,5729,6496,7593,3835,7217,5239,3356,5664,4660,7236,4144,4488,6148,5586,5649,5133,7330,6927,8871,6650,5469,6896,4963,3067,16021
5113,6036,5598,5610,6021,3430,7189,371,3421,5287,5469,5251,6553,6861,2577,5789,4904,6619,5968,4428,4028,9463,6430,6100,4248,5596,7128,6651,3739,3937,4736,5375,7606,4890,4647,5628,4645,7272,7816,8726,5304,6323,7010,6824,7272,6384,8965,7664,5526,6453,7900,4354,5868,5623,7615,7470,3615,7447,5311,4929,5755,6520,7611,3842,7217,5239,3333,5676,4671,7259,4144,4514,6163,5586,5649,5133,7347,6927,8871,6650,5456,6923,4963,3067,16056
5134,6036,5622,5610,6021,3430,7189,351,3412,5287,5469,5251,6553,6861,2577,5789,4904,6619,5968,4428,4028,9463,6430,6100,4248,5596,7128,6651,3711,3900,4712,5399,7586,4890,4613,5628,4645,7272,7816,8753,5304,6314,7010,6850,7248,6384,8965,7639,5503,6453,7900,4354,5868,5623,7591,7470,3608,7427,5334,4929,5755,6520,7611,3835,7217,5239,3333,5649,4695,7259,4152,4514,6148,5563,5649,5158,7330,6948,8871,6650,5469,6923,4963,3067,16088
5134,6036,5622,5610,6021,3430,7189,351,3412,5287,5456,5251,6553,6861,2577,5774,4892,6619,5968,4428,4042,9483,6430,6124,4248,5596,7128,6651,3731,3910,4736,5375,7586,4890,4637,5628,4645,7272,7816,8753,5304,6299,6989,6850,7248,6361,8965,7639,5503,6453,7900,4343,5845,5638,7597,7453,3608,7375,5311,4929,5729,6520,7611,3835,7217,5239,3333,5649,4671,7242,4144,4514,6148,5586,5649,5158,7330,6948,8871,6650,5469,6923,4963,3067,16121
5123,6020,5598,5586,6021,3430,7206,350,3412,5287,5492,5225,6585,6861,2577,5789,4904,6619,5968,4452,4051,9483,6430,6100,4248,5596,7128,6651,3731,3910,4736,5375,7586,4890,4637,5628,4645,7272,7816,8753,5304,6299,6989,6850,7248,6361,8965,7639,5503,6453,7900,4343,5845,5638,7597,7453,3608,7375,5311,4929,5729,6520,7611,3835,7217,5239,3333,5649,4671,7242,4144,4514,6148,5586,5649,5158,7306,6927,8871,6626,5469,6896,4939,3060,16138
5123,6020,5598,5586,6021,3430,7206,350,3412,5287,5492,5225,6585,6861,2577,5789,4904,6619,5968,4452,4051,9483,6430,6100,4248,5596,7128,6627,3731,3937,4736,5399,7606,4890,4637,5661,4645,7272,7816,8753,5304,6299,7024,6850,7248,6384,9015,7639,5526,6453,7900,4354,5868,5623,7591,7494,3608,7401,5311,4918,5755,6520,7611,3835,7198,5239,3333,5649,4671,7242,4144,4514,6148,5586,5649,5158,7306,6927,8871,6626,5469,6896,4939,3060,16159
5134,6036,5598,5586,6047,3422,7166,350,3412,5263,5469,5251,6545,6861,2577,5774,4928,6619,5968,4452,4051,9483,6430,6100,4248,5596,7128,6627,3731,3937,4736,5399,7606,4890,4637,5661,4645,7272,7816,8753,5304,6299,7024,6850,7248,6384,9015,7639,5526,6453,7900,4354,5868,5623,7591,7494,3608,7401,5311,4918,5755,6520,7611,3835,7198,5239,3333,5649,4671,7242,4144,4514,6148,5586,5634,5133,7330,6948,8871,6650,5469,6896,4963,3067,16172
5134,6036,5598,5586,6047,3422,7166,350,3412,5263,5469,5251,6545,6861,2577,5774,4928,6619,5968,4452,4028,9463,6430,6100,4248,5596,7128,6651,3731,3947,4760,5375,7586,4890,4602,5640,4619,7272,7816,8753,5304,6299,6989,6850,7272,6384,8992,7682,5526,6453,7900,4377,5868,5623,7615,7470,3628,7401,5334,4929,5755,6520,7611,3842,7217,5263,3333,5676,4695,7259,4144,4488,6148,5586,5634,5133,7330,6948,8871,6650,5469,6896,4963,3067,16204
5134,6036,5598,5610,6037,3430,7213,351,3438,5287,5492,5292,6585,6861,2577,5774,4904,6643,5968,4428,4028,9484,6430,6100,4248,5611,7128,6627,3731,3937,4736,5375,7586,4878,4637,5640,4619,7272,7816,8753,5279,6299,7024,6832,7272,6384,8989,7639,5526,6453,7900,4354,5868,5623,7615,7470,3628,7401,5334,4929,5755,6520,7611,3842,7217,5263,3333,5676,4695,7259,4144,4488,6148,5586,5649,5158,7306,6927,8897,6650,5469,6896,4963,3067,16237
5134,6036,5598,5586,6063,3430,7206,371,3438,5287,5492,5251,6569,6885,2577,5800,4940,6619,5984,4428,4018,9463,6413,6124,4248,5570,7128,6651,3731,3937,4736,5375,7559,4890,4613,5628,4645,7272,7816,8753,5279,6299,7024,6832,7272,6384,8989,7639,5526,6453,7900,4354,5868,5623,7615,7470,3608,7375,5334,4929,5729,6536,7611,3835,7217,5239,3333,5676,4671,7259,4144,4514,6148,5586,5649,5158,7330,6927,8871,6650,5469,6896,4963,3067,16271
5113,6036,5598,5586,6021,3406,7189,350,3412,5274,5492,5251,6569,6861,2597,5774,4916,6643,5984,4428,4018,9463,6413,6124,4248,5570,7128,6651,3731,3937,4736,5375,7559,4890,4613,5628,4645,7272,7798,8776,5279,6299,7004,6850,7248,6370,8965,7639,5503,6474,7900,4354,5868,5623,7609,7494,3608,7375,5311,4894,5729,6520,7593,3814,7217,5239,3333,5649,4671,7283,4144,4514,6148,5586,5649,5170,7330,6927,8871,6650,5469,6914,4939,3067,16304
5113,6036,5598,5586,6021,3406,7189,350,3412,5274,5492,5251,6569,6861,2597,5774,4916,6643,5952,4428,4051,9463,6430,6124,4272,5596,7128,6651,3731,3937,4760,5375,7606,4890,4613,5628,4633,7272,7816,8753,5304,6299,7024,6850,7272,6384,8965,7639,5526,6487,7900,4354,5868,5623,7609,7494,3608,7375,5311,4894,5729,6520,7593,3814,7217,5239,3333,5649,4671,7283,4144,4514,6148,5586,5649,5170,7330,6927,8871,6650,5469,6914,4939,3067,16311
5134,6036,5598,5586,6021,3406,7189,350,3412,5274,5492,5251,6569,6861,2597,5774,4916,6643,5952,4428,4051,9463,6430,6124,4272,5596,7128,6651,3731,3937,4760,5375,7606,4890,4613,5628,4633,7272,7816,8753,5304,6299,7024,6850,7272,6384,8965,7639,5526,6487,7900,4354,5868,5623,7591,7470,3628,7401,5311,4929,5755,6520,7611,3842,7217,5239,3333,5649,4671,7259,4123,4514,6133,5563,5649,5133,7306,6927,8848,6650,5482,6914,4963,3067,16342
5134,6036,5598,5586,6021,3454,7189,350,3412,5274,5469,5251,6569,6861,2577,5774,4904,6619,5968,4428,4051,9484,6430,6100,4248,5596,7128,6651,3739,3900,4736,5375,7559,4890,4613,5608,4645,7272,7816,8726,5279,6299,7010,6876,7248,6384,8965,7639,5490,6466,7900,4367,5868,5649,7634,7494,3628,7375,5311,4929,5755,6496,7611,3814,7244,5239,3333,5691,4695,7236,4123,4514,6133,5563,5649,5133,7306,6927,8848,6650,5482,6914,4963,3067,16371
5113,6036,5622,5586,6047,3430,7189,350,3412,5287,5492,5265,6545,6885,2577,5774,4904,6658,5984,4428,4061,9504,6430,6085,4248,5596,7128,6651,3731,3937,4748,5375,7586,4890,4624,5628,4619,7272,7816,8750,5304,6291,6989,6850,7248,6384,8965,7639,5490,6466,7900,4367,5868,5649,7634,7494,3628,7375,5311,4929,5755,6496,7611,3814,7244,5239,3333,5691,4695,7236,4123,4514,6148,5563,5649,5133,7347,6927,8921,6650,5469,6896,4975,3091,16403
5134,6020,5598,5586,6037,3430,7166,351,3412,5287,5492,5265,6545,6861,2597,5800,4904,6643,5968,4452,4051,9483,6430,6100,4272,5596,7128,6635,3739,3910,4748,5375,7586,4890,4624,5628,4619,7272,7816,8750,5304,6291,6989,6850,7248,6384,8965,7639,5503,6453,7874,4354,5868,5623,7566,7470,3608,7401,5334,4941,5740,6496,7611,3835,7217,5250,3302,5608,4635,7219,4115,4476,6109,5563,5608,5121,7306,6927,8871,6650,5469,6896,4939,3060,16438
5134,6036,5598,5610,6063,3439,7172,350,3412,5263,5492,5265,6569,6885,2597,5800,4904,6643,5968,4452,4051,9483,6430,6100,4272,5596,7128,6635,3739,3910,4736,5375,7559,4890,4637,5628,4645,7272,7816,8776,5304,6314,6989,6850,7248,6384,8965,7664,5503,6453,7900,4354,5868,5623,7566,7470,3615,7401,5334,4929,5755,6520,7611,3835,7217,5239,3333,5691,4695,7259,4152,4514,6148,5586,5649,5133,7347,6927,8897,6650,5469,6896,4939,3067,16471
5134,6036,5598,5610,6063,3439,7172,350,3412,5263,5492,5265,6569,6885,2577,5800,4904,6643,5968,4452,4028,9483,6430,6124,4272,5611,7128,6651,3731,3937,4736,5375,7559,4890,4624,5628,4645,7272,7816,8753,5304,6299,7024,6850,7248,6384,8965,7639,5503,6466,7900,4330,5868,5623,7615,7447,3615,7375,5311,4929,5729,6520,7611,3835,7217,5239,3333,5691,4695,7236,4144,4526,6148,5586,5649,5133,7330,6927,8897,6650,5469,6896,4939,3067,16504
