channel1,channel2,channel3,channel4,channel5,channel6,channel7,channel8,channel9,channel10,channel11,channel12,channel13,channel14,channel15,channel16,channel17,channel18,channel19,channel20,channel21,channel22,channel23,channel24,channel25,channel26,channel27,channel28,channel29,channel30,channel31,channel32,channel33,channel34,channel35,channel36,channel37,channel38,channel39,channel40,channel41,channel42,channel43,channel44,channel45,channel46,channel47,channel48,channel49,channel50,channel51,channel52,channel53,channel54,channel55,channel56,channel57,channel58,channel59,channel60,channel61,channel62,channel63,channel64,channel65,channel66,channel67,channel68,channel69,channel70,channel71,channel72,channel73,channel74,channel75,channel76,channel77,channel78,channel79,channel80,channel81,channel82,channel83,channel84,dts
0,0,0,0,0,0,0,0,0,0,0,0,0,0,0,0,0,0,0,0,0,0,0,0,0,0,0,0,0,0,0,0,0,0,0,0,0,0,0,0,0,0,0,0,0,0,0,0,0,0,0,0,0,0,0,0,0,0,0,0,0,0,0,0,0,0,0,0,0,0,0,0,0,0,0,0,0,0,0,0,0,0,0,0,18
0,0,0,0,0,0,0,0,0,0,0,0,0,0,0,0,0,0,0,0,0,0,0,0,0,0,0,0,0,0,0,0,0,0,0,0,0,0,0,0,0,0,0,0,0,0,0,0,0,0,0,0,0,0,0,0,0,0,0,0,0,0,0,0,0,0,0,0,0,0,0,0,0,0,0,0,0,0,0,0,0,0,0,0,52
0,0,0,0,0,0,0,0,0,0,0,0,0,0,0,0,0,0,0,0,0,0,0,0,0,0,0,0,0,0,0,0,0,0,0,0,0,0,0,0,0,0,0,0,0,0,0,0,0,0,0,0,0,0,0,0,0,0,0,0,0,0,0,0,0,0,0,0,0,0,0,0,0,0,0,0,0,0,0,0,0,0,0,0,68
0,0,0,0,0,0,0,0,0,0,0,0,0,0,0,0,0,0,0,0,0,0,0,0,0,0,0,0,0,0,0,0,0,0,0,0,0,0,0,0,0,0,0,0,0,0,0,0,0,0,0,0,0,0,0,0,0,0,0,0,0,0,0,0,0,0,0,0,0,0,0,0,0,0,0,0,0,0,0,0,0,0,0,0,85
0,0,0,0,0,0,0,0,0,0,0,0,0,0,0,0,0,0,0,0,0,0,0,0,0,0,0,0,0,0,0,0,0,0,0,0,0,0,0,0,0,0,0,0,0,0,0,0,0,0,0,0,0,0,0,0,0,0,0,0,0,0,0,0,0,0,0,0,0,0,0,0,0,0,0,0,0,0,0,0,0,0,0,0,119
0,0,0,0,0,0,0,0,0,0,0,0,0,0,0,0,0,0,0,0,0,0,0,0,0,0,0,0,0,0,0,0,0,0,0,0,0,0,0,0,0,0,0,0,0,0,0,0,0,0,0,0,0,0,0,0,0,0,0,0,0,0,0,0,0,0,0,0,0,0,0,0,0,0,0,0,0,0,0,0,0,0,0,0,135
0,0,0,0,0,0,0,0,0,0,0,0,0,0,0,0,0,0,0,0,0,0,0,0,0,0,0,0,0,0,0,0,0,0,0,0,0,0,0,0,0,0,0,0,0,0,0,0,0,0,0,0,0,0,0,0,0,0,0,0,0,0,0,0,0,0,0,0,0,0,0,0,0,0,0,0,0,0,0,0,0,0,0,0,151
0,0,0,0,0,0,0,0,0,0,0,0,0,0,0,0,0,0,0,0,0,0,0,0,0,0,0,0,0,0,0,0,0,0,0,0,0,0,0,0,0,0,0,0,0,0,0,0,0,0,0,0,0,0,0,0,0,0,0,0,0,0,0,0,0,0,0,0,0,0,0,0,0,0,0,0,0,0,0,0,0,0,0,0,184
0,0,0,0,0,0,0,0,0,0,0,0,0,0,0,0,0,0,0,0,0,0,0,0,0,0,0,0,0,0,0,0,0,0,0,0,0,0,0,0,0,0,0,0,0,0,0,0,0,0,0,0,0,0,0,0,0,0,0,0,0,0,0,0,0,0,0,0,0,0,0,0,0,0,0,0,0,0,0,0,0,0,0,0,217
0,0,0,0,0,0,0,0,0,0,0,0,0,0,0,0,0,0,0,0,0,0,0,0,0,0,0,0,0,0,0,0,0,0,0,0,0,0,0,0,0,0,0,0,0,0,0,0,0,0,0,0,0,0,0,0,0,0,0,0,0,0,0,0,0,0,0,0,0,0,0,0,0,0,0,0,0,0,0,0,0,0,0,0,235
0,0,0,0,0,0,0,0,0,0,0,0,0,0,0,0,0,0,0,0,0,0,0,0,0,0,0,0,0,0,0,0,0,0,0,0,0,0,0,0,0,0,0,0,0,0,0,0,0,0,0,0,0,0,0,0,0,0,0,0,0,0,0,0,0,0,0,0,0,0,0,0,0,0,0,0,0,0,0,0,0,0,0,0,251
0,0,0,0,0,0,0,0,0,0,0,0,0,0,0,0,0,0,0,0,0,0,0,0,0,0,0,0,0,0,0,0,0,0,0,0,0,0,0,0,0,0,0,0,0,0,0,0,0,0,0,0,0,0,0,0,0,0,0,0,0,0,0,0,0,0,0,0,0,0,0,0,0,0,0,0,0,0,0,0,0,0,0,0,285
0,0,0,0,0,0,0,0,0,0,0,0,0,0,0,0,0,0,0,0,0,0,0,0,0,0,0,0,0,0,0,0,0,0,0,0,0,0,0,0,0,0,0,0,0,0,0,0,0,0,0,0,0,0,0,0,0,0,0,0,0,0,0,0,0,0,0,0,0,0,0,0,0,0,0,0,0,0,0,0,0,0,0,0,318
0,0,0,0,0,0,0,0,0,0,0,0,0,0,0,0,0,0,0,0,0,0,0,0,0,0,0,0,0,0,0,0,0,0,0,0,0,0,0,0,0,0,0,0,0,0,0,0,0,0,0,0,0,0,0,0,0,0,0,0,0,0,0,0,0,0,0,0,0,0,0,0,0,0,0,0,0,0,0,0,0,0,0,0,334
0,0,0,0,0,0,0,0,0,0,0,0,0,0,0,0,0,0,0,0,0,0,0,0,0,0,0,0,0,0,0,0,0,0,0,0,0,0,0,0,0,0,0,0,0,0,0,0,0,0,0,0,0,0,0,0,0,0,0,0,0,0,0,0,0,0,0,0,0,0,0,0,0,0,0,0,0,0,0,0,0,0,0,0,367
0,0,0,0,0,0,0,0,0,0,0,0,0,0,0,0,0,0,0,0,0,0,0,0,0,0,0,0,0,0,0,0,0,0,0,0,0,0,0,0,0,0,0,0,0,0,0,0,0,0,0,0,0,0,0,0,0,0,0,0,0,0,0,0,0,0,0,0,0,0,0,0,0,0,0,0,0,0,0,0,0,0,0,0,402
0,0,0,0,0,0,0,0,0,0,0,0,0,0,0,0,0,0,0,0,0,0,0,0,0,0,0,0,0,0,0,0,0,0,0,0,0,0,0,0,0,0,0,0,0,0,0,0,0,0,0,0,0,0,0,0,0,0,0,0,0,0,0,0,0,0,0,0,0,0,0,0,0,0,0,0,0,0,0,0,0,0,0,0,436
0,0,0,0,0,0,0,0,0,0,0,0,0,0,0,0,0,0,0,0,0,0,0,0,0,0,0,0,0,0,0,0,0,0,0,0,0,0,0,0,0,0,0,0,0,0,0,0,0,0,0,0,0,0,0,0,0,0,0,0,0,0,0,0,0,0,0,0,0,0,0,0,0,0,0,0,0,0,0,0,0,0,0,0,469
0,0,0,0,0,0,0,0,0,0,0,0,0,0,0,0,0,0,0,0,0,0,0,0,0,0,0,0,0,0,0,0,0,0,0,0,0,0,0,0,0,0,0,0,0,0,0,0,0,0,0,0,0,0,0,0,0,0,0,0,0,0,0,0,0,0,0,0,0,0,0,0,0,0,0,0,0,0,0,0,0,0,0,0,502
0,0,0,0,0,0,0,0,0,0,0,0,0,0,0,0,0,0,0,0,0,0,0,0,0,0,0,0,0,0,0,0,0,0,0,0,0,0,0,0,0,0,0,0,0,0,0,0,0,0,0,0,0,0,0,0,0,0,0,0,0,0,0,0,0,0,0,0,0,0,0,0,0,0,0,0,0,0,0,0,0,0,0,0,519
0,0,0,0,0,0,0,0,0,0,0,0,0,0,0,0,0,0,0,0,0,0,0,0,0,0,0,0,0,0,0,0,0,0,0,0,0,0,0,0,0,0,0,0,0,0,0,0,0,0,0,0,0,0,0,0,0,0,0,0,0,0,0,0,0,0,0,0,0,0,0,0,0,0,0,0,0,0,0,0,0,0,0,0,536
0,0,0,0,0,0,0,0,0,0,0,0,0,0,0,0,0,0,0,0,0,0,0,0,0,0,0,0,0,0,0,0,0,0,0,0,0,0,0,0,0,0,0,0,0,0,0,0,0,0,0,0,0,0,0,0,0,0,0,0,0,0,0,0,0,0,0,0,0,0,0,0,0,0,0,0,0,0,0,0,0,0,0,0,569
0,0,0,0,0,0,0,0,0,0,0,0,0,0,0,0,0,0,0,0,0,0,0,0,0,0,0,0,0,0,0,0,0,0,0,0,0,0,0,0,0,0,0,0,0,0,0,0,0,0,0,0,0,0,0,0,0,0,0,0,0,0,0,0,0,0,0,0,0,0,0,0,0,0,0,0,0,0,0,0,0,0,0,0,602
0,0,0,0,0,0,0,0,0,0,0,0,0,0,0,0,0,0,0,0,0,0,0,0,0,0,0,0,0,0,0,0,0,0,0,0,0,0,0,0,0,0,0,0,0,0,0,0,0,0,0,0,0,0,0,0,0,0,0,0,0,0,0,0,0,0,0,0,0,0,0,0,0,0,0,0,0,0,0,0,0,0,0,0,636
0,0,0,0,0,0,0,0,0,0,0,0,0,0,0,0,0,0,0,0,0,0,0,0,0,0,0,0,0,0,0,0,0,0,0,0,0,0,0,0,0,0,0,0,0,0,0,0,0,0,0,0,0,0,0,0,0,0,0,0,0,0,0,0,0,0,0,0,0,0,0,0,0,0,0,0,0,0,0,0,0,0,0,0,669
0,0,0,0,0,0,0,0,0,0,0,0,0,0,0,0,0,0,0,0,0,0,0,0,0,0,0,0,0,0,0,0,0,0,0,0,0,0,0,0,0,0,0,0,0,0,0,0,0,0,0,0,0,0,0,0,0,0,0,0,0,0,0,0,0,0,0,0,0,0,0,0,0,0,0,0,0,0,0,0,0,0,0,0,686
0,0,0,0,0,0,0,0,0,0,0,0,0,0,0,0,0,0,0,0,0,0,0,0,0,0,0,0,0,0,0,0,0,0,0,0,0,0,0,0,0,0,0,0,0,0,0,0,0,0,0,0,0,0,0,0,0,0,0,0,0,0,0,0,0,0,0,0,0,0,0,0,0,0,0,0,0,0,0,0,0,0,0,0,702
0,0,0,0,0,0,0,0,0,0,0,0,0,0,0,0,0,0,0,0,0,0,0,0,0,0,0,0,0,0,0,0,0,0,0,0,0,0,0,0,0,0,0,0,0,0,0,0,0,0,0,0,0,0,0,0,0,0,0,0,0,0,0,0,0,0,0,0,0,0,0,0,0,0,0,0,0,0,0,0,0,0,0,0,736
0,0,0,0,0,0,0,0,0,0,0,0,0,0,0,0,0,0,0,0,0,0,0,0,0,0,0,0,0,0,0,0,0,0,0,0,0,0,0,0,0,0,0,0,0,0,0,0,0,0,0,0,0,0,0,0,0,0,0,0,0,0,0,0,0,0,0,0,0,0,0,0,0,0,0,0,0,0,0,0,0,0,0,0,769
0,0,0,0,0,0,0,0,0,0,0,0,0,0,0,0,0,0,0,0,0,0,0,0,0,0,0,0,0,0,0,0,0,0,0,0,0,0,0,0,0,0,0,0,0,0,0,0,0,0,0,0,0,0,0,0,0,0,0,0,0,0,0,0,0,0,0,0,0,0,0,0,0,0,0,0,0,0,0,0,0,0,0,0,786
0,0,0,0,0,0,0,0,0,0,0,0,0,0,0,0,0,0,0,0,0,0,0,0,0,0,0,0,0,0,0,0,0,0,0,0,0,0,0,0,0,0,0,0,0,0,0,0,0,0,0,0,0,0,0,0,0,0,0,0,0,0,0,0,0,0,0,0,0,0,0,0,0,0,0,0,0,0,0,0,0,0,0,0,802
0,0,0,0,0,0,0,0,0,0,0,0,0,0,0,0,0,0,0,0,0,0,0,0,0,0,0,0,0,0,0,0,0,0,0,0,0,0,0,0,0,0,0,0,0,0,0,0,0,0,0,0,0,0,0,0,0,0,0,0,0,0,0,0,0,0,0,0,0,0,0,0,0,0,0,0,0,0,0,0,0,0,0,0,836
0,0,0,0,0,0,0,0,0,0,0,0,0,0,0,0,0,0,0,0,0,0,0,0,0,0,0,0,0,0,0,0,0,0,0,0,0,0,0,0,0,0,0,0,0,0,0,0,0,0,0,0,0,0,0,0,0,0,0,0,0,0,0,0,0,0,0,0,0,0,0,0,0,0,0,0,0,0,0,0,0,0,0,0,868
0,0,0,0,0,0,0,0,0,0,0,0,0,0,0,0,0,0,0,0,0,0,0,0,0,0,0,0,0,0,0,0,0,0,0,0,0,0,0,0,0,0,0,0,0,0,0,0,0,0,0,0,0,0,0,0,0,0,0,0,0,0,0,0,0,0,0,0,0,0,0,0,0,0,0,0,0,0,0,0,0,0,0,0,884
0,0,0,0,0,0,0,0,0,0,0,0,0,0,0,0,0,0,0,0,0,0,0,0,0,0,0,0,0,0,0,0,0,0,0,0,0,0,0,0,0,0,0,0,0,0,0,0,0,0,0,0,0,0,0,0,0,0,0,0,0,0,0,0,0,0,0,0,0,0,0,0,0,0,0,0,0,0,0,0,0,0,0,0,918
0,0,0,0,0,0,0,0,0,0,0,0,0,0,0,0,0,0,0,0,0,0,0,0,0,0,0,0,0,0,0,0,0,0,0,0,0,0,0,0,0,0,0,0,0,0,0,0,0,0,0,0,0,0,0,0,0,0,0,0,0,0,0,0,0,0,0,0,0,0,0,0,0,0,0,0,0,0,0,0,0,0,0,0,953
0,0,0,0,0,0,0,0,0,0,0,0,0,0,0,0,0,0,0,0,0,0,0,0,0,0,0,0,0,0,0,0,0,0,0,0,0,0,0,0,0,0,0,0,0,0,0,0,0,0,0,0,0,0,0,0,0,0,0,0,0,0,0,0,0,0,0,0,0,0,0,0,0,0,0,0,0,0,0,0,0,0,0,0,969
0,0,0,0,0,0,0,0,0,0,0,0,0,0,0,0,0,0,0,0,0,0,0,0,0,0,0,0,0,0,0,0,0,0,0,0,0,0,0,0,0,0,0,0,0,0,0,0,0,0,0,0,0,0,0,0,0,0,0,0,0,0,0,0,0,0,0,0,0,0,0,0,0,0,0,0,0,0,0,0,0,0,0,0,986
0,0,0,0,0,0,0,0,0,0,0,0,0,0,0,0,0,0,0,0,0,0,0,0,0,0,0,0,0,0,0,0,0,0,0,0,0,0,0,0,0,0,0,0,0,0,0,0,0,0,0,0,0,0,0,0,0,0,0,0,0,0,0,0,0,0,0,0,0,0,0,0,0,0,0,0,0,0,0,0,0,0,0,0,1018
0,0,0,0,0,0,0,0,0,0,0,0,0,0,0,0,0,0,0,0,0,0,0,0,0,0,0,0,0,0,0,0,0,0,0,0,0,0,0,0,0,0,0,0,0,0,0,0,0,0,0,0,0,0,0,0,0,0,0,0,0,0,0,0,0,0,0,0,0,0,0,0,0,0,0,0,0,0,0,0,0,0,0,0,1051
0,0,0,0,0,0,0,0,0,0,0,0,0,0,0,0,0,0,0,0,0,0,0,0,0,0,0,0,0,0,0,0,0,0,0,0,0,0,0,0,0,0,0,0,0,0,0,0,0,0,0,0,0,0,0,0,0,0,0,0,0,0,0,0,0,0,0,0,0,0,0,0,0,0,0,0,0,0,0,0,0,0,0,0,1069
0,0,0,0,0,0,0,0,0,0,0,0,0,0,0,0,0,0,0,0,0,0,0,0,0,0,0,0,0,0,0,0,0,0,0,0,0,0,0,0,0,0,0,0,0,0,0,0,0,0,0,0,0,0,0,0,0,0,0,0,0,0,0,0,0,0,0,0,0,0,0,0,0,0,0,0,0,0,0,0,0,0,0,0,1102
0,0,0,0,0,0,0,0,0,0,0,0,0,0,0,0,0,0,0,0,0,0,0,0,0,0,0,0,0,0,0,0,0,0,0,0,0,0,0,0,0,0,0,0,0,0,0,0,0,0,0,0,0,0,0,0,0,0,0,0,0,0,0,0,0,0,0,0,0,0,0,0,0,0,0,0,0,0,0,0,0,0,0,0,1135
0,0,0,0,0,0,0,0,0,0,0,0,0,0,0,0,0,0,0,0,0,0,0,0,0,0,0,0,0,0,0,0,0,0,0,0,0,0,0,0,0,0,0,0,0,0,0,0,0,0,0,0,0,0,0,0,0,0,0,0,0,0,0,0,0,0,0,0,0,0,0,0,0,0,0,0,0,0,0,0,0,0,0,0,1169
0,0,0,0,0,0,0,0,0,0,0,0,0,0,0,0,0,0,0,0,0,0,0,0,0,0,0,0,0,0,0,0,0,0,0,0,0,0,0,0,0,0,0,0,0,0,0,0,0,0,0,0,0,0,0,0,0,0,0,0,0,0,0,0,0,0,0,0,0,0,0,0,0,0,0,0,0,0,0,0,0,0,0,0,1203
0,0,0,0,0,0,0,0,0,0,0,0,0,0,0,0,0,0,0,0,0,0,0,0,0,0,0,0,0,0,0,0,0,0,0,0,0,0,0,0,0,0,0,0,0,0,0,0,0,0,0,0,0,0,0,0,0,0,0,0,0,0,0,0,0,0,0,0,0,0,0,0,0,0,0,0,0,0,0,0,0,0,0,0,1235
0,0,0,0,0,0,0,0,0,0,0,0,0,0,0,0,0,0,0,0,0,0,0,0,0,0,0,0,0,0,0,0,0,0,0,0,0,0,0,0,0,0,0,0,0,0,0,0,0,0,0,0,0,0,0,0,0,0,0,0,0,0,0,0,0,0,0,0,0,0,0,0,0,0,0,0,0,0,0,0,0,0,0,0,1268
0,0,0,0,0,0,0,0,0,0,0,0,0,0,0,0,0,0,0,0,0,0,0,0,0,0,0,0,0,0,0,0,0,0,0,0,0,0,0,0,0,0,0,0,0,0,0,0,0,0,0,0,0,0,0,0,0,0,0,0,0,0,0,0,0,0,0,0,0,0,0,0,0,0,0,0,0,0,0,0,0,0,0,0,1301
0,0,0,0,0,0,0,0,0,0,0,0,0,0,0,0,0,0,0,0,0,0,0,0,0,0,0,0,0,0,0,0,0,0,0,0,0,0,0,0,0,0,0,0,0,0,0,0,0,0,0,0,0,0,0,0,0,0,0,0,0,0,0,0,0,0,0,0,0,0,0,0,0,0,0,0,0,0,0,0,0,0,0,0,1319
0,0,0,0,0,0,0,0,0,0,0,0,0,0,0,0,0,0,0,0,0,0,0,0,0,0,0,0,0,0,0,0,0,0,0,0,0,0,0,0,0,0,0,0,0,0,0,0,0,0,0,0,0,0,0,0,0,0,0,0,0,0,0,0,0,0,0,0,0,0,0,0,0,0,0,0,0,0,0,0,0,0,0,0,1352
0,0,0,0,0,0,0,0,0,0,0,0,0,0,0,0,0,0,0,0,0,0,0,0,0,0,0,0,0,0,0,0,0,0,0,0,0,0,0,0,0,0,0,0,0,0,0,0,0,0,0,0,0,0,0,0,0,0,0,0,0,0,0,0,0,0,0,0,0,0,0,0,0,0,0,0,0,0,0,0,0,0,0,0,1368
0,0,0,0,0,0,0,0,0,0,0,0,0,0,0,0,0,0,0,0,0,0,0,0,0,0,0,0,0,0,0,0,0,0,0,0,0,0,0,0,0,0,0,0,0,0,0,0,0,0,0,0,0,0,0,0,0,0,0,0,0,0,0,0,0,0,0,0,0,0,0,0,0,0,0,0,0,0,0,0,0,0,0,0,1402
0,0,0,0,0,0,0,0,0,0,0,0,0,0,0,0,0,0,0,0,0,0,0,0,0,0,0,0,0,0,0,0,0,0,0,0,0,0,0,0,0,0,0,0,0,0,0,0,0,0,0,0,0,0,0,0,0,0,0,0,0,0,0,0,0,0,0,0,0,0,0,0,0,0,0,0,0,0,0,0,0,0,0,0,1417
0,0,0,0,0,0,0,0,0,0,0,0,0,0,0,0,0,0,0,0,0,0,0,0,0,0,0,0,0,0,0,0,0,0,0,0,0,0,0,0,0,0,0,0,0,0,0,0,0,0,0,0,0,0,0,0,0,0,0,0,0,0,0,0,0,0,0,0,0,0,0,0,0,0,0,0,0,0,0,0,0,0,0,0,1452
0,0,0,0,0,0,0,0,0,0,0,0,0,0,0,0,0,0,0,0,0,0,0,0,0,0,0,0,0,0,0,0,0,0,0,0,0,0,0,0,0,0,0,0,0,0,0,0,0,0,0,0,0,0,0,0,0,0,0,0,0,0,0,0,0,0,0,0,0,0,0,0,0,0,0,0,0,0,0,0,0,0,0,0,1468
0,0,0,0,0,0,0,0,0,0,0,0,0,0,0,0,0,0,0,0,0,0,0,0,0,0,0,0,0,0,0,0,0,0,0,0,0,0,0,0,0,0,0,0,0,0,0,0,0,0,0,0,0,0,0,0,0,0,0,0,0,0,0,0,0,0,0,0,0,0,0,0,0,0,0,0,0,0,0,0,0,0,0,0,1501
0,0,0,0,0,0,0,0,0,0,0,0,0,0,0,0,0,0,0,0,0,0,0,0,0,0,0,0,0,0,0,0,0,0,0,0,0,0,0,0,0,0,0,0,0,0,0,0,0,0,0,0,0,0,0,0,0,0,0,0,0,0,0,0,0,0,0,0,0,0,0,0,0,0,0,0,0,0,0,0,0,0,0,0,1535
0,0,0,0,0,0,0,0,0,0,0,0,0,0,0,0,0,0,0,0,0,0,0,0,0,0,0,0,0,0,0,0,0,0,0,0,0,0,0,0,0,0,0,0,0,0,0,0,0,0,0,0,0,0,0,0,0,0,0,0,0,0,0,0,0,0,0,0,0,0,0,0,0,0,0,0,0,0,0,0,0,0,0,0,1568
0,0,0,0,0,0,0,0,0,0,0,0,0,0,0,0,0,0,0,0,0,0,0,0,0,0,0,0,0,0,0,0,0,0,0,0,0,0,0,0,0,0,0,0,0,0,0,0,0,0,0,0,0,0,0,0,0,0,0,0,0,0,0,0,0,0,0,0,0,0,0,0,0,0,0,0,0,0,0,0,0,0,0,0,1602
0,0,0,0,0,0,0,0,0,0,0,0,0,0,0,0,0,0,0,0,0,0,0,0,0,0,0,0,0,0,0,0,0,0,0,0,0,0,0,0,0,0,0,0,0,0,0,0,0,0,0,0,0,0,0,0,0,0,0,0,0,0,0,0,0,0,0,0,0,0,0,0,0,0,0,0,0,0,0,0,0,0,0,0,1635
0,0,0,0,0,0,0,0,0,0,0,0,0,0,0,0,0,0,0,0,0,0,0,0,0,0,0,0,0,0,0,0,0,0,0,0,0,0,0,0,0,0,0,0,0,0,0,0,0,0,0,0,0,0,0,0,0,0,0,0,0,0,0,0,0,0,0,0,0,0,0,0,0,0,0,0,0,0,0,0,0,0,0,0,1668
0,0,0,0,0,0,0,0,0,0,0,0,0,0,0,0,0,0,0,0,0,0,0,0,0,0,0,0,0,0,0,0,0,0,0,0,0,0,0,0,0,0,0,0,0,0,0,0,0,0,0,0,0,0,0,0,0,0,0,0,0,0,0,0,0,0,0,0,0,0,0,0,0,0,0,0,0,0,0,0,0,0,0,0,1685
19,1382,490,1666,3376,716,3317,54,2468,3092,2256,2686,4141,4728,654,5913,3175,4992,4578,3891,2058,185,4559,1399,2125,789,2024,2787,59,956,356,2336,1445,1573,0,0,0,0,0,0,0,0,0,0,0,0,0,0,0,0,0,0,0,0,0,0,0,0,0,0,0,0,0,0,0,0,0,0,0,0,0,0,0,0,0,0,0,0,0,0,0,16,15,17,1718
0,0,0,15,20,17,3317,54,2468,3092,2256,2686,4141,4728,654,5913,3175,4992,4578,3891,2058,185,4559,1399,2125,789,2024,2787,59,956,356,2336,1445,1573,0,0,0,0,0,0,0,0,0,0,0,0,0,0,0,0,0,0,0,0,0,0,0,0,0,796,1741,657,0,0,0,0,269,799,483,0,0,0,0,0,0,0,0,0,0,0,0,18,0,0,1735
0,0,0,15,20,17,0,0,68,1561,594,737,264,39,51,1970,1364,1738,2073,3990,1620,38,2965,910,1846,721,1608,2634,47,3356,180,1896,2705,1794,543,17,178,105,2031,1599,2927,362,95,2097,1565,1370,1549,2111,188,500,2628,564,440,1265,2437,188,170,805,1453,770,2472,4890,91,226,864,712,412,1399,3476,53,517,1866,1772,989,0,0,0,0,0,0,0,18,0,0,1768
23,514,403,275,2147,1022,357,31,1351,2722,485,543,233,40,51,1403,2059,1955,1806,4425,858,63,676,367,1728,390,947,573,91,1000,240,2163,1527,2037,505,19,137,120,2248,791,3157,386,95,2131,1599,1372,1530,2178,190,508,2733,524,375,1137,2437,188,170,805,1453,770,2472,4890,91,226,864,712,412,1399,3476,53,517,1866,1772,989,699,1951,33,167,337,367,760,185,1668,18,1802
24,670,404,471,2759,1250,585,24,1716,2656,608,484,195,37,80,2883,2112,1976,1784,4149,1267,52,1064,334,1844,558,1739,1978,64,2255,178,1980,1904,1842,437,21,176,99,2248,791,3157,386,95,2131,1599,1372,1530,2178,190,508,2733,524,375,1137,2242,186,156,790,1416,732,2497,4802,87,220,909,714,410,1408,3477,52,508,2034,1814,1047,751,2238,36,164,359,361,765,181,1695,20,1835
30,1324,570,587,3156,1319,760,21,1921,2646,713,634,517,99,73,4556,2276,1908,1799,4130,1389,43,1064,334,1844,558,1739,1978,64,2255,178,1980,1904,1842,437,21,176,99,2061,1662,2973,423,94,2413,1607,1285,2212,2147,330,550,2904,507,298,1144,1972,1377,172,811,1415,757,2504,4652,755,245,901,692,414,1412,3426,261,636,2040,1764,1081,759,2505,143,224,332,361,778,178,1946,48,1869
30,1324,570,587,3156,1319,760,21,1921,2646,713,634,517,99,73,4556,2276,1908,1799,4130,1389,43,2149,698,1867,597,1981,2850,55,3231,195,2066,2117,1882,627,17,196,96,1988,1578,2912,603,90,2413,1592,1332,2327,2035,500,528,2966,493,369,1261,1972,1377,172,811,1415,757,2504,4652,755,245,901,692,414,1412,3426,261,636,2040,1764,1081,759,2505,143,224,332,361,778,178,1946,48,1885
31,1483,515,1131,3276,1008,2297,22,2197,2585,1031,765,724,916,67,5751,2326,1903,1785,3940,1778,35,2471,696,1965,785,1827,2992,49,3394,179,1885,3051,1662,627,17,196,96,1988,1578,2912,603,90,2413,1592,1332,2327,2035,500,528,2966,493,369,1261,2045,1651,156,835,1385,807,2436,4605,862,766,1530,734,428,1415,3439,303,537,1904,1793,1053,785,2600,187,1593,1231,567,882,198,2201,61,1918
31,1483,515,1131,3276,1008,2297,22,2197,2585,1031,765,724,916,67,5751,2326,1903,1785,3940,1778,35,2471,696,1965,785,1827,2992,49,3394,179,1885,3051,1662,634,18,196,97,2093,2125,3139,697,86,2508,1652,1409,2494,2185,722,483,3060,484,351,1289,1954,1826,143,834,1361,900,2445,4607,975,214,943,695,428,1415,3439,303,537,1904,1793,1053,785,2600,187,1593,1231,567,882,198,2201,61,1935
26,1600,536,1203,3150,1082,1752,22,2203,2663,957,781,655,940,72,5566,2352,1768,2475,3675,1689,35,2494,471,2000,812,1830,3119,44,3368,139,1865,3010,1630,629,40,989,117,2222,2346,3333,688,85,2458,1625,1497,2367,2199,694,514,3060,484,351,1289,1954,1826,143,834,1361,900,2445,4607,975,214,943,695,438,1416,3384,326,547,1898,1824,1086,789,2639,184,1637,1221,558,888,192,2223,64,1969
26,1925,516,1229,3060,1007,2316,22,2227,2529,1056,608,716,1154,71,5965,2353,1895,1925,3875,1827,40,2540,683,2001,792,1839,3120,49,3410,165,1907,3058,1662,629,40,989,117,2222,2346,3333,688,85,2458,1625,1497,2367,2199,694,514,3058,479,375,1290,2002,1947,144,834,1355,952,2432,4693,977,405,1013,706,449,1427,3381,330,531,1983,1801,1091,788,2635,184,1656,1282,553,902,205,2262,61,2002
26,1925,516,1229,3060,1007,2316,22,2227,2529,1056,608,716,1154,71,5965,2353,1895,1925,3875,1827,40,2540,683,2001,792,1839,3120,49,3410,165,1907,3058,1662,633,22,386,95,2205,2314,3353,696,81,2476,1630,1537,2259,2218,718,506,3080,469,377,1300,1980,1959,147,842,1346,957,2427,4603,994,219,957,698,449,1427,3381,330,531,1983,1801,1091,788,2635,184,1656,1282,553,902,205,2262,61,2018
27,1992,535,1246,3034,951,2535,22,2304,2601,1063,625,770,1318,71,5965,2353,1895,1925,3875,1827,40,2540,683,2001,792,1839,3120,49,3410,165,1907,3058,1662,633,22,386,95,2205,2314,3353,696,81,2476,1630,1537,2259,2218,718,506,3080,469,377,1300,1980,1959,147,842,1346,957,2427,4603,994,219,957,698,451,1437,3369,331,542,2011,1832,1097,792,2683,195,1662,1282,574,905,198,2238,69,2035
27,1992,535,1246,3034,951,2535,22,2304,2601,1063,625,770,1318,58,6140,2362,1909,1920,3872,1839,36,2529,575,2073,815,1992,3407,45,3365,156,1889,3120,1608,635,53,1186,116,2245,2356,3321,756,81,2434,1626,1515,2404,2286,853,483,3032,483,379,1297,1956,1940,135,821,1351,971,2420,4562,1036,726,1549,732,462,1439,3292,498,519,1988,1826,1084,785,2539,467,1653,1275,563,897,195,2238,69,2069
27,2016,527,1182,3271,905,2893,22,2315,2603,1016,709,696,1484,67,6175,2319,1822,2300,3826,1965,40,2520,700,2005,832,1897,3351,49,3376,165,1899,3095,1640,658,53,1236,120,2242,2348,3325,779,81,2458,1635,1538,2405,2297,830,490,3015,474,380,1311,1953,2015,135,821,1355,973,2439,4625,1036,726,1549,732,462,1439,3292,498,519,1988,1826,1084,785,2539,467,1653,1275,563,897,195,2139,275,2102
27,2014,528,1180,3300,904,3093,22,2321,2601,1012,775,701,1573,63,6138,2307,1795,2415,3706,1998,36,2529,693,2007,852,1861,3336,45,3377,165,1905,3089,1637,660,54,1276,128,2243,2347,3316,743,81,2458,1635,1538,2405,2297,830,490,3015,474,380,1311,1953,2015,135,821,1355,973,2439,4625,1125,701,1513,729,462,1446,3292,506,519,1988,1838,1095,797,2509,514,1665,1261,573,900,196,2124,300,2135
31,2024,528,1182,3275,899,2949,22,2335,2603,1040,598,677,1394,63,6100,2337,1795,2388,3773,2070,36,2533,694,2007,835,1861,3336,45,3377,165,1905,3089,1637,660,54,1276,128,2243,2347,3316,743,81,2458,1645,1576,2396,2245,1115,483,3011,462,382,1291,1885,2122,135,824,1343,998,2428,4556,1134,673,1459,728,465,1430,3255,531,528,2011,1827,1099,792,2533,541,1650,1306,567,913,196,2113,341,2169
31,2024,528,1182,3275,899,2949,22,2335,2603,1040,598,677,1394,63,6100,2337,1795,2388,3773,2070,36,2533,694,2007,835,1849,3453,45,3373,158,1905,3104,1604,777,58,1382,128,2253,2301,3209,1185,81,2463,1647,1559,2402,2271,1119,485,3032,468,380,1311,1923,2114,131,831,1347,974,2447,4629,1134,673,1459,728,465,1430,3255,531,528,2011,1827,1099,792,2533,541,1650,1306,567,913,196,2113,341,2185
27,2007,521,1182,3267,876,3252,22,2373,2609,1051,609,728,1697,67,6248,2315,1919,1911,3851,2033,36,2557,701,2020,787,1864,3481,45,3365,158,1940,3119,1606,784,58,1375,128,2257,2317,3196,1205,81,2463,1647,1559,2402,2271,1119,485,3032,468,380,1311,1923,2114,131,831,1347,974,2447,4629,1131,733,1552,733,454,1439,3246,560,511,2060,1830,1094,787,2530,543,1652,1301,559,901,189,2123,342,2218
27,2007,521,1182,3267,876,3252,22,2373,2609,1051,609,728,1697,67,6248,2315,1919,1911,3851,2033,36,2557,701,2020,787,1864,3481,45,3365,158,1940,3119,1606,784,58,1375,128,2257,2317,3196,1205,81,2460,1651,1557,2390,2251,1138,484,3027,462,382,1299,1878,2160,131,832,1350,967,2447,4571,1223,702,1544,735,455,1439,3180,745,503,2065,1827,1088,787,2530,543,1652,1301,559,901,189,2123,342,2235
27,2038,546,1238,3077,931,3324,18,2370,2667,1017,717,660,1528,67,6287,2378,1813,2366,3798,2077,36,2542,705,2020,788,1880,3534,50,3381,166,1947,3130,1604,782,59,1404,129,2280,2322,3188,1216,82,2466,1647,1559,2388,2262,1160,493,3026,471,383,1286,1878,2160,131,832,1350,967,2447,4571,1223,702,1544,735,455,1439,3180,745,503,2065,1827,1088,787,2347,895,1669,1316,561,904,199,2101,457,2269
27,2191,562,1216,3271,897,3324,18,2370,2667,1017,717,660,1528,67,6287,2378,1813,2366,3798,2077,36,2542,705,2020,788,1880,3534,50,3381,166,1947,3130,1604,782,59,1404,129,2280,2322,3188,1216,82,2466,1647,1559,2388,2262,1160,493,3026,471,383,1286,1881,2108,136,834,1343,981,2440,4607,1222,724,1559,728,457,1428,3150,761,511,2048,1823,1093,796,2356,947,1673,1321,562,907,196,2107,469,2285
27,2191,562,1216,3271,897,3356,22,2345,2665,1010,754,705,1701,63,6245,2371,1814,2368,3787,2057,36,2560,695,2020,836,1868,3519,45,3377,166,1945,3140,1596,777,58,1416,128,2282,2336,3201,1175,82,2463,1649,1573,2401,2277,1150,491,3019,462,383,1278,1857,2122,131,834,1334,993,2436,4600,1215,718,1549,721,469,1409,3171,761,502,2065,1829,1096,796,2356,947,1673,1321,562,907,196,2107,469,2318
22,2043,546,1245,3080,920,3345,18,2367,2670,1050,718,660,1560,63,6227,2384,1820,2105,3823,2101,36,2539,691,2022,819,1867,3546,40,3377,167,1937,3141,1608,780,59,1430,129,2272,2294,3208,1192,81,2472,1643,1585,2410,2266,1175,485,3019,462,383,1278,1857,2122,131,834,1334,993,2436,4600,1215,718,1549,721,469,1409,3171,761,502,2065,1829,1096,787,2335,938,1692,1342,561,898,189,2089,460,2351
27,2046,535,1193,3267,860,3357,18,2384,2668,1007,753,710,1729,63,6246,2440,1790,2371,3795,2076,36,2557,765,2005,841,1870,3570,45,3369,176,1941,3161,1610,780,59,1430,129,2272,2294,3208,1192,81,2472,1643,1585,2410,2266,1175,485,3026,464,384,1277,1845,2126,131,822,1333,1033,2423,4600,1227,696,1537,732,469,1430,3154,764,500,2070,1839,1100,786,2369,960,1679,1342,565,912,196,2094,454,2385
27,2046,552,1211,3282,872,3389,22,2354,2680,1005,757,660,1586,63,6237,2461,1789,2371,3795,2076,36,2557,765,2005,841,1870,3570,45,3369,176,1941,3161,1610,784,63,1437,137,2274,2349,3220,1203,84,2457,1653,1577,2395,2272,1177,506,3035,467,375,1273,1857,2130,140,834,1342,1004,2436,4619,1234,210,1518,727,460,1428,3154,758,502,2072,1831,1088,778,2356,954,1684,1343,567,911,197,2094,464,2419
27,2046,552,1211,3282,872,3389,22,2354,2680,1005,757,660,1586,63,6237,2461,1789,2425,3778,2121,37,2527,806,1996,846,1867,3573,47,3381,176,1929,3142,1606,793,61,1468,130,2283,2362,3229,1212,82,2463,1638,1596,2406,2269,1188,499,3021,462,399,1285,1857,2144,132,813,1301,1159,2417,4606,1234,677,1478,715,494,1427,3158,769,502,2072,1830,1103,791,2372,957,1700,1345,561,912,197,2094,464,2451
27,2109,546,1197,3285,873,3375,22,2375,2686,1013,770,699,1747,68,6262,2475,1776,2428,3782,2089,41,2536,823,1992,846,1872,3575,45,3377,176,1935,3153,1598,793,61,1468,130,2283,2362,3229,1212,82,2463,1638,1596,2406,2269,1188,499,3021,462,399,1285,1857,2144,132,813,1301,1159,2417,4606,1234,677,1478,715,494,1427,3158,769,502,2072,1830,1103,791,2372,957,1700,1345,561,912,197,2097,465,2468
32,2174,569,1212,3304,861,3401,18,2342,2684,1013,767,686,1727,68,6262,2475,1776,2428,3782,2089,41,2536,823,1992,846,1872,3575,45,3377,176,1935,3153,1598,779,59,1480,130,2276,2362,3220,1209,77,2454,1652,1581,2392,2262,1191,489,3013,461,386,1296,1872,2152,132,826,1329,1056,2425,4594,1228,699,1518,730,470,1427,3133,763,503,2077,1837,1101,790,2372,969,1692,1336,561,914,197,2097,475,2502
32,2174,569,1212,3304,861,3401,18,2342,2684,1013,767,686,1727,68,6250,2476,1785,2428,3770,2096,36,2539,831,1990,845,1860,3581,45,3377,177,1933,3146,1610,796,64,1494,130,2288,2362,3233,1217,82,2454,1647,1603,2371,2256,1190,491,3025,462,398,1295,1875,2161,132,826,1301,1139,2414,4606,1227,690,1506,715,494,1416,3133,771,502,2104,1841,1112,790,2372,968,1705,1360,561,910,186,2097,475,2535
27,2176,561,1216,3304,875,3393,22,2348,2686,1007,768,711,1739,67,6259,2469,1777,2428,3782,2089,36,2542,831,1996,846,1862,3581,45,3377,176,1927,3139,1600,800,63,1499,130,2290,2351,3212,1225,86,2457,1647,1595,2392,2262,1189,508,3026,461,398,1285,1875,2160,136,824,1302,1140,2414,4612,1227,690,1506,715,494,1416,3133,771,502,2104,1841,1112,790,2372,968,1705,1360,561,910,186,2097,465,2568
27,2191,561,1216,3293,861,3438,22,2348,2684,1017,769,700,1741,68,6259,2469,1777,2428,3770,2100,36,2542,823,1998,846,1860,3590,45,3377,177,1941,3153,1612,789,68,1513,130,2283,2338,3220,1220,81,2457,1647,1609,2392,2262,1189,508,3026,461,398,1285,1875,2160,136,824,1302,1140,2414,4612,1234,204,968,685,474,1416,3125,765,512,2094,1839,1112,790,2375,981,1715,1355,561,912,197,2100,477,2601
27,2191,561,1216,3293,861,3438,22,2348,2684,1017,769,700,1741,68,6259,2469,1777,2428,3770,2100,36,2542,823,1998,846,1860,3590,45,3377,177,1941,3153,1612,789,68,1513,130,2283,2338,3220,1220,81,2457,1647,1609,2381,2259,1184,508,3026,462,399,1284,1860,2154,136,823,1309,1171,2414,4606,1229,204,980,677,475,1417,3137,764,512,2109,1839,1102,791,2384,978,1715,1355,561,912,197,2100,477,2619
27,2193,569,1217,3304,873,3450,18,2351,2684,1008,768,699,1743,68,6259,2473,1777,2428,3757,2091,36,2545,824,1996,845,1860,3581,45,3377,177,1937,3142,1612,789,63,1513,130,2279,2351,3208,1219,81,2457,1647,1604,2384,2262,1193,512,3026,461,399,1285,1872,2156,136,825,1309,1171,2414,4606,1229,204,980,677,475,1417,3137,764,512,2109,1839,1102,791,2384,978,1715,1368,561,903,197,2100,477,2652
31,2193,562,1216,3307,862,3438,22,2351,2688,1017,769,700,1747,68,6266,2496,1779,2425,3775,2099,36,2545,832,1986,846,1862,3573,45,3381,177,1931,3142,1610,789,68,1515,131,2283,2351,3208,1220,81,2457,1647,1604,2384,2262,1193,512,3026,461,399,1285,1872,2156,136,825,1308,1149,2417,4625,1234,204,981,679,474,1417,3128,765,517,2096,1835,1112,791,2375,990,1721,1357,562,911,186,2087,477,2685
31,2181,562,1215,3307,862,3471,22,2354,2688,1017,769,687,1744,68,6274,2496,1774,2428,3775,2106,36,2545,839,1994,846,1862,3573,45,3381,177,1931,3142,1610,789,68,1515,131,2283,2351,3208,1220,86,2460,1649,1596,2384,2259,1194,513,3030,462,399,1285,1862,2158,140,824,1303,1150,2417,4637,1230,204,981,677,475,1417,3137,763,517,2096,1841,1112,791,2387,979,1721,1359,570,912,197,2112,467,2718
31,2181,562,1215,3307,862,3471,22,2354,2688,1017,769,687,1744,68,6274,2496,1774,2428,3775,2106,36,2545,839,1994,846,1860,3579,45,3381,177,1927,3153,1612,791,68,1515,138,2286,2349,3212,1223,86,2460,1649,1596,2395,2262,1196,513,3030,462,398,1285,1860,2151,140,824,1303,1150,2417,4637,1230,204,981,677,475,1417,3137,763,517,2096,1841,1112,791,2387,979,1721,1359,570,912,197,2112,467,2735
31,2193,570,1216,3307,875,3465,22,2351,2688,1017,757,700,1761,68,6266,2488,1768,2428,3775,2102,40,2545,832,1994,846,1864,3574,50,3369,177,1937,3153,1612,785,68,1515,131,2286,2349,3212,1223,86,2460,1649,1596,2395,2262,1196,513,3030,462,398,1285,1860,2151,140,824,1309,1139,2425,4619,1232,204,969,677,475,1417,3137,765,513,2096,1842,1113,791,2375,983,1722,1357,562,911,186,2087,478,2770
31,2193,570,1216,3307,875,3465,22,2351,2688,1017,757,700,1761,68,6266,2488,1768,2428,3775,2102,40,2545,832,1994,846,1864,3574,50,3369,177,1937,3153,1612,785,68,1515,131,2288,2351,3216,1218,86,2460,1640,1596,2384,2262,1190,513,3030,462,399,1285,1862,2162,136,824,1302,1140,2428,4619,1232,204,969,685,475,1417,3137,764,513,2096,1841,1112,791,2387,980,1722,1357,562,911,186,2087,478,2785
31,2193,562,1216,3307,862,3474,22,2351,2688,1018,769,686,1744,63,6266,2486,1769,2428,3770,2104,36,2545,832,1986,846,1862,3582,45,3369,177,1931,3153,1612,792,68,1527,130,2290,2340,3225,1223,81,2448,1648,1607,2384,2275,1196,513,3030,462,399,1285,1862,2162,136,824,1302,1140,2428,4619,1232,204,969,685,475,1417,3137,764,513,2096,1841,1112,791,2387,980,1722,1357,562,912,197,2109,467,2818
27,2193,562,1216,3307,862,3474,22,2351,2688,1018,769,686,1744,63,6266,2486,1769,2428,3770,2104,36,2545,832,1986,846,1862,3582,45,3369,177,1931,3153,1612,792,68,1527,130,2290,2340,3225,1223,81,2448,1648,1607,2384,2275,1196,513,3030,462,399,1285,1860,2160,140,824,1309,1140,2406,4612,1233,204,981,677,475,1417,3137,765,513,2109,1841,1112,791,2387,981,1723,1371,562,912,186,2100,469,2836
27,2193,570,1217,3307,862,3471,22,2351,2683,1008,780,725,2036,68,6266,2488,1769,2428,3779,2092,36,2545,832,1986,846,1862,3577,45,3369,177,1929,3157,1600,788,68,1553,130,2290,2351,3212,1211,81,2451,1640,1596,2381,2259,1186,513,3018,462,399,1285,1862,2157,136,824,1302,1151,2406,4612,1233,204,981,677,475,1417,3137,770,513,2109,1841,1112,791,2387,981,1723,1371,562,912,186,2100,469,2869
31,2184,570,1216,3296,861,3435,18,2354,2686,1008,780,737,2210,68,6262,2478,1779,2428,3770,2099,36,2545,832,1986,846,1862,3577,45,3369,177,1929,3157,1600,788,68,1553,130,2290,2351,3212,1211,81,2451,1640,1596,2381,2259,1186,513,3018,462,399,1285,1862,2157,136,824,1302,1151,2406,4612,1233,204,981,677,475,1417,3137,770,513,2099,1841,1112,791,2387,987,1723,1359,570,913,186,2100,480,2886
31,2184,570,1216,3296,861,3435,18,2354,2686,1008,780,737,2210,68,6262,2478,1779,2428,3770,2099,36,2548,823,1990,846,1862,3574,45,3365,177,1941,3157,1600,797,77,1703,138,2302,2362,3225,1230,86,2445,1640,1600,2398,2262,1194,513,3017,462,399,1287,1862,2157,136,824,1302,1151,2406,4612,1233,204,981,677,475,1417,3137,770,513,2099,1841,1112,791,2387,987,1723,1359,570,913,186,2100,480,2901
31,2184,570,1216,3296,861,3435,18,2354,2686,1008,780,737,2210,68,6262,2478,1779,2428,3770,2099,36,2548,823,1990,846,1862,3574,45,3365,177,1941,3157,1600,797,77,1703,138,2302,2362,3225,1230,86,2445,1640,1600,2398,2262,1194,513,3017,462,399,1287,1872,2153,140,827,1309,1161,2417,4612,1242,209,985,685,485,1428,3125,772,513,2104,1841,1114,791,2387,990,1726,1374,562,914,197,2100,480,2918
27,2189,570,1217,3307,862,3436,22,2357,2688,1018,790,739,2285,72,6257,2480,1779,2428,3762,2085,36,2542,824,2001,835,1864,3570,45,3365,177,1933,3153,1604,797,77,1703,138,2302,2362,3225,1230,86,2445,1640,1600,2398,2262,1194,513,3017,462,399,1287,1872,2153,140,827,1309,1161,2417,4612,1242,209,985,685,485,1428,3125,772,513,2104,1841,1114,791,2387,990,1726,1374,562,914,197,2100,481,2935
31,2199,570,1217,3311,863,3445,22,2357,2688,1018,791,738,2285,72,6257,2480,1779,2428,3762,2085,36,2542,824,2001,835,1864,3570,45,3365,177,1933,3153,1604,793,72,1701,146,2295,2365,3229,1222,86,2442,1648,1600,2387,2265,1194,502,3025,462,400,1285,1864,2160,135,827,1302,1170,2406,4605,1250,203,973,685,485,1419,3128,783,512,2104,1841,1113,792,2365,1002,1718,1359,570,914,197,2090,492,2968
31,2199,570,1217,3311,863,3445,22,2357,2688,1018,791,738,2285,68,6265,2488,1771,2431,3779,2094,40,2542,824,1990,846,1864,3575,45,3365,177,1942,3168,1614,790,72,1701,138,2304,2362,3229,1218,81,2442,1649,1600,2395,2262,1190,508,3017,462,400,1287,1879,2165,140,827,1302,1171,2417,4618,1236,204,984,686,485,1417,3141,783,512,2092,1842,1113,792,2377,992,1724,1360,562,914,197,2090,492,3002
31,2199,570,1219,3307,863,3436,22,2357,2688,1008,792,750,2342,68,6257,2488,1771,2431,3784,2089,36,2539,824,1990,847,1862,3573,45,3369,177,1933,3157,1602,783,72,1703,138,2304,2365,3216,1230,81,2442,1643,1600,2395,2265,1195,508,3017,462,400,1287,1879,2165,140,827,1302,1171,2417,4618,1236,204,984,686,485,1417,3141,783,512,2092,1842,1113,792,2377,992,1724,1360,562,914,197,2087,491,3019
27,2187,570,1209,3311,877,3436,22,2360,2688,1008,792,750,2342,68,6257,2488,1771,2431,3784,2089,36,2539,824,1990,847,1862,3573,45,3369,177,1933,3157,1602,783,72,1703,138,2304,2365,3216,1230,81,2442,1643,1600,2395,2265,1195,508,3029,462,400,1287,1864,2162,136,827,1304,1171,2406,4605,1239,208,973,678,485,1419,3116,783,517,2104,1842,1114,802,2380,1011,1725,1360,570,904,197,2090,501,3051
27,2187,570,1209,3311,877,3436,22,2360,2688,1009,781,738,2335,68,6257,2498,1771,2439,3784,2089,36,2554,824,1990,835,1862,3573,45,3369,177,1942,3168,1602,793,77,1713,138,2304,2354,3216,1221,86,2457,1649,1600,2387,2265,1193,508,3013,462,400,1287,1864,2160,140,839,1295,1171,2409,4611,1247,204,972,686,476,1417,3128,775,513,2104,1842,1114,792,2365,1004,1731,1360,570,904,197,2090,501,3083
27,2189,570,1209,3307,863,3430,22,2360,2692,1009,780,750,2331,68,6277,2496,1780,2442,3767,2096,36,2542,827,1992,835,1864,3573,45,3365,177,1925,3153,1602,793,72,1715,139,2297,2351,3216,1222,86,2457,1649,1600,2387,2265,1193,508,3013,462,400,1287,1864,2160,140,839,1295,1171,2409,4611,1247,204,972,686,476,1417,3128,775,513,2104,1842,1114,792,2365,1004,1731,1374,570,914,198,2090,501,3102
31,2201,574,1220,3311,863,3436,22,2357,2697,1009,780,750,2331,68,6277,2496,1780,2442,3767,2096,36,2542,827,1992,835,1864,3573,45,3365,177,1925,3153,1602,793,72,1715,139,2297,2351,3216,1222,81,2442,1648,1601,2387,2277,1194,509,3025,464,400,1287,1864,2162,136,827,1302,1182,2406,4593,1239,204,973,688,486,1419,3132,784,513,2080,1906,1106,792,2365,1011,1756,1350,581,905,187,2077,501,3136
31,2201,574,1220,3311,863,3436,22,2357,2697,1011,792,751,2381,68,6277,2503,1763,2442,3771,2096,36,2542,829,1992,847,1867,3564,45,3369,178,1937,3157,1604,793,77,1715,139,2299,2343,3208,1221,81,2445,1647,1603,2398,2265,1202,513,3013,456,400,1287,1864,2160,136,814,1292,1192,2409,4593,1247,204,972,689,486,1419,3128,784,513,2089,1871,1106,792,2368,1002,1730,1350,581,905,187,2077,501,3168
31,2201,566,1211,3307,864,3448,22,2360,2689,1011,792,750,2360,68,6257,2503,1763,2431,3771,2096,36,2542,837,1994,846,1864,3564,45,3365,178,1937,3153,1604,793,77,1713,139,2297,2329,3204,1222,81,2457,1651,1601,2398,2268,1204,513,3017,465,400,1287,1864,2160,136,814,1292,1192,2409,4593,1247,204,972,689,486,1419,3128,784,513,2089,1871,1106,792,2368,1002,1730,1360,580,906,186,2092,501,3201
32,2199,573,1220,3311,863,3412,22,2360,2701,1010,792,763,2633,68,6277,2505,1774,2439,3771,2082,40,2542,834,1992,835,1864,3559,45,3369,177,1937,3168,1600,779,72,1715,138,2290,2318,3204,1220,81,2457,1651,1601,2398,2268,1204,513,3017,465,400,1287,1867,2164,140,826,1300,1183,2409,4598,1240,204,973,681,486,1419,3128,786,513,2092,1882,1105,792,2365,1014,1764,1350,581,905,187,2090,494,3234
27,2201,570,1221,3311,863,3397,22,2360,2700,1011,792,763,2651,72,6285,2500,1765,2442,3784,2086,40,2542,834,1992,835,1864,3559,45,3369,177,1937,3168,1600,779,72,1715,138,2290,2318,3204,1220,86,2442,1642,1612,2398,2268,1201,508,3017,462,400,1296,1867,2165,140,827,1296,1192,2400,4598,1247,204,973,679,487,1430,3132,789,518,2104,1842,1116,792,2377,1010,1736,1362,563,917,197,2090,505,3268
27,2189,570,1221,3311,863,3397,22,2360,2700,1011,792,763,2651,72,6285,2500,1765,2442,3784,2086,40,2542,833,1994,847,1864,3559,45,3369,177,1938,3153,1587,779,72,1699,130,2280,2318,3175,1211,77,2445,1643,1612,2398,2277,1202,513,3029,462,410,1287,1867,2169,140,827,1296,1192,2409,4593,1239,204,973,686,487,1419,3128,790,518,2102,1845,1116,792,2362,1001,1736,1360,562,906,197,2092,505,3301
27,2189,563,1211,3307,863,3388,22,2360,2692,1011,803,776,2656,68,6265,2500,1776,2442,3784,2086,36,2542,833,1996,836,1854,3566,45,3369,177,1938,3168,1616,789,77,1715,138,2292,2321,3191,1221,86,2445,1642,1614,2398,2277,1202,513,3017,462,410,1285,1867,2157,140,815,1287,1193,2398,4593,1241,204,973,678,486,1417,3116,781,518,2102,1845,1116,792,2362,1001,1736,1360,562,906,197,2092,505,3335
31,2201,570,1212,3307,863,3394,22,2360,2698,1012,803,763,2644,68,6277,2500,1776,2442,3784,2086,36,2554,832,1994,836,1864,3569,45,3381,177,1938,3175,1629,791,77,1715,138,2282,2274,3145,1213,86,2445,1642,1612,2406,2277,1205,513,3017,462,410,1285,1867,2157,140,815,1287,1193,2398,4593,1241,204,973,678,486,1417,3116,781,518,2104,1844,1107,803,2377,1011,1731,1362,562,907,198,2092,505,3368
27,2187,570,1212,3307,863,3394,22,2360,2698,1012,803,763,2644,68,6277,2500,1776,2442,3784,2086,36,2554,832,1994,836,1864,3569,45,3381,177,1938,3175,1629,791,77,1715,138,2282,2274,3145,1213,86,2445,1642,1612,2406,2277,1205,513,3017,462,410,1285,1864,2159,140,827,1295,1192,2409,4598,1250,204,973,686,487,1417,3125,781,517,2104,1842,1097,779,2362,1010,1731,1360,562,899,197,2077,486,3385
27,2187,562,1195,3282,862,3388,18,2342,2683,1004,790,750,2644,63,6257,2482,1760,2428,3762,2068,31,2539,816,1990,823,1850,3556,40,3353,169,1933,3164,1600,781,72,1688,130,2267,2263,3128,1214,81,2445,1642,1618,2409,2277,1205,513,3017,454,411,1285,1864,2161,141,827,1280,1226,2395,4593,1251,204,973,678,487,1417,3125,781,517,2104,1842,1097,779,2362,1010,1731,1360,562,899,197,2077,486,3419
31,2189,570,1205,3307,863,3403,22,2360,2690,1015,802,763,2702,68,6277,2498,1772,2428,3762,2068,31,2539,816,1990,823,1850,3556,40,3353,169,1933,3164,1600,781,72,1688,130,2267,2263,3128,1214,81,2445,1642,1618,2409,2277,1205,513,3017,454,411,1285,1864,2161,141,827,1280,1226,2395,4593,1251,204,973,678,498,1417,3128,781,513,2104,1842,1120,791,2365,1011,1732,1362,570,909,197,2090,505,3435
31,2189,570,1205,3307,863,3403,22,2360,2690,1015,802,763,2702,68,6277,2498,1772,2439,3784,2079,36,2542,825,1992,846,1864,3560,45,3369,177,1944,3175,1614,781,72,1715,131,2270,2255,3128,1213,81,2445,1642,1607,2384,2277,1205,513,3004,454,401,1285,1864,2161,136,816,1273,1235,2395,4586,1251,204,974,679,488,1419,3128,781,518,2092,1836,1121,792,2365,1011,1733,1362,570,909,197,2090,505,3468
31,2189,563,1216,3311,863,3403,22,2360,2692,1015,803,763,2732,68,6265,2500,1772,2442,3767,2088,36,2542,824,1990,835,1852,3560,50,3373,177,1944,3175,1614,781,72,1715,131,2270,2255,3128,1213,81,2445,1642,1607,2384,2277,1205,513,3004,454,401,1285,1864,2161,136,816,1273,1235,2395,4586,1251,204,974,679,488,1419,3128,781,518,2092,1836,1121,792,2365,1011,1733,1362,570,909,197,2090,505,3485
27,2189,562,1216,3311,863,3394,22,2360,2690,1014,802,763,2744,68,6265,2500,1772,2442,3767,2088,36,2542,824,1990,835,1852,3560,50,3373,177,1933,3164,1602,781,77,1729,138,2277,2252,3128,1214,86,2445,1642,1618,2406,2290,1205,514,3004,455,401,1285,1862,2161,136,815,1279,1226,2406,4575,1252,204,973,678,497,1417,3132,782,518,2092,1835,1120,791,2365,1012,1729,1362,562,909,186,2087,497,3518
27,2189,562,1216,3311,863,3394,22,2360,2690,1014,802,763,2744,68,6265,2490,1770,2439,3784,2082,36,2542,824,1992,835,1852,3557,45,3369,177,1934,3175,1614,792,77,1727,131,2267,2252,3141,1206,81,2445,1642,1618,2392,2290,1198,514,3017,454,411,1285,1862,2165,136,828,1279,1235,2406,4580,1244,204,961,670,488,1417,3112,783,514,2095,1835,1111,791,2365,1013,1733,1362,562,909,186,2087,497,3552
27,2192,562,1216,3307,863,3391,22,2362,2690,1016,802,763,2797,68,6265,2498,1773,2428,3784,2077,36,2545,825,2001,846,1864,3554,45,3361,177,1944,3164,1614,794,77,1727,131,2270,2241,3116,1209,81,2448,1642,1618,2406,2277,1209,514,3004,454,402,1287,1877,2171,136,816,1279,1235,2398,4580,1244,204,961,670,488,1417,3112,783,514,2095,1835,1111,791,2365,1013,1733,1362,562,909,197,2090,497,3585
31,2204,562,1216,3307,851,3379,22,2362,2690,1015,802,775,2792,68,6272,2492,1772,2439,3779,2073,36,2545,824,1992,836,1864,3554,45,3361,177,1934,3168,1614,792,77,1729,131,2277,2241,3112,1215,86,2448,1643,1618,2406,2277,1209,514,3004,454,402,1287,1877,2171,136,816,1279,1235,2398,4580,1246,204,974,678,498,1417,3128,784,514,2095,1842,1111,792,2365,1015,1734,1352,562,909,198,2092,507,3618
31,2204,562,1216,3307,851,3379,22,2362,2690,1015,802,775,2792,68,6272,2492,1772,2439,3779,2073,36,2545,824,1992,836,1864,3554,45,3361,177,1934,3168,1614,792,77,1729,131,2277,2241,3112,1215,86,2448,1643,1618,2406,2287,1198,518,3008,454,402,1287,1864,2165,136,816,1279,1235,2398,4580,1253,204,973,678,498,1417,3128,783,519,2104,1842,1111,791,2362,1005,1729,1352,562,909,198,2092,507,3634
27,2204,563,1216,3307,864,3388,22,2360,2692,1005,802,776,2865,68,6272,2490,1772,2428,3779,2088,36,2545,824,1992,846,1864,3554,45,3361,177,1934,3168,1614,792,77,1729,131,2277,2241,3112,1215,86,2448,1643,1618,2406,2287,1198,518,3008,454,402,1287,1864,2165,136,816,1279,1235,2398,4580,1253,204,973,678,498,1417,3128,783,519,2104,1842,1111,791,2362,1005,1729,1362,563,919,197,2075,497,3651
27,2192,562,1216,3307,863,3388,22,2360,2692,1005,802,776,2865,68,6272,2490,1772,2428,3779,2088,36,2545,824,1992,846,1862,3567,45,3373,177,1944,3175,1614,794,77,1729,131,2270,2241,3132,1210,86,2445,1634,1618,2406,2280,1210,519,3008,454,411,1285,1867,2171,141,816,1279,1235,2395,4593,1247,204,973,678,498,1417,3116,785,518,2095,1842,1120,790,2365,1017,1730,1352,563,909,197,2077,508,3686
27,2192,562,1216,3307,863,3382,22,2362,2690,1016,802,788,2862,68,6253,2498,1773,2428,3787,2088,36,2542,824,1992,846,1864,3564,45,3357,169,1934,3175,1614,794,77,1729,131,2272,2241,3112,1210,86,2448,1642,1618,2406,2280,1210,519,3008,454,412,1285,1864,2169,141,816,1279,1236,2409,4575,1246,209,974,678,498,1428,3116,784,514,2095,1835,1111,790,2365,1017,1730,1352,563,909,197,2077,508,3718
31,2204,570,1217,3307,863,3388,22,2362,2698,1005,801,763,2847,68,6272,2500,1762,2428,3792,2094,36,2542,824,1992,846,1864,3564,45,3357,169,1934,3175,1614,794,77,1729,131,2272,2241,3112,1210,86,2448,1642,1618,2406,2280,1210,519,3008,454,412,1285,1864,2169,141,816,1279,1236,2409,4575,1246,209,974,678,498,1428,3116,784,514,2095,1835,1111,790,2362,1015,1734,1350,562,919,197,2090,507,3734
27,2204,570,1216,3307,863,3388,22,2362,2698,1005,801,763,2847,68,6272,2500,1762,2428,3792,2094,36,2545,824,1992,846,1852,3551,45,3373,177,1934,3175,1614,794,77,1729,138,2272,2230,3103,1218,86,2448,1634,1618,2406,2277,1209,519,3008,462,402,1284,1864,2169,141,816,1272,1235,2395,4580,1244,204,975,679,498,1419,3116,784,519,2107,1850,1121,791,2365,1016,1734,1364,562,909,197,2075,508,3768
27,2204,570,1216,3307,863,3379,22,2362,2696,1015,801,763,2871,68,6260,2498,1773,2428,3792,2097,36,2545,824,1992,834,1852,3558,45,3373,169,1934,3172,1612,794,72,1729,138,2272,2230,3103,1218,86,2448,1634,1618,2406,2277,1209,519,3008,462,402,1284,1864,2169,141,816,1272,1235,2395,4580,1244,204,975,679,498,1419,3116,784,519,2107,1850,1121,791,2365,1016,1734,1364,562,909,197,2075,508,3785
27,2192,570,1208,3304,862,3385,22,2362,2690,1005,791,738,2832,63,6272,2498,1773,2439,3787,2103,36,2545,824,1992,834,1852,3558,45,3373,169,1934,3172,1612,794,72,1729,138,2270,2228,3116,1209,82,2448,1635,1618,2406,2277,1210,519,3008,462,411,1296,1862,2169,136,816,1280,1236,2406,4580,1247,209,974,678,498,1417,3125,784,519,2107,1842,1121,791,2368,1016,1734,1364,570,909,186,2075,498,3818
27,2192,570,1208,3304,862,3385,22,2362,2690,1005,791,738,2832,63,6272,2498,1773,2439,3787,2103,36,2542,824,1994,835,1852,3551,45,3361,177,1934,3164,1614,794,77,1753,138,2270,2230,3103,1208,82,2448,1642,1618,2406,2277,1208,519,3008,454,411,1285,1862,2169,136,816,1280,1236,2406,4580,1247,209,974,678,498,1417,3125,784,519,2107,1842,1121,791,2368,1016,1734,1364,570,909,186,2075,498,3835
27,2204,570,1216,3307,864,3382,22,2365,2700,1016,791,738,2843,68,6268,2498,1772,2439,3787,2094,36,2533,824,1992,846,1864,3545,45,3361,177,1934,3175,1627,794,77,1753,138,2270,2230,3103,1208,82,2448,1642,1618,2406,2277,1208,519,3008,454,411,1285,1864,2167,141,817,1272,1236,2406,4580,1246,204,951,678,488,1417,3116,784,514,2107,1842,1121,791,2365,1014,1734,1364,570,910,197,2090,507,3868
31,2204,570,1216,3307,877,3370,22,2365,2692,1016,791,738,2855,68,6260,2490,1773,2439,3787,2094,36,2533,824,1992,846,1864,3545,45,3361,177,1934,3175,1627,793,77,1741,138,2272,2241,3120,1208,86,2448,1642,1618,2409,2293,1209,514,3008,455,402,1285,1862,2169,141,817,1279,1235,2395,4580,1246,204,974,678,498,1419,3128,785,514,2109,1842,1112,791,2365,1014,1734,1362,562,909,197,2090,507,3901
31,2204,570,1216,3307,877,3370,22,2365,2692,1016,791,738,2855,68,6260,2490,1773,2439,3792,2088,36,2545,824,1994,835,1852,3539,45,3361,177,1944,3186,1614,794,77,1753,138,2270,2230,3100,1210,86,2448,1642,1628,2406,2277,1201,514,3008,454,411,1296,1864,2162,136,816,1279,1235,2395,4593,1247,204,974,678,498,1417,3128,785,518,2095,1844,1112,791,2377,1016,1734,1364,562,909,197,2090,507,3935
27,2192,570,1216,3307,864,3376,22,2362,2690,1015,791,750,2846,63,6260,2490,1772,2439,3792,2079,36,2533,824,1992,846,1854,3539,45,3361,177,1934,3175,1614,794,77,1753,138,2270,2230,3116,1210,81,2448,1642,1618,2406,2290,1209,519,3008,454,411,1285,1864,2162,145,828,1279,1235,2395,4580,1247,205,974,686,498,1417,3128,785,518,2095,1844,1112,791,2377,1016,1734,1364,562,909,197,2090,507,3968
31,2204,570,1217,3311,863,3373,22,2362,2690,1005,791,750,2865,68,6272,2498,1772,2428,3796,2079,36,2536,824,1992,846,1852,3521,45,3361,177,1934,3175,1614,785,72,1756,131,2270,2233,3120,1210,86,2448,1635,1618,2406,2290,1209,519,3008,454,411,1285,1864,2162,145,828,1279,1235,2395,4580,1247,205,974,686,498,1417,3132,786,519,2107,1842,1111,791,2365,1016,1735,1364,562,909,197,2092,508,4002
31,2204,570,1216,3311,863,3370,22,2362,2700,1006,792,751,2855,68,6272,2507,1773,2439,3792,2079,36,2545,825,1992,836,1852,3521,45,3365,177,1934,3175,1614,785,72,1756,131,2270,2233,3120,1210,86,2448,1635,1618,2409,2290,1210,519,2996,455,411,1285,1867,2160,145,816,1280,1234,2398,4580,1246,205,974,679,498,1417,3128,784,514,2095,1836,1112,792,2365,1006,1734,1364,563,910,197,2077,508,4035
31,2204,571,1206,3307,863,3373,22,2365,2700,1015,791,751,2874,68,6272,2507,1773,2439,3792,2079,36,2545,825,1992,836,1852,3521,45,3365,177,1946,3175,1614,794,72,1753,138,2270,2219,3107,1219,86,2448,1643,1618,2417,2290,1210,515,3012,455,402,1287,1852,2162,145,816,1280,1235,2395,4580,1247,205,974,671,498,1417,3128,785,519,2095,1844,1111,791,2362,1016,1735,1364,563,909,186,2090,508,4069
31,2204,571,1206,3307,863,3373,22,2365,2700,1015,791,751,2874,68,6272,2507,1772,2439,3787,2088,36,2533,825,1992,835,1852,3521,45,3361,169,1944,3175,1614,794,72,1753,138,2270,2233,3103,1210,86,2448,1644,1618,2417,2290,1210,515,3012,455,402,1287,1852,2162,145,816,1280,1235,2395,4580,1247,205,974,671,498,1417,3128,785,519,2095,1844,1111,791,2362,1016,1735,1364,563,909,186,2090,508,4085
31,2204,571,1206,3307,863,3373,22,2365,2700,1015,791,751,2874,68,6272,2507,1772,2439,3787,2088,36,2533,825,1992,835,1852,3521,45,3361,169,1944,3175,1614,794,72,1753,138,2270,2233,3103,1210,86,2448,1644,1618,2417,2290,1200,519,3008,455,402,1285,1864,2171,141,828,1280,1236,2395,4580,1247,204,974,679,498,1417,3128,785,519,2107,1844,1111,780,2368,1015,1734,1364,563,909,186,2090,508,4102
31,2204,570,1216,3307,864,3370,22,2365,2700,1016,791,750,2892,68,6272,2500,1772,2428,3796,2088,36,2533,817,1994,835,1839,3512,45,3365,177,1946,3179,1614,794,77,1753,138,2270,2230,3107,1210,82,2448,1643,1618,2417,2277,1210,519,3008,455,402,1285,1862,2162,141,816,1280,1236,2395,4580,1247,204,974,679,498,1417,3128,785,519,2107,1844,1111,780,2368,1015,1734,1364,563,910,198,2090,508,4134
27,2204,570,1217,3307,876,3373,22,2362,2708,1016,791,750,2878,68,6260,2496,1762,2428,3792,2086,36,2533,817,1992,835,1850,3521,45,3373,169,1946,3175,1629,794,77,1753,138,2272,2219,3087,1200,82,2448,1643,1618,2417,2277,1210,519,3008,455,402,1285,1862,2162,141,816,1272,1236,2395,4580,1247,205,974,679,488,1419,3128,785,514,2097,1844,1112,791,2368,1016,1736,1364,570,910,197,2090,508,4168
27,2204,570,1217,3307,876,3373,22,2362,2708,1016,791,750,2878,68,6260,2496,1762,2428,3792,2086,36,2533,817,1992,835,1850,3521,45,3373,169,1946,3175,1629,794,77,1753,138,2272,2219,3087,1200,81,2448,1640,1620,2417,2290,1218,519,3008,454,411,1285,1864,2169,145,816,1279,1235,2395,4580,1246,204,974,678,499,1419,3128,785,514,2107,1841,1113,791,2368,1016,1736,1364,570,910,197,2090,508,4185
31,2207,570,1217,3318,877,3370,22,2365,2688,1016,792,750,2907,72,6280,2480,1773,2428,3792,2090,31,2536,824,1994,835,1839,3515,45,3349,177,1934,3175,1614,786,72,1766,130,2270,2219,3091,1210,82,2436,1640,1620,2428,2275,1212,519,2996,454,402,1284,1850,2166,145,828,1278,1246,2395,4580,1248,204,974,677,488,1406,3116,786,514,2097,1841,1112,780,2362,1018,1740,1365,570,910,186,2077,499,4368
31,2207,570,1217,3318,877,3370,22,2365,2688,1016,792,750,2907,72,6280,2480,1773,2436,3792,2092,36,2536,824,2003,835,1852,3506,45,3365,177,1946,3179,1627,795,77,1768,131,2272,2219,3107,1212,82,2451,1642,1620,2431,2290,1202,514,3000,454,411,1287,1850,2166,145,828,1278,1246,2395,4580,1248,204,974,677,488,1406,3116,786,514,2097,1841,1112,780,2362,1018,1740,1365,570,910,186,2077,499,4385
31,2195,562,1217,3318,862,3367,18,2353,2681,1016,791,738,2892,68,6280,2490,1773,2428,3804,2097,36,2536,824,1992,846,1852,3515,45,3353,177,1936,3175,1625,795,77,1768,131,2272,2219,3107,1212,82,2451,1642,1620,2431,2290,1202,514,3000,454,411,1287,1864,2164,145,841,1278,1246,2395,4593,1248,205,975,678,498,1417,3132,787,515,2097,1842,1112,792,2365,1017,1736,1365,570,909,197,2092,508,4418
27,2207,570,1208,3307,863,3370,22,2365,2688,1016,791,738,2916,68,6280,2490,1773,2428,3804,2097,36,2536,824,1992,846,1852,3515,45,3353,177,1936,3175,1625,785,72,1768,138,2272,2219,3091,1211,86,2451,1640,1620,2428,2293,1211,519,3000,454,402,1285,1864,2164,145,829,1279,1235,2395,4575,1248,205,975,677,498,1419,3128,786,519,2097,1842,1112,791,2377,1018,1737,1365,562,920,186,2090,509,4452
27,2207,570,1208,3307,863,3370,22,2365,2688,1016,791,738,2916,68,6280,2490,1773,2439,3787,2101,36,2536,824,1994,846,1854,3527,45,3361,177,1934,3186,1616,796,77,1766,131,2272,2208,3078,1214,86,2451,1642,1618,2431,2290,1212,519,2996,454,403,1285,1864,2166,145,829,1279,1235,2395,4586,1259,209,974,678,488,1419,3132,787,519,2097,1844,1121,791,2365,1018,1741,1365,570,910,197,2077,509,4485
27,2207,570,1217,3307,863,3348,22,2365,2692,1015,791,738,2916,68,6280,2492,1773,2439,3804,2090,36,2536,825,1994,835,1839,3527,50,3365,177,1936,3175,1627,796,77,1770,138,2270,2208,3078,1212,82,2451,1642,1620,2431,2290,1211,515,3012,455,402,1285,1864,2173,150,841,1272,1245,2398,4593,1250,204,975,678,488,1419,3132,787,519,2097,1844,1121,791,2365,1018,1741,1365,570,910,197,2077,509,4519
31,2207,570,1209,3307,863,3361,22,2365,2690,1016,791,750,2904,68,6292,2490,1773,2439,3804,2090,36,2536,825,1994,835,1839,3527,50,3365,177,1936,3175,1627,796,77,1770,138,2270,2208,3078,1212,82,2451,1642,1620,2431,2290,1211,515,3012,455,402,1285,1864,2173,150,841,1272,1245,2398,4593,1250,204,975,678,498,1406,3128,787,519,2109,1842,1112,780,2365,1018,1738,1365,562,910,197,2090,509,4535
31,2207,570,1209,3307,863,3361,22,2365,2690,1016,791,750,2904,68,6292,2490,1773,2439,3796,2099,36,2536,824,1994,834,1852,3527,45,3365,177,1946,3186,1627,796,77,1768,138,2272,2197,3066,1212,81,2439,1642,1620,2442,2302,1212,519,3000,454,412,1287,1864,2175,150,829,1288,1246,2395,4580,1250,209,975,677,498,1417,3128,787,514,2097,1842,1121,791,2365,1009,1744,1365,562,909,197,2090,509,4568
31,2207,570,1208,3307,862,3370,22,2365,2690,1016,791,738,2940,68,6292,2490,1773,2439,3809,2105,36,2536,824,1996,835,1850,3525,45,3365,177,1938,3186,1625,797,77,1768,138,2262,2219,3095,1204,86,2451,1642,1620,2428,2300,1214,514,3000,454,402,1285,1864,2170,145,829,1278,1246,2395,4587,1250,209,975,677,498,1417,3128,787,514,2097,1842,1121,791,2365,1009,1744,1365,562,909,197,2075,509,4601
27,2207,570,1208,3318,862,3367,22,2365,2690,1017,791,750,2947,68,6280,2488,1773,2439,3804,2094,36,2536,824,1994,835,1852,3521,45,3365,177,1946,3186,1625,797,77,1768,138,2272,2222,3075,1214,81,2439,1642,1621,2428,2300,1214,514,3000,454,402,1285,1864,2170,145,829,1278,1246,2395,4587,1260,204,975,678,498,1417,3128,788,514,2097,1842,1111,791,2375,1011,1738,1365,562,910,186,2090,509,4635
27,2207,570,1208,3322,863,3358,22,2365,2690,1007,791,750,2968,68,6292,2500,1773,2428,3804,2105,36,2536,832,1996,836,1850,3531,45,3365,177,1946,3186,1625,797,77,1768,138,2272,2222,3075,1214,81,2439,1642,1621,2428,2290,1214,518,3015,462,412,1285,1864,2170,150,841,1280,1247,2395,4593,1260,204,975,686,498,1419,3128,787,519,2112,1842,1122,792,2368,1011,1738,1364,570,910,197,2077,510,4668
31,2207,570,1217,3318,863,3367,22,2365,2692,1007,791,750,2968,68,6292,2500,1773,2428,3804,2105,36,2536,832,1996,836,1850,3531,45,3365,169,1934,3186,1625,797,77,1768,138,2262,2222,3095,1214,81,2451,1642,1620,2431,2290,1214,518,3012,454,402,1285,1862,2170,150,829,1280,1246,2395,4580,1251,204,975,678,498,1408,3132,788,519,2109,1842,1121,791,2377,1011,1740,1365,570,920,186,2077,500,4703
31,2207,570,1217,3318,863,3367,22,2365,2692,1015,803,750,2984,68,6292,2490,1775,2439,3792,2096,36,2536,824,1994,835,1852,3521,45,3365,177,1936,3190,1625,797,77,1768,138,2262,2200,3066,1204,82,2439,1643,1620,2439,2290,1214,519,3000,455,402,1285,1864,2177,150,841,1280,1246,2395,4593,1260,205,975,679,498,1419,3128,787,514,2109,1844,1112,792,2377,1000,1735,1365,570,920,186,2077,500,4734
31,2207,570,1208,3318,876,3364,22,2380,2692,1016,791,750,2993,68,6292,2492,1773,2439,3800,2096,36,2524,825,1994,835,1837,3525,45,3365,177,1946,3190,1627,787,77,1768,131,2262,2189,3053,1204,86,2451,1643,1621,2439,2287,1214,519,3000,454,412,1285,1862,2168,150,841,1280,1246,2395,4593,1260,205,975,679,498,1419,3128,787,514,2109,1844,1112,792,2377,1000,1735,1365,563,909,186,2077,509,4769
27,2207,570,1208,3322,862,3361,18,2365,2692,1006,791,763,3002,68,6292,2492,1772,2439,3800,2101,36,2536,833,1994,846,1842,3525,45,3369,177,1946,3190,1627,797,77,1768,138,2262,2189,3053,1204,86,2451,1643,1621,2439,2287,1214,519,3000,454,412,1285,1862,2168,150,841,1279,1235,2395,4575,1250,209,975,678,498,1417,3128,787,514,2109,1844,1111,791,2375,1000,1736,1378,570,909,197,2090,509,4802
31,2207,570,1206,3307,862,3361,22,2368,2692,1006,802,750,3022,68,6288,2492,1773,2439,3800,2088,36,2536,833,1994,846,1842,3525,45,3369,177,1946,3190,1627,797,77,1768,138,2253,2189,3066,1214,86,2454,1651,1620,2431,2305,1214,519,3003,462,402,1287,1864,2168,150,853,1280,1246,2395,4575,1251,209,975,678,508,1417,3137,787,519,2112,1842,1112,791,2387,991,1741,1367,570,910,186,2087,509,4835
31,2210,570,1217,3311,870,3361,22,2368,2692,1006,802,750,3022,68,6288,2492,1773,2439,3800,2088,36,2536,825,1992,836,1852,3521,45,3353,177,1936,3186,1627,794,77,1768,138,2262,2200,3075,1210,82,2451,1642,1620,2428,2287,1210,519,3000,454,412,1287,1862,2171,150,829,1280,1235,2398,4626,1181,205,975,679,498,1417,3208,603,519,2112,1844,1121,792,2549,621,1745,1365,570,919,197,2126,408,4868
31,2210,570,1217,3311,870,3348,22,2368,2692,1005,803,758,3019,68,6300,2500,1772,2428,3793,2087,36,2536,825,1992,835,1840,3507,45,3365,177,1946,3190,1627,800,77,1770,131,2272,2200,3068,1207,82,2439,1643,1618,2442,2310,1190,519,3000,455,412,1287,1865,2140,150,842,1279,1235,2398,4614,1181,209,975,679,499,1419,3208,603,519,2112,1844,1121,792,2549,621,1745,1365,570,919,197,2126,408,4902
31,2207,570,1217,3311,858,3348,22,2365,2692,1006,803,758,3022,68,6280,2492,1773,2442,3805,2088,36,2539,841,1994,824,1828,3490,45,3369,169,1946,3190,1616,790,77,1758,138,2260,2211,3084,1198,86,2439,1643,1620,2431,2300,1191,519,3015,455,402,1287,1865,2140,150,842,1279,1235,2398,4614,1181,209,975,679,499,1419,3208,603,519,2097,1842,1121,792,2546,621,1741,1378,570,921,198,2124,399,4934
31,2207,570,1216,3311,870,3342,18,2368,2700,1006,803,758,3031,68,6304,2500,1772,2442,3793,2088,36,2539,825,1994,825,1813,3457,45,3365,169,1934,3179,1616,790,77,1758,138,2260,2211,3084,1198,86,2439,1643,1620,2431,2300,1191,519,3015,455,402,1287,1865,2140,145,829,1279,1236,2398,4614,1172,209,964,679,498,1419,3208,603,515,2097,1844,1121,792,2549,622,1745,1367,571,910,198,2126,399,4968
31,2207,570,1216,3311,870,3342,18,2368,2700,1006,803,758,3031,68,6304,2500,1772,2442,3793,2088,36,2539,825,1994,825,1813,3457,45,3365,169,1934,3179,1616,790,77,1756,138,2262,2200,3068,1200,86,2451,1643,1610,2442,2298,1191,524,2987,455,411,1285,1863,2142,145,829,1279,1236,2395,4621,1181,209,964,679,498,1419,3208,603,515,2097,1844,1121,792,2549,622,1745,1367,571,910,198,2126,399,4984
31,2222,564,1217,3318,858,3333,22,2368,2697,1006,802,758,3048,72,6292,2509,1773,2439,3805,2087,41,2527,833,1994,825,1766,3413,45,3365,177,1948,3186,1627,799,77,1756,139,2262,2197,3084,1198,82,2439,1638,1609,2431,2300,1198,519,2987,455,411,1285,1863,2142,145,829,1279,1236,2395,4621,1181,209,964,679,498,1417,3217,602,519,2097,1844,1120,791,2546,613,1741,1367,570,910,198,2124,408,5018
31,2222,564,1217,3318,858,3333,22,2368,2697,1006,802,758,3048,72,6292,2509,1773,2439,3805,2087,41,2527,833,1994,825,1766,3413,45,3365,177,1948,3186,1627,799,77,1756,139,2262,2197,3084,1198,82,2439,1638,1609,2431,2300,1198,519,2987,455,412,1287,1863,2142,150,830,1282,1246,2398,4608,1181,209,976,680,488,1419,3221,604,520,2112,1846,1121,792,2546,622,1747,1365,563,910,198,2124,408,5035
31,2210,571,1208,3322,857,3339,18,2365,2704,1016,791,757,3046,72,6292,2519,1773,2442,3801,2087,36,2536,834,1984,825,1751,3404,45,3369,177,1944,3186,1627,799,77,1756,139,2262,2211,3084,1200,86,2454,1646,1620,2442,2300,1198,524,3000,455,412,1287,1863,2140,150,841,1275,1236,2398,4621,1181,209,976,680,488,1419,3221,604,520,2112,1846,1121,792,2546,622,1747,1365,563,910,198,2124,408,5067
27,2207,563,1217,3322,869,3342,22,2365,2706,1006,792,757,3048,72,6292,2519,1773,2442,3801,2087,36,2536,834,1984,825,1751,3404,45,3369,177,1944,3186,1627,799,77,1756,139,2262,2211,3084,1200,86,2454,1646,1620,2442,2300,1198,524,3000,455,412,1287,1863,2140,150,841,1275,1236,2398,4621,1181,209,976,680,498,1419,3208,603,519,2112,1846,1121,792,2546,612,1742,1367,572,910,198,2124,399,5085
27,2207,563,1217,3322,869,3342,22,2365,2706,1006,792,757,3048,68,6280,2519,1773,2442,3818,2095,36,2536,834,1994,824,1763,3401,45,3365,177,1944,3190,1614,799,77,1770,138,2260,2200,3072,1198,86,2454,1646,1612,2453,2310,1198,524,3015,456,412,1298,1865,2142,155,854,1282,1247,2398,4626,1181,205,975,672,499,1419,3221,603,520,2100,1839,1121,792,2546,621,1742,1367,572,910,198,2124,399,5118
27,2210,571,1217,3318,857,3339,22,2368,2694,1016,803,757,3057,68,6288,2511,1772,2431,3801,2087,36,2527,834,1994,825,1763,3404,45,3369,177,1944,3190,1614,799,77,1770,138,2260,2200,3072,1198,86,2454,1646,1612,2453,2310,1198,524,3015,456,412,1298,1865,2142,155,854,1282,1247,2398,4626,1181,205,975,672,499,1419,3221,603,520,2100,1839,1121,792,2546,621,1742,1355,564,911,198,2124,400,5134
31,2212,571,1209,3322,870,3342,22,2368,2704,1016,803,757,3057,68,6288,2511,1772,2431,3801,2087,36,2527,834,1994,825,1763,3404,45,3369,177,1936,3190,1627,799,77,1772,139,2262,2200,3084,1198,86,2442,1647,1620,2442,2300,1200,524,3003,463,412,1287,1865,2142,155,841,1282,1247,2409,4626,1181,209,964,680,499,1419,3217,613,520,2112,1848,1121,792,2546,622,1748,1369,571,921,198,2126,400,5168
31,2212,571,1209,3322,870,3342,22,2368,2704,1016,803,757,3066,68,6288,2511,1773,2453,3801,2099,36,2527,834,1984,825,1766,3413,45,3369,177,1934,3190,1616,800,77,1770,139,2262,2211,3084,1200,86,2454,1647,1621,2444,2313,1201,524,3003,455,412,1298,1878,2151,159,866,1291,1238,2398,4621,1182,209,976,671,498,1419,3208,595,520,2112,1846,1120,792,2546,622,1748,1369,571,921,198,2126,400,5202
31,2210,571,1217,3325,870,3342,22,2368,2704,1007,803,758,3066,72,6308,2511,1775,2442,3805,2095,36,2539,711,2003,825,1766,3401,45,3374,160,1946,3190,1616,799,77,1770,129,2264,2191,3072,1200,86,2442,1642,1621,2442,2300,1198,524,2991,458,412,1287,1875,2142,164,879,1291,1238,2398,4621,1182,209,976,671,498,1419,3208,595,520,2112,1846,1120,803,2546,622,1742,1367,563,910,198,2126,400,5234
27,2210,565,1218,3314,870,3348,22,2368,2687,1015,792,757,3055,68,6312,2404,1783,2442,3805,2094,36,2539,694,2003,825,1766,3410,45,3357,160,1946,3182,1616,790,77,1770,129,2272,2200,3068,1198,86,2442,1642,1621,2442,2300,1198,524,2991,458,412,1287,1875,2142,164,879,1292,1246,2409,4626,1190,209,976,679,498,1419,3221,603,520,2112,1841,1120,792,2549,622,1748,1367,565,910,198,2124,399,5268
27,2210,565,1218,3314,870,3348,22,2368,2687,1015,792,757,3055,68,6312,2404,1783,2442,3805,2094,36,2539,694,2003,825,1766,3410,45,3357,160,1946,3182,1616,790,77,1770,129,2272,2200,3068,1198,86,2442,1641,1620,2431,2298,1198,520,3003,450,402,1287,1863,2140,178,915,1290,1236,2409,4626,1181,209,977,679,498,1419,3204,603,520,2102,1847,1121,792,2549,622,1748,1367,565,910,198,2124,399,5284
27,2212,564,1217,3314,870,3339,22,2368,2687,1016,792,758,3043,68,6312,2404,1783,2442,3805,2088,36,2551,694,2013,825,1753,3413,50,3357,160,1938,3179,1616,800,77,1772,137,2272,2211,3080,1200,86,2442,1641,1620,2442,2300,1191,525,2991,458,402,1287,1865,2140,182,927,1290,1236,2409,4626,1181,209,977,679,498,1419,3204,603,520,2102,1847,1121,792,2549,612,1748,1367,564,910,187,2126,408,5318
31,2210,565,1217,3311,858,3339,22,2371,2689,1016,792,757,3055,68,6320,2404,1792,2453,3818,2097,41,2551,694,2015,825,1763,3401,45,3369,160,1946,3182,1616,799,77,1758,129,2272,2211,3080,1200,86,2442,1641,1620,2442,2300,1191,525,2991,458,402,1287,1865,2140,182,927,1290,1246,2398,4621,1182,205,976,678,498,1419,3208,604,520,2100,1848,1122,792,2549,612,1748,1367,565,910,198,2126,408,5352
27,2210,565,1209,3311,869,3339,18,2368,2681,1016,792,770,3055,68,6300,2406,1785,2442,3805,2087,36,2551,694,2015,825,1763,3401,45,3369,160,1946,3182,1616,799,77,1758,129,2272,2211,3084,1198,86,2442,1634,1620,2433,2298,1190,520,2991,458,412,1288,1865,2140,191,953,1291,1246,2398,4614,1181,205,976,679,499,1420,3208,603,520,2112,1841,1122,792,2549,621,1749,1367,565,911,198,2126,399,5385
31,2210,565,1209,3311,869,3339,18,2368,2681,1016,792,770,3055,68,6300,2406,1785,2442,3805,2087,36,2551,703,2003,825,1778,3422,50,3369,160,1948,3179,1629,800,77,1770,137,2274,2213,3080,1198,86,2444,1643,1620,2431,2298,1198,520,2995,451,412,1287,1865,2149,196,964,1299,1247,2398,4626,1181,210,977,679,498,1409,3217,603,520,2114,1841,1122,792,2549,612,1755,1369,565,911,198,2126,408,5418
31,2210,565,1209,3322,869,3339,22,2371,2689,1017,792,757,3055,68,6320,2414,1783,2453,3801,2095,36,2555,702,2013,825,1766,3410,50,3361,168,1936,3179,1627,790,77,1772,137,2274,2200,3084,1207,86,2444,1642,1612,2431,2313,1198,521,2995,458,412,1287,1865,2149,205,977,1299,1257,2409,4626,1181,210,977,679,508,1420,3221,603,520,2114,1841,1122,792,2549,612,1755,1369,565,911,198,2126,408,5451
22,2197,557,1217,3311,870,3339,22,2371,2689,1016,792,757,3055,68,6308,2415,1785,2453,3801,2095,36,2555,702,2013,825,1766,3410,50,3361,168,1936,3179,1627,790,77,1772,137,2274,2200,3084,1207,86,2444,1642,1612,2431,2313,1198,521,2995,458,412,1287,1865,2149,205,977,1299,1257,2409,4626,1181,210,977,679,508,1420,3221,603,520,2114,1839,1122,792,2546,612,1748,1369,565,921,187,2126,399,5468
31,2212,557,1217,3311,870,3339,22,2371,2689,1016,792,757,3055,68,6308,2415,1785,2439,3801,2102,36,2555,711,2005,825,1766,3410,50,3374,160,1946,3193,1614,790,77,1772,137,2262,2211,3084,1206,86,2432,1634,1621,2431,2310,1198,520,2995,450,412,1288,1865,2140,205,990,1298,1257,2398,4626,1181,210,977,679,499,1419,3221,603,521,2114,1841,1122,803,2549,612,1748,1369,565,911,198,2126,408,5502
31,2212,565,1218,3322,870,3339,22,2371,2689,1017,803,758,3055,68,6308,2414,1785,2453,3805,2095,36,2542,702,2015,825,1778,3419,50,3374,160,1948,3193,1629,799,77,1782,137,2262,2200,3068,1197,86,2444,1642,1621,2442,2300,1198,525,2995,450,403,1285,1863,2149,214,1002,1298,1257,2398,4626,1181,210,977,679,499,1419,3221,603,521,2114,1841,1122,803,2549,612,1748,1369,565,911,198,2126,408,5535
31,2212,565,1218,3311,870,3348,22,2371,2691,1017,803,771,3055,73,6320,2414,1783,2444,3801,2095,41,2555,702,2005,825,1791,3436,45,3361,160,1948,3179,1629,799,77,1784,137,2274,2202,3084,1198,82,2444,1643,1612,2455,2313,1198,521,2995,450,403,1285,1863,2149,214,1002,1298,1257,2398,4626,1181,210,977,679,498,1419,3221,603,521,2102,1850,1121,802,2531,612,1756,1356,565,910,198,2124,408,5567
31,2212,565,1218,3311,870,3348,22,2371,2691,1017,803,771,3055,73,6320,2414,1783,2444,3801,2095,41,2555,702,2005,825,1791,3436,45,3361,160,1948,3179,1629,799,77,1784,137,2274,2202,3084,1198,82,2444,1643,1612,2455,2313,1198,521,2995,458,412,1298,1878,2149,228,1039,1299,1255,2411,4621,1181,210,979,679,498,1420,3221,604,525,2102,1841,1121,792,2546,613,1755,1356,565,910,198,2124,408,5584
32,2224,565,1218,3322,870,3339,22,2371,2691,1017,803,758,3063,73,6308,2415,1785,2455,3805,2095,36,2555,703,2013,836,1803,3475,50,3374,160,1946,3193,1616,799,77,1784,137,2274,2200,3072,1207,86,2444,1642,1621,2442,2298,1200,521,2995,451,412,1287,1863,2149,233,1051,1306,1246,2398,4608,1181,210,979,679,498,1420,3221,604,525,2102,1841,1121,792,2546,613,1755,1367,565,921,198,2124,408,5618
32,2212,565,1209,3314,869,3348,22,2371,2689,1007,792,758,3046,73,6308,2415,1785,2455,3805,2095,36,2555,703,2013,836,1803,3475,50,3374,160,1946,3193,1616,799,77,1784,137,2274,2200,3072,1207,86,2444,1642,1621,2442,2298,1200,521,2995,451,412,1287,1863,2149,233,1051,1306,1246,2398,4608,1181,210,977,679,508,1419,3217,603,526,2114,1842,1122,792,2549,621,1762,1356,565,911,198,2126,399,5635
32,2212,565,1209,3314,869,3348,22,2371,2689,1007,792,758,3046,73,6308,2414,1785,2442,3805,2087,36,2542,702,2015,836,1815,3463,50,3361,160,1936,3190,1616,799,77,1784,137,2262,2202,3072,1198,82,2444,1642,1621,2444,2300,1200,521,2982,450,403,1288,1865,2140,238,1051,1306,1255,2398,4626,1182,205,965,680,498,1419,3208,604,526,2102,1848,1122,803,2549,622,1762,1356,565,911,198,2126,399,5668
32,2212,565,1218,3311,870,3342,22,2371,2689,1016,792,758,3055,68,6308,2423,1785,2444,3788,2088,41,2542,703,2013,836,1815,3463,45,3361,160,1936,3182,1629,799,77,1784,137,2262,2189,3072,1198,86,2432,1642,1620,2453,2298,1200,521,2995,458,403,1288,1853,2142,237,1051,1306,1255,2398,4626,1182,205,965,680,498,1419,3208,604,526,2102,1848,1122,803,2549,622,1762,1367,565,921,198,2126,408,5701
27,2197,556,1197,3311,857,3330,18,2356,2679,1006,792,745,3055,64,6288,2396,1772,2428,3771,2078,32,2527,687,2003,824,1801,3457,45,3361,160,1938,3190,1629,800,78,1787,137,2274,2191,3072,1200,86,2432,1642,1620,2453,2298,1200,521,2995,458,403,1288,1853,2142,237,1051,1306,1247,2400,4614,1182,210,951,671,488,1406,3200,595,517,2075,1839,1111,781,2521,612,1759,1343,557,900,187,2111,399,5734
32,2212,565,1217,3311,869,3342,22,2371,2696,1016,803,758,3069,73,6315,2406,1785,2444,3801,2088,36,2558,694,2005,836,1801,3457,45,3361,160,1938,3190,1629,800,78,1787,137,2274,2191,3072,1200,87,2444,1633,1612,2442,2300,1200,524,2982,450,412,1287,1853,2142,240,1063,1305,1255,2398,4626,1182,212,966,679,499,1419,3221,604,534,2090,1841,1121,792,2549,622,1821,1332,565,910,198,2126,408,5768
32,2212,565,1217,3311,869,3342,22,2371,2696,1016,803,758,3069,73,6315,2406,1785,2444,3801,2088,36,2558,694,2005,836,1813,3466,46,3365,160,1938,3190,1629,791,78,1784,129,2262,2191,3072,1200,87,2447,1634,1612,2442,2300,1201,526,2982,450,403,1287,1853,2142,240,1077,1305,1255,2398,4626,1182,212,966,679,499,1419,3221,604,534,2090,1841,1121,792,2549,622,1821,1332,565,910,198,2126,408,5784
32,2215,565,1218,3311,870,3342,23,2374,2689,1017,792,758,3066,74,6315,2404,1785,2442,3793,2090,37,2533,687,2015,837,1815,3478,50,3361,160,1948,3179,1616,791,83,1799,137,2274,2191,3072,1209,87,2447,1634,1612,2442,2300,1201,526,2982,450,403,1287,1853,2142,240,1077,1306,1257,2398,4621,1182,213,979,679,498,1406,3208,604,532,2102,1839,1122,792,2546,621,1823,1332,565,911,187,2111,400,5818
32,2215,565,1218,3311,870,3342,23,2374,2689,1017,792,758,3066,74,6315,2404,1785,2442,3793,2090,37,2533,687,2015,837,1815,3478,50,3361,160,1948,3179,1616,791,83,1799,137,2274,2191,3072,1209,87,2444,1634,1620,2453,2313,1200,520,2982,450,412,1288,1850,2144,239,1075,1305,1257,2398,4614,1183,212,965,679,499,1409,3221,604,530,2090,1848,1122,792,2546,621,1823,1332,565,911,187,2111,400,5835
27,2212,572,1218,3314,857,3336,23,2371,2689,1017,803,758,3069,69,6315,2406,1785,2444,3801,2088,41,2542,694,2015,836,1815,3466,46,3361,160,1948,3179,1627,791,78,1784,129,2262,2191,3072,1201,83,2447,1650,1621,2453,2300,1201,526,2998,450,412,1287,1850,2144,239,1075,1305,1257,2398,4614,1183,212,965,679,499,1409,3221,604,530,2090,1848,1122,781,2549,622,1815,1332,565,911,187,2124,400,5869
32,2212,565,1218,3322,869,3345,23,2374,2687,1017,803,758,3069,73,6308,2406,1785,2442,3801,2090,36,2542,694,2015,825,1813,3466,46,3361,160,1938,3190,1627,800,78,1797,137,2262,2191,3072,1201,83,2447,1650,1621,2453,2300,1201,526,2998,450,412,1287,1850,2144,245,1064,1306,1247,2398,4621,1183,216,979,679,499,1419,3208,604,535,2102,1839,1122,791,2546,622,1814,1334,557,921,187,2126,400,5902
32,2215,564,1208,3314,869,3333,23,2374,2696,1017,792,758,3078,69,6308,2404,1785,2442,3801,2090,36,2542,694,2015,825,1813,3466,46,3361,160,1938,3190,1627,800,78,1797,137,2264,2189,3072,1200,83,2432,1633,1621,2450,2313,1201,526,2986,458,412,1288,1865,2144,244,1064,1305,1257,2409,4639,1182,212,977,679,499,1420,3217,604,536,2093,1841,1122,792,2549,622,1816,1334,564,911,198,2124,400,5935
32,2215,564,1208,3314,869,3333,23,2374,2696,1017,792,758,3078,69,6308,2404,1785,2442,3793,2088,36,2542,687,2015,836,1815,3469,50,3365,160,1948,3179,1627,791,78,1797,137,2264,2191,3072,1200,87,2432,1641,1620,2453,2310,1201,527,2986,458,412,1288,1865,2144,244,1064,1305,1257,2409,4639,1182,212,977,679,499,1420,3217,604,536,2093,1841,1122,792,2549,622,1816,1334,564,911,198,2124,400,5952
27,2215,564,1208,3311,857,3342,23,2359,2687,1017,803,758,3066,69,6308,2404,1783,2444,3788,2090,37,2545,694,2015,836,1815,3475,46,3353,160,1948,3179,1629,791,78,1797,137,2264,2191,3072,1200,87,2432,1641,1620,2453,2310,1201,527,2982,458,412,1288,1853,2142,245,1077,1305,1257,2400,4614,1183,212,979,679,499,1419,3221,604,536,2093,1839,1122,792,2546,622,1831,1321,564,911,187,2124,400,5985
32,2215,564,1208,3322,870,3342,23,2374,2689,1017,792,758,3066,69,6308,2404,1783,2444,3788,2090,37,2545,694,2015,836,1815,3475,46,3353,160,1948,3179,1629,800,78,1797,137,2262,2191,3059,1201,83,2432,1642,1621,2455,2310,1200,529,2974,458,403,1287,1850,2144,246,1078,1306,1255,2400,4626,1182,213,966,679,499,1419,3217,604,543,2093,1847,1122,792,2549,622,1854,1321,557,911,187,2126,408,6018
32,2215,564,1208,3322,870,3342,23,2374,2689,1017,792,758,3066,74,6295,2404,1785,2444,3793,2087,37,2545,695,2005,837,1828,3475,46,3365,160,1938,3193,1629,800,83,1811,137,2262,2191,3059,1208,83,2447,1641,1621,2455,2310,1208,528,2974,458,403,1287,1850,2142,248,1090,1312,1257,2400,4626,1183,220,980,679,499,1419,3204,604,557,2083,1848,1122,792,2546,613,1921,1299,557,911,198,2126,408,6051
32,2215,564,1209,3311,857,3333,23,2365,2689,1006,803,770,3078,70,6303,2404,1785,2453,3801,2088,37,2549,687,2015,837,1828,3469,46,3370,160,1938,3193,1629,800,83,1811,137,2262,2191,3059,1208,83,2447,1641,1621,2455,2310,1208,528,2974,458,403,1287,1850,2142,248,1090,1312,1257,2400,4626,1183,220,980,679,499,1419,3204,604,557,2083,1848,1122,792,2546,613,1921,1299,557,911,198,2126,409,6068
32,2215,564,1209,3311,857,3333,23,2365,2689,1006,803,770,3078,70,6303,2404,1785,2453,3801,2088,37,2549,687,2015,837,1828,3469,46,3370,160,1948,3190,1614,800,79,1811,137,2274,2202,3072,1201,84,2438,1642,1621,2453,2313,1201,534,2990,451,412,1288,1853,2142,247,1078,1314,1246,2400,4608,1183,214,966,679,499,1419,3204,604,557,2083,1848,1122,792,2546,613,1921,1299,557,911,198,2126,409,6085
32,2218,564,1209,3311,869,3333,23,2365,2694,1016,803,745,3066,70,6303,2404,1783,2442,3788,2080,37,2533,687,2015,847,1815,3466,42,3357,160,1948,3179,1627,791,80,1801,129,2253,2189,3055,1201,84,2438,1632,1621,2453,2313,1201,534,2990,451,412,1288,1853,2142,247,1078,1314,1246,2400,4608,1183,214,966,679,499,1420,3221,604,557,2083,1839,1121,792,2549,622,1926,1286,557,911,198,2111,409,6118
28,2218,564,1208,3311,857,3336,18,2365,2687,1017,792,745,3078,70,6311,2404,1783,2444,3801,2090,37,2536,687,2003,836,1815,3466,42,3357,160,1948,3179,1627,791,80,1801,129,2253,2189,3055,1201,84,2438,1632,1621,2453,2298,1201,531,2974,450,403,1276,1850,2135,249,1089,1312,1246,2398,4614,1183,216,968,672,498,1419,3204,604,564,2085,1839,1121,792,2534,613,1958,1274,557,911,187,2111,400,6151
28,2218,564,1208,3311,857,3336,18,2365,2687,1017,792,745,3078,70,6311,2404,1783,2444,3801,2090,37,2536,687,2003,836,1813,3475,46,3357,160,1938,3179,1614,791,79,1801,129,2264,2200,3068,1191,84,2438,1641,1621,2442,2310,1201,532,2977,450,402,1287,1850,2133,258,1090,1312,1247,2398,4621,1183,216,968,672,498,1419,3204,604,564,2085,1839,1121,792,2534,613,1958,1274,557,911,187,2111,400,6168
28,2218,564,1208,3311,869,3342,18,2365,2696,1016,792,746,3069,70,6303,2414,1781,2442,3788,2088,37,2536,695,2005,825,1813,3466,47,3357,160,1946,3179,1614,800,80,1801,129,2262,2200,3068,1201,84,2438,1641,1621,2442,2310,1201,532,2977,450,402,1287,1850,2133,258,1090,1312,1247,2398,4621,1183,216,966,671,499,1408,3204,595,565,2083,1839,1113,792,2534,613,1971,1274,549,901,187,2111,400,6202
28,2218,564,1208,3311,869,3342,18,2365,2696,1016,792,746,3069,70,6303,2414,1781,2442,3788,2088,37,2536,695,2005,825,1813,3466,47,3357,160,1946,3179,1614,800,80,1801,129,2262,2200,3068,1201,84,2438,1636,1620,2453,2298,1201,528,2977,451,403,1288,1853,2142,268,1116,1313,1257,2411,4614,1183,216,968,672,499,1419,3204,595,566,2083,1841,1113,792,2534,613,1966,1274,549,901,187,2111,400,6217
33,2205,565,1208,3311,870,3333,23,2365,2698,1007,792,745,3069,70,6311,2415,1783,2453,3805,2090,37,2536,695,2015,825,1815,3478,47,3357,160,1936,3182,1616,791,80,1789,137,2264,2202,3072,1201,84,2438,1636,1621,2444,2300,1201,528,2977,451,403,1288,1850,2135,259,1102,1313,1257,2411,4614,1183,216,968,672,499,1419,3204,595,566,2083,1841,1113,792,2534,613,1966,1274,558,901,187,2111,400,6251
28,2218,565,1209,3314,857,3333,23,2365,2698,1007,792,745,3069,70,6311,2415,1783,2453,3805,2090,37,2536,695,2015,825,1815,3478,47,3357,160,1936,3182,1616,791,80,1789,137,2264,2202,3072,1201,84,2438,1636,1621,2444,2300,1201,528,2977,451,403,1288,1850,2135,259,1102,1313,1247,2400,4608,1183,217,955,679,499,1419,3204,596,571,2083,1842,1122,792,2546,613,1973,1276,557,910,198,2114,400,6268
28,2218,565,1209,3314,857,3336,18,2362,2691,1006,781,745,3069,70,6311,2414,1775,2442,3805,2090,37,2539,687,2003,836,1813,3469,47,3345,160,1936,3179,1614,791,80,1801,129,2264,2202,3072,1201,84,2438,1636,1621,2444,2300,1201,528,2977,451,403,1288,1850,2135,259,1102,1313,1247,2400,4608,1183,217,955,679,499,1419,3204,596,571,2083,1842,1122,792,2546,613,1973,1276,557,910,198,2114,400,6284
33,2218,565,1209,3314,870,3345,18,2380,2698,1017,792,757,3069,70,6311,2415,1783,2442,3801,2090,37,2539,687,2003,836,1813,3469,47,3345,160,1936,3179,1614,791,80,1801,129,2264,2200,3068,1192,84,2438,1642,1621,2464,2310,1201,528,2965,451,403,1287,1853,2135,264,1115,1306,1246,2389,4608,1174,217,969,679,499,1420,3204,596,571,2083,1842,1112,792,2546,613,1983,1262,558,902,198,2114,409,6318
28,2218,565,1209,3314,870,3345,18,2380,2698,1017,792,757,3069,70,6311,2415,1783,2442,3801,2090,37,2549,695,2005,825,1813,3469,47,3357,160,1938,3193,1614,791,80,1801,129,2264,2202,3068,1201,89,2438,1633,1612,2453,2300,1192,533,2965,451,403,1288,1850,2144,264,1127,1306,1257,2398,4608,1183,217,955,672,489,1408,3204,604,566,2083,1841,1113,792,2537,613,1979,1262,550,901,187,2114,409,6351
28,2218,565,1209,3322,857,3336,23,2365,2696,1007,792,745,3069,70,6311,2412,1775,2444,3788,2090,33,2536,687,2015,825,1813,3469,47,3345,160,1938,3190,1614,791,80,1801,137,2264,2202,3068,1201,89,2438,1633,1612,2453,2300,1192,533,2965,451,403,1288,1850,2144,264,1127,1306,1257,2398,4608,1183,217,955,672,489,1408,3204,604,566,2083,1841,1113,792,2537,613,1979,1262,550,901,187,2114,409,6368
28,2215,565,1209,3314,857,3336,23,2365,2696,1016,792,757,3069,71,6311,2414,1783,2444,3788,2090,33,2536,687,2015,825,1813,3469,47,3345,160,1938,3190,1614,791,80,1801,137,2262,2191,3068,1200,84,2426,1634,1620,2442,2298,1201,529,2977,450,393,1276,1838,2133,264,1102,1305,1247,2398,4614,1182,217,955,679,498,1408,3217,604,571,2068,1841,1113,781,2546,613,1985,1262,550,911,187,2111,400,6402
28,2215,565,1209,3314,857,3336,23,2365,2696,1016,792,757,3069,71,6311,2414,1783,2442,3788,2090,37,2539,695,2015,847,1815,3466,47,3357,160,1936,3182,1616,791,80,1801,137,2264,2211,3080,1200,85,2438,1636,1621,2453,2298,1201,530,2977,451,393,1287,1838,2133,264,1102,1305,1247,2398,4614,1182,217,955,679,498,1408,3217,604,571,2068,1841,1113,781,2546,613,1985,1262,550,911,187,2111,400,6418
28,2218,564,1208,3311,858,3342,23,2365,2696,1006,792,757,3066,71,6299,2406,1783,2444,3801,2090,37,2539,687,2015,825,1813,3469,47,3361,160,1938,3190,1614,791,80,1801,137,2264,2211,3080,1200,85,2438,1636,1621,2453,2298,1201,530,2977,451,393,1287,1850,2135,260,1102,1306,1257,2398,4614,1182,218,955,680,498,1408,3204,596,573,2071,1841,1122,781,2546,613,2000,1250,557,902,187,2111,400,6452
28,2218,565,1208,3311,857,3333,18,2368,2696,1007,792,745,3057,66,6319,2414,1785,2444,3801,2090,37,2539,687,2015,825,1813,3469,47,3361,160,1938,3190,1614,791,80,1801,137,2262,2211,3080,1201,85,2426,1642,1610,2453,2298,1200,531,2965,451,402,1287,1853,2144,260,1102,1313,1246,2398,4608,1183,218,957,679,499,1408,3217,604,573,2071,1841,1113,792,2534,613,2000,1262,550,902,187,2111,400,6485
28,2218,565,1208,3311,857,3333,18,2368,2696,1007,792,745,3057,66,6319,2414,1785,2442,3801,2090,37,2536,687,2005,836,1813,3478,47,3361,160,1938,3190,1627,791,80,1801,137,2264,2180,3068,1200,85,2441,1643,1612,2464,2313,1201,530,2972,450,403,1288,1853,2142,255,1104,1313,1257,2398,4608,1183,218,969,679,499,1420,3221,604,578,2083,1848,1122,781,2546,613,2005,1263,550,902,187,2111,400,6518
28,2205,564,1209,3311,870,3354,23,2365,2696,1006,792,745,3057,71,6311,2404,1785,2442,3801,2090,37,2524,687,2003,825,1813,3457,47,3357,160,1936,3190,1629,791,80,1803,129,2264,2189,3055,1200,85,2441,1642,1612,2455,2298,1200,535,2981,450,403,1287,1850,2133,260,1092,1313,1255,2400,4608,1183,218,957,680,499,1420,3221,604,578,2083,1848,1122,781,2546,613,2005,1263,550,902,187,2111,400,6551
33,2220,573,1209,3322,870,3351,18,2368,2698,1007,792,745,3066,75,6311,2408,1775,2455,3805,2090,37,2539,695,2015,836,1826,3469,47,3357,160,1938,3182,1627,791,80,1803,137,2272,2189,3072,1209,85,2441,1642,1621,2455,2298,1200,535,2981,450,403,1287,1850,2133,260,1092,1313,1255,2400,4608,1183,218,957,680,498,1409,3217,604,573,2073,1842,1122,792,2534,613,2004,1251,557,902,187,2111,400,6584
28,2220,565,1209,3311,858,3351,18,2365,2696,1006,792,745,3066,66,6319,2423,1785,2442,3801,2088,37,2539,688,2005,837,1813,3466,47,3357,160,1938,3182,1627,791,80,1803,137,2272,2189,3072,1209,85,2441,1642,1621,2453,2313,1201,535,2965,451,402,1287,1850,2144,251,1102,1314,1247,2400,4608,1183,218,957,672,499,1420,3204,604,573,2073,1843,1122,792,2537,613,2005,1250,550,910,187,2114,400,6618
28,2220,565,1209,3311,858,3351,18,2365,2696,1006,792,745,3066,66,6319,2423,1785,2442,3801,2088,37,2539,688,2005,837,1813,3466,47,3357,160,1938,3190,1627,800,80,1803,129,2264,2191,3055,1201,85,2426,1636,1612,2455,2313,1200,531,2965,451,402,1277,1853,2142,256,1092,1314,1257,2400,4626,1183,218,957,672,499,1420,3204,604,573,2073,1843,1122,792,2537,613,2005,1250,550,910,187,2114,400,6635
28,2208,565,1218,3311,870,3351,18,2368,2706,1006,792,746,3066,66,6311,2415,1783,2444,3805,2090,37,2539,687,2015,836,1813,3466,47,3349,160,1946,3182,1616,791,80,1815,129,2274,2202,3072,1209,85,2444,1643,1621,2455,2313,1200,531,2965,451,402,1277,1853,2142,256,1092,1314,1257,2400,4626,1182,218,969,680,499,1420,3208,604,578,2073,1841,1112,792,2534,622,2004,1251,550,901,198,2126,400,6668
28,2220,565,1209,3314,858,3354,23,2380,2706,1007,792,745,3069,71,6311,2415,1783,2444,3801,2090,37,2536,688,2005,825,1813,3466,47,3349,160,1946,3182,1616,791,80,1815,129,2274,2202,3072,1209,85,2444,1643,1621,2466,2298,1209,531,2981,458,403,1288,1853,2144,256,1079,1313,1246,2398,4608,1182,222,969,672,499,1420,3208,604,573,2071,1841,1122,792,2546,622,2005,1251,550,901,187,2111,400,6693
28,2220,565,1209,3314,858,3354,23,2380,2706,1007,792,745,3069,71,6311,2415,1783,2444,3801,2090,37,2536,688,2005,825,1815,3478,47,3361,160,1948,3182,1616,791,85,1828,137,2274,2202,3068,1209,90,2429,1643,1620,2455,2298,1200,535,2981,451,402,1287,1853,2144,246,1053,1306,1246,2398,4626,1182,222,969,672,499,1420,3208,604,573,2071,1841,1122,792,2546,622,2005,1251,550,901,187,2111,400,6719
28,2218,573,1208,3311,857,3360,23,2365,2694,1006,781,746,3078,71,6319,2417,1783,2442,3801,2099,37,2536,688,2005,825,1815,3478,47,3361,160,1948,3182,1616,791,85,1828,137,2274,2202,3068,1209,90,2429,1643,1620,2455,2298,1200,535,2981,451,402,1287,1853,2144,246,1053,1306,1246,2398,4626,1183,218,969,680,498,1408,3204,604,573,2085,1842,1122,792,2537,622,2005,1263,550,911,187,2111,400,6735
28,2218,573,1208,3311,857,3360,23,2365,2694,1006,781,746,3078,71,6319,2417,1783,2442,3801,2099,37,2536,687,2003,836,1813,3475,47,3345,160,1948,3182,1629,791,80,1828,129,2262,2200,3068,1209,85,2429,1643,1620,2455,2300,1201,535,2965,451,402,1287,1850,2144,241,1055,1299,1247,2398,4608,1183,218,957,672,498,1419,3217,604,573,2071,1842,1113,792,2537,622,2005,1263,550,911,187,2111,400,6761
28,2220,565,1208,3322,857,3354,18,2368,2700,1006,781,745,3069,71,6319,2410,1783,2442,3801,2099,37,2539,688,2003,837,1813,3478,47,3345,160,1936,3175,1629,791,80,1828,129,2262,2200,3068,1209,85,2429,1643,1620,2455,2300,1201,535,2965,451,402,1287,1850,2144,241,1055,1299,1247,2398,4608,1183,218,957,672,498,1419,3217,604,573,2071,1842,1113,791,2531,613,2005,1251,550,901,187,2111,400,6785
28,2220,565,1208,3322,857,3354,18,2368,2700,1006,781,745,3069,71,6319,2410,1783,2442,3801,2099,37,2539,688,2003,837,1813,3478,47,3345,160,1936,3175,1629,791,80,1813,129,2272,2200,3068,1201,85,2441,1642,1621,2455,2298,1201,535,2969,451,393,1276,1838,2144,246,1055,1307,1246,2398,4614,1184,218,969,680,498,1419,3217,604,573,2071,1842,1113,791,2531,613,2005,1251,550,901,187,2111,400,6802
28,2220,565,1209,3322,869,3354,23,2377,2700,1007,792,745,3078,71,6326,2415,1785,2442,3801,2099,37,2542,695,2003,825,1826,3469,47,3366,160,1936,3179,1629,791,80,1830,137,2272,2200,3068,1201,85,2441,1642,1621,2455,2298,1201,535,2969,451,393,1276,1838,2144,246,1055,1307,1246,2398,4614,1184,218,969,680,489,1417,3192,595,573,2073,1842,1112,792,2546,622,2011,1251,550,911,187,2111,400,6830
28,2220,565,1208,3311,869,3354,23,2377,2700,1007,792,745,3078,71,6326,2415,1785,2442,3801,2099,37,2542,695,2003,825,1826,3469,47,3366,160,1936,3179,1629,791,80,1830,137,2260,2189,3072,1209,85,2429,1643,1612,2453,2300,1192,531,2969,450,403,1287,1850,2144,251,1081,1307,1257,2400,4614,1183,222,957,673,489,1419,3204,604,574,2073,1842,1113,792,2546,622,2005,1251,558,911,187,2111,400,6852
28,2220,565,1208,3311,869,3351,23,2371,2698,1007,792,746,3078,71,6326,2414,1785,2442,3801,2090,37,2539,687,2005,825,1815,3478,47,3349,152,1936,3179,1616,791,80,1830,129,2262,2200,3068,1201,90,2441,1642,1612,2464,2300,1201,535,2969,450,403,1288,1850,2144,251,1081,1307,1257,2400,4614,1183,222,957,673,489,1419,3204,604,574,2073,1842,1113,792,2546,622,2005,1251,558,911,187,2111,400,6885
28,2220,565,1208,3311,857,3354,23,2368,2704,1007,792,758,3078,71,6319,2406,1775,2453,3788,2090,37,2539,687,2005,825,1813,3469,47,3349,160,1938,3179,1627,791,80,1828,129,2262,2200,3068,1201,90,2441,1642,1612,2464,2300,1201,535,2969,450,403,1288,1850,2144,251,1079,1312,1257,2398,4608,1183,222,969,679,488,1420,3204,605,578,2073,1842,1121,781,2534,613,2011,1263,557,902,187,2111,400,6917
28,2220,565,1208,3311,857,3354,23,2368,2704,1007,792,758,3078,71,6319,2406,1775,2453,3788,2090,37,2539,687,2005,825,1813,3469,47,3349,160,1938,3179,1627,791,80,1828,129,2272,2200,3068,1201,85,2429,1643,1612,2455,2310,1201,531,2969,450,403,1288,1850,2144,256,1104,1307,1257,2398,4608,1183,218,969,671,488,1420,3204,605,578,2073,1842,1121,781,2534,613,2011,1263,557,902,187,2111,400,6927
28,2220,565,1218,3322,869,3354,18,2368,2704,1007,792,757,3078,71,6319,2414,1785,2453,3788,2090,37,2539,687,2005,825,1813,3469,47,3349,160,1938,3179,1627,791,80,1828,129,2272,2200,3068,1201,85,2429,1643,1612,2455,2310,1201,531,2969,450,403,1288,1850,2144,256,1104,1307,1257,2398,4608,1183,218,969,671,488,1420,3204,604,574,2085,1841,1112,781,2534,613,2006,1250,550,902,198,2114,400,6952
28,2220,565,1218,3322,869,3354,18,2368,2704,1007,792,757,3078,71,6319,2414,1785,2444,3788,2090,37,2539,687,2015,836,1813,3478,47,3349,160,1938,3179,1616,791,80,1840,137,2264,2202,3072,1201,85,2429,1643,1621,2455,2313,1202,531,2969,450,403,1288,1850,2144,256,1104,1307,1257,2398,4608,1183,218,969,671,488,1420,3204,604,574,2085,1841,1112,781,2534,613,2006,1250,550,902,198,2114,400,6969
28,2220,565,1218,3322,869,3354,18,2368,2704,1007,792,757,3078,71,6319,2414,1785,2444,3788,2090,37,2539,687,2015,836,1813,3478,47,3349,160,1938,3179,1616,791,80,1840,137,2264,2202,3072,1201,85,2429,1643,1621,2455,2313,1202,531,2969,450,403,1287,1850,2135,270,1141,1322,1257,2398,4608,1183,218,969,672,499,1419,3204,604,574,2073,1834,1122,792,2546,622,2012,1239,550,902,198,2114,400,6985
28,2220,565,1209,3311,857,3354,23,2368,2698,1006,792,745,3078,71,6319,2408,1775,2442,3805,2090,37,2530,688,2013,837,1826,3469,47,3361,160,1938,3182,1616,791,80,1840,137,2264,2202,3072,1201,85,2429,1643,1621,2455,2313,1202,531,2969,450,403,1287,1850,2135,270,1141,1322,1257,2398,4608,1183,218,969,672,499,1419,3204,604,574,2073,1834,1122,792,2546,622,2012,1239,550,902,198,2111,400,7002
28,2220,565,1209,3311,857,3354,23,2368,2698,1006,792,745,3078,71,6319,2408,1775,2442,3805,2090,37,2530,688,2013,837,1826,3469,47,3361,160,1938,3182,1616,792,80,1828,129,2264,2202,3068,1202,85,2432,1644,1621,2453,2300,1202,531,2960,451,403,1288,1853,2146,270,1116,1314,1257,2398,4614,1185,218,957,680,499,1419,3204,604,574,2073,1834,1122,792,2546,622,2012,1239,550,902,198,2111,400,7019
33,2220,573,1218,3311,858,3351,23,2371,2698,1007,792,758,3104,71,6319,2408,1775,2442,3805,2090,37,2530,688,2013,837,1826,3469,47,3361,160,1938,3182,1616,792,80,1828,129,2264,2202,3068,1202,85,2432,1644,1621,2453,2300,1202,531,2960,451,403,1288,1853,2146,270,1116,1314,1257,2398,4614,1185,218,957,680,489,1419,3204,606,574,2088,1834,1113,792,2534,623,2011,1251,550,902,187,2111,401,7035
33,2220,573,1218,3311,858,3351,23,2371,2698,1007,792,758,3104,71,6319,2408,1783,2444,3801,2085,37,2530,695,2015,837,1826,3470,47,3361,160,1938,3179,1614,794,75,1828,129,2264,2202,3068,1204,85,2441,1643,1612,2453,2300,1202,531,2960,451,403,1288,1853,2146,270,1116,1314,1257,2398,4614,1185,218,957,680,489,1419,3204,606,574,2088,1834,1113,792,2534,623,2011,1251,550,902,187,2111,401,7051
33,2233,573,1218,3311,858,3342,18,2368,2698,1007,792,745,3089,66,6306,2408,1775,2442,3793,2094,37,2530,688,2003,836,1813,3463,47,3349,160,1938,3179,1614,794,75,1828,129,2264,2202,3068,1204,85,2441,1643,1612,2453,2300,1204,531,2957,451,403,1287,1853,2140,270,1128,1314,1255,2398,4601,1187,218,969,673,498,1420,3208,606,574,2088,1842,1121,792,2537,624,2012,1253,550,901,198,2114,401,7077
33,2233,573,1218,3311,858,3342,18,2368,2698,1007,792,745,3089,66,6306,2408,1775,2442,3793,2094,37,2530,688,2003,836,1813,3463,47,3349,160,1938,3179,1614,793,80,1842,129,2264,2197,3072,1203,90,2432,1644,1612,2453,2300,1203,536,2969,451,403,1276,1853,2139,270,1130,1314,1257,2398,4626,1187,218,969,673,498,1420,3208,606,574,2088,1842,1121,792,2537,624,2012,1253,550,901,198,2114,401,7102
28,2233,573,1218,3311,858,3333,23,2368,2698,1007,792,758,3110,71,6339,2423,1775,2433,3805,2085,37,2542,696,2005,836,1828,3479,47,3353,160,1938,3179,1616,793,80,1828,130,2264,2200,3055,1209,90,2432,1644,1612,2453,2300,1203,536,2969,451,403,1276,1853,2139,270,1130,1314,1257,2398,4626,1185,218,969,680,489,1419,3204,597,574,2073,1843,1112,792,2534,623,2011,1251,550,902,187,2114,401,7135
28,2248,573,1218,3311,858,3345,23,2368,2698,1007,792,746,3088,71,6326,2417,1785,2442,3793,2089,37,2527,688,2005,825,1828,3479,47,3353,160,1938,3179,1616,793,80,1828,130,2264,2200,3055,1209,85,2429,1644,1612,2453,2303,1205,531,2981,451,403,1276,1853,2154,270,1116,1315,1257,2398,4601,1197,218,957,672,489,1420,3196,628,574,2073,1842,1122,792,2524,653,2018,1251,550,911,187,2114,411,7168
28,2248,573,1218,3311,858,3345,23,2368,2698,1007,792,746,3088,71,6326,2417,1785,2442,3793,2089,37,2527,688,2005,825,1815,3458,47,3353,160,1938,3179,1616,795,80,1828,129,2272,2213,3075,1191,85,2429,1644,1612,2455,2300,1206,531,2969,451,403,1288,1843,2145,270,1142,1315,1257,2398,4601,1197,218,957,672,489,1420,3196,628,574,2073,1842,1122,792,2524,653,2018,1251,550,911,187,2114,411,7184
33,2245,566,1209,3311,858,3345,18,2368,2700,1007,792,758,3123,71,6319,2415,1775,2442,3793,2095,37,2527,696,2015,837,1815,3489,47,3353,160,1938,3179,1616,794,80,1828,137,2272,2213,3075,1191,85,2429,1644,1612,2455,2300,1206,531,2969,451,403,1288,1843,2145,270,1142,1322,1257,2400,4607,1193,218,969,673,499,1420,3196,618,579,2073,1843,1122,792,2490,693,2012,1251,551,902,187,2117,405,7218
33,2245,566,1209,3311,858,3345,18,2368,2700,1007,792,758,3123,71,6319,2415,1775,2442,3793,2095,37,2527,696,2015,837,1815,3489,47,3353,160,1938,3179,1616,794,80,1828,137,2272,2211,3084,1208,85,2429,1644,1610,2455,2313,1201,536,2972,451,393,1276,1853,2158,270,1117,1316,1247,2400,4614,1189,218,957,673,498,1409,3208,620,574,2076,1843,1122,792,2490,693,2012,1251,551,902,187,2117,405,7235
28,2245,573,1217,3325,858,3369,23,2371,2700,1006,792,746,3112,71,6326,2425,1775,2444,3805,2091,37,2527,696,2015,837,1815,3489,47,3353,160,1938,3179,1616,794,80,1828,137,2272,2211,3084,1208,85,2429,1644,1610,2455,2313,1201,536,2972,451,393,1276,1853,2158,270,1117,1316,1247,2400,4614,1189,218,957,673,498,1409,3208,620,574,2076,1843,1122,792,2524,645,2011,1239,550,902,187,2114,411,7251
28,2245,573,1217,3325,858,3369,23,2371,2700,1006,792,746,3112,71,6326,2425,1775,2444,3805,2091,37,2527,695,2005,837,1828,3467,47,3353,160,1938,3182,1616,797,80,1842,137,2274,2202,3072,1206,85,2432,1652,1612,2455,2300,1199,536,2972,451,403,1288,1853,2158,270,1117,1316,1247,2400,4614,1189,218,957,673,498,1409,3208,620,574,2076,1843,1122,792,2524,645,2011,1239,550,902,187,2114,411,7268
28,2248,573,1218,3325,870,3342,23,2368,2700,1006,792,747,3120,71,6319,2408,1783,2444,3798,2093,37,2527,688,2003,836,1818,3480,47,3366,160,1938,3179,1616,800,80,1828,129,2274,2211,3075,1207,85,2432,1644,1612,2455,2303,1207,536,2981,451,403,1288,1840,2144,256,1104,1307,1246,2400,4607,1198,218,957,680,499,1409,3200,639,574,2073,1842,1121,792,2503,693,2012,1239,550,902,187,2092,432,7452
28,2248,565,1218,3314,859,3354,23,2371,2700,1007,792,746,3119,71,6319,2415,1783,2431,3802,2100,33,2527,696,2003,825,1815,3477,47,3349,160,1938,3182,1618,800,80,1828,129,2274,2211,3075,1207,85,2432,1644,1612,2455,2303,1207,536,2981,451,403,1288,1840,2144,256,1104,1307,1246,2400,4607,1198,218,957,680,499,1409,3200,639,574,2073,1842,1121,792,2503,693,2012,1239,550,902,187,2092,432,7468
28,2248,565,1218,3314,859,3354,23,2371,2700,1007,792,746,3119,71,6319,2415,1783,2431,3802,2100,33,2527,696,2003,825,1815,3477,47,3349,160,1938,3182,1618,792,80,1828,129,2274,2224,3088,1208,85,2429,1643,1610,2455,2300,1208,531,2972,451,403,1288,1843,2146,261,1092,1314,1246,2398,4589,1200,218,957,672,499,1409,3200,639,574,2073,1842,1121,792,2503,693,2012,1239,550,902,187,2092,432,7485
28,2245,565,1217,3314,859,3357,18,2368,2700,1007,792,747,3110,71,6319,2425,1773,2433,3802,2099,37,2527,688,2003,825,1818,3487,47,3349,160,1938,3179,1618,797,80,1825,129,2274,2224,3088,1203,85,2429,1643,1612,2455,2300,1208,531,2972,451,403,1288,1843,2146,261,1092,1314,1246,2398,4589,1200,218,957,672,498,1420,3188,640,574,2073,1843,1122,792,2490,712,2012,1239,550,900,187,2104,433,7518
28,2245,565,1217,3314,859,3357,18,2368,2700,1007,792,747,3110,71,6319,2425,1773,2433,3802,2099,37,2527,688,2003,825,1818,3487,47,3349,160,1938,3179,1618,797,80,1825,129,2274,2224,3088,1203,85,2429,1643,1612,2455,2303,1212,531,2965,451,403,1277,1843,2155,256,1104,1308,1247,2400,4600,1204,218,957,672,488,1409,3192,660,574,2076,1842,1121,781,2481,732,2012,1251,550,902,187,2104,433,7535
28,2245,573,1218,3325,872,3360,18,2371,2698,1007,792,747,3106,71,6319,2415,1785,2444,3802,2094,37,2524,688,2003,837,1820,3481,47,3361,160,1936,3182,1608,788,80,1828,130,2272,2213,3075,1206,85,2417,1643,1610,2455,2303,1203,531,2953,443,393,1276,1832,2146,251,1078,1308,1246,2398,4600,1204,218,957,672,488,1409,3192,660,574,2076,1842,1121,781,2481,732,2012,1251,550,902,187,2092,443,7569
28,2248,565,1208,3314,871,3348,23,2355,2696,1007,792,748,3113,71,6326,2417,1783,2444,3802,2096,33,2527,687,2003,825,1818,3478,47,3353,160,1936,3182,1620,799,80,1840,137,2272,2213,3079,1207,85,2429,1642,1610,2455,2303,1203,531,2953,443,393,1276,1832,2146,251,1078,1308,1246,2398,4600,1212,213,957,680,498,1420,3175,661,574,2073,1834,1121,792,2468,742,2012,1251,550,902,187,2094,443,7602
28,2248,565,1208,3314,871,3348,23,2355,2696,1007,792,748,3113,71,6326,2417,1783,2444,3802,2096,33,2527,687,2003,825,1818,3478,47,3353,160,1936,3182,1620,799,80,1840,137,2272,2213,3079,1207,85,2429,1642,1610,2453,2291,1206,531,2969,450,393,1277,1830,2150,256,1079,1307,1246,2398,4600,1215,218,957,672,488,1408,3179,670,574,2073,1842,1113,781,2468,752,2007,1251,550,902,187,2094,443,7617
28,2245,565,1208,3311,860,3348,18,2368,2706,1007,793,748,3112,66,6319,2408,1773,2433,3802,2087,37,2527,680,2003,825,1818,3478,47,3353,160,1936,3182,1620,799,80,1840,137,2272,2213,3079,1207,85,2429,1642,1610,2453,2291,1206,531,2969,450,393,1277,1830,2150,256,1079,1307,1246,2398,4600,1215,218,957,672,488,1408,3179,670,574,2073,1842,1113,781,2468,752,2007,1253,550,911,187,2092,453,7635
28,2245,572,1199,3311,860,3351,23,2355,2698,1007,793,748,3112,66,6319,2408,1773,2433,3802,2087,37,2527,680,2003,825,1818,3478,42,3353,152,1936,3182,1620,790,80,1828,129,2262,2224,3079,1207,85,2429,1643,1612,2455,2294,1209,536,2969,451,403,1277,1832,2152,251,1079,1307,1247,2400,4588,1217,213,969,680,489,1420,3167,680,574,2063,1842,1113,792,2453,772,2012,1251,550,902,187,2094,454,7668
28,2245,572,1199,3311,860,3351,23,2355,2698,1006,792,748,3115,66,6306,2408,1773,2431,3802,2090,37,2524,680,2005,825,1820,3478,47,3345,160,1938,3186,1620,790,80,1828,129,2274,2224,3092,1200,85,2429,1643,1612,2455,2294,1218,531,2969,443,393,1288,1845,2154,246,1068,1307,1247,2400,4600,1218,218,957,672,488,1409,3167,681,574,2073,1842,1113,792,2453,772,2012,1251,550,902,187,2094,454,7701
28,2245,565,1208,3314,860,3354,23,2368,2696,1007,792,748,3109,71,6319,2406,1785,2444,3802,2090,37,2527,688,2005,836,1820,3472,47,3353,152,1928,3182,1620,790,80,1828,129,2272,2224,3092,1209,85,2429,1643,1621,2455,2294,1209,536,2957,451,403,1277,1845,2154,242,1044,1307,1247,2400,4600,1218,218,957,672,488,1409,3167,681,574,2073,1842,1113,792,2456,772,2013,1239,550,901,187,2094,454,7734
33,2245,574,1209,3325,860,3354,23,2368,2696,1007,792,748,3109,71,6319,2406,1785,2444,3802,2090,37,2527,688,2005,836,1820,3472,47,3353,152,1928,3182,1620,790,80,1828,129,2272,2224,3092,1209,85,2429,1643,1621,2455,2294,1209,536,2957,451,403,1277,1845,2154,242,1044,1306,1247,2400,4600,1219,218,958,680,498,1409,3167,681,574,2073,1842,1113,781,2468,772,2012,1253,550,891,187,2082,454,7752
33,2245,574,1209,3325,860,3351,23,2368,2698,1007,792,748,3109,71,6326,2415,1775,2444,3798,2090,37,2527,688,2005,825,1820,3481,47,3349,160,1938,3182,1620,790,80,1842,129,2272,2224,3092,1209,85,2429,1643,1621,2455,2294,1209,536,2957,451,403,1277,1845,2154,242,1044,1306,1247,2400,4600,1219,218,958,680,498,1409,3167,681,574,2073,1842,1113,781,2468,772,2012,1253,550,891,187,2082,454,7769
28,2245,573,1218,3322,860,3354,23,2368,2696,1017,792,748,3109,71,6319,2408,1785,2433,3802,2100,37,2527,688,2005,825,1820,3481,47,3349,160,1938,3182,1620,790,80,1842,129,2272,2235,3092,1209,85,2432,1651,1612,2466,2294,1209,536,2985,451,393,1288,1832,2156,237,1042,1307,1247,2400,4600,1209,218,969,680,499,1409,3179,672,574,2076,1841,1112,781,2468,763,2012,1251,550,901,187,2094,463,7801
28,2245,573,1218,3322,860,3354,23,2368,2696,1017,792,748,3109,71,6319,2408,1785,2433,3802,2100,37,2527,688,2015,837,1820,3478,42,3349,160,1938,3179,1608,800,80,1830,129,2274,2224,3079,1210,90,2429,1642,1610,2455,2294,1210,536,2972,450,403,1288,1832,2156,237,1042,1307,1247,2400,4600,1209,218,969,680,499,1409,3179,672,574,2076,1841,1112,781,2468,763,2012,1251,550,901,187,2094,463,7818
28,2260,573,1218,3322,860,3354,23,2368,2696,1017,792,748,3109,71,6319,2408,1785,2433,3802,2100,37,2527,688,2015,837,1820,3478,42,3349,160,1938,3179,1608,800,80,1830,129,2274,2224,3079,1210,90,2429,1642,1610,2455,2294,1210,536,2972,450,403,1288,1843,2154,232,1044,1306,1246,2398,4600,1218,218,957,679,489,1420,3179,681,579,2073,1842,1122,792,2468,782,2013,1253,558,901,187,2094,454,7835
28,2260,572,1218,3314,860,3345,23,2371,2704,1017,792,748,3121,66,6306,2406,1775,2442,3802,2094,37,2539,679,2015,836,1807,3479,47,3349,160,1938,3182,1620,800,80,1842,137,2274,2235,3092,1211,85,2429,1651,1612,2466,2297,1220,536,2985,451,403,1288,1835,2158,237,1042,1307,1247,2400,4600,1219,218,957,679,489,1408,3167,691,579,2073,1842,1122,792,2468,782,2013,1253,558,901,187,2094,454,7869
28,2285,573,1217,3322,860,3348,23,2371,2696,1007,792,748,3123,71,6319,2406,1775,2442,3790,2094,37,2542,687,2003,825,1807,3469,47,3353,160,1936,3182,1620,793,80,1842,137,2272,2222,3092,1211,90,2432,1651,1621,2455,2294,1212,536,2985,451,403,1288,1835,2158,237,1042,1307,1247,2400,4600,1219,218,957,679,489,1408,3167,691,574,2076,1841,1121,781,2456,774,2012,1251,550,910,187,2084,464,7901
28,2306,573,1217,3322,860,3348,23,2371,2696,1007,792,748,3123,71,6319,2406,1775,2442,3790,2094,37,2542,687,2003,825,1807,3469,47,3353,160,1936,3182,1620,793,80,1842,137,2272,2222,3092,1211,90,2432,1651,1621,2455,2294,1212,536,2981,451,403,1276,1832,2160,232,1031,1307,1247,2400,4588,1221,218,958,672,499,1420,3154,693,574,2076,1842,1113,781,2456,783,2012,1240,558,902,187,2082,464,7918
28,2306,573,1217,3322,860,3342,18,2368,2698,1007,781,748,3105,66,6326,2410,1785,2433,3802,2105,37,2542,688,2005,825,1807,3479,47,3349,160,1938,3182,1620,793,85,1842,129,2272,2222,3092,1212,85,2432,1644,1610,2466,2297,1212,536,2985,451,402,1277,1832,2160,227,1019,1307,1247,2398,4600,1221,218,958,672,499,1420,3154,693,574,2076,1842,1113,781,2456,783,2012,1240,558,902,187,2082,464,7951
28,2297,580,1218,3325,860,3354,18,2371,2698,1006,792,748,3117,66,6314,2406,1775,2444,3790,2096,37,2527,679,2003,825,1807,3482,47,3353,160,1936,3182,1608,793,80,1840,129,2272,2224,3079,1213,85,2444,1642,1621,2466,2297,1212,536,2985,451,402,1277,1832,2160,227,1019,1307,1247,2398,4600,1221,218,958,672,488,1409,3154,692,574,2073,1842,1122,781,2456,783,2013,1239,550,902,187,2097,464,7984
33,2297,580,1217,3322,861,3357,18,2371,2698,1007,792,748,3120,66,6314,2406,1773,2433,3795,2098,37,2527,679,2003,825,1807,3485,47,3366,160,1936,3182,1608,793,80,1840,129,2272,2224,3079,1213,85,2444,1642,1621,2455,2297,1212,536,2972,450,402,1277,1847,2153,232,1019,1306,1246,2400,4588,1223,218,970,679,488,1408,3154,702,574,2063,1842,1122,781,2443,793,2012,1251,550,901,187,2082,465,8018
33,2297,580,1217,3322,861,3357,18,2371,2698,1007,792,748,3120,66,6314,2406,1773,2433,3795,2098,37,2527,679,2003,825,1807,3485,47,3366,160,1936,3179,1608,793,80,1842,129,2272,2235,3108,1214,85,2432,1650,1612,2453,2297,1213,536,2981,451,402,1277,1835,2155,227,1019,1299,1238,2400,4588,1223,218,970,679,488,1408,3154,702,574,2063,1842,1122,781,2443,793,2012,1251,550,901,187,2082,465,8034
28,2309,581,1217,3325,860,3354,18,2371,2706,1017,792,749,3126,66,6326,2398,1783,2444,3790,2109,37,2530,688,2003,825,1810,3491,42,3366,160,1938,3182,1620,795,80,1842,137,2274,2246,3108,1205,85,2429,1643,1610,2453,2297,1213,536,2981,451,402,1277,1835,2155,227,1019,1299,1238,2400,4588,1222,218,958,672,489,1419,3154,702,574,2076,1842,1102,781,2443,803,2012,1253,550,902,198,2069,465,8068
28,2309,581,1217,3325,860,3354,18,2371,2706,1017,792,749,3126,66,6326,2398,1783,2444,3790,2109,37,2530,688,2003,825,1810,3491,42,3366,160,1938,3182,1620,795,80,1842,137,2274,2246,3108,1205,85,2429,1643,1610,2455,2294,1215,541,2972,451,402,1277,1847,2153,223,1006,1299,1236,2400,4594,1214,218,958,672,489,1408,3167,703,574,2076,1842,1113,781,2443,803,2013,1253,550,902,198,2069,465,8085
33,2294,581,1227,3322,860,3351,23,2358,2698,1006,792,748,3126,71,6326,2408,1785,2433,3795,2111,37,2530,679,2013,825,1807,3491,47,3349,160,1936,3182,1622,795,80,1842,137,2272,2227,3096,1215,85,2432,1642,1610,2455,2294,1215,536,2972,451,402,1277,1832,2157,223,1019,1307,1247,2400,4588,1214,218,958,672,489,1408,3167,703,574,2076,1842,1113,781,2443,803,2013,1251,550,902,187,2082,466,8119
28,2306,581,1227,3325,861,3363,18,2358,2704,1007,792,749,3117,71,6326,2406,1773,2442,3802,2111,37,2530,679,2013,825,1807,3491,47,3349,160,1936,3182,1622,795,80,1842,137,2272,2227,3096,1215,85,2432,1642,1610,2455,2294,1215,536,2972,451,402,1277,1832,2157,223,1019,1307,1247,2400,4588,1224,213,958,680,488,1408,3158,694,574,2076,1841,1112,781,2443,813,2013,1239,550,901,187,2082,466,8136
28,2306,581,1227,3325,861,3363,18,2358,2704,1007,792,749,3117,71,6326,2406,1773,2442,3802,2111,37,2530,680,2015,825,1820,3482,47,3353,160,1936,3182,1608,794,80,1855,129,2274,2235,3108,1215,85,2432,1651,1610,2455,2297,1215,536,2981,451,402,1276,1835,2157,223,1019,1307,1246,2400,4576,1216,218,957,680,498,1422,3154,694,574,2073,1842,1112,781,2443,813,2013,1239,550,901,187,2082,466,8167
28,2321,581,1218,3325,860,3354,18,2358,2698,1006,781,749,3119,71,6306,2408,1773,2431,3795,2113,33,2530,680,2003,825,1822,3482,47,3353,160,1938,3182,1608,794,80,1855,129,2274,2235,3108,1215,85,2432,1651,1610,2455,2297,1215,536,2981,451,402,1276,1835,2157,223,1019,1307,1246,2400,4576,1216,218,957,680,498,1422,3154,694,574,2073,1842,1112,781,2446,804,2013,1253,550,910,187,2082,465,8186
28,2321,581,1218,3325,860,3354,18,2358,2698,1006,781,749,3119,71,6306,2408,1773,2431,3795,2113,33,2530,680,2003,825,1822,3482,47,3353,160,1938,3182,1608,795,80,1842,137,2274,2235,3104,1215,85,2432,1651,1610,2466,2297,1216,536,2981,443,393,1288,1832,2148,232,1019,1307,1246,2400,4576,1216,218,957,680,498,1422,3154,694,574,2073,1842,1112,781,2446,804,2013,1253,550,910,187,2082,465,8201
28,2321,581,1218,3322,861,3363,23,2358,2706,1006,792,735,3117,71,6326,2408,1785,2433,3795,2102,37,2542,680,2003,825,1810,3491,47,3353,160,1938,3182,1622,795,80,1842,137,2274,2235,3104,1215,85,2432,1651,1610,2466,2297,1216,536,2981,443,393,1288,1832,2148,232,1019,1299,1236,2400,4588,1224,218,958,680,499,1420,3154,703,574,2076,1842,1113,781,2446,803,2012,1253,550,902,187,2082,475,8227
28,2321,581,1218,3322,861,3363,23,2358,2706,1006,792,735,3117,71,6326,2408,1785,2433,3795,2102,37,2542,680,2003,825,1810,3491,47,3353,160,1938,3182,1622,795,80,1842,137,2281,2235,3083,1216,85,2432,1644,1610,2455,2284,1215,536,2972,451,402,1288,1835,2157,227,1007,1307,1247,2389,4581,1224,218,958,672,498,1409,3158,703,574,2063,1842,1113,781,2446,803,2012,1253,550,902,187,2082,475,8243
28,2321,581,1217,3314,861,3354,18,2371,2698,1006,792,736,3117,75,6326,2415,1773,2433,3790,2113,37,2542,680,2003,825,1810,3491,47,3353,160,1938,3182,1622,795,80,1842,137,2281,2235,3083,1216,85,2432,1644,1610,2455,2284,1215,536,2972,451,402,1288,1835,2157,227,1007,1307,1247,2389,4581,1224,218,958,672,498,1409,3158,703,574,2063,1842,1113,781,2446,804,2012,1253,550,901,187,2084,475,8267
28,2321,581,1217,3314,861,3354,18,2371,2698,1006,792,736,3117,75,6326,2415,1773,2433,3790,2113,37,2530,680,2005,825,1810,3482,47,3345,152,1925,3168,1606,786,75,1825,129,2260,2222,3092,1197,80,2417,1628,1599,2442,2269,1206,531,2969,443,392,1265,1820,2138,218,993,1291,1236,2376,4557,1215,213,944,664,498,1409,3158,703,574,2063,1842,1113,781,2446,804,2012,1253,550,901,187,2084,475,8285
23,2306,572,1206,3311,846,3345,18,2343,2689,996,781,735,3107,61,6299,2406,1764,2431,3773,2102,33,2515,680,1992,814,1793,3473,42,3349,152,1934,3179,1596,786,75,1825,129,2260,2222,3092,1197,80,2417,1628,1599,2442,2269,1206,531,2969,443,392,1265,1820,2138,218,993,1291,1236,2376,4557,1215,213,944,664,478,1408,3138,694,569,2061,1833,1102,770,2431,804,2006,1239,542,890,176,2069,466,8319
23,2306,572,1206,3311,846,3345,18,2343,2689,996,781,735,3107,61,6299,2406,1764,2431,3773,2102,33,2515,680,1992,814,1793,3473,42,3349,152,1934,3179,1596,786,75,1825,137,2274,2235,3096,1207,85,2432,1651,1612,2469,2297,1207,536,2972,451,393,1277,1832,2152,223,1007,1299,1236,2400,4581,1217,218,958,680,489,1409,3154,704,569,2061,1833,1102,770,2431,804,2006,1239,542,890,176,2069,466,8336
28,2321,581,1228,3325,861,3360,23,2358,2698,1007,792,749,3107,71,6326,2408,1773,2444,3795,2113,37,2542,688,2005,825,1810,3494,47,3366,160,1938,3186,1608,795,80,1842,129,2274,2235,3096,1216,85,2432,1643,1612,2455,2297,1216,536,2972,451,393,1277,1832,2152,223,1007,1299,1236,2400,4581,1217,218,958,680,489,1409,3154,704,574,2076,1842,1112,781,2443,814,2013,1240,550,902,187,2084,467,8368
28,2334,581,1228,3325,861,3360,23,2358,2698,1007,792,749,3107,71,6326,2408,1773,2444,3795,2113,37,2542,688,2005,825,1810,3494,47,3366,160,1938,3186,1608,795,80,1842,129,2274,2235,3096,1216,85,2432,1643,1612,2455,2297,1216,536,2969,451,403,1277,1832,2159,227,1007,1299,1247,2400,4594,1235,218,958,672,489,1409,3158,704,574,2076,1842,1113,781,2434,815,2007,1253,550,902,187,2084,466,8379
28,2334,581,1228,3325,862,3357,23,2358,2700,1006,781,736,3110,71,6326,2408,1775,2444,3807,2115,37,2542,688,2005,825,1810,3494,47,3366,160,1938,3186,1608,795,80,1842,129,2274,2235,3096,1216,85,2432,1643,1612,2455,2297,1216,536,2969,451,403,1277,1832,2159,227,1007,1299,1247,2400,4594,1235,218,958,672,489,1409,3158,704,574,2076,1842,1113,781,2434,815,2007,1253,550,902,187,2084,466,8389
28,2334,581,1228,3325,862,3357,23,2358,2700,1006,781,736,3110,71,6326,2408,1775,2444,3807,2115,37,2542,688,2013,837,1810,3498,47,3370,160,1938,3186,1608,796,80,1842,130,2284,2249,3108,1217,85,2432,1651,1610,2458,2284,1216,536,2985,451,402,1288,1835,2161,213,995,1300,1247,2403,4594,1227,218,959,680,489,1409,3158,704,574,2076,1842,1113,781,2434,815,2007,1253,550,902,187,2084,466,8419
28,2334,581,1228,3325,861,3360,18,2371,2700,1007,792,737,3122,71,6314,2408,1785,2444,3807,2115,37,2542,688,2013,837,1810,3498,47,3370,160,1938,3186,1608,796,80,1842,130,2284,2249,3108,1217,85,2432,1651,1610,2458,2284,1216,536,2985,451,402,1288,1835,2161,213,995,1300,1247,2403,4594,1227,218,959,680,488,1420,3158,705,574,2076,1834,1113,781,2446,805,2013,1240,550,902,187,2097,475,8434
28,2334,581,1228,3325,861,3360,18,2371,2700,1007,792,737,3122,71,6314,2408,1785,2444,3807,2115,37,2533,688,2005,825,1810,3492,42,3370,160,1938,3182,1610,795,80,1842,137,2274,2235,3108,1219,85,2432,1652,1610,2455,2284,1216,536,2985,451,402,1288,1847,2152,218,982,1300,1238,2400,4581,1227,218,958,673,488,1420,3158,705,574,2076,1834,1113,781,2446,805,2013,1240,550,902,187,2097,475,8452
33,2321,581,1227,3325,861,3369,18,2358,2700,1006,781,736,3122,71,6314,2410,1785,2433,3795,2117,38,2530,688,2005,837,1810,3489,42,3353,160,1938,3182,1610,795,80,1842,137,2274,2235,3108,1219,85,2432,1652,1610,2455,2284,1216,536,2985,451,402,1288,1847,2152,218,982,1300,1238,2400,4581,1227,218,958,673,489,1422,3158,705,574,2076,1843,1113,781,2434,815,2013,1253,550,901,187,2072,466,8484
28,2321,581,1217,3314,861,3360,18,2358,2698,1007,782,735,3122,71,6314,2410,1785,2433,3795,2117,38,2530,688,2005,837,1810,3489,42,3353,153,1938,3182,1608,797,80,1857,137,2284,2235,3096,1217,85,2432,1651,1612,2455,2297,1217,536,2985,451,393,1277,1835,2152,213,982,1299,1247,2403,4581,1227,218,958,672,489,1420,3158,705,574,2076,1834,1113,781,2446,815,2012,1240,550,901,187,2072,467,8518
28,2321,581,1217,3314,861,3360,18,2358,2698,1007,782,735,3122,66,6326,2400,1785,2433,3790,2117,37,2530,680,2015,825,1807,3479,42,3353,160,1928,3182,1610,796,80,1842,130,2272,2235,3096,1209,85,2432,1651,1612,2455,2297,1217,536,2985,451,393,1277,1835,2152,213,982,1299,1247,2403,4581,1227,218,958,672,489,1420,3158,705,574,2076,1834,1113,781,2446,815,2012,1240,550,901,187,2072,467,8535
28,2321,581,1218,3325,861,3360,18,2358,2698,1005,781,736,3122,71,6314,2410,1773,2436,3795,2106,37,2530,688,2005,826,1807,3479,42,3353,160,1928,3182,1610,796,80,1842,130,2272,2235,3096,1209,85,2432,1652,1612,2453,2284,1217,536,2972,451,393,1277,1835,2163,213,982,1292,1247,2389,4581,1228,218,958,673,488,1409,3158,705,574,2076,1836,1113,781,2434,815,2013,1253,550,902,187,2084,467,8569
28,2321,581,1218,3325,861,3360,18,2358,2698,1005,781,736,3122,71,6314,2410,1773,2436,3795,2106,37,2530,688,2005,826,1807,3479,42,3353,153,1928,3182,1610,797,80,1842,129,2274,2235,3096,1219,85,2432,1651,1602,2455,2297,1209,536,2972,451,403,1277,1835,2153,208,970,1300,1238,2400,4594,1228,218,958,673,488,1409,3158,705,574,2076,1836,1113,781,2434,815,2013,1253,550,902,187,2084,467,8586
28,2321,581,1218,3325,861,3369,23,2358,2708,1005,781,736,3122,71,6314,2410,1773,2436,3795,2106,37,2530,688,2005,826,1807,3479,42,3353,153,1928,3182,1610,797,80,1842,129,2274,2235,3096,1219,85,2432,1651,1602,2455,2297,1209,536,2972,451,403,1277,1835,2153,208,970,1300,1238,2400,4594,1228,218,958,681,499,1420,3158,705,574,2076,1842,1113,781,2443,815,2013,1240,542,901,187,2097,467,8602
28,2321,581,1218,3325,861,3369,23,2358,2708,1006,781,735,3122,66,6326,2410,1775,2447,3795,2115,37,2542,688,2015,837,1812,3489,42,3353,160,1928,3182,1610,796,80,1845,137,2284,2235,3108,1217,85,2435,1652,1612,2455,2297,1219,541,2985,451,403,1277,1835,2161,213,1008,1299,1238,2400,4581,1228,218,958,681,499,1420,3158,705,574,2076,1842,1113,781,2443,815,2013,1240,542,901,187,2097,467,8619
28,2334,581,1218,3325,861,3369,23,2358,2708,1006,781,735,3122,66,6326,2410,1775,2447,3795,2115,37,2542,688,2015,837,1812,3489,42,3353,160,1928,3182,1610,796,80,1845,137,2284,2235,3108,1217,85,2435,1652,1612,2455,2297,1219,541,2985,451,403,1277,1835,2161,213,1008,1299,1238,2400,4581,1217,218,958,673,488,1420,3158,705,574,2063,1842,1113,781,2434,815,2013,1253,550,902,187,2084,476,8635
28,2334,581,1218,3325,861,3369,18,2358,2698,1007,781,735,3122,71,6326,2400,1775,2433,3807,2117,37,2530,680,2005,825,1810,3492,47,3357,160,1938,3182,1610,798,80,1855,129,2284,2235,3108,1217,85,2435,1652,1612,2455,2297,1219,541,2985,451,403,1277,1835,2161,213,1008,1299,1238,2400,4581,1217,218,958,673,488,1420,3158,705,574,2063,1842,1113,781,2434,815,2013,1253,550,902,187,2084,476,8652
33,2349,588,1228,3325,861,3376,23,2358,2706,1017,781,750,3137,71,6334,2417,1785,2444,3807,2110,37,2546,688,2005,826,1812,3495,42,3353,160,1938,3171,1610,798,80,1845,137,2274,2238,3112,1221,85,2444,1651,1621,2466,2297,1221,536,2976,451,403,1277,1835,2165,213,984,1299,1247,2400,4594,1229,218,959,680,499,1409,3158,705,574,2076,1842,1114,781,2434,825,2013,1254,550,910,187,2084,476,8834
28,2334,589,1228,3329,861,3376,18,2358,2698,1007,793,749,3137,71,6326,2417,1785,2444,3807,2121,42,2546,688,2005,826,1812,3495,42,3353,160,1938,3171,1610,798,80,1845,137,2274,2238,3112,1221,85,2444,1651,1621,2466,2297,1221,536,2972,451,403,1288,1835,2165,227,995,1299,1247,2400,4594,1230,218,958,672,499,1411,3158,706,574,2078,1843,1113,781,2421,825,2018,1254,558,902,187,2084,477,8852
28,2334,589,1228,3329,861,3376,18,2358,2698,1007,793,749,3137,71,6326,2417,1785,2444,3807,2121,42,2542,688,2015,837,1807,3498,47,3366,160,1938,3182,1610,798,80,1845,129,2274,2238,3108,1220,90,2444,1652,1612,2466,2300,1220,541,2988,451,403,1277,1835,2157,213,970,1299,1247,2403,4600,1230,218,958,680,499,1411,3158,706,574,2078,1843,1113,781,2421,825,2018,1254,558,902,187,2084,477,8886
33,2349,581,1228,3337,862,3370,23,2371,2706,1017,792,750,3152,75,6326,2417,1785,2444,3812,2123,37,2542,688,2005,826,1812,3501,47,3357,160,1938,3186,1625,798,85,1842,130,2284,2235,3100,1221,85,2432,1644,1612,2458,2297,1222,541,2988,451,403,1277,1835,2157,213,970,1299,1247,2403,4600,1230,218,958,680,499,1420,3158,707,574,2078,1843,1122,781,2434,826,2018,1254,550,911,198,2084,477,8919
33,2334,581,1229,3329,862,3373,23,2373,2706,1007,792,750,3152,71,6346,2415,1785,2444,3795,2113,33,2542,680,2015,825,1810,3492,47,3366,160,1938,3186,1625,798,85,1842,130,2284,2235,3100,1221,85,2432,1644,1612,2458,2297,1222,541,2985,451,393,1288,1837,2159,213,970,1299,1247,2403,4587,1229,218,959,680,499,1422,3162,707,574,2078,1842,1114,793,2437,835,2013,1254,550,911,187,2084,486,8951
33,2334,581,1228,3325,861,3370,23,2371,2708,1007,792,749,3131,71,6346,2415,1785,2444,3795,2113,33,2542,680,2015,825,1810,3492,47,3366,160,1938,3182,1622,798,85,1842,137,2274,2249,3112,1221,85,2435,1643,1621,2469,2300,1222,541,2985,451,403,1277,1850,2159,209,971,1300,1248,2400,4600,1231,218,959,672,489,1422,3162,724,574,2076,1842,1113,793,2434,835,2013,1266,550,902,187,2087,487,8985
33,2334,581,1228,3325,861,3370,23,2371,2708,1007,792,749,3131,71,6339,2415,1785,2444,3812,2113,37,2542,688,2015,825,1812,3498,47,3366,160,1938,3182,1612,799,80,1857,130,2286,2249,3112,1222,90,2444,1644,1612,2458,2284,1222,536,2985,451,403,1278,1835,2159,213,971,1299,1247,2403,4587,1231,218,970,673,499,1422,3162,708,579,2078,1843,1122,782,2434,835,2013,1266,550,902,187,2087,487,9019
33,2324,581,1228,3329,873,3370,23,2371,2708,1007,792,749,3149,71,6334,2415,1775,2444,3807,2121,33,2530,688,2007,837,1810,3492,47,3353,160,1938,3182,1612,799,80,1857,130,2286,2249,3112,1222,90,2444,1644,1612,2458,2284,1222,536,2985,451,403,1278,1835,2159,213,971,1299,1247,2403,4587,1231,218,970,673,499,1422,3162,708,579,2078,1843,1122,782,2434,835,2013,1253,550,902,187,2087,486,9034
33,2321,581,1228,3325,862,3373,23,2371,2698,1007,793,750,3143,71,6334,2415,1775,2444,3807,2121,33,2530,688,2007,837,1810,3492,47,3353,160,1938,3182,1612,799,80,1842,137,2274,2238,3108,1223,85,2432,1643,1612,2458,2284,1223,536,2985,451,403,1278,1835,2159,208,958,1300,1247,2400,4581,1231,218,958,672,489,1420,3162,707,574,2078,1843,1122,792,2434,827,2013,1254,550,911,187,2084,477,9068
33,2321,581,1228,3325,862,3373,23,2371,2698,1007,793,750,3143,71,6339,2425,1785,2433,3807,2123,42,2558,688,2005,826,1810,3498,47,3366,160,1938,3186,1625,799,85,1842,137,2274,2235,3100,1221,85,2444,1644,1623,2458,2284,1223,536,2985,451,403,1278,1835,2159,208,958,1300,1247,2400,4581,1231,218,958,672,489,1420,3162,707,574,2078,1843,1122,792,2434,827,2013,1254,550,911,187,2084,477,9085
33,2321,581,1228,3340,875,3370,18,2371,2704,1017,792,750,3143,71,6346,2417,1786,2447,3812,2125,37,2542,688,2015,837,1810,3498,47,3366,160,1938,3186,1625,799,85,1842,137,2274,2235,3100,1221,85,2444,1644,1623,2466,2287,1221,541,2976,451,403,1278,1835,2157,208,971,1299,1248,2400,4600,1231,218,971,672,499,1422,3158,707,579,2076,1842,1113,793,2437,836,2013,1253,550,911,198,2087,487,9118
33,2337,581,1228,3340,862,3370,23,2371,2706,1017,792,750,3143,71,6346,2417,1786,2447,3812,2125,37,2542,688,2015,837,1822,3492,47,3357,160,1948,3182,1625,800,85,1857,137,2274,2238,3112,1223,85,2444,1651,1623,2458,2300,1222,541,3001,451,403,1278,1847,2161,199,933,1292,1247,2403,4600,1240,218,958,672,499,1422,3162,717,579,2078,1842,1123,794,2437,837,2018,1253,550,912,198,2087,487,9151
33,2337,581,1228,3340,862,3370,23,2371,2706,1017,792,762,3164,76,6346,2408,1785,2447,3812,2115,38,2542,680,2017,837,1825,3499,47,3366,160,1938,3182,1612,801,85,1857,137,2276,2251,3112,1215,85,2447,1659,1623,2458,2300,1223,541,2985,458,403,1278,1837,2163,199,947,1299,1247,2403,4587,1240,218,958,672,499,1422,3162,717,579,2078,1842,1123,794,2437,837,2018,1253,550,912,198,2087,487,9169
33,2321,581,1228,3340,862,3370,23,2371,2706,1017,792,762,3164,76,6346,2408,1785,2447,3812,2115,38,2542,680,2017,837,1825,3499,47,3366,160,1938,3182,1612,801,85,1857,137,2276,2251,3112,1215,85,2447,1659,1623,2458,2300,1223,541,2985,458,403,1278,1837,2163,199,947,1299,1247,2403,4587,1232,218,971,680,488,1420,3158,716,574,2076,1842,1114,793,2437,837,2014,1254,558,912,198,2087,488,9186
33,2321,588,1228,3329,862,3363,23,2373,2706,1018,793,762,3167,71,6346,2408,1786,2447,3800,2115,38,2530,688,2017,825,1825,3486,47,3370,160,1950,3186,1625,800,80,1845,137,2276,2238,3100,1224,85,2432,1643,1623,2458,2300,1224,541,2988,451,403,1278,1837,2163,199,947,1299,1247,2403,4587,1232,218,971,680,488,1420,3158,716,574,2076,1842,1114,793,2437,837,2014,1254,558,912,198,2087,488,9217
28,2337,589,1229,3325,875,3370,23,2373,2708,1018,804,762,3173,75,6339,2417,1785,2447,3812,2117,38,2530,688,2017,825,1825,3486,47,3370,160,1950,3186,1625,800,80,1845,137,2276,2238,3100,1224,85,2432,1643,1623,2458,2300,1224,541,2988,451,403,1278,1837,2171,204,958,1299,1248,2392,4587,1233,218,970,680,489,1420,3158,717,574,2078,1843,1114,792,2434,837,2018,1265,558,911,198,2087,487,9235
28,2337,589,1229,3325,875,3370,23,2373,2708,1018,804,762,3173,75,6339,2417,1785,2447,3812,2117,38,2546,688,2007,837,1812,3495,52,3370,160,1940,3186,1625,800,85,1857,137,2286,2249,3112,1223,90,2435,1652,1612,2458,2312,1223,541,2985,451,403,1278,1837,2171,204,958,1299,1248,2392,4587,1233,218,970,680,489,1420,3158,717,574,2078,1843,1114,792,2434,837,2018,1265,558,911,198,2087,487,9252
28,2337,589,1229,3325,875,3370,23,2373,2708,1018,804,762,3173,75,6339,2417,1785,2447,3812,2117,38,2546,688,2007,837,1812,3495,52,3370,160,1940,3186,1625,800,85,1857,137,2286,2249,3112,1223,90,2435,1652,1612,2458,2312,1223,541,2985,451,403,1278,1835,2171,204,959,1300,1247,2403,4587,1243,218,971,680,499,1422,3158,708,574,2078,1843,1114,792,2434,837,2018,1265,558,911,198,2087,487,9267
28,2324,581,1228,3329,862,3354,23,2373,2708,1008,793,750,3170,76,6326,2415,1786,2447,3812,2117,38,2546,688,2007,837,1812,3495,52,3370,160,1940,3186,1625,800,85,1857,137,2286,2249,3112,1223,90,2435,1652,1612,2458,2312,1223,541,2985,451,403,1278,1835,2171,204,959,1300,1247,2403,4587,1243,218,971,680,499,1422,3158,708,574,2078,1842,1122,793,2437,836,2013,1254,558,902,187,2084,477,9284
28,2334,581,1228,3329,862,3354,23,2373,2708,1008,793,750,3170,76,6326,2415,1786,2447,3795,2106,37,2533,695,2005,837,1825,3486,47,3357,160,1940,3186,1612,799,80,1845,137,2274,2249,3108,1222,85,2432,1644,1621,2458,2300,1223,541,3001,459,403,1277,1837,2163,208,971,1294,1247,2403,4587,1232,218,958,680,499,1422,3158,718,574,2076,1842,1122,793,2434,836,2013,1240,550,902,187,2072,478,9318
28,2334,581,1229,3329,861,3354,18,2373,2708,1008,792,750,3173,75,6346,2417,1785,2447,3812,2104,37,2542,689,2017,838,1825,3495,52,3370,160,1938,3186,1625,799,80,1845,137,2274,2249,3108,1222,85,2432,1644,1621,2458,2300,1223,541,3001,459,403,1277,1837,2163,208,971,1294,1247,2403,4587,1232,218,958,680,499,1422,3158,718,574,2076,1842,1122,793,2434,836,2013,1240,550,902,187,2072,478,9335
33,2334,588,1229,3340,876,3376,23,2373,2708,1018,793,762,3173,75,6346,2417,1785,2447,3812,2104,37,2542,689,2017,838,1825,3495,52,3370,160,1938,3186,1625,799,85,1857,130,2284,2249,3112,1222,90,2435,1644,1623,2480,2300,1223,541,2988,459,403,1278,1837,2161,199,934,1292,1248,2403,4587,1241,218,971,680,499,1422,3162,716,579,2076,1843,1113,792,2437,836,2013,1253,558,902,198,2087,478,9368
33,2334,588,1229,3340,876,3376,23,2373,2708,1018,793,762,3173,76,6346,2417,1785,2447,3812,2115,38,2530,688,2005,837,1812,3486,47,3370,160,1938,3186,1612,809,85,1845,129,2274,2238,3112,1222,90,2432,1652,1621,2458,2287,1232,541,2988,451,403,1277,1837,2161,199,945,1292,1248,2403,4587,1241,218,971,680,499,1422,3162,716,579,2076,1843,1113,792,2437,836,2013,1253,558,902,198,2087,478,9385
33,2337,589,1229,3329,862,3367,23,2373,2706,1018,793,750,3176,76,6346,2408,1785,2447,3800,2117,38,2555,688,2005,826,1812,3486,47,3357,160,1938,3186,1612,809,85,1845,129,2274,2238,3112,1222,90,2432,1652,1621,2458,2287,1232,541,2988,451,403,1277,1837,2161,199,945,1300,1247,2400,4587,1240,223,971,680,499,1422,3162,726,574,2078,1843,1122,793,2434,845,2019,1254,558,912,198,2087,487,9418
33,2337,589,1228,3325,862,3363,19,2371,2702,1017,793,750,3176,76,6346,2408,1785,2447,3800,2117,38,2555,688,2005,826,1812,3486,47,3357,160,1938,3186,1612,799,80,1857,137,2274,2240,3112,1223,90,2447,1644,1612,2472,2300,1224,541,2997,451,403,1289,1837,2163,194,970,1292,1248,2403,4600,1232,218,958,680,489,1422,3162,718,574,2078,1851,1122,793,2437,837,2014,1266,550,911,198,2087,477,9451
33,2337,589,1228,3325,862,3363,19,2371,2702,1017,793,750,3176,71,6346,2425,1785,2444,3807,2108,38,2533,688,2005,826,1810,3499,52,3370,160,1948,3171,1625,800,85,1857,137,2286,2249,3112,1224,90,2435,1651,1612,2469,2300,1224,541,3001,451,403,1278,1837,2159,199,947,1293,1247,2403,4600,1233,223,971,680,499,1423,3162,718,579,2078,1843,1122,783,2437,837,2019,1254,558,902,198,2087,477,9484
28,2324,589,1229,3344,873,3367,23,2373,2708,1007,793,762,3186,71,6334,2408,1785,2447,3812,2119,38,2533,689,2015,826,1812,3495,47,3353,160,1938,3186,1625,801,85,1857,130,2274,2249,3112,1224,90,2435,1652,1612,2458,2287,1224,541,2985,451,403,1278,1837,2163,194,934,1292,1238,2403,4587,1233,223,971,680,499,1423,3162,718,579,2078,1843,1122,783,2437,837,2019,1254,558,902,198,2087,488,9518
33,2334,589,1228,3325,861,3379,23,2361,2710,1017,792,750,3176,71,6334,2425,1785,2447,3812,2117,38,2546,688,2005,825,1812,3499,47,3353,160,1938,3171,1612,801,85,1857,137,2284,2249,3112,1224,90,2435,1652,1612,2458,2287,1224,541,2985,451,403,1278,1837,2163,194,934,1292,1238,2403,4587,1243,218,971,680,499,1411,3162,726,574,2078,1843,1122,793,2434,837,2019,1253,558,911,198,2087,488,9551
23,2319,573,1217,3314,860,3357,18,2358,2700,997,792,736,3167,66,6326,2408,1775,2433,3782,2106,33,2530,680,2003,825,1812,3499,47,3353,160,1938,3171,1612,801,85,1857,137,2284,2249,3112,1224,85,2432,1653,1612,2455,2287,1223,541,2988,451,403,1278,1837,2163,194,934,1293,1247,2403,4600,1233,223,971,680,499,1422,3162,718,574,2078,1843,1113,793,2437,837,2019,1253,542,890,187,2072,478,9585
23,2321,581,1228,3314,848,3360,18,2358,2698,997,792,736,3167,66,6326,2408,1775,2433,3782,2106,33,2530,680,2003,825,1810,3486,42,3353,152,1927,3171,1596,791,75,1830,129,2272,2235,3083,1214,80,2420,1643,1601,2444,2284,1205,536,2972,443,393,1266,1822,2154,189,921,1284,1236,2389,4569,1223,213,958,665,488,1411,3146,709,574,2076,1827,1101,770,2421,837,2008,1240,543,891,176,2072,478,9618
23,2321,581,1228,3314,848,3360,18,2358,2698,1007,793,749,3182,71,6334,2417,1775,2447,3812,2119,38,2546,696,2015,826,1810,3493,47,3370,160,1940,3186,1610,801,80,1857,137,2284,2262,3116,1225,80,2420,1643,1601,2444,2284,1205,536,2972,443,393,1266,1822,2154,189,921,1284,1236,2389,4569,1223,213,958,665,488,1411,3146,709,574,2076,1827,1101,770,2421,837,2008,1240,543,891,176,2072,478,9634
33,2321,581,1228,3325,862,3373,23,2373,2710,1007,782,762,3188,76,6334,2425,1775,2447,3812,2119,38,2546,696,2015,826,1810,3493,47,3370,160,1940,3186,1610,801,80,1857,137,2284,2262,3116,1225,90,2444,1651,1612,2458,2300,1225,546,2988,459,403,1289,1837,2165,194,934,1293,1247,2406,4587,1243,223,971,681,499,1422,3162,718,574,2091,1845,1113,793,2437,838,2014,1254,558,911,198,2087,478,9668
33,2337,589,1228,3329,862,3373,23,2373,2710,1007,782,762,3188,76,6334,2425,1775,2447,3812,2119,38,2536,688,2003,826,1812,3493,52,3357,160,1938,3186,1612,801,85,1845,137,2284,2260,3112,1225,85,2447,1644,1612,2458,2287,1224,541,2988,459,403,1280,1837,2165,199,1045,1293,1247,2406,4587,1233,218,971,681,499,1411,3150,718,575,2078,1845,1122,793,2437,837,2016,1256,558,911,187,2087,479,9701
33,2337,589,1228,3329,862,3373,23,2364,2708,1007,793,761,3176,71,6342,2417,1775,2447,3800,2117,38,2536,696,2015,826,1812,3489,47,3370,160,1938,3186,1610,801,85,1857,137,2274,2260,3112,1224,90,2447,1652,1621,2455,2300,1225,541,2976,451,403,1289,1837,2165,256,1082,1308,1247,2403,4587,1235,218,971,680,499,1422,3162,728,579,2091,1843,1122,793,2437,837,2016,1256,558,911,187,2087,479,9735
33,2349,588,1228,3333,875,3373,23,2373,2708,1007,794,763,3186,76,6346,2417,1785,2444,3812,2119,38,2533,688,2005,837,1812,3493,47,3370,160,1948,3189,1625,810,85,1859,137,2274,2249,3112,1225,85,2438,1652,1612,2458,2284,1225,537,2967,451,403,1278,1837,2165,256,1082,1308,1247,2403,4587,1235,218,971,680,499,1422,3162,728,579,2091,1843,1122,792,2425,847,2014,1254,558,911,198,2087,488,9768
33,2337,588,1228,3333,875,3373,23,2373,2708,1007,794,763,3186,76,6346,2417,1785,2444,3812,2119,38,2533,688,2005,837,1812,3493,47,3370,160,1948,3189,1625,810,85,1859,137,2274,2249,3112,1225,85,2438,1652,1612,2458,2284,1225,537,2967,451,403,1278,1835,2163,242,1045,1308,1247,2403,4600,1235,218,958,673,499,1422,3162,718,574,2078,1843,1122,793,2437,847,2015,1254,550,902,198,2087,488,9788
33,2337,588,1228,3329,862,3373,23,2376,2710,1018,793,762,3191,76,6342,2427,1785,2444,3812,2117,33,2533,696,2005,837,1814,3493,47,3357,160,1948,3186,1610,801,80,1845,137,2274,2249,3112,1225,85,2438,1652,1612,2458,2284,1225,537,2967,451,403,1278,1835,2163,242,1045,1308,1247,2403,4600,1235,218,958,673,499,1422,3162,718,574,2078,1843,1122,793,2437,847,2015,1254,550,902,198,2087,488,9803
33,2337,588,1228,3329,862,3373,23,2376,2710,1018,793,762,3191,76,6342,2427,1785,2444,3812,2117,33,2533,696,2005,837,1814,3493,47,3357,160,1948,3186,1610,801,80,1845,137,2274,2249,3112,1225,90,2435,1653,1612,2469,2287,1224,537,2976,451,403,1278,1837,2163,242,1059,1315,1247,2400,4587,1244,218,970,673,499,1420,3162,718,574,2078,1843,1122,793,2437,847,2015,1254,550,902,198,2087,488,9818
28,2337,581,1228,3325,875,3373,23,2373,2702,1008,793,762,3188,71,6334,2427,1775,2447,3812,2119,38,2533,688,2015,837,1812,3493,47,3370,160,1938,3175,1610,801,80,1857,137,2284,2246,3112,1225,90,2435,1652,1613,2469,2300,1225,537,2976,451,403,1278,1837,2163,242,1059,1315,1247,2400,4587,1244,218,970,673,499,1420,3162,718,575,2076,1845,1113,781,2437,847,2015,1256,550,902,198,2075,479,9852
33,2337,589,1228,3329,873,3373,23,2376,2708,1017,804,762,3179,71,6342,2427,1785,2444,3812,2119,33,2546,689,2015,826,1812,3489,47,3357,160,1938,3186,1612,801,80,1857,137,2284,2246,3112,1225,90,2435,1652,1613,2469,2300,1225,537,2976,451,403,1289,1837,2165,232,1057,1308,1247,2403,4605,1236,218,971,680,499,1422,3162,718,575,2091,1845,1122,793,2437,847,2015,1254,558,911,187,2087,488,9886
33,2352,581,1227,3325,862,3373,23,2373,2700,1017,793,750,3176,71,6334,2419,1785,2444,3812,2119,33,2546,689,2015,826,1812,3489,47,3357,160,1938,3186,1612,801,85,1845,137,2293,2260,3125,1224,85,2435,1652,1612,2458,2300,1224,541,2976,451,403,1278,1835,2163,242,1045,1308,1255,2403,4587,1244,218,959,673,489,1411,3162,718,575,2091,1843,1122,792,2425,847,2015,1254,551,911,198,2084,488,9918
33,2352,581,1227,3325,862,3373,23,2373,2700,1017,793,750,3176,71,6334,2419,1785,2447,3812,2129,38,2549,688,2005,825,1812,3489,47,3357,160,1938,3186,1612,801,80,1857,137,2284,2249,3108,1225,85,2438,1661,1613,2458,2287,1225,541,2976,451,403,1278,1835,2163,242,1045,1308,1255,2403,4587,1244,218,959,673,489,1411,3162,718,575,2091,1843,1122,792,2425,847,2015,1254,551,911,198,2084,488,9935
33,2352,581,1227,3325,862,3373,23,2373,2700,1017,793,750,3176,71,6334,2419,1785,2447,3812,2129,38,2549,688,2005,825,1812,3489,47,3357,160,1938,3186,1612,801,80,1857,137,2284,2249,3108,1225,85,2438,1661,1613,2458,2287,1225,541,2972,451,403,1278,1837,2163,242,1082,1315,1258,2403,4587,1235,218,971,680,499,1411,3162,728,575,2091,1843,1122,781,2434,837,2009,1240,550,911,198,2084,488,9952
28,2349,581,1228,3333,875,3373,23,2371,2702,1018,804,750,3179,71,6334,2417,1785,2458,3812,2119,38,2533,689,2005,826,1827,3493,47,3374,160,1938,3182,1612,792,85,1847,137,2284,2260,3125,1225,85,2438,1652,1612,2458,2300,1225,537,2976,451,403,1277,1837,2165,242,1057,1308,1257,2400,4587,1235,218,959,680,499,1411,3162,728,575,2091,1843,1122,781,2434,837,2009,1240,550,911,198,2087,488,9979
28,2349,589,1229,3340,862,3376,23,2373,2710,1017,793,762,3179,71,6334,2417,1785,2458,3812,2119,38,2533,689,2005,826,1827,3493,47,3374,160,1938,3182,1612,792,85,1847,137,2284,2260,3125,1225,85,2438,1652,1612,2458,2300,1225,537,2976,451,403,1277,1837,2165,242,1057,1308,1257,2400,4587,1235,218,959,680,499,1411,3162,728,575,2091,1843,1122,782,2437,847,2014,1254,550,911,187,2087,479,9995
28,2349,589,1229,3340,862,3376,23,2373,2710,1017,793,762,3179,71,6334,2417,1785,2447,3812,2117,38,2549,688,2005,837,1812,3493,47,3370,160,1938,3186,1610,801,80,1845,137,2284,2260,3125,1226,90,2435,1652,1612,2458,2300,1225,537,2976,451,403,1277,1837,2165,242,1057,1308,1257,2400,4587,1235,218,959,680,499,1411,3162,728,575,2091,1843,1122,782,2437,847,2014,1254,550,911,187,2087,479,10019
28,2349,589,1229,3340,862,3376,23,2373,2710,1017,793,762,3179,71,6334,2417,1785,2447,3812,2117,38,2549,688,2005,837,1812,3493,47,3370,160,1938,3186,1610,801,80,1845,137,2284,2260,3125,1226,90,2435,1652,1612,2458,2287,1225,541,2988,451,403,1278,1837,2165,237,1033,1299,1247,2403,4587,1235,218,971,673,499,1422,3162,718,575,2078,1845,1122,781,2437,838,2015,1254,550,902,198,2087,479,10035
33,2337,589,1228,3325,862,3376,19,2361,2708,1008,793,750,3179,71,6342,2425,1785,2444,3800,2112,38,2533,688,2005,826,1812,3493,47,3357,160,1938,3186,1612,792,85,1845,137,2274,2260,3125,1225,85,2432,1651,1612,2458,2287,1226,537,2976,451,403,1288,1837,2167,237,1033,1308,1248,2400,4587,1235,218,971,673,499,1422,3162,718,575,2078,1845,1122,781,2437,838,2015,1254,550,902,198,2072,479,10068
33,2337,589,1229,3340,862,3376,23,2361,2710,1008,793,750,3179,71,6342,2425,1785,2444,3800,2112,38,2533,688,2005,826,1812,3493,47,3357,160,1938,3186,1612,792,85,1845,137,2274,2260,3125,1225,85,2432,1651,1612,2458,2287,1226,537,2976,451,403,1288,1837,2167,237,1033,1308,1248,2400,4587,1235,218,971,680,489,1422,3162,728,575,2078,1843,1114,782,2425,848,2014,1254,550,912,198,2087,488,10085
33,2337,589,1229,3340,862,3376,23,2361,2710,1018,804,763,3188,71,6334,2419,1775,2447,3800,2121,42,2549,696,2005,837,1814,3496,47,3382,168,1938,3182,1612,802,85,1857,137,2286,2257,3128,1226,85,2432,1651,1612,2458,2287,1226,537,2976,451,403,1288,1837,2167,237,1033,1308,1248,2400,4587,1235,218,971,680,489,1422,3162,728,575,2078,1843,1114,782,2425,848,2014,1254,550,912,198,2087,488,10102
33,2349,589,1229,3325,862,3379,23,2373,2710,1018,804,762,3191,71,6334,2417,1786,2436,3800,2112,38,2546,688,2015,837,1814,3496,47,3382,168,1938,3182,1612,802,85,1857,137,2286,2257,3128,1226,90,2438,1661,1612,2455,2287,1228,541,2988,451,403,1280,1839,2167,242,1082,1308,1247,2403,4587,1245,218,971,673,499,1422,3150,728,574,2078,1843,1113,792,2425,857,2014,1256,550,911,198,2087,488,10135
33,2349,589,1229,3325,862,3379,23,2373,2710,1018,804,762,3191,71,6334,2417,1786,2436,3800,2112,38,2546,688,2015,837,1812,3487,47,3370,160,1940,3186,1614,793,85,1845,137,2284,2260,3125,1226,85,2435,1652,1612,2469,2287,1226,541,2980,451,403,1278,1850,2169,242,1045,1308,1247,2403,4587,1245,218,971,673,499,1422,3150,728,574,2078,1843,1113,792,2425,857,2014,1256,550,911,198,2087,488,10152
33,2337,589,1228,3325,862,3367,19,2373,2698,1008,794,750,3182,76,6334,2417,1785,2447,3817,2121,38,2533,696,2005,827,1812,3487,47,3362,160,1938,3186,1612,802,85,1857,137,2284,2260,3125,1226,85,2435,1652,1612,2469,2287,1226,541,2980,451,403,1278,1850,2169,242,1045,1308,1247,2392,4587,1245,218,971,681,499,1411,3150,728,575,2078,1845,1113,783,2437,848,2019,1266,558,911,198,2075,488,10184
33,2349,589,1228,3340,875,3367,23,2361,2700,1007,793,750,3179,71,6334,2417,1775,2433,3800,2121,38,2533,696,2005,827,1812,3487,47,3362,160,1938,3186,1612,802,85,1857,137,2284,2260,3125,1226,85,2435,1652,1612,2458,2287,1226,537,2976,451,403,1278,1825,2167,256,1094,1308,1257,2403,4587,1236,218,971,680,499,1422,3162,728,575,2078,1845,1122,793,2437,847,2015,1254,551,902,187,2087,488,10211
33,2349,589,1228,3340,875,3367,23,2361,2700,1007,793,750,3179,71,6334,2417,1775,2433,3800,2121,38,2533,696,2005,837,1812,3496,42,3357,160,1948,3186,1612,803,80,1845,137,2284,2260,3125,1226,85,2435,1652,1612,2458,2287,1226,537,2976,451,403,1278,1825,2167,256,1094,1308,1257,2403,4587,1236,218,971,680,499,1422,3162,728,575,2078,1845,1122,793,2437,847,2015,1254,551,902,187,2087,488,10219
33,2349,589,1228,3340,875,3367,23,2361,2700,1007,793,750,3179,71,6334,2417,1775,2433,3800,2121,38,2533,696,2005,837,1812,3496,42,3357,160,1948,3186,1612,803,80,1845,137,2284,2260,3125,1228,85,2435,1652,1612,2458,2300,1226,537,2964,459,403,1278,1837,2165,251,1082,1308,1247,2403,4587,1236,223,959,673,499,1422,3162,719,575,2078,1843,1122,793,2440,858,2020,1240,542,912,187,2087,488,10252
33,2349,589,1228,3329,861,3367,19,2373,2700,1007,793,750,3194,76,6334,2425,1785,2436,3812,2112,38,2549,689,2015,826,1812,3496,47,3357,160,1938,3182,1614,802,80,1845,137,2284,2260,3125,1218,90,2438,1652,1612,2458,2287,1226,537,2976,451,403,1278,1837,2169,251,1094,1308,1257,2406,4587,1237,213,971,680,499,1420,3162,720,575,2078,1843,1122,793,2440,858,2020,1240,542,912,187,2087,488,10286
33,2352,581,1228,3329,862,3367,23,2361,2702,1007,793,762,3194,71,6334,2427,1786,2436,3812,2112,38,2549,689,2015,826,1812,3496,47,3357,160,1938,3182,1614,802,80,1845,137,2284,2260,3125,1218,90,2438,1652,1612,2458,2287,1226,537,2976,451,403,1278,1837,2169,251,1094,1308,1257,2406,4587,1237,213,971,680,499,1420,3162,720,579,2081,1843,1122,793,2437,857,2019,1253,558,902,187,2075,488,10302
33,2349,581,1228,3329,862,3367,23,2361,2702,1007,793,762,3194,71,6334,2427,1786,2447,3817,2112,42,2533,688,2005,837,1814,3499,52,3370,160,1938,3186,1625,802,85,1859,137,2284,2260,3125,1226,90,2435,1652,1612,2458,2287,1226,541,2988,459,403,1278,1837,2169,232,1045,1308,1247,2403,4600,1236,218,959,680,499,1409,3162,738,575,2078,1843,1122,782,2437,858,2019,1254,551,902,198,2077,488,10335
33,2349,589,1229,3329,862,3370,23,2371,2700,1017,793,762,3191,71,6334,2425,1785,2447,3812,2112,38,2533,688,2015,826,1812,3490,47,3370,160,1938,3189,1612,802,85,1847,137,2293,2260,3125,1226,85,2423,1659,1612,2458,2287,1217,541,2976,451,403,1288,1839,2169,251,1044,1309,1247,2400,4587,1236,218,972,672,499,1409,3162,738,575,2078,1843,1122,782,2437,858,2019,1254,551,902,198,2077,488,10363
33,2337,589,1229,3329,862,3370,23,2371,2700,1017,793,762,3191,71,6334,2425,1785,2447,3812,2112,38,2533,688,2015,826,1812,3490,47,3370,160,1938,3189,1612,802,85,1847,137,2293,2260,3125,1226,85,2423,1659,1612,2458,2287,1217,541,2976,451,403,1288,1839,2169,251,1044,1309,1247,2400,4587,1236,218,972,672,489,1411,3162,728,579,2091,1843,1122,793,2425,858,2019,1254,550,902,187,2075,479,10369
33,2337,581,1228,3329,863,3370,19,2364,2700,1007,792,750,3191,71,6334,2410,1785,2433,3800,2121,38,2533,688,2005,826,1812,3487,47,3357,160,1938,3186,1612,802,85,1857,137,2284,2260,3125,1228,85,2435,1659,1612,2458,2287,1217,541,2976,451,403,1288,1839,2169,251,1044,1309,1247,2400,4587,1236,218,972,672,489,1411,3162,728,579,2091,1843,1122,793,2425,858,2019,1254,550,902,187,2075,479,10402
28,2337,581,1229,3325,862,3367,23,2373,2706,1017,792,750,3194,71,6342,2417,1785,2436,3817,2123,38,2536,688,2015,837,1812,3487,47,3362,160,1938,3186,1612,802,85,1857,137,2284,2260,3125,1228,85,2435,1659,1612,2455,2287,1226,537,2976,451,403,1277,1837,2158,256,1094,1307,1247,2400,4587,1245,223,959,680,489,1422,3162,728,579,2091,1842,1114,782,2440,857,2015,1256,558,911,187,2087,488,10434
33,2339,581,1228,3329,862,3373,23,2364,2708,1007,794,763,3234,71,6342,2417,1785,2436,3817,2123,38,2536,688,2015,837,1812,3487,47,3362,160,1938,3186,1612,794,80,1845,137,2274,2260,3112,1218,85,2435,1651,1612,2455,2287,1218,537,2964,451,403,1277,1837,2162,256,1082,1314,1247,2400,4587,1237,218,959,672,499,1409,3162,730,575,2081,1851,1122,782,2437,850,2016,1256,550,911,187,2075,489,10467
33,2339,581,1228,3329,862,3373,23,2364,2708,1007,794,763,3234,71,6330,2417,1785,2436,3800,2114,38,2536,688,2005,837,1814,3484,42,3362,160,1938,3182,1610,794,80,1847,129,2284,2260,3125,1229,85,2438,1660,1612,2455,2284,1218,532,2967,451,403,1278,1825,2162,251,1071,1307,1247,2403,4587,1237,223,959,672,499,1422,3162,730,575,2091,1843,1113,793,2437,849,2015,1256,550,911,187,2075,489,10502
33,2339,581,1228,3325,862,3361,23,2376,2698,1017,792,762,3234,71,6330,2408,1785,2444,3804,2116,38,2533,680,2005,827,1814,3484,42,3362,160,1938,3182,1610,794,80,1847,129,2284,2260,3125,1229,85,2438,1660,1612,2455,2284,1218,532,2967,451,403,1278,1825,2162,251,1071,1307,1247,2403,4587,1237,223,959,672,499,1422,3162,730,575,2091,1843,1113,793,2437,849,2015,1256,550,911,187,2087,489,10519
33,2352,589,1228,3329,862,3361,23,2376,2698,1017,792,762,3234,71,6330,2408,1785,2444,3804,2116,38,2533,680,2005,827,1812,3484,47,3362,160,1948,3182,1612,804,76,1834,137,2284,2260,3125,1229,85,2438,1661,1621,2458,2287,1230,532,2967,451,403,1278,1837,2162,256,1107,1314,1247,2400,4587,1247,218,960,680,499,1411,3162,730,574,2093,1842,1113,793,2437,858,2015,1243,550,902,187,2087,480,10551
33,2352,589,1228,3329,862,3361,23,2376,2698,1017,804,762,3246,71,6330,2417,1785,2436,3812,2116,38,2536,695,2015,826,1812,3484,47,3362,160,1938,3182,1612,784,76,1834,137,2284,2271,3125,1229,85,2438,1661,1621,2458,2287,1230,532,2967,451,403,1278,1837,2162,256,1107,1314,1247,2400,4587,1247,218,960,680,499,1411,3162,730,574,2093,1842,1113,793,2437,858,2015,1243,550,902,187,2087,480,10568
28,2364,588,1228,3340,862,3354,23,2376,2700,1007,793,762,3240,71,6322,2410,1785,2436,3812,2116,38,2536,695,2015,826,1812,3484,47,3362,160,1938,3182,1612,784,76,1834,137,2284,2271,3125,1229,90,2438,1651,1612,2455,2287,1219,532,2955,451,393,1278,1837,2162,256,1082,1308,1255,2403,4587,1238,218,971,680,499,1411,3162,720,575,2078,1842,1122,782,2437,850,2016,1256,558,911,187,2077,489,10601
28,2339,581,1229,3329,875,3354,23,2376,2700,1007,793,762,3240,71,6322,2410,1785,2436,3812,2116,38,2533,688,2015,837,1814,3484,47,3362,160,1938,3186,1612,804,80,1859,137,2284,2262,3125,1219,85,2435,1651,1621,2458,2287,1229,537,2964,451,403,1278,1839,2162,242,1094,1307,1247,2403,4593,1238,218,959,680,499,1422,3162,730,580,2081,1843,1122,782,2425,849,2015,1256,550,911,187,2075,489,10635
28,2339,581,1229,3329,875,3354,23,2376,2698,1017,792,762,3225,71,6350,2417,1785,2447,3800,2116,33,2536,696,2015,826,1812,3484,47,3362,160,1948,3186,1614,804,85,1847,137,2293,2268,3125,1230,85,2438,1660,1612,2469,2287,1218,532,2967,451,393,1278,1837,2171,261,1108,1315,1257,2403,4587,1238,213,960,680,489,1411,3162,730,580,2081,1843,1122,782,2425,849,2015,1256,550,911,187,2075,489,10668
33,2361,581,1228,3344,862,3354,23,2361,2700,1007,794,762,3231,71,6354,2410,1785,2436,3804,2116,38,2533,688,2015,826,1825,3487,47,3357,160,1938,3186,1614,804,80,1847,137,2284,2268,3125,1219,85,2426,1652,1612,2458,2287,1229,532,2967,451,403,1278,1837,2171,261,1108,1315,1257,2403,4587,1238,213,960,680,489,1411,3162,730,575,2078,1843,1113,782,2425,859,2015,1242,558,902,187,2087,489,10701
28,2352,581,1228,3344,862,3354,23,2361,2700,1007,794,762,3231,71,6354,2410,1785,2436,3804,2116,38,2533,688,2015,826,1825,3487,47,3357,160,1938,3186,1614,804,80,1847,137,2284,2268,3125,1219,85,2426,1652,1612,2458,2287,1229,532,2967,451,403,1278,1837,2162,261,1108,1315,1258,2403,4600,1239,223,959,680,499,1422,3150,730,575,2081,1843,1122,782,2425,859,2016,1256,550,911,187,2087,489,10718
28,2352,589,1228,3340,862,3364,23,2361,2700,1017,793,762,3234,71,6330,2410,1785,2447,3812,2116,38,2536,696,2017,825,1812,3493,47,3374,168,1938,3186,1612,804,80,1859,137,2284,2268,3125,1219,85,2426,1652,1612,2458,2287,1229,532,2967,451,403,1278,1837,2162,261,1108,1315,1258,2403,4600,1239,223,959,680,499,1422,3150,730,575,2081,1843,1122,782,2425,859,2016,1256,550,911,187,2087,489,10735
33,2352,589,1228,3337,862,3354,23,2376,2700,1017,793,762,3243,71,6342,2408,1785,2447,3812,2116,38,2536,696,2017,825,1812,3493,47,3374,168,1938,3186,1612,804,80,1859,137,2284,2260,3128,1229,90,2435,1652,1623,2458,2287,1219,537,2967,451,393,1277,1837,2162,256,1096,1315,1247,2400,4587,1238,223,972,672,489,1411,3150,730,575,2078,1843,1122,782,2425,849,2016,1243,550,911,187,2075,489,10768
33,2352,589,1228,3337,862,3354,23,2376,2700,1017,793,762,3243,71,6342,2408,1785,2447,3812,2118,42,2549,696,2005,826,1812,3496,47,3362,160,1940,3186,1614,804,80,1859,137,2284,2271,3125,1219,90,2438,1652,1612,2461,2287,1229,532,2967,451,393,1277,1837,2162,256,1096,1315,1247,2400,4587,1238,223,972,672,489,1411,3150,730,575,2078,1843,1122,782,2425,849,2016,1243,550,911,187,2075,489,10786
33,2339,588,1228,3329,862,3354,23,2376,2700,1018,793,762,3256,76,6342,2417,1785,2436,3812,2118,42,2536,696,2005,837,1812,3493,42,3362,160,1938,3186,1614,804,80,1859,137,2284,2271,3125,1219,90,2438,1652,1612,2461,2287,1229,532,2967,459,393,1278,1837,2162,261,1094,1308,1257,2403,4587,1238,218,971,680,499,1411,3162,730,575,2078,1843,1113,782,2425,860,2016,1256,558,911,187,2087,489,10811
33,2339,588,1228,3329,862,3354,23,2376,2700,1018,793,762,3256,76,6342,2417,1785,2436,3812,2118,42,2536,696,2005,837,1812,3493,42,3362,160,1938,3186,1614,804,80,1847,137,2274,2262,3125,1229,85,2435,1652,1612,2458,2287,1229,537,2967,459,393,1278,1837,2162,261,1094,1308,1257,2403,4587,1238,218,971,680,499,1411,3162,730,575,2078,1843,1113,782,2425,860,2016,1256,558,911,187,2087,489,10819
33,2339,588,1228,3329,862,3354,23,2376,2700,1018,793,762,3256,76,6342,2417,1785,2436,3812,2118,42,2536,696,2005,837,1812,3493,42,3362,160,1938,3186,1614,804,80,1847,137,2274,2262,3125,1229,85,2435,1652,1612,2458,2287,1229,537,2964,451,403,1278,1837,2162,266,1108,1314,1247,2403,4587,1239,223,960,680,499,1420,3162,730,575,2081,1842,1113,782,2425,859,2015,1243,550,902,187,2087,489,10835
28,2352,588,1228,3329,863,3358,23,2376,2698,1018,793,762,3265,76,6342,2408,1785,2436,3804,2118,38,2536,688,2015,837,1812,3493,42,3362,160,1938,3186,1614,804,80,1847,137,2274,2262,3125,1229,85,2435,1652,1612,2458,2287,1229,537,2964,451,403,1278,1837,2162,266,1108,1314,1247,2403,4587,1239,223,960,680,499,1420,3162,730,575,2081,1842,1113,782,2425,859,2015,1243,550,902,187,2087,490,10852
28,2352,588,1228,3329,863,3358,23,2376,2698,1018,793,762,3265,76,6342,2408,1785,2436,3804,2118,38,2536,688,2015,837,1812,3487,47,3357,160,1938,3186,1612,804,85,1847,137,2284,2271,3137,1229,90,2438,1651,1612,2458,2287,1229,532,2955,451,403,1278,1837,2162,261,1108,1314,1257,2403,4600,1238,223,960,680,499,1411,3166,730,575,2081,1843,1122,782,2437,860,2016,1256,558,911,187,2087,490,10885
33,2364,581,1228,3325,862,3358,23,2376,2698,1007,793,762,3265,71,6330,2415,1785,2447,3800,2118,38,2549,696,2015,838,1814,3487,47,3357,160,1938,3186,1612,804,85,1847,137,2284,2271,3137,1229,90,2438,1651,1612,2458,2287,1229,532,2955,451,403,1278,1837,2162,261,1108,1314,1257,2403,4600,1238,223,960,680,499,1411,3166,730,575,2081,1843,1122,782,2437,860,2016,1256,558,911,187,2087,490,10901
28,2352,588,1228,3329,863,3361,23,2364,2700,1007,793,762,3265,71,6330,2415,1785,2447,3800,2118,38,2549,696,2015,838,1814,3487,47,3357,160,1948,3186,1612,796,80,1847,137,2284,2273,3125,1230,85,2438,1651,1612,2458,2300,1221,532,2955,451,403,1277,1837,2164,256,1108,1314,1257,2403,4581,1238,218,959,672,499,1409,3166,722,575,2081,1843,1122,782,2425,851,2016,1254,550,902,198,2077,490,10935
28,2352,588,1228,3329,863,3361,23,2364,2700,1007,792,750,3262,71,6342,2417,1794,2444,3800,2118,38,2549,688,2015,825,1812,3496,47,3362,160,1948,3186,1614,795,85,1859,137,2284,2271,3125,1221,85,2438,1652,1612,2458,2290,1221,532,2967,451,403,1280,1825,2164,261,1108,1314,1247,2400,4587,1239,223,972,680,489,1423,3162,731,575,2081,1843,1113,781,2425,851,2016,1254,550,902,198,2077,490,10968
33,2352,589,1228,3329,862,3348,23,2364,2700,1017,793,762,3265,71,6330,2410,1785,2439,3812,2118,38,2536,696,2005,827,1814,3500,47,3366,160,1938,3186,1614,804,85,1861,137,2293,2271,3125,1230,85,2438,1653,1613,2458,2287,1230,532,2967,451,403,1289,1839,2155,261,1108,1314,1247,2400,4587,1239,223,972,680,489,1423,3162,731,575,2081,1843,1113,781,2425,851,2016,1256,550,902,187,2087,489,11002
33,2352,581,1228,3344,876,3358,23,2364,2700,1017,793,762,3265,71,6330,2410,1785,2439,3812,2118,38,2536,696,2005,827,1814,3500,47,3366,160,1938,3186,1614,804,85,1861,137,2293,2271,3125,1230,85,2438,1653,1613,2458,2287,1230,532,2967,451,403,1289,1839,2155,261,1108,1314,1257,2406,4587,1240,218,960,680,499,1411,3162,730,575,2078,1843,1122,793,2437,851,2020,1256,550,902,187,2075,490,11017
33,2352,581,1228,3344,876,3358,23,2364,2700,1016,793,750,3265,66,6342,2410,1785,2436,3812,2118,33,2536,688,2015,826,1812,3487,47,3362,160,1938,3186,1612,795,80,1859,137,2284,2271,3125,1230,85,2438,1653,1613,2458,2287,1230,532,2967,451,403,1289,1839,2155,261,1108,1314,1257,2406,4587,1240,218,960,680,499,1411,3162,730,575,2078,1843,1122,793,2437,851,2020,1256,550,902,187,2075,490,11034
33,2339,581,1227,3329,862,3361,23,2364,2700,1017,782,763,3268,71,6330,2408,1785,2436,3812,2118,38,2536,688,2015,826,1812,3487,47,3362,160,1938,3186,1612,795,80,1859,137,2284,2271,3125,1230,85,2438,1652,1612,2458,2300,1230,537,2967,451,403,1278,1839,2164,266,1094,1315,1247,2400,4587,1230,218,960,680,489,1422,3162,730,575,2081,1843,1113,794,2437,851,2016,1243,550,902,187,2075,490,11068
28,2364,588,1228,3344,862,3361,23,2364,2700,1017,782,763,3268,71,6330,2408,1785,2436,3812,2118,38,2536,688,2005,826,1814,3496,47,3366,160,1938,3186,1614,804,85,1859,137,2281,2273,3125,1221,85,2438,1652,1612,2458,2287,1231,532,2967,451,403,1267,1837,2164,261,1096,1314,1257,2403,4600,1238,218,960,680,499,1411,3162,731,579,2081,1842,1122,793,2425,861,2016,1243,550,902,198,2075,490,11102
28,2364,588,1228,3344,862,3358,19,2379,2708,1017,804,762,3274,71,6350,2408,1783,2436,3812,2109,38,2536,688,2005,826,1812,3490,47,3362,160,1938,3186,1612,804,80,1847,137,2281,2273,3125,1221,85,2438,1652,1612,2458,2287,1231,532,2967,451,403,1267,1837,2164,261,1096,1314,1257,2403,4600,1238,218,960,680,499,1411,3162,731,579,2081,1842,1122,793,2425,861,2016,1243,550,902,198,2075,490,11118
28,2364,588,1228,3344,862,3358,19,2379,2708,1017,804,762,3274,71,6350,2408,1783,2436,3812,2109,38,2536,688,2005,826,1812,3490,47,3362,160,1938,3186,1612,804,80,1847,137,2274,2262,3125,1231,85,2426,1652,1610,2455,2287,1222,537,2967,451,403,1280,1837,2157,256,1108,1315,1257,2403,4587,1240,218,960,672,499,1422,3162,730,579,2081,1842,1122,793,2425,861,2016,1243,550,902,198,2075,490,11135
33,2355,588,1228,3329,863,3351,19,2376,2698,1007,792,762,3277,76,6330,2408,1785,2436,3800,2111,38,2536,688,2005,826,1812,3493,52,3362,160,1948,3186,1612,804,80,1847,137,2284,2271,3137,1231,90,2438,1651,1612,2447,2300,1231,537,2967,458,403,1289,1837,2157,256,1108,1315,1257,2403,4587,1240,218,960,672,499,1422,3162,730,579,2081,1842,1122,793,2437,860,2016,1256,550,902,187,2090,490,11169
33,2352,589,1228,3329,875,3351,19,2376,2698,1007,792,762,3277,76,6330,2408,1785,2436,3800,2111,38,2536,688,2005,826,1812,3493,52,3362,160,1948,3186,1612,804,80,1847,137,2284,2271,3137,1231,90,2438,1651,1612,2447,2300,1231,537,2967,458,403,1289,1837,2166,256,1108,1314,1257,2403,4587,1230,218,960,680,498,1423,3166,722,575,2093,1851,1122,782,2409,851,2015,1256,550,911,198,2087,490,11185
33,2352,589,1228,3329,875,3351,23,2373,2700,1006,804,763,3296,76,6342,2417,1785,2436,3822,2122,42,2536,696,2015,826,1800,3500,47,3374,160,1948,3186,1612,805,80,1847,137,2293,2271,3128,1231,90,2438,1644,1621,2458,2300,1232,537,2967,451,403,1277,1837,2166,266,1120,1323,1258,2414,4600,1230,218,972,680,499,1411,3153,722,575,2093,1851,1122,782,2409,851,2015,1256,550,911,198,2087,490,11218
33,2352,589,1228,3329,862,3348,23,2364,2702,1017,793,762,3296,76,6330,2417,1785,2436,3822,2122,42,2536,696,2015,826,1800,3500,47,3374,160,1948,3186,1612,805,80,1847,137,2293,2271,3128,1231,90,2438,1644,1621,2458,2300,1232,537,2967,451,403,1277,1837,2166,266,1120,1323,1258,2414,4600,1230,218,972,680,499,1411,3153,722,575,2081,1843,1122,793,2437,841,2015,1242,550,902,198,2087,490,11235
33,2364,589,1228,3329,862,3348,23,2364,2702,1017,793,762,3296,76,6330,2417,1785,2444,3812,2111,38,2549,696,2015,837,1812,3500,52,3362,160,1938,3189,1612,796,85,1859,130,2284,2268,3137,1231,85,2426,1652,1612,2458,2287,1222,537,2967,451,393,1278,1827,2168,261,1120,1315,1255,2403,4587,1243,218,961,680,499,1423,3166,722,580,2081,1842,1122,793,2437,861,2020,1257,550,912,198,2084,490,11269
33,2364,589,1228,3340,862,3348,23,2367,2700,1017,804,762,3302,71,6330,2417,1785,2433,3800,2111,38,2536,696,2005,826,1812,3490,47,3362,160,1948,3186,1612,796,85,1859,130,2284,2268,3137,1231,85,2426,1652,1612,2458,2287,1222,537,2967,451,393,1278,1827,2168,261,1120,1315,1255,2403,4587,1243,218,961,680,499,1423,3166,722,580,2081,1842,1122,793,2437,861,2020,1257,550,912,198,2084,490,11285
33,2352,581,1228,3340,862,3345,23,2376,2698,1007,793,762,3305,71,6330,2417,1785,2433,3800,2111,38,2536,696,2005,826,1812,3490,47,3362,160,1948,3186,1612,795,80,1859,137,2284,2273,3137,1231,85,2438,1661,1612,2458,2287,1231,532,2967,451,393,1277,1839,2157,252,1096,1314,1247,2400,4600,1240,218,960,680,499,1422,3162,732,575,2081,1843,1113,781,2425,851,2012,1243,558,902,198,2075,490,11317
33,2352,581,1228,3340,862,3345,23,2376,2698,1007,793,762,3305,71,6342,2410,1775,2433,3800,2101,38,2536,688,2015,826,1812,3490,47,3362,160,1938,3182,1612,797,80,1859,145,2293,2271,3137,1232,85,2426,1651,1612,2458,2287,1231,532,2967,451,393,1277,1839,2157,252,1096,1314,1247,2400,4600,1240,218,960,680,499,1422,3162,732,575,2081,1843,1113,781,2425,851,2012,1243,558,902,198,2075,490,11335
33,2367,589,1228,3329,862,3348,23,2367,2700,1007,792,762,3327,71,6337,2408,1785,2433,3817,2113,38,2536,688,2015,837,1812,3497,47,3362,160,1938,3182,1612,797,80,1859,145,2293,2271,3137,1232,85,2426,1651,1612,2458,2287,1223,537,2964,451,403,1289,1837,2168,251,1094,1309,1258,2414,4605,1232,218,972,680,489,1422,3162,731,575,2081,1843,1123,793,2425,852,2016,1243,550,911,187,2077,491,11367
33,2352,589,1228,3329,862,3345,23,2376,2700,1007,792,762,3327,71,6337,2408,1785,2433,3817,2113,38,2536,688,2015,837,1812,3497,47,3362,160,1938,3186,1612,796,80,1847,137,2284,2271,3125,1224,85,2438,1652,1612,2458,2287,1222,532,2967,451,403,1278,1837,2166,256,1096,1315,1257,2403,4593,1241,218,960,672,499,1409,3162,722,575,2093,1843,1122,782,2437,851,2016,1256,551,911,187,2087,490,11401
33,2352,589,1228,3329,862,3345,23,2376,2700,1006,792,763,3330,71,6330,2425,1785,2447,3800,2101,38,2527,689,2005,825,1802,3490,47,3362,160,1938,3186,1612,806,85,1847,130,2284,2260,3125,1222,90,2426,1652,1602,2461,2287,1231,532,2967,451,403,1278,1837,2161,252,1108,1338,1257,2403,4587,1232,218,961,673,499,1409,3162,722,575,2081,1843,1113,782,2428,862,2017,1256,551,911,187,2087,490,11435
33,2355,589,1228,3337,862,3345,23,2379,2700,1017,792,763,3330,71,6337,2417,1785,2436,3812,2103,38,2540,696,2005,825,1812,3493,47,3362,160,1938,3182,1612,796,80,1861,137,2286,2271,3125,1233,85,2441,1652,1613,2458,2290,1233,527,2946,451,393,1277,1837,2159,323,1270,1338,1257,2403,4587,1232,218,961,673,499,1409,3162,722,575,2081,1843,1113,782,2428,862,2017,1245,550,911,187,2072,481,11468
33,2352,589,1229,3329,863,3348,23,2376,2700,1017,792,763,3330,71,6337,2417,1785,2436,3812,2103,38,2540,696,2005,825,1812,3493,47,3362,160,1938,3182,1612,796,80,1861,137,2286,2271,3125,1233,85,2441,1652,1613,2458,2290,1233,527,2946,451,393,1277,1837,2159,323,1270,1338,1257,2403,4587,1241,218,960,673,499,1411,3153,723,575,2083,1851,1122,792,2425,861,2017,1256,550,902,187,2090,490,11485
33,2352,589,1229,3329,863,3348,23,2376,2700,1017,804,763,3348,71,6330,2417,1785,2433,3800,2105,38,2524,688,2005,826,1812,3497,47,3357,160,1938,3186,1614,807,85,1849,137,2284,2268,3141,1224,90,2426,1651,1612,2447,2287,1224,532,2955,451,403,1278,1825,2159,313,1233,1330,1255,2400,4600,1233,218,961,673,499,1409,3150,722,570,2081,1843,1122,792,2425,861,2017,1256,550,902,187,2090,490,11518
33,2355,589,1228,3329,862,3345,23,2379,2700,1017,793,763,3348,71,6330,2417,1785,2433,3812,2115,38,2540,695,2015,827,1812,3497,47,3378,160,1938,3182,1612,807,80,1861,137,2284,2271,3125,1224,85,2441,1659,1612,2458,2290,1233,528,2946,451,403,1277,1827,2161,323,1259,1330,1255,2400,4600,1233,218,961,673,499,1409,3150,722,570,2081,1843,1122,792,2437,852,2016,1256,550,902,187,2084,491,11551
33,2355,589,1228,3337,862,3345,23,2379,2700,1017,793,763,3348,71,6330,2417,1785,2433,3812,2115,38,2540,695,2015,827,1812,3497,47,3378,160,1938,3182,1612,807,80,1861,137,2284,2271,3125,1224,85,2441,1659,1612,2458,2290,1233,528,2946,451,403,1277,1827,2161,323,1259,1337,1257,2403,4593,1243,218,961,673,499,1422,3150,723,575,2083,1843,1122,793,2437,853,2021,1257,550,911,198,2087,491,11568
33,2355,589,1228,3337,862,3348,23,2367,2700,1017,804,763,3348,71,6325,2417,1785,2439,3817,2105,38,2540,696,2015,825,1812,3493,47,3366,160,1938,3186,1612,797,80,1859,137,2284,2268,3128,1233,85,2438,1643,1612,2458,2287,1224,528,2959,451,403,1278,1839,2170,313,1257,1338,1265,2403,4593,1232,218,974,673,499,1409,3162,722,575,2083,1845,1122,793,2437,853,2021,1257,550,911,198,2087,491,11601
33,2364,589,1228,3340,863,3348,23,2379,2700,1017,804,762,3345,71,6330,2419,1785,2447,3804,2116,38,2540,696,2015,825,1812,3493,47,3366,160,1938,3186,1612,797,80,1859,137,2284,2268,3128,1233,85,2438,1643,1612,2458,2287,1224,528,2959,451,403,1278,1839,2170,313,1257,1338,1265,2403,4593,1232,218,974,673,499,1409,3162,722,575,2083,1845,1122,781,2428,852,2016,1257,550,902,198,2087,491,11617
33,2349,581,1228,3337,863,3348,23,2379,2700,1017,804,762,3345,71,6330,2419,1785,2447,3804,2116,38,2536,696,2005,825,1812,3497,47,3362,160,1938,3186,1612,807,80,1861,137,2284,2271,3137,1223,85,2438,1652,1602,2447,2287,1224,532,2967,451,393,1278,1837,2159,328,1243,1323,1257,2403,4587,1233,218,959,680,499,1409,3150,723,575,2081,1843,1122,781,2437,851,2016,1243,550,902,187,2075,491,11652
33,2349,581,1228,3337,863,3336,23,2364,2698,1007,803,762,3348,71,6330,2417,1785,2433,3804,2103,38,2536,688,2003,837,1812,3497,47,3362,160,1938,3186,1612,797,80,1859,137,2284,2268,3125,1224,85,2438,1644,1602,2458,2287,1224,528,2971,443,393,1278,1825,2159,261,1108,1315,1247,2403,4587,1232,218,960,673,499,1422,3150,714,575,2081,1843,1122,781,2437,851,2016,1243,550,902,187,2075,491,11685
33,2352,589,1228,3340,862,3339,23,2364,2700,1017,793,762,3358,76,6330,2419,1785,2433,3812,2113,38,2536,696,2015,826,1814,3497,47,3366,168,1938,3186,1612,797,80,1859,137,2281,2271,3125,1223,85,2438,1652,1612,2458,2287,1233,532,2971,443,393,1278,1825,2159,261,1108,1315,1247,2403,4587,1232,218,960,673,499,1422,3150,714,579,2081,1843,1112,781,2437,852,2020,1254,551,911,198,2090,492,11718
33,2364,588,1228,3329,862,3336,23,2364,2700,1006,793,763,3348,71,6337,2419,1783,2444,3812,2103,42,2536,696,2013,825,1814,3493,47,3374,160,1936,3186,1612,797,80,1859,137,2281,2271,3125,1223,85,2438,1652,1612,2458,2287,1233,532,2964,451,402,1277,1825,2159,271,1120,1315,1257,2403,4587,1232,218,960,680,499,1422,3162,722,575,2083,1843,1121,781,2437,842,2020,1256,550,901,187,2087,490,11751
33,2364,588,1228,3329,862,3336,23,2364,2700,1006,793,763,3348,71,6337,2419,1783,2444,3812,2103,42,2536,696,2013,825,1814,3493,47,3374,160,1936,3186,1612,806,85,1859,137,2281,2262,3128,1223,85,2438,1652,1610,2458,2290,1224,537,2967,451,402,1277,1837,2168,266,1108,1314,1246,2403,4587,1231,218,974,680,499,1422,3162,722,575,2083,1843,1121,781,2437,842,2020,1256,550,901,187,2087,490,11769
33,2364,581,1228,3329,862,3345,23,2361,2700,1017,793,762,3345,71,6330,2415,1783,2444,3812,2103,42,2536,696,2013,825,1814,3493,47,3374,160,1936,3186,1612,806,85,1859,137,2281,2262,3128,1223,85,2438,1652,1610,2458,2290,1224,537,2967,451,402,1277,1837,2168,266,1108,1314,1246,2403,4587,1231,218,974,680,498,1409,3150,722,575,2081,1843,1121,782,2425,852,2021,1256,550,901,187,2075,491,11785
33,2364,581,1228,3329,862,3345,23,2361,2700,1017,793,762,3345,71,6330,2415,1783,2444,3812,2103,38,2536,695,2015,838,1812,3493,47,3362,160,1938,3186,1612,797,85,1861,137,2291,2268,3125,1222,90,2438,1652,1612,2458,2287,1223,527,2959,451,393,1277,1825,2159,261,1107,1314,1247,2400,4587,1243,218,961,672,498,1411,3153,722,575,2078,1843,1112,792,2425,851,2017,1245,550,910,198,2075,491,11818
33,2355,589,1228,3325,862,3345,19,2364,2698,1016,793,762,3345,71,6337,2408,1785,2447,3817,2103,38,2552,696,2015,838,1812,3493,42,3362,160,1938,3186,1612,797,85,1861,137,2291,2268,3125,1222,90,2438,1652,1612,2458,2287,1223,527,2959,451,393,1277,1825,2159,261,1107,1314,1247,2400,4587,1243,218,961,672,498,1411,3153,722,575,2078,1843,1112,792,2425,851,2017,1245,550,910,198,2087,490,11835
33,2364,581,1227,3325,862,3342,23,2379,2700,1006,804,763,3351,71,6337,2408,1785,2447,3817,2103,38,2552,696,2015,838,1812,3493,42,3362,153,1934,3182,1612,806,80,1849,137,2281,2271,3128,1223,90,2426,1660,1601,2458,2287,1231,528,2955,451,402,1278,1837,2168,271,1120,1315,1255,2403,4587,1243,218,960,680,489,1422,3150,722,575,2081,1843,1112,782,2437,843,2017,1256,550,901,198,2087,481,11868
33,2364,581,1227,3325,862,3342,23,2379,2700,1006,804,763,3351,76,6337,2417,1781,2433,3800,2103,38,2536,696,2013,825,1812,3497,47,3366,160,1936,3182,1612,797,85,1847,137,2284,2268,3125,1223,85,2426,1652,1612,2458,2287,1231,528,2955,451,402,1278,1837,2168,271,1120,1315,1255,2403,4587,1243,218,960,680,489,1422,3150,722,575,2081,1843,1112,782,2437,843,2017,1256,550,901,198,2087,481,11885
33,2352,581,1227,3325,863,3345,19,2364,2700,1006,792,763,3345,71,6330,2415,1783,2433,3800,2101,38,2524,696,2005,826,1812,3493,42,3362,160,1936,3182,1612,797,85,1847,137,2284,2268,3125,1223,85,2426,1652,1612,2458,2287,1222,532,2955,451,402,1278,1837,2166,271,1134,1315,1255,2403,4587,1232,213,960,681,499,1411,3162,722,575,2081,1843,1112,781,2440,843,2021,1257,550,911,198,2087,481,11918
33,2352,581,1227,3325,863,3345,19,2364,2700,1006,792,763,3345,71,6330,2415,1783,2433,3800,2101,38,2524,696,2005,826,1812,3493,42,3362,160,1936,3182,1612,797,80,1859,137,2284,2271,3125,1223,90,2429,1652,1612,2447,2287,1231,532,2967,451,403,1277,1837,2166,271,1145,1316,1257,2403,4600,1232,213,960,681,499,1411,3162,722,575,2081,1843,1112,781,2440,843,2021,1257,550,911,198,2087,481,11935
28,2352,589,1227,3340,862,3348,23,2364,2700,1017,804,762,3354,71,6337,2417,1785,2444,3800,2105,38,2524,696,2013,826,1812,3497,47,3362,160,1936,3186,1612,807,80,1847,137,2284,2271,3137,1224,90,2429,1652,1612,2447,2287,1231,532,2967,451,403,1277,1837,2166,271,1145,1316,1257,2403,4600,1241,218,960,680,498,1422,3162,722,575,2081,1845,1122,793,2437,852,2016,1256,558,910,198,2087,491,11968
28,2352,589,1227,3340,862,3348,23,2364,2700,1017,804,762,3354,71,6337,2417,1785,2444,3800,2105,38,2524,696,2013,826,1812,3497,47,3362,160,1936,3186,1612,807,80,1847,137,2284,2271,3137,1224,85,2438,1661,1612,2455,2290,1232,532,2959,451,402,1267,1825,2170,275,1120,1315,1255,2400,4587,1233,218,960,673,499,1420,3166,722,575,2081,1843,1122,793,2437,852,2016,1256,558,910,198,2087,491,11985
28,2352,581,1227,3329,863,3348,19,2361,2700,1007,804,762,3345,71,6317,2417,1785,2436,3800,2103,38,2536,696,2015,826,1810,3493,47,3362,160,1938,3186,1612,797,85,1859,137,2284,2271,3137,1222,85,2423,1652,1602,2458,2284,1223,528,2967,451,403,1278,1837,2166,271,1108,1315,1255,2400,4587,1233,218,960,673,499,1420,3166,722,575,2081,1843,1122,781,2437,853,2020,1256,550,910,198,2087,491,12018
33,2367,589,1228,3340,863,3348,19,2361,2700,1007,804,762,3345,71,6317,2417,1785,2436,3800,2103,38,2536,696,2015,826,1810,3493,47,3362,160,1938,3186,1612,797,85,1859,137,2284,2271,3137,1222,85,2423,1652,1602,2458,2284,1223,528,2967,451,403,1278,1837,2166,271,1108,1314,1257,2403,4587,1232,218,960,673,489,1411,3162,722,575,2081,1843,1122,782,2437,843,2021,1256,550,902,198,2090,491,12034
33,2367,589,1228,3340,863,3345,23,2364,2700,1007,793,762,3345,71,6330,2417,1785,2433,3812,2103,38,2524,696,2015,826,1812,3503,47,3374,160,1938,3189,1625,806,80,1859,130,2281,2273,3125,1231,90,2438,1652,1612,2458,2287,1223,532,2967,459,403,1291,1837,2161,275,1145,1323,1257,2403,4581,1233,218,972,680,499,1422,3162,723,575,2081,1843,1113,782,2437,843,2021,1256,550,902,198,2090,491,12068
33,2352,589,1227,3329,862,3336,23,2379,2700,1017,803,762,3345,71,6337,2415,1785,2439,3800,2105,38,2524,688,2013,826,1812,3506,47,3366,160,1948,3186,1614,806,80,1861,137,2284,2271,3137,1223,90,2438,1652,1612,2458,2287,1223,532,2967,459,403,1291,1837,2161,275,1145,1323,1257,2403,4581,1233,218,972,680,499,1422,3162,723,575,2081,1843,1113,793,2437,844,2020,1243,550,911,198,2087,491,12085
33,2352,589,1227,3329,862,3336,23,2379,2700,1017,803,762,3345,71,6337,2415,1785,2439,3800,2105,38,2524,688,2013,826,1812,3506,47,3366,160,1948,3186,1614,806,80,1861,137,2284,2271,3137,1223,85,2438,1652,1612,2458,2300,1232,532,2971,451,403,1280,1837,2166,271,1145,1324,1257,2403,4587,1241,218,960,680,498,1409,3162,723,575,2081,1843,1113,793,2437,844,2020,1243,550,911,198,2087,491,12102
33,2352,588,1228,3329,862,3336,23,2379,2700,1017,803,762,3345,71,6337,2415,1785,2439,3800,2105,38,2524,688,2013,826,1812,3506,47,3366,160,1948,3186,1614,806,80,1861,137,2284,2271,3137,1223,85,2438,1652,1612,2458,2300,1232,532,2971,451,403,1280,1837,2166,271,1145,1324,1257,2403,4587,1241,218,960,680,498,1409,3162,723,579,2081,1842,1113,781,2437,843,2016,1242,550,911,187,2087,481,12118
33,2352,588,1228,3329,862,3339,23,2376,2708,1007,793,762,3348,76,6330,2417,1785,2447,3812,2113,38,2536,688,2013,826,1812,3503,47,3362,160,1936,3186,1625,806,80,1859,137,2284,2271,3137,1231,85,2441,1652,1612,2458,2287,1223,532,2959,451,403,1280,1837,2159,271,1145,1323,1257,2392,4587,1241,218,961,680,499,1420,3162,714,579,2081,1842,1113,781,2437,843,2016,1242,550,911,187,2087,481,12152
33,2364,581,1228,3329,862,3339,23,2364,2700,1017,793,762,3354,76,6337,2417,1785,2436,3812,2105,38,2536,696,2015,826,1812,3503,47,3374,160,1948,3182,1612,806,80,1859,130,2284,2271,3137,1223,90,2438,1644,1612,2458,2302,1232,532,2959,451,403,1280,1837,2159,271,1145,1323,1257,2392,4587,1241,218,961,680,499,1420,3162,714,575,2081,1843,1122,782,2437,844,2021,1257,558,911,187,2087,491,12176
33,2364,581,1228,3329,862,3339,23,2364,2700,1017,793,762,3354,76,6337,2417,1785,2436,3812,2105,38,2536,696,2015,826,1812,3503,47,3374,160,1948,3182,1612,806,80,1859,130,2284,2271,3137,1223,90,2438,1644,1612,2458,2302,1232,532,2967,451,403,1278,1837,2161,275,1145,1314,1255,2403,4600,1241,218,961,680,499,1422,3166,722,580,2093,1851,1113,793,2437,843,2020,1256,550,911,198,2090,491,12202
33,2364,589,1228,3325,862,3336,23,2379,2706,1017,794,762,3358,71,6317,2415,1785,2436,3812,2103,38,2536,688,2015,837,1812,3503,47,3362,160,1938,3197,1612,807,85,1861,129,2284,2271,3128,1232,85,2426,1644,1612,2458,2287,1223,532,2959,451,403,1278,1839,2159,271,1133,1315,1257,2403,4587,1233,218,971,680,499,1422,3166,722,580,2093,1851,1113,793,2437,843,2020,1256,550,911,198,2090,491,12229
33,2364,589,1228,3333,863,3348,23,2367,2708,1016,793,762,3364,76,6330,2425,1785,2436,3812,2103,38,2536,688,2015,837,1812,3503,47,3362,160,1938,3197,1612,807,85,1861,129,2284,2271,3128,1232,85,2426,1644,1612,2458,2287,1223,532,2959,451,403,1278,1839,2159,271,1133,1315,1257,2403,4587,1233,218,971,680,489,1422,3162,723,575,2081,1842,1122,781,2437,843,2016,1256,550,910,187,2075,481,12252
33,2364,589,1228,3333,863,3348,23,2367,2708,1016,793,762,3364,76,6330,2425,1785,2436,3800,2113,38,2536,696,2015,837,1814,3503,47,3362,160,1938,3182,1612,797,85,1859,137,2293,2282,3137,1223,85,2438,1652,1604,2469,2300,1224,532,2967,451,402,1278,1839,2170,275,1145,1323,1257,2417,4593,1233,218,960,680,499,1422,3170,723,580,2083,1843,1122,793,2437,862,2016,1243,550,911,198,2075,481,12275
33,2367,589,1228,3340,863,3339,23,2364,2700,1007,805,775,3348,71,6330,2417,1785,2436,3804,2118,38,2536,696,2005,826,1814,3497,47,3366,160,1938,3182,1612,797,85,1859,137,2293,2282,3137,1223,85,2438,1652,1604,2469,2300,1224,532,2967,451,402,1278,1839,2170,275,1145,1323,1257,2417,4593,1233,218,960,680,499,1422,3170,723,580,2083,1843,1122,793,2437,862,2016,1243,550,911,198,2087,482,12301
33,2367,589,1238,3344,879,3336,23,2364,2700,1007,793,766,3358,71,6330,2417,1785,2436,3804,2118,38,2536,696,2005,826,1814,3497,47,3366,160,1938,3186,1620,804,80,1861,137,2293,2282,3136,1239,85,2438,1652,1612,2455,2298,1239,532,2959,451,403,1280,1831,2187,275,1145,1315,1257,2403,4567,1279,218,960,680,499,1411,3111,823,575,2083,1843,1122,782,2333,1020,2016,1256,558,902,187,2057,539,12336
33,2367,589,1238,3344,879,3336,23,2364,2700,1007,793,766,3358,76,6337,2417,1785,2439,3801,2115,38,2540,696,2015,826,1806,3500,47,3366,160,1938,3186,1618,807,85,1861,137,2284,2282,3136,1233,85,2441,1652,1612,2458,2296,1242,527,2959,451,403,1278,1834,2172,275,1146,1315,1257,2403,4567,1279,218,960,680,499,1411,3111,823,575,2083,1843,1122,782,2333,1020,2016,1256,558,902,187,2057,539,12352
33,2379,589,1228,3340,865,3339,23,2364,2700,1006,793,765,3368,71,6337,2425,1785,2447,3806,2096,38,2524,695,2015,837,1809,3500,47,3366,160,1938,3186,1618,807,85,1861,137,2284,2282,3136,1233,85,2441,1652,1612,2458,2296,1242,527,2959,451,403,1278,1834,2172,275,1146,1314,1257,2403,4579,1280,218,949,680,498,1422,3111,834,575,2083,1842,1113,782,2333,1072,2017,1257,550,902,187,2072,550,12384
28,2364,589,1228,3340,865,3330,23,2364,2698,1006,793,765,3368,71,6337,2425,1785,2447,3806,2096,38,2524,695,2015,837,1809,3500,47,3366,160,1938,3186,1618,806,85,1859,137,2284,2282,3136,1223,85,2438,1651,1612,2461,2286,1233,532,2959,451,403,1289,1834,2184,271,1133,1323,1257,2403,4585,1280,218,974,680,499,1409,3103,825,575,2071,1843,1113,782,2333,1071,2016,1256,550,902,187,2057,540,12418
28,2364,589,1228,3340,865,3330,23,2364,2698,1006,804,765,3355,71,6337,2417,1785,2433,3801,2104,38,2524,696,2005,837,1819,3500,47,3362,160,1948,3197,1606,805,80,1859,137,2284,2271,3124,1233,85,2441,1652,1602,2458,2283,1233,532,2959,451,403,1289,1834,2184,271,1133,1323,1257,2403,4585,1280,218,974,680,499,1409,3103,825,575,2071,1843,1113,782,2333,1071,2016,1256,550,902,187,2057,540,12435
33,2364,588,1238,3337,865,3330,19,2364,2700,1016,794,765,3355,66,6330,2423,1785,2447,3806,2096,38,2527,688,2015,826,1819,3500,47,3362,160,1948,3197,1606,805,80,1859,137,2284,2271,3124,1233,85,2441,1652,1602,2458,2283,1233,532,2967,451,402,1278,1819,2182,275,1145,1323,1257,2400,4579,1280,218,960,673,499,1411,3103,834,575,2068,1842,1113,782,2324,1081,2016,1256,550,911,198,2057,540,12460
33,2364,588,1238,3337,865,3330,19,2364,2700,1016,794,765,3355,66,6330,2423,1785,2447,3806,2096,38,2527,688,2015,826,1806,3500,47,3362,160,1938,3186,1606,805,80,1861,137,2284,2284,3140,1231,85,2441,1652,1602,2458,2283,1233,532,2967,451,402,1278,1819,2182,275,1145,1323,1257,2400,4579,1280,218,960,673,499,1411,3103,834,575,2068,1842,1113,782,2324,1081,2016,1256,550,911,198,2057,540,12469
33,2364,588,1238,3337,865,3330,19,2364,2700,1016,794,765,3355,66,6330,2423,1785,2447,3806,2096,38,2527,688,2015,826,1806,3500,47,3362,160,1938,3186,1606,805,80,1861,137,2284,2284,3140,1231,85,2426,1653,1621,2458,2283,1233,528,2955,451,393,1278,1834,2182,275,1145,1323,1257,2403,4579,1280,218,960,673,499,1411,3103,834,575,2068,1842,1113,782,2324,1081,2016,1256,550,911,198,2057,540,12486
33,2364,589,1228,3340,865,3330,19,2364,2700,1016,794,765,3355,66,6330,2423,1785,2447,3806,2096,38,2527,688,2015,826,1806,3500,47,3362,160,1938,3186,1606,805,80,1861,137,2284,2284,3140,1231,85,2426,1653,1621,2458,2283,1233,528,2955,451,393,1278,1834,2182,275,1145,1323,1257,2403,4579,1279,218,960,680,488,1411,3111,834,575,2083,1845,1112,782,2324,1072,2021,1257,551,911,187,2060,549,12501
33,2364,589,1228,3340,865,3339,23,2376,2700,1016,793,765,3368,71,6330,2425,1785,2447,3801,2106,38,2536,696,2013,826,1821,3497,47,3362,160,1946,3186,1618,806,85,1861,137,2284,2282,3140,1233,85,2441,1652,1612,2458,2298,1232,532,2955,451,393,1278,1819,2182,271,1146,1324,1255,2400,4579,1279,213,961,673,489,1411,3099,824,575,2083,1845,1113,782,2324,1072,2021,1257,551,911,187,2060,549,12535
33,2376,589,1228,3340,865,3339,23,2367,2700,1007,793,765,3368,66,6337,2417,1785,2447,3801,2096,38,2527,696,2005,826,1806,3497,42,3366,160,1938,3189,1608,805,80,1849,137,2291,2268,3136,1232,90,2426,1653,1612,2458,2286,1241,532,2959,451,403,1278,1819,2182,271,1146,1324,1255,2400,4579,1279,213,961,673,489,1411,3099,824,575,2083,1845,1113,782,2333,1072,2017,1256,551,911,187,2057,540,12568
28,2367,589,1228,3340,865,3330,23,2376,2700,1007,793,765,3368,66,6337,2417,1785,2447,3801,2096,38,2527,696,2005,826,1806,3497,42,3366,160,1938,3189,1608,805,80,1849,137,2291,2268,3136,1232,90,2426,1653,1612,2458,2286,1241,532,2959,451,403,1278,1831,2180,271,1146,1323,1257,2403,4579,1279,223,960,680,499,1411,3111,824,570,2083,1845,1122,782,2333,1071,2016,1245,551,902,187,2057,540,12586
28,2367,589,1228,3340,865,3330,23,2376,2700,1007,793,765,3368,71,6337,2427,1785,2436,3801,2102,38,2540,696,2005,827,1819,3500,47,3378,160,1936,3186,1618,804,80,1861,137,2284,2282,3140,1240,85,2441,1653,1612,2461,2298,1231,528,2971,451,403,1278,1831,2173,275,1134,1324,1257,2406,4604,1268,223,972,681,499,1411,3111,824,570,2083,1845,1122,782,2333,1071,2016,1245,551,902,187,2057,540,12618
33,2367,589,1228,3340,866,3345,23,2376,2700,1016,793,766,3352,71,6330,2417,1785,2436,3801,2102,38,2540,696,2005,827,1819,3500,47,3378,160,1936,3186,1618,804,80,1861,137,2284,2282,3140,1240,85,2441,1653,1612,2461,2298,1231,528,2971,451,403,1278,1831,2173,275,1134,1324,1257,2406,4604,1268,223,972,681,499,1411,3111,825,575,2081,1843,1122,772,2336,1072,2017,1257,551,911,198,2057,540,12628
33,2367,589,1228,3340,866,3345,23,2376,2700,1016,793,766,3352,71,6330,2417,1785,2444,3814,2102,38,2540,696,2015,826,1821,3500,47,3362,160,1938,3186,1606,805,80,1861,137,2293,2282,3136,1231,90,2438,1653,1612,2458,2283,1240,532,2971,451,403,1278,1831,2173,275,1134,1324,1257,2406,4604,1268,223,972,681,499,1411,3111,825,575,2081,1843,1122,772,2336,1072,2017,1257,551,911,198,2057,540,12652
33,2367,589,1228,3340,865,3339,23,2364,2710,1007,804,765,3368,71,6337,2417,1785,2450,3806,2106,42,2527,703,2005,837,1806,3491,47,3374,160,1938,3186,1606,805,80,1861,137,2293,2282,3136,1231,90,2438,1653,1612,2458,2283,1240,532,2967,451,403,1278,1831,2180,271,1134,1324,1257,2406,4579,1280,218,960,681,499,1411,3115,834,575,2083,1845,1122,782,2333,1072,2016,1257,550,902,198,2057,540,12685
33,2367,589,1228,3340,865,3339,23,2364,2710,1007,804,765,3368,71,6337,2417,1785,2450,3806,2106,42,2527,703,2005,837,1806,3491,47,3374,160,1938,3197,1620,806,80,1847,137,2293,2282,3140,1234,85,2441,1653,1612,2458,2286,1233,528,2971,459,403,1278,1831,2172,271,1133,1324,1246,2403,4579,1280,223,961,681,499,1411,3115,824,575,2081,1852,1113,782,2333,1071,2017,1256,551,911,187,2057,540,12702
33,2367,589,1228,3333,865,3339,23,2364,2700,1017,793,766,3358,76,6330,2425,1785,2436,3814,2096,38,2524,696,2005,826,1821,3500,47,3366,160,1938,3200,1620,805,80,1859,137,2284,2284,3140,1233,85,2438,1644,1612,2450,2283,1232,532,2971,459,403,1278,1831,2172,271,1133,1324,1246,2403,4579,1280,223,961,681,499,1411,3115,824,575,2081,1852,1113,782,2333,1071,2017,1256,551,911,187,2057,540,12735
33,2379,589,1227,3340,866,3349,23,2379,2700,1006,805,766,3358,76,6337,2417,1773,2447,3801,2106,38,2540,696,2005,826,1821,3491,47,3366,160,1938,3200,1620,805,80,1859,137,2284,2284,3140,1233,85,2438,1644,1612,2450,2283,1232,532,2967,451,403,1278,1831,2182,271,1133,1316,1246,2403,4579,1280,218,961,681,499,1422,3103,824,575,2083,1843,1113,782,2333,1081,2017,1256,551,902,187,2060,540,12759
33,2379,589,1227,3340,866,3349,23,2379,2700,1006,805,766,3358,76,6337,2417,1773,2447,3801,2106,38,2540,696,2005,826,1821,3491,47,3366,160,1948,3186,1620,806,80,1849,137,2284,2293,3136,1233,85,2429,1644,1612,2461,2286,1233,532,2959,451,393,1280,1834,2182,275,1133,1323,1257,2403,4579,1280,218,960,680,499,1422,3103,824,575,2083,1843,1113,782,2333,1081,2017,1256,551,902,187,2060,540,12786
33,2376,589,1238,3344,865,3352,23,2364,2700,1007,793,766,3358,71,6337,2427,1785,2447,3801,2096,33,2536,696,1996,826,1809,3491,47,3362,160,1948,3186,1618,806,80,1861,137,2284,2293,3136,1233,85,2429,1644,1612,2461,2286,1233,532,2959,451,393,1280,1834,2182,275,1133,1323,1257,2403,4579,1280,218,960,680,499,1423,3111,835,575,2081,1845,1113,783,2333,1081,2016,1256,558,902,187,2060,550,12817
33,2376,589,1238,3344,865,3352,23,2364,2700,1007,793,766,3358,71,6337,2427,1785,2447,3801,2096,33,2536,696,1996,826,1809,3491,47,3362,160,1948,3186,1618,806,80,1861,137,2284,2284,3136,1233,85,2438,1653,1612,2450,2298,1233,532,2971,451,403,1278,1834,2182,275,1145,1324,1247,2406,4585,1282,218,972,681,499,1412,3115,835,575,2081,1845,1122,783,2333,1081,2020,1256,558,902,187,2060,550,12835
33,2364,589,1228,3344,866,3339,23,2382,2702,1007,794,766,3358,76,6350,2427,1785,2436,3806,2106,38,2527,696,2017,838,1821,3504,47,3362,160,1938,3200,1620,806,80,1861,137,2284,2282,3140,1233,85,2441,1646,1621,2461,2286,1242,532,2975,451,403,1278,1831,2172,271,1134,1324,1257,2406,4585,1282,218,972,681,499,1412,3115,835,575,2081,1845,1122,783,2333,1081,2020,1256,558,911,198,2072,540,12868
28,2379,589,1228,3340,865,3339,23,2364,2700,1007,794,766,3358,76,6350,2427,1785,2436,3806,2106,38,2527,696,2017,838,1821,3504,47,3362,160,1938,3200,1620,806,80,1861,137,2284,2282,3140,1233,85,2441,1646,1621,2461,2286,1242,532,2975,451,403,1278,1831,2172,271,1134,1324,1257,2406,4585,1280,218,974,672,499,1411,3103,825,575,2081,1845,1113,783,2336,1081,2011,1256,551,911,187,2057,540,12885
28,2379,589,1228,3340,865,3339,23,2364,2700,1006,804,765,3349,71,6337,2427,1785,2436,3806,2108,38,2524,704,2003,826,1819,3494,47,3366,160,1938,3186,1620,806,80,1861,137,2284,2284,3140,1233,85,2441,1653,1621,2461,2283,1233,532,2955,451,403,1278,1834,2184,275,1148,1323,1257,2406,4585,1291,218,961,680,499,1423,3115,835,575,2083,1845,1122,783,2336,1081,2011,1256,551,911,187,2057,540,12918
33,2364,589,1228,3340,865,3349,23,2364,2708,1007,793,766,3349,71,6330,2419,1785,2439,3819,2108,38,2540,696,2005,838,1809,3500,47,3366,160,1948,3200,1620,807,85,1861,137,2293,2284,3140,1233,90,2441,1652,1621,2469,2283,1242,532,2967,451,403,1278,1834,2182,270,1146,1323,1257,2406,4585,1291,218,961,680,499,1423,3115,835,575,2083,1845,1122,794,2321,1082,2016,1257,551,911,198,2060,540,12952
33,2367,589,1228,3340,865,3349,23,2379,2702,1017,804,765,3358,76,6337,2427,1775,2450,3819,2098,38,2540,704,2015,838,1821,3500,52,3366,160,1948,3197,1620,806,80,1859,137,2293,2284,3140,1233,90,2441,1652,1621,2469,2283,1242,532,2967,451,403,1278,1834,2182,270,1146,1323,1247,2403,4585,1280,218,960,673,489,1411,3099,826,575,2083,1845,1113,783,2336,1081,2020,1257,551,911,187,2060,550,12985
33,2382,589,1238,3344,866,3352,23,2370,2702,1017,794,766,3358,71,6333,2417,1775,2436,3806,2106,38,2540,704,2015,838,1821,3500,52,3366,160,1948,3197,1620,806,80,1859,137,2281,2282,3124,1223,85,2441,1646,1612,2461,2286,1242,532,2959,451,403,1280,1834,2182,271,1146,1323,1257,2406,4585,1280,218,961,680,499,1422,3115,825,575,2074,1843,1113,793,2321,1081,2021,1259,558,911,187,2060,541,13018
33,2382,589,1238,3344,866,3352,23,2370,2702,1017,794,766,3358,71,6333,2417,1775,2436,3806,2106,38,2530,696,2005,826,1821,3494,47,3370,160,1938,3200,1620,807,85,1864,137,2284,2284,3140,1233,85,2432,1646,1612,2458,2283,1234,523,2938,451,403,1280,1834,2182,271,1146,1323,1257,2406,4585,1280,218,961,680,499,1422,3115,825,575,2074,1843,1113,793,2321,1081,2021,1259,558,911,187,2060,541,13035
33,2379,589,1228,3344,866,3339,23,2367,2702,1007,804,766,3358,71,6337,2419,1775,2450,3806,2094,38,2540,696,2015,826,1809,3504,47,3366,160,1948,3186,1618,807,85,1864,137,2284,2284,3140,1233,85,2432,1646,1612,2458,2283,1234,523,2938,451,403,1280,1834,2182,342,1320,1339,1257,2406,4585,1280,218,962,681,489,1411,3099,834,575,2086,1843,1122,782,2333,1081,2020,1257,550,911,187,2070,540,13068
33,2370,589,1228,3329,865,3352,23,2370,2700,1017,793,766,3358,71,6333,2417,1785,2450,3806,2094,38,2540,696,2015,826,1809,3504,47,3366,160,1948,3186,1618,805,85,1859,137,2284,2284,3140,1232,85,2441,1644,1612,2458,2286,1242,532,2967,451,403,1278,1821,2182,337,1320,1339,1257,2403,4579,1280,214,962,680,499,1411,3099,834,575,2086,1845,1113,782,2336,1081,2018,1259,558,902,198,2060,540,13101
33,2382,589,1228,3329,865,3352,23,2370,2700,1017,793,766,3358,71,6333,2417,1785,2436,3814,2106,33,2530,696,2005,827,1809,3500,47,3370,160,1948,3189,1620,807,85,1851,137,2284,2284,3140,1233,85,2432,1653,1612,2458,2286,1221,522,2943,443,403,1278,1834,2172,337,1307,1338,1266,2406,4579,1279,218,950,673,499,1423,3099,835,575,2086,1843,1113,782,2336,1081,2013,1248,551,911,198,2060,540,13135
33,2382,589,1228,3340,866,3349,23,2379,2702,1018,805,767,3358,71,6350,2425,1785,2450,3806,2104,38,2540,703,2005,838,1821,3500,47,3366,160,1950,3189,1618,806,85,1861,137,2295,2273,3136,1233,85,2426,1644,1612,2450,2298,1233,528,2962,451,403,1278,1834,2182,280,1146,1323,1257,2403,4585,1280,218,949,673,499,1423,3099,835,575,2086,1843,1113,782,2336,1081,2013,1248,551,911,198,2060,540,13168
