channel1,channel2,channel3,channel4,channel5,channel6,channel7,channel8,channel9,channel10,channel11,channel12,channel13,channel14,channel15,channel16,channel17,channel18,channel19,channel20,channel21,channel22,channel23,channel24,channel25,channel26,channel27,channel28,channel29,channel30,channel31,channel32,channel33,channel34,channel35,channel36,channel37,channel38,channel39,channel40,channel41,channel42,channel43,channel44,channel45,channel46,channel47,channel48,channel49,channel50,channel51,channel52,channel53,channel54,channel55,channel56,channel57,channel58,channel59,channel60,channel61,channel62,channel63,channel64,channel65,channel66,channel67,channel68,channel69,channel70,channel71,channel72,channel73,channel74,channel75,channel76,channel77,channel78,channel79,channel80,channel81,channel82,channel83,channel84,dts
0,0,0,0,0,0,0,0,0,0,0,0,0,0,0,0,0,0,0,0,0,0,0,0,0,0,0,0,0,0,0,0,0,0,0,0,0,0,0,0,0,0,0,0,0,0,0,0,0,0,0,0,0,0,0,0,0,0,0,0,0,0,0,0,0,0,0,0,0,0,0,0,0,0,0,0,0,0,0,0,0,0,0,0,22
0,0,0,0,0,0,0,0,0,0,0,0,0,0,0,0,0,0,0,0,0,0,0,0,0,0,0,0,0,0,0,0,0,0,0,0,0,0,0,0,0,0,0,0,0,0,0,0,0,0,0,0,0,0,0,0,0,0,0,0,0,0,0,0,0,0,0,0,0,0,0,0,0,0,0,0,0,0,0,0,0,0,0,0,55
0,0,0,0,0,0,0,0,0,0,0,0,0,0,0,0,0,0,0,0,0,0,0,0,0,0,0,0,0,0,0,0,0,0,0,0,0,0,0,0,0,0,0,0,0,0,0,0,0,0,0,0,0,0,0,0,0,0,0,0,0,0,0,0,0,0,0,0,0,0,0,0,0,0,0,0,0,0,0,0,0,0,0,0,88
0,0,0,0,0,0,0,0,0,0,0,0,0,0,0,0,0,0,0,0,0,0,0,0,0,0,0,0,0,0,0,0,0,0,0,0,0,0,0,0,0,0,0,0,0,0,0,0,0,0,0,0,0,0,0,0,0,0,0,0,0,0,0,0,0,0,0,0,0,0,0,0,0,0,0,0,0,0,0,0,0,0,0,0,105
0,0,0,0,0,0,0,0,0,0,0,0,0,0,0,0,0,0,0,0,0,0,0,0,0,0,0,0,0,0,0,0,0,0,0,0,0,0,0,0,0,0,0,0,0,0,0,0,0,0,0,0,0,0,0,0,0,0,0,0,0,0,0,0,0,0,0,0,0,0,0,0,0,0,0,0,0,0,0,0,0,0,0,0,138
0,0,0,0,0,0,0,0,0,0,0,0,0,0,0,0,0,0,0,0,0,0,0,0,0,0,0,0,0,0,0,0,0,0,0,0,0,0,0,0,0,0,0,0,0,0,0,0,0,0,0,0,0,0,0,0,0,0,0,0,0,0,0,0,0,0,0,0,0,0,0,0,0,0,0,0,0,0,0,0,0,0,0,0,172
0,0,0,0,0,0,0,0,0,0,0,0,0,0,0,0,0,0,0,0,0,0,0,0,0,0,0,0,0,0,0,0,0,0,0,0,0,0,0,0,0,0,0,0,0,0,0,0,0,0,0,0,0,0,0,0,0,0,0,0,0,0,0,0,0,0,0,0,0,0,0,0,0,0,0,0,0,0,0,0,0,0,0,0,206
0,0,0,0,0,0,0,0,0,0,0,0,0,0,0,0,0,0,0,0,0,0,0,0,0,0,0,0,0,0,0,0,0,0,0,0,0,0,0,0,0,0,0,0,0,0,0,0,0,0,0,0,0,0,0,0,0,0,0,0,0,0,0,0,0,0,0,0,0,0,0,0,0,0,0,0,0,0,0,0,0,0,0,0,222
0,0,0,0,0,0,0,0,0,0,0,0,0,0,0,0,0,0,0,0,0,0,0,0,0,0,0,0,0,0,0,0,0,0,0,0,0,0,0,0,0,0,0,0,0,0,0,0,0,0,0,0,0,0,0,0,0,0,0,0,0,0,0,0,0,0,0,0,0,0,0,0,0,0,0,0,0,0,0,0,0,0,0,0,255
0,0,0,0,0,0,0,0,0,0,0,0,0,0,0,0,0,0,0,0,0,0,0,0,0,0,0,0,0,0,0,0,0,0,0,0,0,0,0,0,0,0,0,0,0,0,0,0,0,0,0,0,0,0,0,0,0,0,0,0,0,0,0,0,0,0,0,0,0,0,0,0,0,0,0,0,0,0,0,0,0,0,0,0,288
0,0,0,0,0,0,0,0,0,0,0,0,0,0,0,0,0,0,0,0,0,0,0,0,0,0,0,0,0,0,0,0,0,0,0,0,0,0,0,0,0,0,0,0,0,0,0,0,0,0,0,0,0,0,0,0,0,0,0,0,0,0,0,0,0,0,0,0,0,0,0,0,0,0,0,0,0,0,0,0,0,0,0,0,305
0,0,0,0,0,0,0,0,0,0,0,0,0,0,0,0,0,0,0,0,0,0,0,0,0,0,0,0,0,0,0,0,0,0,0,0,0,0,0,0,0,0,0,0,0,0,0,0,0,0,0,0,0,0,0,0,0,0,0,0,0,0,0,0,0,0,0,0,0,0,0,0,0,0,0,0,0,0,0,0,0,0,0,0,339
0,0,0,0,0,0,0,0,0,0,0,0,0,0,0,0,0,0,0,0,0,0,0,0,0,0,0,0,0,0,0,0,0,0,0,0,0,0,0,0,0,0,0,0,0,0,0,0,0,0,0,0,0,0,0,0,0,0,0,0,0,0,0,0,0,0,0,0,0,0,0,0,0,0,0,0,0,0,0,0,0,0,0,0,372
0,0,0,0,0,0,0,0,0,0,0,0,0,0,0,0,0,0,0,0,0,0,0,0,0,0,0,0,0,0,0,0,0,0,0,0,0,0,0,0,0,0,0,0,0,0,0,0,0,0,0,0,0,0,0,0,0,0,0,0,0,0,0,0,0,0,0,0,0,0,0,0,0,0,0,0,0,0,0,0,0,0,0,0,405
0,0,0,0,0,0,0,0,0,0,0,0,0,0,0,0,0,0,0,0,0,0,0,0,0,0,0,0,0,0,0,0,0,0,0,0,0,0,0,0,0,0,0,0,0,0,0,0,0,0,0,0,0,0,0,0,0,0,0,0,0,0,0,0,0,0,0,0,0,0,0,0,0,0,0,0,0,0,0,0,0,0,0,0,439
0,0,0,0,0,0,0,0,0,0,0,0,0,0,0,0,0,0,0,0,0,0,0,0,0,0,0,0,0,0,0,0,0,0,0,0,0,0,0,0,0,0,0,0,0,0,0,0,0,0,0,0,0,0,0,0,0,0,0,0,0,0,0,0,0,0,0,0,0,0,0,0,0,0,0,0,0,0,0,0,0,0,0,0,456
0,0,0,0,0,0,0,0,0,0,0,0,0,0,0,0,0,0,0,0,0,0,0,0,0,0,0,0,0,0,0,0,0,0,0,0,0,0,0,0,0,0,0,0,0,0,0,0,0,0,0,0,0,0,0,0,0,0,0,0,0,0,0,0,0,0,0,0,0,0,0,0,0,0,0,0,0,0,0,0,0,0,0,0,489
0,0,0,0,0,0,0,0,0,0,0,0,0,0,0,0,0,0,0,0,0,0,0,0,0,0,0,0,0,0,0,0,0,0,0,0,0,0,0,0,0,0,0,0,0,0,0,0,0,0,0,0,0,0,0,0,0,0,0,0,0,0,0,0,0,0,0,0,0,0,0,0,0,0,0,0,0,0,0,0,0,0,0,0,506
0,0,0,0,0,0,0,0,0,0,0,0,0,0,0,0,0,0,0,0,0,0,0,0,0,0,0,0,0,0,0,0,0,0,0,0,0,0,0,0,0,0,0,0,0,0,0,0,0,0,0,0,0,0,0,0,0,0,0,0,0,0,0,0,0,0,0,0,0,0,0,0,0,0,0,0,0,0,0,0,0,0,0,0,522
0,0,0,0,0,0,0,0,0,0,0,0,0,0,0,0,0,0,0,0,0,0,0,0,0,0,0,0,0,0,0,0,0,0,0,0,0,0,0,0,0,0,0,0,0,0,0,0,0,0,0,0,0,0,0,0,0,0,0,0,0,0,0,0,0,0,0,0,0,0,0,0,0,0,0,0,0,0,0,0,0,0,0,0,556
0,0,0,0,0,0,0,0,0,0,0,0,0,0,0,0,0,0,0,0,0,0,0,0,0,0,0,0,0,0,0,0,0,0,0,0,0,0,0,0,0,0,0,0,0,0,0,0,0,0,0,0,0,0,0,0,0,0,0,0,0,0,0,0,0,0,0,0,0,0,0,0,0,0,0,0,0,0,0,0,0,0,0,0,572
0,0,0,0,0,0,0,0,0,0,0,0,0,0,0,0,0,0,0,0,0,0,0,0,0,0,0,0,0,0,0,0,0,0,0,0,0,0,0,0,0,0,0,0,0,0,0,0,0,0,0,0,0,0,0,0,0,0,0,0,0,0,0,0,0,0,0,0,0,0,0,0,0,0,0,0,0,0,0,0,0,0,0,0,589
0,0,0,0,0,0,0,0,0,0,0,0,0,0,0,0,0,0,0,0,0,0,0,0,0,0,0,0,0,0,0,0,0,0,0,0,0,0,0,0,0,0,0,0,0,0,0,0,0,0,0,0,0,0,0,0,0,0,0,0,0,0,0,0,0,0,0,0,0,0,0,0,0,0,0,0,0,0,0,0,0,0,0,0,606
0,0,0,0,0,0,0,0,0,0,0,0,0,0,0,0,0,0,0,0,0,0,0,0,0,0,0,0,0,0,0,0,0,0,0,0,0,0,0,0,0,0,0,0,0,0,0,0,0,0,0,0,0,0,0,0,0,0,0,0,0,0,0,0,0,0,0,0,0,0,0,0,0,0,0,0,0,0,0,0,0,0,0,0,640
0,0,0,0,0,0,0,0,0,0,0,0,0,0,0,0,0,0,0,0,0,0,0,0,0,0,0,0,0,0,0,0,0,0,0,0,0,0,0,0,0,0,0,0,0,0,0,0,0,0,0,0,0,0,0,0,0,0,0,0,0,0,0,0,0,0,0,0,0,0,0,0,0,0,0,0,0,0,0,0,0,0,0,0,656
0,0,0,0,0,0,0,0,0,0,0,0,0,0,0,0,0,0,0,0,0,0,0,0,0,0,0,0,0,0,0,0,0,0,0,0,0,0,0,0,0,0,0,0,0,0,0,0,0,0,0,0,0,0,0,0,0,0,0,0,0,0,0,0,0,0,0,0,0,0,0,0,0,0,0,0,0,0,0,0,0,0,0,0,672
0,0,0,0,0,0,0,0,0,0,0,0,0,0,0,0,0,0,0,0,0,0,0,0,0,0,0,0,0,0,0,0,0,0,0,0,0,0,0,0,0,0,0,0,0,0,0,0,0,0,0,0,0,0,0,0,0,0,0,0,0,0,0,0,0,0,0,0,0,0,0,0,0,0,0,0,0,0,0,0,0,0,0,0,706
0,0,0,0,0,0,0,0,0,0,0,0,0,0,0,0,0,0,0,0,0,0,0,0,0,0,0,0,0,0,0,0,0,0,0,0,0,0,0,0,0,0,0,0,0,0,0,0,0,0,0,0,0,0,0,0,0,0,0,0,0,0,0,0,0,0,0,0,0,0,0,0,0,0,0,0,0,0,0,0,0,0,0,0,739
0,0,0,0,0,0,0,0,0,0,0,0,0,0,0,0,0,0,0,0,0,0,0,0,0,0,0,0,0,0,0,0,0,0,0,0,0,0,0,0,0,0,0,0,0,0,0,0,0,0,0,0,0,0,0,0,0,0,0,0,0,0,0,0,0,0,0,0,0,0,0,0,0,0,0,0,0,0,0,0,0,0,0,0,757
0,0,0,0,0,0,0,0,0,0,0,0,0,0,0,0,0,0,0,0,0,0,0,0,0,0,0,0,0,0,0,0,0,0,0,0,0,0,0,0,0,0,0,0,0,0,0,0,0,0,0,0,0,0,0,0,0,0,0,0,0,0,0,0,0,0,0,0,0,0,0,0,0,0,0,0,0,0,0,0,0,0,0,0,788
0,0,0,0,0,0,0,0,0,0,0,0,0,0,0,0,0,0,0,0,0,0,0,0,0,0,0,0,0,0,0,0,0,0,0,0,0,0,0,0,0,0,0,0,0,0,0,0,0,0,0,0,0,0,0,0,0,0,0,0,0,0,0,0,0,0,0,0,0,0,0,0,0,0,0,0,0,0,0,0,0,0,0,0,822
0,0,0,0,0,0,0,0,0,0,0,0,0,0,0,0,0,0,0,0,0,0,0,0,0,0,0,0,0,0,0,0,0,0,0,0,0,0,0,0,0,0,0,0,0,0,0,0,0,0,0,0,0,0,0,0,0,0,0,0,0,0,0,0,0,0,0,0,0,0,0,0,0,0,0,0,0,0,0,0,0,0,0,0,855
0,0,0,0,0,0,0,0,0,0,0,0,0,0,0,0,0,0,0,0,0,0,0,0,0,0,0,0,0,0,0,0,0,0,0,0,0,0,0,0,0,0,0,0,0,0,0,0,0,0,0,0,0,0,0,0,0,0,0,0,0,0,0,0,0,0,0,0,0,0,0,0,0,0,0,0,0,0,0,0,0,0,0,0,889
0,0,0,0,0,0,0,0,0,0,0,0,0,0,0,0,0,0,0,0,0,0,0,0,0,0,0,0,0,0,0,0,0,0,0,0,0,0,0,0,0,0,0,0,0,0,0,0,0,0,0,0,0,0,0,0,0,0,0,0,0,0,0,0,0,0,0,0,0,0,0,0,0,0,0,0,0,0,0,0,0,0,0,0,922
0,0,0,0,0,0,0,0,0,0,0,0,0,0,0,0,0,0,0,0,0,0,0,0,0,0,0,0,0,0,0,0,0,0,0,0,0,0,0,0,0,0,0,0,0,0,0,0,0,0,0,0,0,0,0,0,0,0,0,0,0,0,0,0,0,0,0,0,0,0,0,0,0,0,0,0,0,0,0,0,0,0,0,0,955
0,0,0,0,0,0,0,0,0,0,0,0,0,0,0,0,0,0,0,0,0,0,0,0,0,0,0,0,0,0,0,0,0,0,0,0,0,0,0,0,0,0,0,0,0,0,0,0,0,0,0,0,0,0,0,0,0,0,0,0,0,0,0,0,0,0,0,0,0,0,0,0,0,0,0,0,0,0,0,0,0,0,0,0,988
0,0,0,0,0,0,0,0,0,0,0,0,0,0,0,0,0,0,0,0,0,0,0,0,0,0,0,0,0,0,0,0,0,0,0,0,0,0,0,0,0,0,0,0,0,0,0,0,0,0,0,0,0,0,0,0,0,0,0,0,0,0,0,0,0,0,0,0,0,0,0,0,0,0,0,0,0,0,0,0,0,0,0,0,1006
0,0,0,0,0,0,0,0,0,0,0,0,0,0,0,0,0,0,0,0,0,0,0,0,0,0,0,0,0,0,0,0,0,0,0,0,0,0,0,0,0,0,0,0,0,0,0,0,0,0,0,0,0,0,0,0,0,0,0,0,0,0,0,0,0,0,0,0,0,0,0,0,0,0,0,0,0,0,0,0,0,0,0,0,1022
0,0,0,0,0,0,0,0,0,0,0,0,0,0,0,0,0,0,0,0,0,0,0,0,0,0,0,0,0,0,0,0,0,0,0,0,0,0,0,0,0,0,0,0,0,0,0,0,0,0,0,0,0,0,0,0,0,0,0,0,0,0,0,0,0,0,0,0,0,0,0,0,0,0,0,0,0,0,0,0,0,0,0,0,1038
0,0,0,0,0,0,0,0,0,0,0,0,0,0,0,0,0,0,0,0,0,0,0,0,0,0,0,0,0,0,0,0,0,0,0,0,0,0,0,0,0,0,0,0,0,0,0,0,0,0,0,0,0,0,0,0,0,0,0,0,0,0,0,0,0,0,0,0,0,0,0,0,0,0,0,0,0,0,0,0,0,0,0,0,1072
0,0,0,0,0,0,0,0,0,0,0,0,0,0,0,0,0,0,0,0,0,0,0,0,0,0,0,0,0,0,0,0,0,0,0,0,0,0,0,0,0,0,0,0,0,0,0,0,0,0,0,0,0,0,0,0,0,0,0,0,0,0,0,0,0,0,0,0,0,0,0,0,0,0,0,0,0,0,0,0,0,0,0,0,1089
0,0,0,0,0,0,0,0,0,0,0,0,0,0,0,0,0,0,0,0,0,0,0,0,0,0,0,0,0,0,0,0,0,0,0,0,0,0,0,0,0,0,0,0,0,0,0,0,0,0,0,0,0,0,0,0,0,0,0,0,0,0,0,0,0,0,0,0,0,0,0,0,0,0,0,0,0,0,0,0,0,0,0,0,1105
0,0,0,0,0,0,0,0,0,0,0,0,0,0,0,0,0,0,0,0,0,0,0,0,0,0,0,0,0,0,0,0,0,0,0,0,0,0,0,0,0,0,0,0,0,0,0,0,0,0,0,0,0,0,0,0,0,0,0,0,0,0,0,0,0,0,0,0,0,0,0,0,0,0,0,0,0,0,0,0,0,0,0,0,1139
0,0,0,0,0,0,0,0,0,0,0,0,0,0,0,0,0,0,0,0,0,0,0,0,0,0,0,0,0,0,0,0,0,0,0,0,0,0,0,0,0,0,0,0,0,0,0,0,0,0,0,0,0,0,0,0,0,0,0,0,0,0,0,0,0,0,0,0,0,0,0,0,0,0,0,0,0,0,0,0,0,0,0,0,1172
0,0,0,0,0,0,0,0,0,0,0,0,0,0,0,0,0,0,0,0,0,0,0,0,0,0,0,0,0,0,0,0,0,0,0,0,0,0,0,0,0,0,0,0,0,0,0,0,0,0,0,0,0,0,0,0,0,0,0,0,0,0,0,0,0,0,0,0,0,0,0,0,0,0,0,0,0,0,0,0,0,0,0,0,1189
0,0,0,0,0,0,0,0,0,0,0,0,0,0,0,0,0,0,0,0,0,0,0,0,0,0,0,0,0,0,0,0,0,0,0,0,0,0,0,0,0,0,0,0,0,0,0,0,0,0,0,0,0,0,0,0,0,0,0,0,0,0,0,0,0,0,0,0,0,0,0,0,0,0,0,0,0,0,0,0,0,0,0,0,1205
0,0,0,0,0,0,0,0,0,0,0,0,0,0,0,0,0,0,0,0,0,0,0,0,0,0,0,0,0,0,0,0,0,0,0,0,0,0,0,0,0,0,0,0,0,0,0,0,0,0,0,0,0,0,0,0,0,0,0,0,0,0,0,0,0,0,0,0,0,0,0,0,0,0,0,0,0,0,0,0,0,0,0,0,1239
0,0,0,0,0,0,0,0,0,0,0,0,0,0,0,0,0,0,0,0,0,0,0,0,0,0,0,0,0,0,0,0,0,0,0,0,0,0,0,0,0,0,0,0,0,0,0,0,0,0,0,0,0,0,0,0,0,0,0,0,0,0,0,0,0,0,0,0,0,0,0,0,0,0,0,0,0,0,0,0,0,0,0,0,1272
0,0,0,0,0,0,0,0,0,0,0,0,0,0,0,0,0,0,0,0,0,0,0,0,0,0,0,0,0,0,0,0,0,0,0,0,0,0,0,0,0,0,0,0,0,0,0,0,0,0,0,0,0,0,0,0,0,0,0,0,0,0,0,0,0,0,0,0,0,0,0,0,0,0,0,0,0,0,0,0,0,0,0,0,1306
0,0,0,0,0,0,0,0,0,0,0,0,0,0,0,0,0,0,0,0,0,0,0,0,0,0,0,0,0,0,0,0,0,0,0,0,0,0,0,0,0,0,0,0,0,0,0,0,0,0,0,0,0,0,0,0,0,0,0,0,0,0,0,0,0,0,0,0,0,0,0,0,0,0,0,0,0,0,0,0,0,0,0,0,1338
0,0,0,0,0,0,0,0,0,0,0,0,0,0,0,0,0,0,0,0,0,0,0,0,0,0,0,0,0,0,0,0,0,0,0,0,0,0,0,0,0,0,0,0,0,0,0,0,0,0,0,0,0,0,0,0,0,0,0,0,0,0,0,0,0,0,0,0,0,0,0,0,0,0,0,0,0,0,0,0,0,0,0,0,1356
0,0,0,0,0,0,0,0,0,0,0,0,0,0,0,0,0,0,0,0,0,0,0,0,0,0,0,0,0,0,0,0,0,0,0,0,0,0,0,0,0,0,0,0,0,0,0,0,0,0,0,0,0,0,0,0,0,0,0,0,0,0,0,0,0,0,0,0,0,0,0,0,0,0,0,0,0,0,0,0,0,0,0,0,1388
0,0,0,0,0,0,0,0,0,0,0,0,0,0,0,0,0,0,0,0,0,0,0,0,0,0,0,0,0,0,0,0,0,0,0,0,0,0,0,0,0,0,0,0,0,0,0,0,0,0,0,0,0,0,0,0,0,0,0,0,0,0,0,0,0,0,0,0,0,0,0,0,0,0,0,0,0,0,0,0,0,0,0,0,1423
0,0,0,0,0,0,0,0,0,0,0,0,0,0,0,0,0,0,0,0,0,0,0,0,0,0,0,0,0,0,0,0,0,0,0,0,0,0,0,0,0,0,0,0,0,0,0,0,0,0,0,0,0,0,0,0,0,0,0,0,0,0,0,0,0,0,0,0,0,0,0,0,0,0,0,0,0,0,0,0,0,0,0,0,1439
0,0,0,0,0,0,0,0,0,0,0,0,0,0,0,0,0,0,0,0,0,0,0,0,0,0,0,0,0,0,0,0,0,0,0,0,0,0,0,0,0,0,0,0,0,0,0,0,0,0,0,0,0,0,0,0,0,0,0,0,0,0,0,0,0,0,0,0,0,0,0,0,0,0,0,0,0,0,0,0,0,0,0,0,1455
0,0,0,0,0,0,0,0,0,0,0,0,0,0,0,0,0,0,0,0,0,0,0,0,0,0,0,0,0,0,0,0,0,0,0,0,0,0,0,0,0,0,0,0,0,0,0,0,0,0,0,0,0,0,0,0,0,0,0,0,0,0,0,0,0,0,0,0,0,0,0,0,0,0,0,0,0,0,0,0,0,0,0,0,1488
0,0,0,0,0,0,0,0,0,0,0,0,0,0,0,0,0,0,0,0,0,0,0,0,0,0,0,0,0,0,0,0,0,0,0,0,0,0,0,0,0,0,0,0,0,0,0,0,0,0,0,0,0,0,0,0,0,0,0,0,0,0,0,0,0,0,0,0,0,0,0,0,0,0,0,0,0,0,0,0,0,0,0,0,1522
0,0,0,0,0,0,0,0,0,0,0,0,0,0,0,0,0,0,0,0,0,0,0,0,0,0,0,0,0,0,0,0,0,0,0,0,0,0,0,0,0,0,0,0,0,0,0,0,0,0,0,0,0,0,0,0,0,0,0,0,0,0,0,0,0,0,0,0,0,0,0,0,0,0,0,0,0,0,0,0,0,0,0,0,1555
0,0,0,0,0,0,0,0,0,0,0,0,0,0,0,0,0,0,0,0,0,0,0,0,0,0,0,0,0,0,0,0,0,0,0,0,0,0,0,0,0,0,0,0,0,0,0,0,0,0,0,0,0,0,0,0,0,0,0,0,0,0,0,0,0,0,0,0,0,0,0,0,0,0,0,0,0,0,0,0,0,0,0,0,1573
0,0,0,0,0,0,0,0,0,0,0,0,0,0,0,0,0,0,0,0,0,0,0,0,0,0,0,0,0,0,0,0,0,0,0,0,0,0,0,0,0,0,0,0,0,0,0,0,0,0,0,0,0,0,0,0,0,0,0,0,0,0,0,0,0,0,0,0,0,0,0,0,0,0,0,0,0,0,0,0,0,0,0,0,1588
0,0,0,0,0,0,0,0,0,0,0,0,0,0,0,0,0,0,0,0,0,0,0,0,0,0,0,0,0,0,0,0,0,0,0,0,0,0,0,0,0,0,0,0,0,0,0,0,0,0,0,0,0,0,0,0,0,0,0,0,0,0,0,0,0,0,0,0,0,0,0,0,0,0,0,0,0,0,0,0,0,0,0,0,1622
0,0,0,0,0,0,0,0,0,0,0,0,0,0,0,0,0,0,0,0,0,0,0,0,0,0,0,0,0,0,0,0,0,0,0,0,0,0,0,0,0,0,0,0,0,0,0,0,0,0,0,0,0,0,0,0,0,0,0,0,0,0,0,0,0,0,0,0,0,0,0,0,0,0,0,0,0,0,0,0,0,0,0,0,1655
0,0,0,0,0,0,0,0,0,0,0,0,0,0,0,0,0,0,0,0,0,0,0,0,0,0,0,0,0,0,0,0,0,0,0,0,0,0,0,0,0,0,0,0,0,0,0,0,0,0,0,0,0,0,0,0,0,0,0,0,0,0,0,0,0,0,0,0,0,0,0,0,0,0,0,0,0,0,0,0,0,0,0,0,1689
0,0,0,0,0,0,0,0,0,0,0,0,0,0,0,0,0,0,0,0,0,0,0,0,0,0,0,0,0,0,0,0,0,0,0,0,0,0,0,0,0,0,0,0,0,0,0,0,0,0,0,0,0,0,0,0,0,0,0,0,0,0,0,0,0,0,0,0,0,0,0,0,0,0,0,0,0,0,0,0,0,0,0,0,1856
0,0,0,0,0,0,0,0,0,0,0,0,0,0,0,0,0,0,0,0,0,0,0,0,0,0,0,0,0,0,0,0,0,0,0,0,0,0,0,0,0,0,0,0,0,0,0,0,0,0,0,0,0,0,0,0,0,0,0,0,0,0,0,0,0,0,0,0,0,0,0,0,0,0,0,0,0,0,0,0,0,0,0,0,1872
0,0,0,0,0,0,0,0,0,0,0,0,0,0,0,0,0,0,0,0,0,0,0,0,0,0,0,0,0,0,0,0,0,0,0,0,0,0,0,0,0,0,0,0,0,0,0,0,0,0,0,0,0,0,0,0,0,0,0,0,0,0,0,0,0,0,0,0,0,0,0,0,0,0,0,0,0,0,0,0,0,0,0,0,1906
0,0,0,0,0,0,0,0,0,0,0,0,0,0,0,0,0,0,0,0,0,0,0,0,0,0,0,0,0,0,0,0,0,0,0,0,0,0,0,0,0,0,0,0,0,0,0,0,0,0,0,0,0,0,0,0,0,0,0,0,0,0,0,0,0,0,0,0,0,0,0,0,0,0,0,0,0,0,0,0,0,0,0,0,1922
0,0,0,0,0,0,0,0,0,0,0,0,0,0,0,0,0,0,0,0,0,0,0,0,0,0,0,0,0,0,0,0,0,0,0,0,0,0,0,0,0,0,0,0,0,0,0,0,0,0,0,0,0,0,0,0,0,0,0,0,0,0,0,0,0,0,0,0,0,0,0,0,0,0,0,0,0,0,0,0,0,0,0,0,1955
0,0,0,0,0,0,0,0,0,0,0,0,0,0,0,0,0,0,0,0,0,0,0,0,0,0,0,0,0,0,0,0,0,0,0,0,0,0,0,0,0,0,0,0,0,0,0,0,0,0,0,0,0,0,0,0,0,0,0,0,0,0,0,0,0,0,0,0,0,0,0,0,0,0,0,0,0,0,0,0,0,0,0,0,1989
0,0,0,0,0,0,0,0,0,0,0,0,0,0,0,0,0,0,0,0,0,0,0,0,0,0,0,0,0,0,0,0,0,0,0,0,0,0,0,0,0,0,0,0,0,0,0,0,0,0,0,0,0,0,0,0,0,0,0,0,0,0,0,0,0,0,0,0,0,0,0,0,0,0,0,0,0,0,0,0,0,0,0,0,2022
0,0,0,0,0,0,0,0,0,0,0,0,0,0,0,0,0,0,0,0,0,0,0,0,0,0,0,0,0,0,0,0,0,0,0,0,0,0,0,0,0,0,0,0,0,0,0,0,0,0,0,0,0,0,0,0,0,0,0,0,0,0,0,0,0,0,0,0,0,0,0,0,0,0,0,0,0,0,0,0,0,0,0,0,2056
0,0,0,0,0,0,0,0,0,0,0,0,0,0,0,0,0,0,0,0,0,0,0,0,0,0,0,0,0,0,0,0,0,0,0,0,0,0,0,0,0,0,0,0,0,0,0,0,0,0,0,0,0,0,0,0,0,0,0,0,0,0,0,0,0,0,0,0,0,0,0,0,0,0,0,0,0,0,0,0,0,0,0,0,2089
0,0,0,0,0,0,0,0,0,0,0,0,0,0,0,0,0,0,0,0,0,0,0,0,0,0,0,0,0,0,0,0,0,0,0,0,0,0,0,0,0,0,0,0,0,0,0,0,0,0,0,0,0,0,0,0,0,0,0,0,0,0,0,0,0,0,0,0,0,0,0,0,0,0,0,0,0,0,0,0,0,0,0,0,2105
0,0,0,0,0,0,0,0,0,0,0,0,0,0,0,0,0,0,0,0,0,0,0,0,0,0,0,0,0,0,0,0,0,0,0,0,0,0,0,0,0,0,0,0,0,0,0,0,0,0,0,0,0,0,0,0,0,0,0,0,0,0,0,0,0,0,0,0,0,0,0,0,0,0,0,0,0,0,0,0,0,0,0,0,2140
0,0,0,0,0,0,0,0,0,0,0,0,0,0,0,0,0,0,0,0,0,0,0,0,0,0,0,0,0,0,0,0,0,0,0,0,0,0,0,0,0,0,0,0,0,0,0,0,0,0,0,0,0,0,0,0,0,0,0,0,0,0,0,0,0,0,0,0,0,0,0,0,0,0,0,0,0,0,0,0,0,0,0,0,2156
0,0,0,0,0,0,0,0,0,0,0,0,0,0,0,0,0,0,0,0,0,0,0,0,0,0,0,0,0,0,0,0,0,0,0,0,0,0,0,0,0,0,0,0,0,0,0,0,0,0,0,0,0,0,0,0,0,0,0,0,0,0,0,0,0,0,0,0,0,0,0,0,0,0,0,0,0,0,0,0,0,0,0,0,2173
0,0,0,0,0,0,0,0,0,0,0,0,0,0,0,0,0,0,0,0,0,0,0,0,0,0,0,0,0,0,0,0,0,0,0,0,0,0,0,0,0,0,0,0,0,0,0,0,0,0,0,0,0,0,0,0,0,0,0,0,0,0,0,0,0,0,0,0,0,0,0,0,0,0,0,0,0,0,0,0,0,0,0,0,2206
0,0,0,0,0,0,0,0,0,0,0,0,0,0,0,0,0,0,0,0,0,0,0,0,0,0,0,0,0,0,0,0,0,0,0,0,0,0,0,0,0,0,0,0,0,0,0,0,0,0,0,0,0,0,0,0,0,0,0,0,0,0,0,0,0,0,0,0,0,0,0,0,0,0,0,0,0,0,0,0,0,0,0,0,2240
0,0,0,0,0,0,0,0,0,0,0,0,0,0,0,0,0,0,0,0,0,0,0,0,0,0,0,0,0,0,0,0,0,0,0,0,0,0,0,0,0,0,0,0,0,0,0,0,0,0,0,0,0,0,0,0,0,0,0,0,0,0,0,0,0,0,0,0,0,0,0,0,0,0,0,0,0,0,0,0,0,0,0,0,2255
0,0,0,0,0,0,0,0,0,0,0,0,0,0,0,0,0,0,0,0,0,0,0,0,0,0,0,0,0,0,0,0,0,0,0,0,0,0,0,0,0,0,0,0,0,0,0,0,0,0,0,0,0,0,0,0,0,0,0,0,0,0,0,0,0,0,0,0,0,0,0,0,0,0,0,0,0,0,0,0,0,0,0,0,2272
0,0,0,0,0,0,0,0,0,0,0,0,0,0,0,0,0,0,0,0,0,0,0,0,0,0,0,0,0,0,0,0,0,0,0,0,0,0,0,0,0,0,0,0,0,0,0,0,0,0,0,0,0,0,0,0,0,0,0,0,0,0,0,0,0,0,0,0,0,0,0,0,0,0,0,0,0,0,0,0,0,0,0,0,2289
0,0,0,0,0,0,0,0,0,0,0,0,0,0,0,0,0,0,0,0,0,0,0,0,0,0,0,0,0,0,0,0,0,0,0,0,0,0,0,0,0,0,0,0,0,0,0,0,0,0,0,0,0,0,0,0,0,0,0,0,0,0,0,0,0,0,0,0,0,0,0,0,0,0,0,0,0,0,0,0,0,0,0,0,2305
0,0,0,0,0,0,0,0,0,0,0,0,0,0,0,0,0,0,0,0,0,0,0,0,0,0,0,0,0,0,0,0,0,0,0,0,0,0,0,0,0,0,0,0,0,0,0,0,0,0,0,0,0,0,0,0,0,0,0,0,0,0,0,0,0,0,0,0,0,0,0,0,0,0,0,0,0,0,0,0,0,0,0,0,2339
0,0,0,0,0,0,0,0,0,0,0,0,0,0,0,0,0,0,0,0,0,0,0,0,0,0,0,0,0,0,0,0,0,0,0,0,0,0,0,0,0,0,0,0,0,0,0,0,0,0,0,0,0,0,0,0,0,0,0,0,0,0,0,0,0,0,0,0,0,0,0,0,0,0,0,0,0,0,0,0,0,0,0,0,2356
0,0,0,0,0,0,0,0,0,0,0,0,0,0,0,0,0,0,0,0,0,0,0,0,0,0,0,0,0,0,0,0,0,0,0,0,0,0,0,0,0,0,0,0,0,0,0,0,0,0,0,0,0,0,0,0,0,0,0,0,0,0,0,0,0,0,0,0,0,0,0,0,0,0,0,0,0,0,0,0,0,0,0,0,2389
0,0,0,0,0,0,0,0,0,0,0,0,0,0,0,0,0,0,0,0,0,0,0,0,0,0,0,0,0,0,0,0,0,0,0,0,0,0,0,0,0,0,0,0,0,0,0,0,0,0,0,0,0,0,0,0,0,0,0,0,0,0,0,0,0,0,0,0,0,0,0,0,0,0,0,0,0,0,0,0,0,0,0,0,2406
0,0,0,0,0,0,0,0,0,0,0,0,0,0,0,0,0,0,0,0,0,0,0,0,0,0,0,0,0,0,0,0,0,0,0,0,0,0,0,0,0,0,0,0,0,0,0,0,0,0,0,0,0,0,0,0,0,0,0,0,0,0,0,0,0,0,0,0,0,0,0,0,0,0,0,0,0,0,0,0,0,0,0,0,2440
0,0,0,0,0,0,0,0,0,0,0,0,0,0,0,0,0,0,0,0,0,0,0,0,0,0,0,0,0,0,0,0,0,0,0,0,0,0,0,0,0,0,0,0,0,0,0,0,0,0,0,0,0,0,0,0,0,0,0,0,0,0,0,0,0,0,0,0,0,0,0,0,0,0,0,0,0,0,0,0,0,0,0,0,2456
0,0,0,0,0,0,0,0,0,0,0,0,0,0,0,0,0,0,0,0,0,0,0,0,0,0,0,0,0,0,0,0,0,0,0,0,0,0,0,0,0,0,0,0,0,0,0,0,0,0,0,0,0,0,0,0,0,0,0,0,0,0,0,0,0,0,0,0,0,0,0,0,0,0,0,0,0,0,0,0,0,0,0,0,2474
27,43,17,15,15,0,0,0,0,0,0,0,0,0,0,0,0,0,0,0,0,0,0,0,0,0,0,0,0,0,0,0,0,0,0,0,0,0,0,0,0,0,0,0,0,0,19,0,0,0,51,559,443,1446,2118,2556,956,3113,3089,2261,4586,5775,2399,784,1470,2343,1598,3548,3238,5758,249,2341,2513,2045,1126,1644,1237,2324,1847,616,1018,193,1839,17,2506
27,43,17,15,15,0,0,0,0,0,0,0,0,0,0,0,0,0,0,0,0,0,0,0,16,0,0,0,0,0,0,1550,1699,198,0,0,0,0,0,0,0,0,0,0,0,0,19,0,0,0,51,559,443,1446,2118,2556,956,3113,3089,2261,4586,5775,2399,784,1470,2343,1598,3548,3238,5758,249,2341,2513,2045,1126,1644,1237,2324,1847,616,1018,193,1839,17,2523
27,43,17,15,15,0,0,0,0,0,0,0,0,0,0,0,0,0,0,0,0,0,0,0,16,0,0,0,0,0,0,1550,1699,198,0,0,0,0,0,0,0,0,0,0,0,0,0,0,0,0,0,0,16,19,0,0,0,0,0,702,1982,567,0,0,0,0,446,2688,1745,0,0,0,655,304,1126,1644,1237,2324,1847,616,1018,193,1839,17,2539
28,2225,603,1654,3193,732,2847,26,2247,2613,1482,851,1202,2796,56,6362,2695,3548,2087,3956,1761,31,2629,659,2019,648,1997,1971,92,995,334,2376,1527,2076,565,0,82,145,2314,965,2893,428,0,326,1828,988,826,1208,207,0,37,108,246,1094,0,0,0,0,0,702,1982,567,0,0,0,0,446,2688,1745,0,0,0,655,304,685,1700,36,226,350,370,1102,176,2257,225,2573
33,1987,603,1654,3193,732,2847,26,2247,2613,1482,851,1202,2796,56,6362,2695,3548,2087,3956,1761,31,2629,659,2019,648,1997,1971,92,995,334,2376,1527,2076,565,0,82,145,2314,965,2893,428,0,326,1828,988,826,1208,207,0,37,108,246,1094,2190,169,186,757,1402,759,2435,4499,462,203,963,749,395,1490,3356,292,496,2423,2084,1061,820,2559,173,1281,1133,598,847,193,2109,259,2588
33,1987,529,1295,3171,1092,1461,23,2204,2598,1096,574,643,842,75,5310,2581,1870,1792,4143,1759,41,2310,768,2017,537,1430,2312,45,3382,175,2035,2518,1808,565,0,82,145,2314,965,2893,428,0,326,1828,988,826,1208,207,0,37,108,246,1094,2190,169,186,757,1402,759,2435,4499,462,203,963,749,395,1490,3356,292,496,2423,2084,1061,820,2559,173,1281,1133,598,847,193,2109,259,2605
27,2172,586,1581,3329,957,2358,23,2183,2684,1408,718,834,1500,75,5310,2581,1870,1792,4143,1759,41,2310,768,2017,537,1430,2312,45,3382,175,2035,2518,1808,787,70,1972,218,4200,1800,2712,1081,95,3059,1734,1721,2613,2351,1168,434,2729,417,404,1240,1794,1977,807,2534,1484,1618,2492,4778,1106,201,919,689,575,1439,3225,507,462,2317,2115,1535,769,2440,496,1730,1379,659,1018,189,2531,390,2638
27,2172,586,1581,3329,957,2358,23,2183,2684,1408,718,834,1500,62,5942,2601,2550,2344,4033,1925,34,2564,1133,2086,736,2030,3520,38,3090,243,1850,2845,1581,747,131,4656,890,5150,3231,3543,1225,83,2733,1779,1689,2883,2377,1226,385,2568,414,378,1119,1677,2008,1020,2998,1555,1756,2530,4843,1225,186,922,675,1073,1414,3069,748,416,2293,2110,1951,724,2272,980,1820,1378,700,1022,194,2531,390,2671
28,2276,604,1699,3237,823,2583,19,2295,2691,1520,693,1067,2284,65,6470,2708,3373,2004,4073,1889,34,2589,988,2088,704,2083,3485,39,3175,149,1904,2813,1637,792,120,3851,307,5047,3190,3581,1237,88,2959,1818,1559,2844,2363,1302,423,2592,515,665,1346,1753,2059,1075,2977,1590,1927,2599,4815,1237,175,826,821,1073,1414,3069,748,416,2293,2110,1951,724,2272,980,1820,1378,700,1022,194,2230,495,2705
29,2325,601,1771,3090,851,2517,24,2287,2678,1543,694,1065,2249,67,6580,2574,3225,2491,4007,1929,33,2711,900,2184,709,2048,3584,38,3124,143,1905,2857,1628,790,144,4795,708,5226,3321,3575,1247,86,2698,2103,1534,2883,2407,1335,422,2592,515,665,1346,1753,2059,1075,2977,1590,1927,2599,4815,1237,175,826,821,1109,1371,3031,750,405,2086,2265,2002,707,2226,981,2437,2069,1400,1231,187,2185,511,2738
35,2433,610,1804,3079,851,2697,19,2282,2631,1592,662,1005,2205,63,6445,2500,3349,1701,3956,1970,29,2565,910,2170,677,1994,3721,34,3082,143,1905,2857,1628,790,144,4795,708,5226,3321,3575,1247,86,2698,2103,1534,2883,2407,1335,422,2506,522,612,1241,1719,2087,1073,2998,1514,1892,2488,4744,1271,184,896,650,1133,1407,3022,846,390,2100,2360,1909,710,2158,1146,2672,2149,1954,1658,220,2709,687,2771
35,2433,610,1804,3079,851,2697,19,2282,2631,1592,662,1005,2205,63,6445,2500,3349,1701,3956,1970,29,2565,910,2170,677,1994,3721,34,3082,217,1863,2839,1630,810,213,5544,1172,5170,3251,3593,1263,99,2661,2393,1430,2874,2394,1338,446,2538,814,1171,1453,1762,2101,1060,2969,1507,1846,2461,4706,1271,184,896,650,1133,1407,3022,846,390,2100,2360,1909,710,2158,1146,2672,2149,1954,1658,220,2709,687,2789
47,2357,620,1798,3052,793,3079,26,2300,2685,1592,662,1005,2205,63,6445,2500,3349,1701,3956,1970,29,2565,910,2170,677,1994,3721,34,3082,217,1863,2839,1630,810,213,5544,1172,5170,3251,3593,1263,99,2661,2393,1430,2874,2394,1338,446,2538,814,1171,1453,1762,2101,1060,2969,1507,1846,2461,4706,1288,179,895,648,1116,1374,3001,858,383,2150,2115,1962,699,2153,1173,2528,2257,1916,1668,210,2391,667,2805
47,2357,620,1798,3052,793,3079,26,2300,2685,1572,710,1088,2824,122,6450,2571,3488,1986,4012,2041,42,2714,1098,2159,677,2051,3777,52,3074,242,1891,2874,1626,810,489,5736,1182,5163,3233,3606,1269,95,2626,2397,1442,2866,2378,1343,467,2549,639,792,1276,1700,2075,1077,2973,1539,1730,2497,4712,1276,189,897,669,1028,1388,3030,836,408,2176,2160,1880,711,2189,1135,2562,2257,1916,1668,210,2391,667,2838
47,2401,625,1818,3084,782,3103,26,2272,2695,1579,712,1074,2588,124,6400,2594,3503,2048,3971,2042,62,2569,1053,2167,680,2046,3675,78,3029,229,1867,2847,1621,810,569,5380,1049,5197,3244,3580,1273,98,2796,2313,1514,2890,2410,1372,449,2469,409,358,1172,1679,2053,1062,2997,1539,1730,2497,4712,1276,189,897,669,1028,1388,3030,836,408,2176,2160,1880,711,2189,1135,2562,2186,1929,1670,211,2419,630,2872
50,2817,692,1879,3125,901,3277,25,2201,2684,1526,536,798,2511,120,6235,2545,3416,1940,4035,2093,61,2754,975,2168,659,2081,3657,65,3049,240,1910,2783,1649,805,499,5606,1025,5205,3212,3575,1269,98,2796,2313,1514,2890,2410,1372,449,2469,409,358,1172,1679,2053,1062,2997,1529,1868,2483,4681,1275,180,901,672,1011,1390,3053,833,401,2146,2157,1891,720,2220,1071,2230,2343,1959,1691,207,2344,627,2906
58,2832,679,1871,3187,881,3367,26,2220,2670,1534,605,843,2703,125,6504,2483,3522,2213,4002,2069,73,2754,975,2168,659,2081,3657,65,3049,240,1910,2783,1649,805,499,5606,1025,5205,3212,3575,1269,96,2900,2323,1437,2863,2366,1352,435,2671,732,1001,1368,1745,2116,1046,3038,1493,1781,2394,4477,1290,171,912,634,1115,1380,3035,876,390,2168,2126,1982,703,2142,1205,2402,2350,1972,1708,201,2385,688,2938
51,2832,689,1781,3321,843,3367,26,2220,2670,1534,605,843,2703,125,6504,2483,3522,2213,4002,2069,73,2969,976,2150,672,2084,3661,73,3060,230,1901,2799,1641,804,760,5545,1059,5208,3213,3564,1257,109,2873,2338,1439,2869,2371,1345,455,2675,773,1085,1387,1743,2126,1062,3057,1504,1798,2443,4666,1315,163,915,645,1127,1373,3005,913,383,2163,2142,2002,692,2122,1260,2378,2403,1998,1704,208,2413,721,2972
51,2832,689,1781,3321,843,3499,25,2163,2656,1471,696,807,3049,128,6471,2642,3199,2627,3895,2087,61,2928,1196,2080,708,1987,3552,75,3048,251,1879,2911,1622,806,571,5512,1033,5175,3221,3565,1272,107,3058,2392,1468,2825,2354,1350,465,2653,726,1002,1544,1763,2147,1065,2967,1513,1775,2439,4447,1301,201,898,654,1098,1382,3015,893,383,2163,2142,2002,692,2122,1260,2378,2403,1998,1704,208,2413,721,3005
52,2832,694,1795,3310,841,3469,26,2185,2673,1480,730,853,3247,128,6528,2657,3266,2633,3915,2046,67,2961,1203,2094,708,2053,3611,100,3042,253,1885,2915,1636,805,783,5536,1167,5149,3232,3567,1254,121,3123,2521,1458,2915,2419,1361,482,2564,460,461,1219,1763,2147,1065,2967,1513,1775,2439,4447,1301,201,898,654,1098,1382,3015,893,389,2142,2120,1955,696,2134,1217,2351,2400,1979,1706,208,2442,685,3038
63,2851,697,1779,3321,845,3463,25,2191,2657,1485,697,817,3297,123,6532,2613,3204,2627,3854,2086,62,2994,1195,2094,720,2022,3628,72,3055,263,1857,2891,1628,798,616,5695,1224,5149,3232,3567,1254,121,3123,2521,1458,2915,2419,1361,482,2564,460,461,1219,1621,2122,1079,2994,1542,1818,2473,4578,1318,202,916,649,1108,1383,3005,886,394,2163,2133,1977,685,2138,1222,2420,2378,2005,1742,209,2458,682,3072
52,2873,689,1807,3329,841,3473,26,2212,2665,1485,696,816,3457,130,6609,2639,3245,2627,3854,2086,62,2994,1195,2094,720,2022,3628,72,3055,263,1857,2891,1628,798,616,5695,1224,5149,3232,3566,1252,98,2955,2532,1446,2903,2391,1358,462,2564,480,498,1231,1628,2127,1077,2998,1545,1818,2473,4592,1324,198,918,650,1106,1368,2984,946,387,2169,2141,1965,696,2089,1314,2402,2367,1975,1706,209,2394,730,3105
52,2873,689,1807,3329,841,3473,26,2212,2665,1485,696,816,3457,130,6609,2639,3245,2636,3864,2080,67,3012,1201,2094,720,2002,3603,78,3045,264,1857,2891,1632,790,645,5681,1238,5162,3240,3584,1259,104,3002,2563,1444,2903,2388,1367,464,2553,416,358,1197,1621,2128,1074,3002,1542,1829,2473,4578,1340,204,903,652,1112,1382,2966,947,388,2166,2149,1965,696,2097,1328,2436,2370,2017,1730,209,2394,730,3138
63,2859,689,1804,3333,832,3440,26,2212,2667,1458,708,846,3535,154,6594,2642,3069,2662,3905,2062,74,3002,1210,2004,732,2035,3600,90,3050,264,1844,2895,1638,791,738,5652,1228,5148,3232,3572,1253,111,2988,2554,1435,2906,2394,1361,471,2557,406,358,1209,1653,2135,1071,2974,1543,1831,2476,4628,1339,201,905,652,1112,1382,2966,947,388,2166,2149,1965,696,2097,1328,2436,2370,2017,1730,209,2416,732,3172
58,2863,690,1794,3337,834,3441,26,2230,2649,1472,720,860,3650,154,6594,2639,3060,2651,3902,2049,79,3011,1210,2007,732,2025,3598,85,3040,274,1846,2895,1630,804,768,5677,1248,5154,3232,3576,1257,112,3025,2585,1437,2895,2390,1364,472,2557,406,358,1209,1653,2135,1071,2974,1543,1831,2476,4628,1339,201,905,652,1113,1385,2974,950,398,2172,2147,1967,686,2089,1322,2449,2370,1994,1718,197,2400,744,3205
58,2863,693,1794,3313,835,3492,26,2201,2654,1472,733,861,3447,154,6599,2647,3044,2662,3907,2053,74,3011,1214,1992,745,2030,3614,90,3040,265,1844,2898,1619,804,768,5677,1248,5154,3232,3576,1257,112,3025,2585,1437,2895,2390,1364,472,2536,407,346,1199,1681,2131,1082,2992,1547,1833,2479,4665,1335,202,907,655,1113,1372,2969,953,399,2175,2155,1957,686,2095,1334,2469,2363,2032,1745,209,2429,745,3239
58,2881,691,1806,3329,822,3451,26,2219,2663,1472,745,886,3757,154,6599,2647,3044,2662,3907,2053,74,3011,1214,1992,745,2030,3614,90,3040,265,1844,2898,1619,795,752,5677,1252,5136,3236,3586,1257,112,3025,2599,1448,2898,2403,1366,474,2550,407,358,1199,1683,2133,1082,2997,1546,1831,2479,4665,1339,207,922,654,1113,1385,2982,955,394,2158,2140,1967,686,2095,1331,2465,2363,2018,1757,209,2403,749,3273
58,2881,691,1806,3329,822,3451,26,2219,2663,1472,745,886,3757,154,6613,2663,3044,2662,3920,2053,74,3007,1214,1992,745,2030,3636,95,3040,275,1833,2910,1632,799,762,5677,1252,5148,3232,3573,1263,106,3025,2599,1448,2898,2403,1362,473,2550,407,346,1175,1683,2124,1083,2997,1545,1831,2479,4665,1333,208,907,654,1113,1373,2969,959,400,2161,2153,1967,686,2082,1325,2479,2377,2039,1778,209,2403,749,3306
58,2881,692,1814,3317,823,3455,26,2219,2654,1503,745,900,3841,160,6599,2616,3245,2619,3881,2039,80,2997,1184,2105,710,2046,3633,96,3040,275,1833,2910,1632,799,762,5677,1252,5148,3232,3573,1263,106,3025,2599,1448,2898,2403,1362,473,2550,407,346,1175,1683,2124,1083,2997,1545,1831,2479,4665,1333,208,907,654,1113,1373,2969,959,400,2161,2153,1967,686,2082,1325,2479,2377,2039,1778,209,2429,752,3322
58,2881,692,1814,3317,823,3455,26,2219,2654,1503,745,900,3841,160,6599,2616,3245,2619,3881,2039,80,2997,1184,2105,710,2046,3633,96,3040,274,1867,2898,1621,801,774,5662,1251,5150,3251,3590,1257,112,3040,2597,1441,2898,2406,1374,475,2550,398,350,1187,1670,2128,1084,2997,1545,1842,2479,4658,1333,208,907,654,1113,1373,2969,959,400,2161,2153,1967,686,2082,1325,2479,2377,2039,1778,209,2429,752,3338
58,2881,691,1817,3317,822,3442,26,2219,2654,1503,745,900,3857,154,6637,2616,3220,2630,3907,2047,80,3001,1184,2092,733,2043,3630,90,3044,265,1854,2898,1619,801,751,5662,1241,5156,3247,3586,1257,112,3040,2597,1441,2898,2406,1374,475,2550,398,350,1187,1670,2128,1084,2997,1545,1842,2479,4658,1336,207,907,654,1115,1385,2969,959,400,2175,2140,1967,686,2082,1336,2487,2366,2026,1791,209,2416,751,3372
58,2881,691,1817,3317,822,3442,26,2219,2654,1503,745,900,3857,154,6637,2616,3220,2630,3907,2047,80,3001,1184,2092,733,2043,3630,90,3044,265,1854,2898,1619,801,751,5662,1241,5156,3247,3586,1257,111,3025,2594,1441,2918,2403,1366,479,2550,406,350,1188,1670,2128,1082,2997,1543,1842,2479,4665,1336,202,909,653,1115,1385,2969,961,400,2178,2149,1967,686,2082,1329,2493,2366,2026,1791,209,2416,751,3389
64,2896,691,1831,3321,822,3432,32,2219,2654,1516,745,899,3952,154,6613,2637,3237,2619,3899,2043,80,3001,1176,2107,721,2033,3624,96,3044,265,1854,2887,1621,793,769,5662,1242,5150,3251,3573,1259,112,3054,2609,1453,2913,2406,1369,481,2539,407,350,1188,1685,2123,1084,3001,1543,1842,2479,4665,1336,202,909,653,1115,1385,2969,961,400,2178,2149,1967,686,2082,1329,2493,2363,2037,1769,209,2432,754,3422
58,2886,691,1831,3321,822,3432,32,2236,2656,1516,745,899,3952,154,6613,2637,3237,2619,3899,2043,80,3001,1176,2107,721,2033,3624,96,3044,265,1854,2887,1621,793,769,5662,1242,5150,3251,3573,1259,112,3054,2609,1453,2913,2406,1369,481,2539,407,350,1188,1685,2123,1084,3001,1545,1854,2482,4658,1339,203,907,654,1115,1373,2972,963,400,2161,2144,1969,699,2084,1350,2489,2363,2047,1794,209,2432,754,3439
58,2886,691,1831,3321,822,3432,32,2236,2656,1516,734,899,3952,155,6628,2628,3237,2634,3907,2041,80,3015,1176,2107,710,2030,3630,96,3030,265,1869,2902,1632,803,781,5656,1252,5144,3240,3586,1259,112,3054,2609,1453,2913,2406,1369,481,2539,407,350,1188,1685,2123,1084,3001,1545,1854,2482,4658,1339,203,907,654,1115,1373,2972,963,400,2161,2144,1969,699,2084,1350,2489,2363,2047,1794,209,2432,754,3455
58,2896,691,1831,3333,823,3435,26,2219,2660,1516,745,899,3956,160,6652,2613,3233,2622,3899,2037,80,3015,1176,2107,710,2030,3630,96,3030,265,1869,2902,1632,803,781,5656,1252,5144,3240,3586,1259,112,3054,2599,1442,2910,2416,1369,481,2539,407,351,1188,1683,2125,1086,3001,1546,1854,2479,4665,1340,208,923,654,1116,1375,2969,963,401,2175,2142,1969,687,2084,1332,2497,2363,2049,1781,209,2445,754,3488
64,2896,691,1831,3333,823,3435,26,2219,2660,1516,745,899,3956,160,6652,2613,3233,2622,3899,2037,80,2997,1175,2095,734,2033,3618,96,3040,265,1854,2902,1621,795,787,5662,1251,5156,3236,3573,1252,112,3015,2587,1442,2913,2403,1361,482,2550,407,351,1177,1673,2127,1087,2982,1535,1842,2482,4658,1341,208,907,653,1116,1385,2972,964,401,2161,2144,1969,699,2084,1332,2495,2380,2047,1794,209,2432,754,3522
64,2896,691,1831,3333,823,3439,32,2236,2660,1505,734,888,3946,160,6642,2613,3253,2645,3910,2047,80,3011,1165,2107,721,2023,3628,96,3040,265,1856,2898,1626,805,787,5648,1250,5144,3240,3585,1252,112,3015,2585,1457,2913,2397,1361,482,2539,407,351,1177,1602,2129,1088,2997,1543,1856,2497,4615,1351,182,878,653,1118,1386,2961,964,401,2161,2144,1969,699,2084,1332,2495,2380,2047,1794,209,2432,754,3556
58,2881,691,1831,3321,807,3429,26,2219,2660,1505,745,897,3974,160,6628,2613,3212,2622,3897,2049,80,2997,1154,2120,710,2012,3631,96,3025,265,1856,2898,1626,805,787,5648,1250,5144,3240,3585,1252,112,3015,2585,1457,2913,2397,1361,482,2539,407,351,1177,1602,2129,1088,2997,1543,1856,2497,4615,1351,182,878,653,1118,1386,2961,964,401,2175,2140,1967,687,2076,1343,2497,2363,2054,1806,209,2435,756,3573
64,2896,691,1831,3321,807,3429,26,2219,2660,1505,745,897,3974,160,6628,2613,3212,2622,3897,2049,80,2997,1154,2120,710,2012,3631,96,3025,274,1856,2902,1626,805,793,5648,1247,5150,3251,3576,1253,112,3011,2591,1430,2913,2384,1373,477,2539,403,351,1188,1602,2129,1089,2997,1539,1856,2479,4615,1353,182,878,647,1129,1375,2974,964,402,2164,2146,1967,698,2074,1343,2493,2363,2050,1819,209,2448,755,3605
64,2896,693,1831,3333,833,3446,26,2233,2649,1503,734,884,3972,166,6642,2502,3224,2630,3897,2043,75,3025,993,2132,722,2023,3629,101,3044,252,1856,2902,1628,798,798,5662,1245,5156,3240,3576,1257,112,3001,2596,1441,2913,2384,1417,482,2536,402,351,1177,1589,2185,1089,2997,1546,1856,2494,4628,1357,182,880,646,1129,1375,2974,964,402,2164,2146,1967,698,2074,1343,2493,2363,2050,1819,209,2448,755,3639
64,2896,683,1829,3321,820,3430,26,2236,2649,1518,745,897,3996,171,6657,2502,3212,2630,3897,2043,75,3025,993,2132,722,2023,3629,101,3044,252,1856,2902,1628,798,798,5662,1245,5156,3240,3576,1257,112,3001,2596,1441,2913,2384,1417,482,2536,402,351,1177,1589,2185,1089,2997,1546,1856,2494,4628,1357,182,880,646,1116,1386,2974,959,402,2164,2144,1969,687,2076,1338,2500,2377,2059,1819,209,2448,759,3656
64,2896,683,1829,3321,820,3430,26,2236,2649,1518,745,897,3996,171,6657,2502,3212,2607,3884,2057,80,3025,993,2145,734,2012,3640,101,3040,253,1869,2902,1628,800,799,5662,1245,5156,3240,3576,1270,112,2997,2593,1442,2913,2397,1440,483,2550,402,351,1188,1589,2210,1089,2997,1546,1854,2494,4615,1361,182,878,646,1116,1375,2957,971,402,2161,2144,1969,687,2089,1350,2502,2363,2059,1804,209,2448,759,3689
64,2900,692,1829,3333,820,3443,32,2236,2654,1518,745,884,3983,166,6666,2500,3220,2622,3897,2050,80,3025,992,2142,733,2012,3633,96,3040,253,1856,2902,1628,800,799,5662,1245,5156,3240,3576,1270,112,2997,2593,1442,2913,2397,1440,483,2550,402,351,1188,1589,2210,1089,2997,1546,1854,2494,4615,1361,182,878,646,1116,1375,2957,971,402,2161,2144,1969,687,2089,1350,2502,2363,2059,1804,209,2461,750,3705
64,2900,692,1831,3329,833,3446,26,2233,2647,1518,745,884,4008,166,6666,2500,3220,2622,3897,2050,80,3025,992,2142,733,2012,3633,96,3040,253,1856,2902,1628,800,799,5662,1245,5137,3240,3576,1270,112,3011,2584,1444,2913,2384,1460,483,2536,402,338,1177,1602,2210,1090,2997,1543,1854,2491,4615,1362,182,878,655,1116,1386,2974,970,402,2178,2134,1969,687,2076,1351,2502,2380,2059,1831,209,2448,761,3738
64,2900,692,1831,3329,833,3446,26,2233,2647,1518,745,884,4008,166,6666,2488,3220,2619,3897,2052,80,3030,972,2148,734,2012,3627,96,3040,252,1869,2890,1628,801,800,5656,1244,5150,3240,3576,1262,112,3001,2593,1430,2910,2384,1462,483,2536,411,350,1177,1589,2212,1090,3001,1544,1854,2494,4615,1362,182,880,646,1129,1386,2974,961,402,2161,2144,1969,686,2092,1342,2504,2380,2059,1831,209,2448,761,3772
64,2914,692,1831,3333,820,3453,26,2236,2647,1518,734,884,3997,171,6666,2488,3249,2645,3897,2054,85,3030,963,2145,734,2012,3637,96,3044,252,1871,2902,1628,801,800,5670,1244,5156,3236,3576,1262,112,3001,2581,1442,2913,2384,1462,483,2539,402,351,1175,1589,2214,1090,2997,1543,1844,2494,4615,1362,182,880,646,1129,1386,2974,961,402,2161,2144,1969,686,2092,1342,2504,2377,2069,1817,209,2458,760,3805
64,2900,692,1831,3333,833,3456,32,2236,2647,1518,734,883,3973,161,6666,2488,3237,2630,3897,2052,80,3015,963,2148,722,2012,3647,96,3030,252,1856,2902,1628,801,806,5648,1244,5144,3240,3576,1272,112,3001,2581,1442,2913,2384,1462,483,2539,402,351,1175,1589,2214,1090,2997,1543,1844,2494,4615,1362,182,878,645,1116,1386,2974,971,403,2164,2142,1969,687,2076,1341,2509,2380,2067,1819,209,2448,761,3838
64,2900,692,1831,3333,833,3456,32,2236,2647,1518,734,883,3973,161,6666,2488,3237,2630,3897,2052,80,3015,963,2148,722,2012,3647,96,3030,252,1856,2902,1628,801,806,5648,1244,5144,3240,3576,1272,112,2997,2579,1430,2898,2384,1472,483,2539,402,351,1177,1589,2214,1090,3001,1534,1856,2491,4628,1362,182,880,654,1129,1386,2974,972,403,2164,2142,1967,686,2076,1342,2509,2380,2067,1819,209,2448,761,3855
64,2896,692,1831,3333,820,3456,26,2236,2647,1503,721,884,3977,166,6666,2488,3249,2622,3897,2064,80,3011,973,2145,710,2012,3647,96,3044,252,1869,2902,1626,801,800,5656,1245,5144,3247,3576,1262,112,3015,2584,1442,2913,2384,1472,483,2554,402,338,1165,1576,2214,1090,3001,1534,1856,2491,4628,1362,182,880,654,1129,1386,2974,972,403,2164,2142,1967,686,2076,1342,2509,2377,2067,1819,209,2461,761,3889
64,2900,692,1846,3333,833,3456,32,2222,2649,1505,710,884,3967,166,6666,2490,3274,2645,3897,2054,80,3015,964,2145,721,2012,3647,96,3044,243,1869,2902,1641,801,806,5670,1244,5144,3240,3572,1262,112,3015,2584,1442,2913,2384,1472,483,2554,402,338,1165,1576,2214,1090,3001,1535,1856,2494,4615,1362,177,880,655,1116,1386,2974,961,403,2164,2134,1969,687,2076,1344,2509,2380,2076,1831,209,2461,762,3923
64,2896,692,1834,3333,832,3456,32,2222,2649,1505,710,884,3967,166,6666,2490,3274,2645,3897,2054,80,3015,964,2145,721,2012,3647,96,3044,243,1869,2902,1641,801,806,5670,1244,5144,3240,3572,1262,112,3015,2584,1430,2925,2381,1482,483,2539,402,339,1177,1587,2224,1091,3001,1535,1846,2482,4615,1362,182,878,656,1130,1386,2974,972,403,2178,2144,1972,699,2089,1344,2509,2380,2078,1834,209,2448,762,3939
64,2896,692,1834,3333,832,3470,26,2236,2649,1505,722,870,3951,161,6652,2490,3249,2634,3897,2064,80,3015,964,2135,734,2012,3650,96,3044,252,1871,2902,1628,801,806,5670,1244,5144,3240,3572,1262,112,3015,2584,1430,2925,2381,1482,483,2539,402,339,1177,1587,2224,1091,3001,1535,1846,2482,4615,1362,182,878,656,1130,1386,2974,972,403,2178,2144,1972,699,2089,1344,2509,2380,2078,1834,209,2448,762,3956
64,2896,692,1834,3333,832,3470,26,2236,2649,1505,722,870,3951,161,6652,2490,3249,2634,3897,2064,80,3015,964,2135,734,2012,3650,96,3044,252,1871,2902,1628,801,800,5670,1245,5150,3228,3576,1272,112,3015,2584,1432,2910,2384,1484,483,2554,402,351,1165,1589,2224,1090,3001,1544,1846,2494,4615,1362,182,880,646,1130,1386,2974,972,403,2178,2144,1972,699,2089,1344,2509,2380,2078,1834,209,2448,762,3972
64,2914,693,1846,3333,833,3470,26,2236,2649,1505,722,870,3951,161,6652,2490,3249,2634,3897,2064,80,3015,964,2135,734,2012,3650,96,3044,252,1871,2902,1628,801,800,5670,1245,5150,3228,3576,1272,112,3015,2584,1432,2910,2384,1484,483,2554,402,351,1165,1589,2224,1090,3001,1544,1846,2494,4615,1362,182,880,646,1129,1385,2970,961,397,2164,2144,1972,686,2076,1342,2510,2377,2078,1834,209,2461,772,3988
64,2914,693,1846,3333,833,3466,26,2236,2652,1507,722,871,3961,166,6666,2500,3253,2634,3897,2064,80,3011,964,2145,722,2012,3650,96,3044,243,1871,2902,1613,801,800,5670,1245,5150,3228,3576,1272,112,3015,2584,1432,2910,2384,1484,483,2554,402,351,1165,1589,2224,1090,3001,1544,1846,2494,4615,1362,182,880,646,1129,1385,2970,961,397,2164,2144,1972,686,2076,1342,2510,2377,2078,1834,209,2461,772,4006
64,2914,693,1846,3333,833,3466,26,2236,2652,1507,722,871,3961,166,6666,2500,3253,2634,3897,2064,80,3011,964,2145,722,2012,3650,96,3044,243,1871,2902,1613,802,806,5656,1245,5144,3240,3576,1262,112,3015,2593,1432,2913,2384,1484,483,2539,411,351,1177,1578,2224,1096,3001,1535,1856,2482,4615,1362,182,880,655,1130,1386,2974,971,397,2164,2144,1972,686,2076,1342,2510,2377,2078,1834,209,2461,772,4022
59,2914,693,1834,3333,833,3470,26,2236,2652,1507,723,871,3961,166,6666,2502,3278,2645,3897,2066,80,3015,973,2135,722,2012,3650,96,3044,243,1859,2902,1628,802,806,5656,1246,5150,3240,3576,1262,112,3015,2596,1444,2913,2384,1494,483,2539,402,351,1177,1578,2224,1096,3001,1535,1856,2482,4615,1362,182,880,655,1130,1386,2974,971,403,2164,2144,1972,699,2076,1342,2509,2380,2078,1834,209,2461,772,4058
64,2900,694,1846,3344,832,3470,26,2236,2652,1507,723,871,3961,166,6666,2502,3278,2645,3897,2066,80,3015,973,2135,722,2012,3650,96,3044,243,1859,2902,1628,802,806,5656,1246,5150,3240,3576,1262,112,3015,2596,1444,2913,2384,1494,483,2539,402,351,1177,1589,2226,1090,3001,1537,1859,2482,4609,1362,182,880,656,1130,1375,2974,972,403,2164,2136,1972,699,2089,1344,2509,2380,2088,1846,209,2471,762,4073
64,2900,694,1846,3344,832,3466,26,2236,2654,1520,710,871,3941,171,6666,2511,3278,2645,3897,2056,80,3015,974,2135,710,2012,3650,96,3044,253,1871,2902,1626,802,806,5648,1247,5150,3240,3559,1263,112,3020,2596,1444,2913,2384,1494,483,2539,402,351,1177,1589,2226,1090,3001,1537,1859,2482,4609,1362,182,880,656,1130,1375,2974,972,403,2164,2136,1972,699,2089,1344,2509,2380,2088,1846,209,2471,762,4089
64,2914,684,1834,3333,833,3460,26,2236,2654,1507,710,858,3955,171,6666,2511,3278,2645,3897,2056,80,3015,974,2135,710,2012,3650,96,3044,253,1871,2902,1626,802,806,5648,1247,5150,3240,3559,1263,112,3020,2596,1444,2913,2384,1494,483,2539,402,339,1177,1589,2236,1090,3015,1537,1859,2482,4615,1364,182,880,646,1118,1386,2974,972,403,2164,2138,1972,699,2076,1345,2510,2380,2099,1846,221,2461,762,4122
64,2914,684,1834,3333,833,3460,26,2236,2654,1507,710,858,3955,166,6652,2502,3266,2645,3910,2068,86,3015,975,2148,733,2012,3664,96,3044,253,1871,2902,1628,803,811,5656,1246,5157,3240,3576,1263,112,3015,2589,1444,2913,2384,1495,484,2543,403,351,1177,1576,2228,1096,3001,1538,1861,2494,4615,1364,182,880,647,1130,1386,2974,973,397,2164,2136,1959,687,2076,1345,2514,2380,2091,1846,209,2461,762,4155
64,2914,684,1834,3333,833,3463,26,2236,2654,1507,710,858,3955,172,6666,2504,3291,2657,3897,2068,80,3015,974,2135,710,2012,3664,96,3049,253,1871,2902,1628,803,806,5656,1247,5150,3240,3576,1265,112,3015,2598,1444,2913,2387,1495,483,2554,412,339,1165,1576,2238,1091,3001,1537,1859,2482,4634,1364,182,880,647,1130,1386,2974,973,397,2164,2136,1959,687,2076,1345,2514,2380,2091,1846,209,2458,763,4188
69,2914,693,1834,3344,834,3483,32,2236,2654,1507,711,872,3955,172,6666,2504,3291,2657,3897,2068,80,3015,974,2135,710,2012,3664,96,3049,253,1871,2902,1628,803,806,5656,1247,5150,3240,3576,1265,112,3015,2598,1444,2913,2387,1495,483,2554,412,339,1165,1576,2238,1091,3001,1537,1859,2482,4634,1375,182,880,647,1132,1386,2957,964,403,2164,2136,1972,687,2079,1346,2516,2384,2112,1859,209,2474,773,4205
69,2914,693,1834,3344,834,3483,32,2236,2654,1507,711,872,3955,166,6676,2502,3295,2657,3910,2068,80,3015,974,2148,722,2012,3654,96,3044,243,1859,2902,1628,803,811,5656,1246,5138,3240,3564,1255,112,3015,2596,1444,2913,2384,1495,483,2539,393,339,1177,1589,2238,1096,3015,1546,1859,2482,4615,1365,182,880,647,1130,1386,2974,973,397,2164,2136,1972,687,2076,1345,2514,2380,2099,1859,209,2474,773,4239
64,2914,694,1844,3333,833,3473,26,2236,2652,1507,710,871,3945,166,6666,2504,3278,2645,3897,2058,80,3015,974,2148,723,2025,3654,96,3044,243,1859,2902,1628,803,811,5656,1246,5138,3240,3564,1255,112,3015,2596,1444,2913,2384,1495,483,2539,393,339,1177,1589,2238,1096,3015,1546,1859,2482,4615,1365,182,880,647,1130,1386,2974,973,397,2164,2136,1972,687,2076,1345,2514,2380,2099,1859,209,2461,763,4255
64,2914,693,1846,3344,833,3473,26,2236,2652,1507,710,871,3945,166,6666,2504,3278,2645,3897,2058,80,3015,974,2148,723,2025,3654,96,3044,253,1871,2898,1628,803,806,5656,1246,5150,3240,3564,1265,112,3015,2586,1444,2913,2384,1495,483,2539,402,351,1188,1589,2241,1096,3015,1538,1859,2494,4602,1366,182,880,646,1130,1386,2974,974,397,2150,2138,1972,687,2076,1335,2516,2380,2101,1846,209,2461,763,4289
64,2914,693,1846,3344,833,3473,26,2236,2652,1505,710,858,3945,166,6666,2502,3278,2645,3910,2070,85,3015,964,2148,734,2025,3654,96,3044,243,1871,2902,1628,803,805,5656,1247,5150,3236,3576,1265,112,3015,2586,1444,2913,2384,1495,483,2539,402,351,1188,1589,2241,1096,3015,1538,1859,2494,4602,1366,182,880,646,1130,1386,2974,974,397,2150,2138,1972,687,2076,1335,2516,2380,2101,1846,209,2461,763,4305
64,2900,693,1846,3341,833,3473,26,2236,2661,1507,710,858,3935,166,6666,2523,3283,2645,3910,2058,75,3015,984,2135,722,2025,3654,96,3044,243,1871,2902,1628,803,805,5656,1247,5150,3236,3576,1265,112,3015,2589,1432,2913,2384,1495,483,2539,403,351,1177,1576,2238,1096,3015,1546,1859,2482,4615,1365,182,880,647,1130,1375,2974,973,397,2178,2127,1972,687,2076,1344,2509,2380,2089,1846,209,2461,763,4338
64,2900,693,1846,3341,833,3473,26,2236,2661,1507,710,858,3935,166,6666,2523,3283,2645,3910,2058,75,3015,984,2135,722,2025,3644,96,3044,243,1861,2905,1628,804,805,5656,1247,5150,3240,3576,1275,112,3015,2596,1444,2913,2384,1495,483,2539,402,339,1177,1589,2238,1090,3015,1546,1859,2482,4615,1365,182,880,647,1130,1375,2974,973,397,2178,2127,1972,687,2076,1344,2509,2380,2089,1846,209,2461,763,4355
64,2900,694,1834,3344,833,3483,26,2236,2654,1507,710,860,3935,166,6666,2511,3278,2657,3915,2060,80,3015,985,2135,734,2028,3644,96,3030,243,1859,2913,1630,803,811,5679,1246,5138,3243,3581,1275,112,3015,2596,1444,2913,2384,1495,483,2539,402,339,1177,1589,2238,1090,3015,1537,1859,2482,4603,1365,182,880,646,1130,1388,2978,973,397,2164,2136,1974,687,2079,1345,2514,2380,2089,1859,209,2461,763,4388
64,2900,694,1834,3344,833,3483,26,2236,2654,1507,710,860,3935,166,6666,2511,3278,2657,3915,2060,80,3015,985,2135,734,2028,3644,96,3030,243,1859,2913,1630,803,811,5679,1246,5138,3243,3581,1275,118,3015,2586,1432,2913,2384,1497,483,2554,403,352,1177,1589,2251,1096,3015,1537,1846,2482,4615,1375,177,880,647,1130,1388,2974,974,397,2167,2129,1959,687,2079,1345,2514,2380,2089,1859,209,2461,763,4406
64,2914,694,1846,3333,833,3483,32,2239,2661,1509,711,860,3949,166,6681,2500,3270,2657,3910,2060,80,3015,974,2138,722,2041,3644,96,3044,253,1871,2913,1630,804,805,5656,1246,5157,3240,3581,1266,112,3015,2596,1446,2913,2384,1497,483,2539,403,351,1177,1589,2251,1096,3015,1537,1846,2482,4615,1375,177,880,647,1130,1388,2974,974,397,2167,2129,1959,687,2076,1336,2509,2380,2091,1846,209,2461,773,4438
64,2914,694,1846,3333,833,3483,32,2239,2661,1509,711,860,3949,166,6681,2500,3270,2657,3910,2060,80,3015,974,2138,722,2041,3644,96,3044,253,1871,2913,1630,804,805,5656,1246,5157,3240,3581,1266,112,3015,2596,1446,2913,2384,1497,483,2539,403,351,1177,1576,2248,1096,3001,1537,1859,2479,4621,1375,182,881,646,1119,1386,2974,974,397,2164,2138,1972,687,2079,1336,2516,2380,2099,1874,209,2461,773,4455
64,2914,693,1846,3337,833,3493,26,2225,2652,1496,710,858,3929,166,6666,2500,3266,2645,3915,2060,80,3034,974,2148,722,2041,3658,96,3049,253,1874,2902,1628,804,806,5670,1246,5150,3240,3564,1265,112,3015,2598,1444,2913,2384,1506,478,2539,402,339,1177,1576,2248,1096,3001,1537,1859,2479,4621,1375,182,881,646,1119,1386,2974,974,397,2164,2138,1972,687,2079,1336,2516,2380,2099,1874,209,2461,773,4472
59,2919,693,1846,3337,833,3493,26,2225,2652,1496,710,858,3929,166,6666,2500,3266,2645,3915,2060,80,3034,974,2148,722,2041,3658,96,3049,253,1874,2902,1628,804,806,5670,1246,5150,3240,3564,1265,112,3015,2598,1444,2913,2384,1506,478,2539,402,339,1177,1576,2251,1096,3001,1537,1859,2482,4621,1375,182,880,646,1118,1375,2978,975,403,2164,2138,1972,687,2076,1336,2514,2380,2089,1861,209,2464,773,4489
59,2919,692,1849,3344,833,3473,26,2236,2652,1509,699,858,3935,166,6666,2509,3283,2648,3910,2060,80,3011,974,2135,722,2025,3654,96,3030,253,1874,2902,1628,804,806,5670,1246,5150,3240,3564,1265,112,3015,2598,1444,2913,2384,1506,478,2539,402,339,1177,1576,2251,1096,3001,1537,1859,2482,4621,1375,182,880,646,1118,1375,2978,975,403,2164,2138,1972,687,2076,1336,2514,2380,2089,1861,209,2464,773,4506
59,2919,692,1849,3344,833,3473,26,2236,2652,1509,699,858,3935,166,6666,2509,3283,2648,3910,2060,80,3011,974,2135,722,2025,3654,96,3030,253,1861,2902,1628,803,806,5670,1245,5157,3243,3568,1265,112,3015,2586,1433,2913,2371,1495,478,2539,403,352,1177,1591,2238,1096,3001,1537,1861,2482,4608,1366,182,867,646,1119,1386,2974,974,403,2164,2125,1962,687,2076,1336,2516,2380,2099,1874,221,2464,773,4539
64,2914,692,1849,3337,833,3477,26,2239,2661,1509,710,871,3929,166,6676,2500,3270,2645,3915,2060,80,3015,984,2150,723,2025,3664,96,3044,243,1874,2905,1630,803,806,5670,1245,5157,3243,3568,1265,112,3015,2586,1433,2913,2371,1495,478,2539,403,352,1177,1591,2238,1096,3001,1537,1861,2482,4608,1366,182,867,646,1119,1386,2974,974,403,2164,2125,1962,687,2076,1336,2516,2380,2099,1874,221,2461,773,4555
64,2914,694,1849,3344,833,3477,26,2239,2652,1522,711,860,3933,166,6676,2500,3270,2645,3915,2060,80,3015,984,2150,723,2025,3664,96,3044,243,1874,2905,1630,804,811,5664,1246,5157,3243,3581,1276,112,3034,2596,1446,2917,2387,1507,483,2539,402,352,1177,1591,2241,1096,3015,1537,1849,2482,4615,1376,182,880,646,1119,1386,2978,974,397,2164,2136,1974,687,2079,1346,2514,2380,2099,1874,221,2464,773,4589
64,2914,694,1849,3344,833,3477,26,2239,2652,1522,711,860,3933,166,6652,2500,3266,2645,3915,2062,80,3001,984,2141,722,2041,3661,96,3030,253,1861,2902,1628,804,806,5656,1247,5144,3240,3568,1266,112,3015,2586,1433,2913,2387,1509,483,2539,402,352,1177,1591,2243,1096,3015,1535,1861,2482,4615,1378,182,880,646,1132,1375,2974,974,403,2182,2134,1974,687,2079,1338,2516,2380,2099,1874,209,2464,773,4622
64,2929,693,1849,3344,833,3490,26,2236,2649,1494,699,847,3933,166,6642,2502,3274,2634,3915,2062,75,3001,974,2135,722,2028,3661,96,3044,253,1861,2902,1643,804,812,5670,1255,5157,3240,3586,1267,112,3020,2596,1446,2913,2387,1509,483,2539,402,339,1177,1591,2253,1096,3001,1538,1859,2482,4621,1378,182,880,646,1132,1375,2974,974,403,2182,2134,1974,687,2079,1338,2516,2380,2099,1874,209,2461,763,4655
59,2914,692,1836,3344,833,3480,26,2236,2652,1507,710,860,3933,166,6666,2490,3257,2622,3910,2062,80,3020,974,2141,710,2025,3648,102,3044,253,1863,2905,1630,804,806,5656,1255,5151,3243,3564,1267,112,3015,2596,1433,2913,2387,1509,483,2539,402,339,1177,1591,2253,1096,3001,1538,1859,2482,4621,1366,182,880,646,1119,1386,2978,974,403,2164,2134,1962,687,2079,1348,2516,2380,2097,1884,209,2464,763,4688
64,2919,692,1849,3344,833,3490,26,2222,2652,1509,699,860,3953,172,6666,2502,3257,2634,3910,2062,80,3001,974,2150,722,2025,3661,96,3044,253,1863,2905,1630,804,806,5656,1255,5151,3243,3564,1267,112,3015,2596,1433,2913,2387,1498,483,2554,402,352,1188,1578,2253,1102,3001,1537,1861,2482,4621,1369,182,880,646,1119,1386,2978,975,397,2167,2127,1974,687,2066,1348,2516,2398,2099,1899,209,2464,774,4722
64,2919,692,1849,3344,833,3490,26,2222,2652,1509,699,860,3953,172,6666,2502,3257,2634,3910,2062,80,3001,974,2150,722,2025,3661,96,3044,253,1874,2913,1628,804,806,5656,1246,5144,3228,3573,1277,112,3015,2586,1433,2913,2371,1509,483,2539,402,340,1188,1591,2255,1096,3015,1535,1861,2482,4621,1369,182,880,646,1119,1386,2978,975,397,2167,2127,1974,687,2066,1348,2516,2398,2099,1899,209,2464,774,4738
64,2914,692,1838,3333,834,3484,32,2239,2661,1509,699,860,3953,172,6666,2502,3257,2634,3910,2062,80,3001,974,2150,722,2025,3661,96,3044,253,1874,2913,1628,804,806,5656,1246,5144,3228,3573,1277,112,3015,2586,1433,2913,2371,1509,483,2539,402,340,1188,1591,2255,1096,3015,1535,1861,2482,4621,1378,182,880,646,1120,1386,2978,975,403,2164,2127,1962,699,2079,1338,2514,2380,2108,1901,209,2464,774,4755
64,2914,692,1838,3333,834,3484,32,2239,2661,1522,699,858,3943,166,6666,2502,3270,2634,3915,2062,80,3015,974,2150,722,2028,3661,96,3049,253,1874,2905,1630,804,806,5670,1255,5151,3232,3581,1267,112,3015,2596,1433,2913,2387,1509,478,2554,402,352,1177,1591,2253,1096,3020,1537,1863,2482,4621,1369,182,880,646,1133,1375,2978,975,397,2164,2125,1964,699,2079,1338,2514,2380,2108,1901,209,2464,774,4788
64,2914,693,1836,3337,834,3480,26,2236,2652,1511,710,860,3953,161,6652,2502,3270,2634,3915,2062,80,3015,974,2150,722,2028,3661,96,3049,253,1874,2905,1630,804,806,5670,1255,5151,3232,3581,1267,112,3015,2596,1433,2913,2387,1509,478,2554,402,352,1177,1591,2253,1096,3020,1537,1863,2482,4621,1369,182,880,646,1133,1375,2978,975,397,2164,2125,1964,699,2079,1348,2514,2395,2108,1914,221,2464,764,4806
64,2914,694,1851,3344,834,3474,32,2239,2664,1511,710,860,3953,161,6652,2502,3270,2634,3915,2062,80,3015,974,2141,722,2028,3651,102,3044,243,1863,2902,1632,804,806,5656,1255,5151,3243,3581,1277,112,3020,2596,1435,2913,2390,1509,483,2539,402,340,1188,1578,2255,1102,3015,1537,1851,2494,4615,1368,182,865,646,1119,1375,2982,975,397,2164,2136,1974,687,2079,1348,2514,2398,2108,1914,210,2464,765,4838
64,2914,694,1851,3344,834,3474,32,2239,2664,1509,710,872,3967,166,6652,2502,3287,2634,3915,2062,80,3001,984,2150,722,2028,3665,96,3044,253,1876,2917,1630,805,806,5670,1246,5151,3243,3581,1277,112,3020,2596,1435,2913,2390,1509,483,2539,402,340,1188,1578,2255,1102,3015,1537,1851,2494,4615,1368,182,865,646,1119,1375,2982,975,397,2164,2136,1974,687,2079,1348,2514,2398,2108,1914,210,2464,765,4855
69,2919,693,1851,3333,834,3480,32,2236,2649,1523,710,872,3987,166,6661,2504,3220,2610,3920,2066,80,3001,984,2150,722,2028,3665,96,3044,253,1876,2917,1630,805,806,5670,1246,5144,3228,3568,1267,112,3015,2598,1448,2913,2374,1510,483,2557,402,352,1177,1591,2253,1101,3020,1538,1861,2482,4621,1368,182,880,646,1133,1386,2965,975,397,2164,2127,1962,687,2079,1338,2514,2395,2108,1924,209,2464,775,4889
64,2914,693,1851,3333,834,3480,32,2236,2649,1523,710,872,3987,166,6661,2504,3220,2610,3920,2066,80,3001,974,2141,722,2041,3655,96,3044,252,1861,2902,1630,805,811,5656,1246,5144,3228,3568,1268,112,3015,2596,1435,2902,2387,1510,483,2536,402,339,1177,1591,2255,1096,3015,1537,1861,2482,4621,1368,182,880,646,1132,1375,2965,976,397,2164,2127,1974,687,2076,1339,2508,2395,2108,1911,221,2464,774,4922
64,2914,694,1836,3333,835,3474,26,2236,2661,1509,710,860,3981,166,6652,2511,3245,2622,3915,2064,80,3001,984,2141,722,2028,3661,96,3044,243,1874,2902,1628,805,806,5656,1247,5144,3228,3568,1268,112,3015,2596,1435,2902,2387,1510,483,2536,402,339,1177,1591,2255,1096,3015,1537,1861,2482,4621,1368,182,880,646,1132,1375,2965,976,397,2164,2127,1974,687,2076,1339,2508,2395,2108,1911,221,2464,774,4938
64,2914,694,1836,3333,835,3474,26,2236,2661,1509,710,860,3981,166,6652,2511,3245,2622,3915,2064,80,3001,984,2141,722,2028,3661,96,3044,243,1874,2902,1628,805,806,5656,1247,5163,3240,3581,1278,112,3015,2589,1435,2902,2374,1510,483,2539,402,352,1177,1591,2255,1096,3020,1538,1861,2482,4621,1368,182,880,646,1119,1386,2982,976,397,2164,2127,1974,687,2076,1339,2508,2395,2108,1911,221,2464,774,4955
64,2914,684,1849,3356,834,3477,26,2239,2661,1523,710,860,3981,166,6666,2502,3257,2634,3915,2064,80,3015,974,2141,734,2043,3669,96,3049,252,1876,2913,1630,806,811,5670,1245,5163,3240,3586,1278,112,3015,2596,1448,2902,2387,1510,483,2539,402,352,1177,1591,2255,1096,3020,1538,1861,2482,4621,1368,182,880,646,1119,1386,2982,976,397,2164,2127,1974,687,2079,1339,2514,2395,2110,1937,209,2467,776,4988
69,2929,693,1849,3344,821,3467,26,2236,2661,1511,710,874,3987,166,6652,2492,3249,2622,3915,2066,80,3020,973,2141,722,2028,3669,102,3044,253,1876,2902,1617,806,811,5670,1245,5163,3240,3586,1278,112,3015,2596,1448,2902,2387,1510,483,2554,402,352,1177,1591,2255,1101,3020,1537,1863,2482,4627,1368,177,865,646,1119,1386,2978,975,397,2164,2136,1977,688,2082,1349,2514,2395,2108,1952,209,2464,776,5022
64,2914,683,1838,3344,835,3464,26,2236,2661,1511,710,860,3977,166,6652,2492,3249,2622,3915,2066,80,3020,973,2141,722,2028,3669,102,3044,253,1876,2902,1617,805,805,5679,1246,5163,3240,3581,1268,112,3020,2584,1446,2902,2374,1519,483,2539,402,340,1177,1578,2265,1095,3001,1535,1863,2482,4621,1368,182,880,646,1133,1386,2965,976,397,2164,2127,1977,687,2082,1349,2502,2395,2099,1964,209,2451,765,5055
64,2914,683,1838,3344,835,3464,26,2236,2661,1511,710,860,3977,166,6652,2502,3249,2622,3915,2064,80,3001,965,2141,722,2030,3659,96,3044,253,1876,2913,1632,806,810,5670,1255,5151,3228,3581,1268,112,3015,2593,1435,2913,2374,1522,477,2539,402,352,1188,1591,2265,1100,3001,1537,1863,2485,4621,1370,182,881,646,1119,1388,2978,976,397,2164,2127,1977,687,2079,1340,2508,2398,2108,1977,209,2451,765,5088
64,2914,692,1851,3333,821,3474,26,2239,2661,1511,710,885,4002,166,6652,2502,3261,2625,3920,2066,80,3020,965,2141,722,2028,3659,102,3030,253,1876,2913,1632,806,810,5670,1255,5151,3228,3581,1268,112,3015,2593,1435,2913,2374,1522,477,2539,402,352,1188,1591,2265,1100,3001,1537,1863,2485,4621,1370,182,881,646,1119,1388,2978,976,397,2164,2127,1977,687,2079,1340,2508,2398,2108,1977,209,2448,765,5106
64,2929,692,1838,3333,834,3474,26,2239,2661,1511,710,874,3997,166,6652,2502,3261,2625,3920,2066,80,3020,965,2141,722,2028,3659,102,3030,252,1874,2913,1630,805,805,5656,1245,5151,3232,3581,1268,112,3015,2596,1435,2902,2374,1522,483,2539,402,352,1178,1593,2255,1095,3001,1537,1866,2482,4634,1369,182,880,646,1122,1386,2978,976,402,2164,2136,1964,687,2079,1350,2506,2395,2108,1989,209,2451,765,5138
64,2929,692,1838,3333,834,3474,26,2239,2661,1511,710,874,3997,166,6652,2502,3236,2622,3902,2064,80,3020,964,2141,722,2015,3659,96,3049,253,1863,2902,1630,806,806,5679,1246,5151,3224,3581,1268,112,3015,2584,1435,2902,2387,1510,483,2554,402,352,1177,1591,2265,1102,3020,1546,1863,2482,4621,1369,182,880,646,1133,1386,2982,976,397,2164,2138,1977,688,2079,1349,2514,2395,2108,1989,209,2451,765,5171
64,2919,693,1836,3333,834,3474,26,2236,2659,1511,710,886,3997,166,6652,2502,3249,2610,3915,2064,80,2987,965,2153,710,2028,3655,96,3044,243,1876,2913,1632,796,806,5662,1246,5151,3228,3568,1270,112,3011,2596,1435,2902,2387,1520,478,2539,402,352,1177,1591,2268,1096,3015,1537,1863,2482,4627,1369,182,880,646,1133,1386,2982,976,397,2164,2138,1977,688,2079,1349,2514,2377,2097,2002,209,2451,765,5205
59,2929,693,1838,3333,821,3471,26,2236,2661,1511,722,872,4012,166,6652,2514,3240,2622,3915,2066,80,2987,975,2141,722,2030,3662,96,3040,253,1876,2902,1630,806,806,5670,1246,5151,3240,3568,1260,112,3011,2598,1435,2902,2387,1520,478,2539,402,352,1177,1591,2268,1096,3015,1537,1863,2482,4627,1370,182,880,646,1120,1385,2982,977,397,2164,2129,1964,686,2066,1342,2514,2395,2108,2015,209,2439,766,5239
59,2929,693,1838,3333,821,3471,26,2236,2661,1511,722,872,4012,166,6652,2514,3240,2622,3915,2066,80,2987,975,2141,722,2030,3662,96,3040,253,1876,2902,1630,806,806,5670,1246,5151,3240,3568,1260,112,3011,2598,1435,2902,2377,1532,483,2536,402,352,1177,1591,2268,1100,3015,1537,1866,2482,4621,1370,182,865,646,1120,1375,2998,988,397,2164,2129,1964,687,2066,1342,2509,2395,2108,2015,209,2439,766,5256
64,2929,693,1841,3333,835,3471,26,2236,2671,1513,710,872,4006,171,6652,2514,3253,2625,3915,2068,80,3579,984,2166,710,2030,3662,96,3028,253,1863,2913,1630,808,811,5670,1247,5151,3240,3586,1271,112,3015,2589,1437,2902,2374,1533,483,2554,402,353,1177,1593,2282,1101,3015,1537,1866,2482,4621,1370,182,865,646,1120,1375,2998,988,397,2164,2129,1964,687,2066,1342,2509,2395,2108,2027,209,2451,756,5288
64,2914,693,1841,3333,822,3468,26,2233,2664,1500,710,874,4014,161,6637,2514,3253,2610,3920,2072,80,3001,984,2156,734,2028,3660,96,3014,253,1868,2913,1619,809,806,5637,1257,5164,3240,3586,1284,112,3015,2589,1437,2902,2374,1533,483,2554,402,353,1177,1593,2282,1101,3015,1537,1866,2482,4614,1373,182,864,646,1134,1386,2978,989,397,2164,2129,1967,687,2069,1344,2509,2395,2099,2068,209,2439,768,5322
59,2913,694,1841,3333,835,3475,32,2231,2661,1513,710,874,4002,161,6521,2514,3240,2625,3920,2068,112,3001,984,2156,734,2028,3660,96,3014,253,1868,2913,1619,809,806,5637,1257,5164,3240,3586,1284,112,3028,2596,1437,2902,2377,1568,483,2550,403,353,1177,1578,2315,1101,3014,1538,1866,2482,4621,1377,182,884,647,1123,1375,2982,992,397,2159,2138,1969,687,2082,1347,2509,2391,2101,2093,209,2442,759,5355
64,2913,684,1841,3344,835,3475,32,2231,2661,1513,710,874,4002,161,6521,2514,3240,2625,3920,2068,112,3594,984,2159,734,2030,3657,96,3028,253,1881,2902,1632,810,806,5637,1257,5164,3240,3568,1277,118,3014,2598,1452,2902,2377,1622,483,2536,403,340,1178,1580,2342,1101,3014,1538,1868,2482,4627,1389,182,869,647,1123,1386,2982,993,397,2173,2129,1982,700,2079,1348,2509,2391,2110,2118,209,2442,760,5389
64,2913,684,1841,3344,835,3468,26,2228,2664,1515,710,874,4010,161,6507,2507,3232,2613,3920,2071,112,3594,994,2156,734,2030,3664,96,3028,253,1881,2913,1632,802,811,5637,1247,5145,3240,3573,1289,112,3014,2600,1439,2902,2377,1634,483,2532,403,340,1177,1580,2365,1101,3010,1538,1868,2482,4627,1390,177,884,647,1136,1386,2982,984,397,2173,2129,1982,700,2079,1348,2509,2391,2110,2118,209,2442,760,5421
64,2913,694,1858,3348,835,3472,26,2231,2664,1515,710,874,4004,161,6521,2504,3232,2599,3920,2060,112,3589,994,2159,734,2030,3658,96,3028,243,1868,2913,1619,802,806,5637,1257,5164,3240,3573,1300,112,3014,2589,1441,2902,2377,1658,483,2536,403,341,1177,1580,2365,1101,3010,1538,1868,2482,4627,1390,177,884,647,1136,1386,2982,984,397,2173,2129,1982,687,2082,1351,2502,2391,2101,2146,209,2429,761,5455
64,2913,694,1856,3344,835,3468,26,2246,2673,1515,722,874,4012,155,6521,2504,3232,2599,3920,2067,112,3594,975,2159,722,2030,3669,96,3028,243,1871,2913,1617,802,806,5637,1257,5164,3240,3573,1300,112,3014,2589,1441,2902,2377,1658,483,2536,403,341,1177,1578,2378,1101,3014,1539,1871,2482,4627,1390,182,884,647,1123,1388,2978,997,397,2170,2138,1969,687,2069,1354,2509,2391,2110,2159,209,2429,762,5488
64,2913,694,1856,3344,835,3468,26,2246,2673,1515,722,874,4012,155,6521,2504,3232,2599,3920,2067,112,3594,975,2159,722,2030,3669,96,3028,243,1871,2913,1617,804,800,5629,1247,5170,3232,3586,1294,112,3014,2598,1452,2902,2365,1690,483,2532,403,340,1177,1578,2403,1096,3014,1538,1871,2482,4627,1396,182,884,647,1123,1388,2978,997,397,2170,2138,1969,687,2069,1354,2509,2391,2110,2159,209,2429,762,5505
64,2908,694,1856,3348,822,3469,26,2231,2654,1517,710,874,4010,155,6521,2504,3232,2599,3907,2063,112,3594,984,2171,734,2030,3667,96,3028,253,1871,2905,1632,806,806,5637,1257,5158,3243,3573,1308,112,3014,2589,1441,2905,2365,1716,483,2532,403,340,1177,1578,2403,1096,3014,1538,1871,2482,4627,1396,182,884,647,1123,1375,2982,998,397,2159,2129,1972,688,2082,1355,2509,2376,2101,2187,209,2429,755,5538
64,2908,694,1856,3348,822,3469,26,2231,2654,1517,710,874,4010,155,6521,2504,3232,2599,3907,2063,112,3594,984,2171,734,2030,3667,96,3028,253,1871,2905,1632,806,806,5637,1257,5158,3243,3573,1308,112,3014,2589,1441,2905,2365,1716,483,2547,412,353,1188,1568,2443,1102,3014,1547,1868,2482,4627,1411,177,884,647,1137,1388,2982,1001,403,2177,2140,1972,687,2066,1349,2512,2391,2110,2184,221,2429,755,5555
64,2913,694,1858,3344,822,3469,26,2246,2664,1517,722,874,4018,155,6521,2507,3223,2599,3907,2065,112,3608,984,2159,722,2017,3660,102,3033,253,1871,2913,1632,808,806,5637,1258,5164,3228,3573,1310,112,3014,2591,1441,2890,2365,1748,483,2536,403,340,1178,1568,2453,1102,3014,1538,1871,2482,4614,1411,177,870,647,1137,1388,2982,1001,403,2177,2140,1972,687,2066,1349,2512,2391,2110,2184,221,2429,755,5588
64,2917,694,1845,3333,821,3476,26,2231,2666,1518,710,874,4010,156,6521,2507,3223,2599,3907,2061,112,3594,985,2164,710,2030,3663,96,3028,243,1871,2913,1632,806,806,5637,1258,5158,3240,3573,1306,112,3014,2589,1430,2890,2365,1748,483,2536,403,340,1178,1568,2453,1102,3014,1538,1871,2482,4614,1411,177,870,647,1136,1375,2982,1011,398,2173,2138,1982,687,2069,1348,2510,2394,2101,2199,209,2429,755,5621
64,2917,694,1845,3333,821,3476,26,2231,2666,1518,710,874,4010,156,6521,2507,3223,2599,3907,2061,112,3594,985,2164,710,2030,3663,96,3028,243,1871,2913,1632,806,806,5637,1258,5158,3240,3573,1306,112,3014,2589,1430,2902,2365,1714,484,2536,403,354,1188,1580,2448,1102,3014,1539,1858,2482,4614,1396,182,869,647,1139,1386,2994,1010,398,2159,2129,1972,687,2082,1357,2512,2394,2101,2199,209,2429,755,5638
59,2927,695,1845,3344,835,3469,26,2231,2664,1518,710,874,4034,156,6507,2507,3240,2610,3920,2071,113,3603,994,2164,722,2030,3663,96,3028,243,1871,2913,1632,806,806,5637,1258,5158,3240,3573,1306,112,3014,2589,1430,2902,2365,1714,484,2536,403,354,1188,1580,2448,1102,3014,1539,1858,2482,4614,1396,182,869,647,1139,1386,2994,1010,398,2159,2129,1972,687,2082,1357,2512,2391,2103,2227,198,2416,755,5655
64,2917,694,1863,3344,835,3480,26,2231,2664,1518,710,874,4034,156,6507,2507,3240,2610,3920,2071,113,3603,994,2164,722,2028,3667,96,3014,253,1875,2917,1632,817,806,5637,1258,5164,3240,3586,1310,113,3014,2598,1443,2890,2352,1748,484,2536,403,341,1177,1568,2464,1102,3014,1547,1860,2482,4614,1412,182,884,657,1139,1375,2982,1003,403,2159,2140,1989,688,2082,1361,2518,2376,2103,2237,209,2416,757,5688
64,2917,694,1863,3344,835,3480,26,2231,2664,1517,710,874,4004,155,6507,2497,3227,2599,3907,2065,113,3594,985,2167,722,2030,3667,96,3033,253,1873,2913,1632,806,807,5637,1258,5171,3240,3586,1295,113,3014,2598,1443,2890,2352,1748,484,2536,403,341,1177,1568,2464,1102,3014,1547,1860,2482,4614,1412,182,884,657,1139,1375,2982,1003,403,2159,2140,1989,688,2082,1361,2518,2376,2103,2237,209,2416,757,5705
64,2913,694,1848,3344,835,3476,26,2231,2657,1531,710,874,4022,155,6521,2509,3227,2599,3925,2067,112,3608,985,2167,734,2030,3667,96,3033,253,1873,2913,1632,806,807,5637,1258,5171,3240,3586,1295,112,3014,2600,1443,2902,2365,1726,484,2550,403,341,1177,1566,2441,1103,3014,1549,1875,2482,4627,1399,182,884,657,1126,1386,2982,1012,398,2173,2138,1989,699,2069,1349,2513,2376,2101,2253,209,2419,756,5738
64,2913,694,1848,3344,835,3476,26,2231,2657,1531,710,874,4022,155,6521,2509,3227,2599,3925,2067,112,3608,985,2167,734,2028,3660,96,3028,244,1873,2902,1645,807,801,5637,1258,5151,3240,3573,1299,113,3014,2600,1444,2905,2377,1748,478,2532,404,354,1177,1568,2464,1103,3014,1549,1875,2482,4627,1399,182,884,657,1126,1386,2982,1012,398,2173,2138,1989,699,2069,1349,2513,2376,2101,2253,209,2419,756,5755
64,2927,694,1860,3360,835,3483,26,2231,2666,1531,710,874,4028,161,6531,2507,3244,2599,3920,2075,112,3608,995,2164,734,2030,3670,96,3028,253,1875,2913,1632,807,806,5623,1248,5151,3240,3573,1299,113,3014,2600,1444,2905,2377,1748,478,2532,404,354,1177,1568,2464,1103,3014,1539,1860,2482,4614,1400,182,869,647,1139,1386,2994,1013,403,2173,2140,1989,687,2066,1358,2512,2391,2103,2256,209,2426,756,5788
64,2927,694,1860,3360,835,3483,26,2231,2666,1531,710,874,4028,161,6531,2507,3244,2599,3920,2075,112,3608,995,2164,734,2030,3670,96,3028,253,1875,2913,1632,807,806,5623,1248,5171,3240,3568,1308,113,3014,2591,1443,2902,2365,1728,484,2536,403,341,1177,1568,2443,1103,3014,1538,1875,2482,4614,1400,182,869,647,1140,1386,2994,1011,403,2159,2140,1974,687,2066,1358,2512,2391,2103,2256,209,2426,756,5805
64,2913,694,1863,3333,835,3480,26,2231,2676,1520,710,861,4022,155,6507,2504,3202,2587,3907,2075,113,3594,985,2177,722,2043,3674,96,3028,243,1875,2913,1619,799,807,5637,1248,5158,3228,3573,1310,113,3014,2600,1443,2902,2365,1748,484,2536,403,354,1178,1568,2443,1103,3014,1538,1875,2482,4614,1400,182,869,647,1140,1386,2994,1011,403,2159,2140,1974,687,2069,1349,2512,2391,2103,2278,209,2416,756,5838
64,2913,694,1863,3333,835,3480,26,2231,2676,1520,710,861,4022,155,6507,2504,3202,2587,3907,2075,113,3594,985,2177,722,2043,3674,96,3028,243,1875,2913,1619,799,807,5637,1248,5158,3228,3573,1310,113,3014,2600,1443,2902,2365,1748,484,2536,403,354,1178,1566,2479,1103,3028,1538,1875,2485,4614,1402,182,869,647,1139,1375,2991,1014,398,2159,2131,1987,687,2069,1361,2512,2376,2105,2278,209,2416,757,5855
64,2913,694,1848,3344,822,3476,26,2246,2664,1506,710,861,4022,161,6507,2518,3227,2599,3920,2075,112,3608,995,2167,734,2030,3664,96,3028,253,1873,2905,1619,809,806,5637,1248,5164,3240,3573,1301,112,3014,2591,1444,2902,2365,1762,484,2536,403,342,1166,1568,2469,1103,3014,1547,1878,2482,4614,1413,182,869,647,1140,1386,2994,1015,398,2159,2131,1987,687,2069,1361,2512,2376,2105,2278,209,2416,757,5888
64,2927,694,1863,3344,822,3476,26,2231,2676,1520,710,874,4041,156,6521,2507,3219,2599,3920,2075,112,3608,995,2167,734,2030,3664,96,3028,253,1873,2905,1619,809,806,5637,1248,5164,3240,3573,1301,112,3014,2591,1444,2902,2365,1762,484,2536,403,342,1166,1568,2469,1103,3014,1547,1878,2482,4614,1413,182,869,647,1140,1386,2994,1015,403,2159,2131,1989,687,2082,1353,2512,2376,2093,2306,209,2403,747,5905
64,2913,694,1863,3344,822,3476,26,2231,2676,1520,710,874,4041,156,6521,2507,3219,2599,3907,2071,113,3594,985,2167,734,2030,3671,96,3028,243,1875,2913,1617,809,801,5637,1248,5164,3228,3573,1312,107,3014,2589,1446,2905,2365,1774,478,2536,403,354,1177,1568,2482,1102,3014,1539,1863,2482,4627,1403,182,884,647,1128,1375,2991,1004,398,2173,2129,1977,687,2069,1362,2505,2380,2101,2335,209,2403,747,5938
64,2913,694,1865,3344,835,3483,32,2231,2664,1510,711,861,4036,161,6521,2504,3206,2590,3907,2069,112,3594,984,2157,722,2030,3678,96,3014,243,1878,2913,1632,809,806,5637,1248,5164,3240,3586,1301,113,3014,2600,1448,2905,2365,1762,484,2554,403,355,1166,1568,2469,1103,3014,1549,1865,2482,4614,1402,182,869,657,1128,1375,2991,1004,398,2173,2129,1977,687,2069,1362,2505,2380,2101,2335,209,2403,747,5972
64,2917,694,1852,3348,835,3480,26,2246,2673,1522,711,874,4041,161,6521,2507,3231,2590,3907,2069,112,3594,984,2157,722,2030,3678,96,3014,243,1878,2913,1632,809,806,5637,1248,5164,3240,3586,1301,113,3014,2600,1448,2905,2365,1762,484,2554,403,355,1166,1568,2469,1103,3014,1549,1865,2482,4614,1402,182,869,657,1140,1388,2994,1013,398,2159,2140,1992,700,2069,1351,2513,2380,2093,2360,209,2403,758,5988
64,2917,694,1852,3348,835,3480,26,2246,2673,1522,711,874,4041,161,6521,2507,3231,2599,3907,2071,112,3594,995,2167,734,2030,3671,96,3028,244,1878,2917,1645,811,806,5637,1259,5177,3243,3573,1303,113,3014,2591,1446,2905,2365,1778,484,2536,403,342,1178,1568,2494,1097,3014,1549,1878,2482,4627,1406,182,884,657,1142,1388,2994,1016,403,2159,2140,1992,688,2084,1355,2513,2391,2112,2347,209,2403,758,6022
64,2927,694,1852,3344,835,3473,26,2249,2666,1535,711,874,4045,161,6521,2507,3236,2587,3907,2076,113,3584,995,2170,745,2033,3675,96,3028,244,1890,2902,1632,801,812,5637,1258,5177,3243,3590,1315,113,3018,2603,1448,2905,2365,1788,484,2554,413,355,1178,1568,2494,1103,3014,1541,1878,2485,4614,1406,182,884,657,1142,1388,2994,1016,403,2159,2140,1992,688,2084,1355,2513,2391,2112,2347,209,2403,759,6055
64,2913,694,1865,3344,835,3473,32,2249,2676,1522,711,875,4053,161,6521,2507,3236,2610,3920,2078,112,3594,985,2170,723,2030,3676,96,3028,253,1878,2902,1632,812,807,5637,1258,5177,3240,3573,1316,113,3014,2591,1446,2905,2365,1788,484,2554,413,355,1178,1568,2494,1103,3014,1541,1878,2485,4614,1416,182,884,647,1140,1386,2994,1018,398,2173,2140,1992,688,2082,1358,2513,2376,2112,2373,209,2403,751,6088
64,2913,694,1865,3344,835,3473,32,2249,2676,1522,711,875,4053,161,6521,2507,3236,2610,3920,2078,112,3594,985,2170,723,2030,3676,96,3028,253,1878,2902,1632,812,807,5637,1258,5177,3240,3573,1316,113,3014,2591,1446,2902,2352,1810,484,2536,403,342,1178,1555,2520,1103,3014,1539,1865,2482,4614,1430,182,885,647,1142,1388,2994,1029,403,2173,2140,1977,687,2069,1358,2512,2376,2112,2373,209,2403,751,6105
64,2927,695,1850,3333,835,3463,21,2214,2666,1522,710,874,4047,161,6521,2509,3236,2602,3920,2078,112,3579,995,2170,723,2030,3672,96,3028,253,1878,2905,1634,812,807,5637,1258,5164,3228,3573,1316,113,3014,2591,1434,2893,2352,1810,484,2536,403,342,1178,1568,2530,1097,3010,1539,1865,2482,4614,1430,182,885,647,1142,1388,2994,1029,403,2173,2140,1977,687,2069,1358,2512,2376,2112,2373,210,2403,751,6138
64,2927,694,1852,3348,835,3480,32,2231,2669,1522,711,861,4032,156,6492,2518,3223,2610,3920,2067,113,3565,996,2170,722,2030,3676,96,3014,244,1875,2902,1619,801,807,5623,1259,5158,3228,3560,1316,113,3014,2593,1446,2893,2352,1810,484,2536,403,342,1178,1568,2530,1097,3010,1539,1865,2482,4614,1409,182,869,647,1129,1388,2994,1019,403,2159,2133,1992,688,2082,1359,2508,2391,2112,2398,221,2403,751,6172
64,2927,694,1852,3348,835,3480,32,2231,2669,1522,711,861,4032,156,6492,2518,3223,2610,3920,2067,113,3565,996,2170,722,2030,3676,96,3014,244,1875,2902,1619,801,807,5623,1259,5158,3228,3560,1316,113,3014,2593,1446,2902,2352,1808,479,2532,404,342,1178,1555,2530,1097,3010,1541,1875,2482,4627,1419,182,868,648,1128,1375,2994,1018,398,2173,2131,1979,687,2082,1358,2512,2391,2112,2398,221,2403,751,6188
64,2937,695,1865,3348,848,3518,26,2246,2669,1522,665,784,3827,161,6492,2518,3223,2602,3920,2078,113,3579,995,2170,722,2030,3676,96,3014,244,1875,2902,1619,801,807,5623,1259,5158,3228,3560,1316,113,3014,2593,1446,2902,2352,1808,479,2532,404,342,1178,1555,2530,1097,3010,1541,1875,2482,4627,1419,182,868,648,1128,1375,2994,1018,398,2173,2131,1979,687,2082,1358,2512,2373,2114,2395,209,2403,751,6204
59,2942,695,1865,3356,835,3518,26,2246,2669,1522,665,784,3827,161,6492,2518,3223,2602,3920,2078,113,3579,995,2170,722,2030,3672,96,3028,253,1878,2913,1632,802,807,5637,1259,5177,3228,3573,1316,113,3014,2603,1446,2902,2336,1820,484,2536,404,355,1178,1568,2530,1103,3014,1539,1867,2485,4627,1418,183,884,648,1142,1388,2994,1018,403,2173,2142,1994,687,2072,1356,2513,2376,2112,2411,209,2403,751,6239
59,2942,695,1865,3356,835,3518,26,2231,2669,1510,665,772,3816,156,6492,2509,3248,2602,3938,2078,113,3579,996,2170,723,2043,3672,96,3014,253,1880,2917,1632,812,807,5637,1250,5171,3243,3577,1316,113,3014,2603,1448,2905,2365,1820,484,2532,404,343,1166,1557,2530,1103,3014,1549,1878,2482,4627,1419,182,869,648,1143,1388,2994,1018,398,2170,2140,1992,687,2072,1356,2513,2376,2112,2411,209,2403,751,6272
64,2942,695,1867,3356,835,3518,26,2228,2669,1499,665,758,3827,156,6492,2509,3248,2625,3920,2078,113,3574,985,2172,723,2033,3672,96,3028,244,1878,2917,1634,802,801,5637,1250,5164,3228,3560,1305,113,3014,2605,1434,2905,2355,1820,484,2536,404,355,1165,1557,2530,1097,3014,1549,1878,2482,4627,1419,182,869,648,1143,1388,2994,1018,398,2170,2140,1992,687,2082,1358,2513,2376,2112,2452,209,2403,751,6306
59,2942,704,1855,3360,848,3518,26,2246,2669,1512,665,771,3816,156,6492,2509,3252,2610,3920,2078,113,3565,996,2157,723,2030,3672,96,3028,253,1880,2913,1632,802,807,5637,1259,5164,3228,3560,1305,113,3014,2605,1434,2905,2355,1820,484,2536,404,355,1165,1557,2530,1097,3014,1541,1865,2494,4627,1418,183,869,648,1129,1386,2994,1018,403,2173,2142,1994,688,2082,1358,2513,2376,2114,2436,210,2390,751,6338
64,2937,695,1857,3360,835,3518,26,2228,2669,1512,652,771,3820,156,6492,2509,3248,2610,3920,2078,113,3565,996,2157,723,2030,3672,96,3028,253,1880,2913,1632,802,807,5637,1259,5164,3232,3586,1316,113,3010,2605,1446,2905,2365,1831,479,2536,404,355,1178,1555,2543,1103,3010,1541,1880,2482,4627,1421,182,869,648,1130,1386,2994,1019,398,2159,2140,1982,688,2084,1349,2508,2373,2114,2465,209,2380,751,6372
64,2923,695,1857,3360,835,3518,26,2228,2669,1512,652,771,3820,156,6492,2509,3248,2610,3920,2067,113,3560,995,2170,723,2030,3676,96,3028,253,1893,2917,1632,803,812,5637,1259,5190,3240,3577,1316,113,3014,2603,1446,2902,2352,1822,484,2532,404,342,1178,1570,2543,1103,3010,1541,1878,2485,4614,1421,182,884,648,1143,1386,2985,1018,398,2173,2133,1979,688,2082,1359,2508,2373,2114,2465,210,2390,751,6405
64,2923,695,1852,3344,835,3511,26,2228,2659,1510,652,772,3810,161,6492,2509,3223,2602,3925,2080,113,3560,1005,2172,722,2017,3676,96,3028,253,1880,2913,1645,803,812,5637,1259,5190,3240,3577,1316,113,3014,2603,1446,2902,2352,1822,484,2532,404,342,1178,1570,2543,1103,3010,1541,1878,2485,4614,1421,182,884,648,1143,1386,2985,1018,398,2173,2133,1979,688,2082,1359,2508,2373,2114,2465,210,2390,751,6422
69,2942,695,1867,3360,848,3525,32,2246,2669,1513,652,771,3810,161,6483,2518,3227,2602,3925,2080,113,3560,1005,2172,722,2017,3676,96,3028,253,1880,2913,1645,803,807,5629,1259,5184,3243,3573,1318,113,3014,2603,1448,2905,2352,1820,484,2532,404,343,1166,1557,2543,1103,3010,1541,1882,2485,4627,1421,182,882,648,1130,1386,2998,1029,398,2173,2133,1994,687,2069,1369,2514,2391,2105,2468,210,2390,751,6455
69,2942,695,1867,3360,848,3525,32,2246,2669,1513,652,771,3810,161,6483,2518,3227,2622,3925,2070,113,3565,1005,2175,735,2030,3680,96,3028,253,1880,2917,1632,804,807,5621,1250,5178,3240,3573,1319,113,3010,2603,1435,2893,2352,1835,484,2532,404,343,1166,1557,2554,1103,3010,1542,1867,2482,4627,1421,177,884,648,1145,1388,2982,1029,398,2170,2144,1994,687,2069,1360,2506,2373,2105,2477,209,2390,751,6489
64,2937,695,1857,3360,835,3522,26,2243,2669,1512,641,784,3814,156,6483,2518,3227,2599,3920,2082,113,3560,995,2175,723,2030,3666,96,3028,253,1895,2913,1632,804,807,5621,1250,5178,3240,3573,1319,113,3010,2603,1435,2893,2352,1835,484,2532,404,343,1166,1557,2554,1103,3010,1542,1867,2482,4627,1421,177,884,648,1145,1388,2982,1029,398,2170,2144,1994,687,2069,1360,2506,2373,2105,2477,209,2377,751,6504
64,2937,704,1867,3360,848,3515,26,2243,2659,1512,665,771,3816,156,6483,2518,3227,2599,3920,2082,113,3560,995,2175,723,2030,3666,96,3028,253,1895,2913,1632,804,807,5629,1260,5158,3228,3573,1319,113,3000,2603,1435,2890,2352,1845,484,2532,404,343,1166,1557,2556,1103,3010,1552,1882,2485,4627,1422,182,884,649,1143,1376,2994,1029,398,2173,2142,1997,689,2069,1360,2513,2376,2103,2474,209,2377,752,6538
64,2937,704,1867,3360,848,3515,26,2243,2659,1512,665,771,3816,161,6497,2518,3214,2587,3925,2078,113,3545,1005,2172,734,2030,3672,96,3024,253,1878,2913,1634,813,807,5629,1250,5171,3243,3577,1316,113,3014,2603,1446,2905,2352,1822,484,2532,404,355,1177,1568,2530,1103,3010,1541,1878,2485,4627,1421,188,884,648,1130,1388,2985,1029,403,2159,2131,1994,688,2082,1359,2508,2373,2105,2506,210,2377,752,6572
64,2942,704,1855,3356,848,3518,26,2243,2657,1512,641,771,3806,161,6497,2509,3214,2602,3920,2090,113,3560,996,2175,735,2046,3672,96,3024,253,1882,2913,1632,802,801,5629,1259,5171,3232,3573,1318,113,2995,2593,1437,2893,2352,1822,484,2536,404,343,1178,1555,2530,1103,3010,1541,1872,2497,4627,1421,188,884,648,1130,1388,2985,1029,403,2159,2131,1994,688,2082,1359,2508,2373,2105,2506,210,2377,751,6606
64,2937,695,1859,3364,848,3518,32,2228,2669,1505,652,771,3820,161,6497,2509,3235,2593,3925,2078,113,3545,996,2173,735,2030,3672,96,3028,244,1879,2917,1634,802,807,5629,1250,5179,3240,3577,1318,113,2995,2603,1445,2893,2352,1822,484,2536,404,343,1178,1555,2530,1103,3010,1541,1872,2497,4627,1409,182,882,648,1145,1386,2994,1029,398,2170,2133,2000,688,2069,1358,2508,2358,2105,2573,210,2365,751,6638
64,2937,695,1859,3364,848,3518,32,2228,2669,1505,652,771,3820,161,6497,2509,3235,2593,3925,2078,113,3545,996,2173,735,2030,3672,96,3028,244,1879,2917,1634,802,807,5629,1250,5179,3240,3577,1318,113,2995,2603,1445,2890,2352,1810,479,2532,404,345,1178,1568,2530,1103,3010,1541,1879,2497,4627,1419,182,881,648,1139,1375,2994,1050,398,2156,2142,2012,687,2069,1358,2508,2358,2105,2573,210,2365,751,6655
64,2937,695,1869,3356,835,3518,26,2243,2669,1512,665,771,3812,161,6507,2509,3256,2613,3920,2078,118,3560,996,2176,722,2030,3672,96,3024,244,1884,2913,1619,804,807,5637,1260,5172,3228,3560,1306,113,3010,2603,1446,2893,2355,1822,479,2550,404,345,1177,1557,2543,1103,3010,1541,1869,2497,4633,1419,182,881,648,1139,1375,2994,1050,398,2156,2142,2012,687,2069,1358,2508,2358,2086,2676,209,2352,741,6689
64,2942,704,1869,3360,849,3522,26,2243,2659,1512,653,771,3820,156,6492,2507,3269,2613,3925,2080,112,3560,995,2179,723,2033,3676,96,3024,253,1884,2917,1632,813,807,5637,1259,5179,3243,3577,1318,113,3010,2603,1446,2893,2355,1822,479,2550,404,345,1177,1557,2543,1103,3010,1541,1869,2497,4633,1410,182,884,648,1153,1386,2998,1051,398,2173,2142,2010,687,2072,1358,2502,2358,2093,2688,209,2352,741,6723
64,2956,704,1871,3360,848,3522,32,2231,2678,1512,653,771,3835,161,6507,2509,3252,2613,3925,2080,113,3560,1005,2179,735,2033,3676,96,3024,253,1884,2917,1632,813,807,5637,1259,5179,3243,3577,1318,113,3000,2603,1446,2902,2352,1822,484,2532,403,345,1178,1568,2533,1103,3024,1541,1884,2485,4633,1421,182,882,648,1153,1388,2994,1050,398,2170,2142,2012,688,2069,1359,2504,2358,2095,2730,210,2339,751,6755
64,2937,695,1861,3356,848,3522,32,2246,2669,1512,653,771,3835,161,6507,2509,3252,2613,3925,2080,113,3560,1005,2179,735,2043,3676,102,3028,244,1884,2917,1634,813,801,5629,1259,5173,3243,3586,1306,113,2995,2603,1448,2905,2355,1824,484,2536,404,359,1178,1570,2523,1103,3010,1552,1884,2497,4627,1422,182,884,648,1153,1386,2998,1049,398,2170,2144,2025,687,2069,1368,2502,2376,2095,2730,198,2326,751,6780
64,2937,695,1861,3356,848,3522,32,2246,2669,1510,664,771,3827,161,6507,2518,3256,2622,3925,2080,113,3560,1005,2179,735,2043,3676,102,3028,244,1884,2917,1634,813,801,5629,1259,5173,3243,3586,1306,113,2995,2603,1448,2905,2355,1824,484,2536,404,359,1178,1570,2523,1103,3010,1552,1884,2497,4627,1422,182,884,648,1153,1386,2998,1049,398,2170,2144,2025,687,2069,1368,2502,2376,2095,2730,198,2326,751,6794
64,2937,695,1861,3356,848,3522,32,2246,2669,1510,664,771,3827,161,6507,2518,3256,2622,3925,2080,113,3594,1006,2179,734,2046,3676,96,3004,244,1884,2913,1632,803,807,5623,1251,5179,3232,3577,1318,113,2985,2605,1448,2902,2352,1812,484,2536,413,346,1178,1568,2523,1103,3014,1541,1884,2494,4620,1409,182,869,648,1141,1386,2994,1049,398,2173,2142,2012,687,2069,1368,2502,2376,2095,2730,198,2326,751,6823
64,2942,704,1858,3356,849,3518,26,2246,2671,1525,653,784,3831,156,6429,2518,3256,2610,3933,2080,129,3594,1006,2179,734,2046,3676,96,3004,244,1884,2913,1632,803,807,5623,1251,5179,3232,3577,1318,113,2985,2605,1448,2902,2352,1812,484,2536,413,346,1178,1568,2523,1103,3014,1541,1884,2494,4620,1409,182,869,648,1141,1386,2994,1049,398,2173,2142,2012,687,2069,1359,2502,2376,2095,2730,209,2339,751,6839
64,2942,704,1858,3356,849,3518,26,2246,2671,1525,653,784,3831,156,6429,2518,3256,2610,3933,2080,129,3831,1015,2179,735,2046,3676,96,3018,253,1897,2925,1632,813,807,5623,1259,5192,3243,3573,1318,113,3000,2603,1446,2905,2355,1822,484,2539,404,358,1178,1570,2533,1103,3018,1542,1884,2497,4633,1409,182,869,648,1141,1386,2994,1049,398,2173,2142,2012,687,2069,1359,2502,2376,2095,2730,209,2339,751,6856
64,2946,704,1871,3360,836,3518,26,2246,2671,1525,653,784,3831,156,6429,2518,3256,2610,3933,2080,129,3831,1015,2179,735,2046,3676,96,3018,253,1897,2925,1632,813,807,5623,1259,5192,3243,3573,1318,113,3000,2603,1446,2905,2355,1822,484,2539,404,358,1178,1570,2533,1103,3018,1542,1884,2497,4633,1410,182,884,649,1153,1388,2994,1050,398,2159,2144,2012,688,2072,1360,2502,2362,2097,2734,221,2342,751,6876
64,2946,704,1871,3360,836,3522,26,2235,2671,1512,665,771,3835,156,6444,2521,3243,2610,3920,2082,129,3782,1015,2179,735,2043,3680,96,3018,253,1887,2917,1632,814,807,5631,1260,5179,3243,3590,1319,113,3000,2603,1446,2905,2355,1822,484,2539,404,358,1178,1570,2533,1103,3018,1542,1884,2497,4633,1410,182,884,649,1153,1388,2994,1050,398,2159,2144,2012,688,2072,1360,2502,2362,2097,2734,221,2342,751,6889
64,2931,696,1871,3360,849,3515,26,2235,2671,1527,653,772,3835,156,6429,2511,3243,2610,3920,2082,129,3782,1015,2179,735,2043,3680,96,3018,253,1887,2917,1632,814,807,5631,1260,5179,3243,3590,1319,113,2985,2605,1448,2902,2368,1824,484,2539,404,358,1177,1557,2536,1103,3018,1541,1884,2497,4633,1421,182,870,648,1153,1388,3007,1050,398,2162,2144,2012,687,2072,1360,2508,2362,2095,2743,221,2342,751,6922
64,2931,696,1871,3360,849,3515,26,2235,2671,1527,653,772,3835,156,6429,2511,3243,2610,3920,2084,129,3855,1015,2179,735,2046,3680,96,3018,244,1884,2917,1632,814,807,5625,1260,5186,3243,3577,1318,113,2989,2596,1448,2902,2355,1824,484,2525,404,346,1178,1568,2536,1103,3018,1544,1884,2500,4627,1410,182,870,649,1153,1388,3007,1050,398,2162,2144,2012,687,2072,1360,2508,2362,2095,2743,221,2342,751,6939
64,2927,704,1871,3360,849,3529,26,2235,2683,1527,653,772,3849,156,6415,2521,3243,2613,3925,2084,134,3866,1025,2182,746,2046,3680,96,3018,244,1884,2917,1632,814,807,5625,1260,5186,3243,3577,1318,113,2989,2596,1448,2902,2355,1824,484,2525,404,346,1178,1568,2536,1103,3018,1544,1884,2500,4627,1410,182,870,649,1153,1386,3011,1061,403,2162,2146,2012,688,2072,1350,2502,2365,2097,2734,210,2339,752,6971
64,2927,704,1871,3360,849,3529,26,2235,2683,1527,653,772,3849,156,6415,2521,3243,2613,3925,2084,134,3866,1025,2182,746,2030,3684,91,3018,253,1887,2928,1634,804,807,5625,1260,5186,3240,3577,1319,113,2989,2593,1448,2902,2352,1836,484,2529,404,346,1177,1570,2556,1103,3008,1541,1884,2494,4627,1424,182,870,649,1153,1386,3011,1061,403,2162,2146,2012,688,2072,1350,2502,2365,2097,2734,210,2339,752,6989
59,2936,695,1871,3356,835,3515,26,2238,2674,1512,652,758,3839,155,6409,2521,3239,2613,3925,2084,134,3866,1025,2182,746,2030,3684,91,3018,253,1887,2928,1634,804,807,5625,1260,5186,3240,3577,1319,113,2989,2593,1448,2902,2352,1836,484,2529,404,346,1177,1570,2556,1103,3008,1541,1884,2494,4627,1424,182,870,649,1139,1375,2994,1051,403,2165,2133,2012,687,2072,1362,2502,2369,2099,2743,209,2339,742,7005
59,2936,695,1871,3356,835,3515,26,2238,2674,1512,652,758,3839,155,6409,2521,3239,2599,3920,2074,129,3875,1015,2179,734,2030,3673,96,3008,253,1884,2913,1619,804,807,5625,1251,5179,3228,3577,1320,113,2979,2596,1448,2890,2352,1847,479,2529,404,346,1177,1570,2572,1103,3023,1544,1874,2494,4627,1424,182,872,648,1142,1388,3011,1052,403,2165,2144,2012,687,2069,1362,2502,2354,2097,2730,209,2339,742,7038
64,2936,696,1861,3356,849,3519,26,2238,2671,1527,653,772,3842,156,6409,2518,3243,2599,3925,2074,129,3909,1015,2179,723,2046,3684,96,3008,253,1871,2917,1632,815,807,5625,1250,5173,3243,3577,1319,113,2994,2598,1450,2890,2352,1857,484,2529,404,346,1178,1555,2569,1103,3023,1542,1874,2497,4633,1424,182,872,648,1142,1388,3011,1052,403,2165,2144,2012,687,2069,1362,2502,2354,2097,2730,209,2342,743,7073
69,2936,695,1874,3360,849,3533,26,2238,2659,1500,641,784,3842,156,6409,2521,3260,2613,3925,2076,129,3909,1025,2182,735,2033,3688,96,3023,253,1887,2913,1632,804,807,5610,1251,5179,3243,3577,1322,113,2994,2605,1452,2890,2352,1857,484,2529,404,346,1178,1555,2569,1103,3023,1542,1874,2497,4633,1424,177,872,649,1142,1386,2998,1064,398,2168,2144,2028,700,2072,1351,2502,2354,2095,2772,209,2339,743,7099
64,2936,695,1874,3360,849,3533,26,2238,2659,1500,641,784,3842,156,6409,2521,3260,2613,3925,2076,129,3909,1025,2182,735,2033,3688,96,3023,253,1887,2913,1632,804,807,5610,1251,5179,3243,3577,1322,113,2994,2605,1452,2890,2355,1859,484,2529,413,359,1178,1557,2572,1103,3023,1542,1887,2497,4633,1434,182,886,649,1156,1398,3011,1064,403,2168,2144,2017,688,2072,1365,2504,2369,2095,2772,209,2342,743,7123
64,2936,705,1876,3360,835,3522,26,2235,2674,1516,653,772,3842,156,6409,2521,3247,2599,3925,2088,134,3909,1025,2172,746,2046,3688,96,3008,253,1887,2917,1632,816,807,5633,1259,5173,3240,3577,1322,113,2979,2605,1452,2902,2352,1859,484,2529,404,347,1178,1570,2572,1103,3008,1542,1887,2497,4633,1434,182,886,649,1156,1398,3011,1064,403,2168,2144,2017,688,2072,1365,2504,2369,2095,2772,209,2342,743,7149
64,2931,695,1863,3344,836,3526,26,2238,2669,1516,653,772,3842,156,6409,2521,3247,2599,3925,2088,134,3909,1025,2172,746,2046,3688,96,3008,253,1887,2917,1632,816,807,5633,1259,5173,3240,3577,1322,113,2979,2605,1452,2902,2352,1859,484,2529,404,347,1178,1570,2572,1103,3008,1541,1874,2497,4627,1425,183,886,649,1143,1388,3007,1054,404,2165,2144,2020,688,2059,1365,2502,2354,2097,2785,209,2326,743,7173
64,2931,695,1863,3344,836,3526,26,2238,2669,1505,652,771,3846,156,6400,2518,3260,2613,3925,2076,134,3909,1025,2175,723,2046,3677,96,3013,244,1879,2917,1619,806,807,5625,1260,5173,3243,3577,1323,113,2994,2596,1456,2893,2355,1884,484,2529,404,347,1165,1570,2582,1103,3023,1542,1879,2494,4633,1425,182,886,649,1158,1388,2998,1054,398,2165,2144,2033,688,2059,1365,2502,2354,2097,2785,209,2326,743,7205
69,2931,696,1866,3360,849,3530,26,2238,2671,1518,652,772,3846,156,6409,2532,3243,2602,3925,2078,134,3909,1025,2175,735,2030,3681,96,3008,254,1881,2905,1634,806,801,5602,1261,5173,3240,3577,1322,113,2979,2596,1454,2893,2355,1882,484,2514,404,360,1177,1557,2585,1103,3008,1542,1879,2494,4633,1425,182,886,649,1158,1388,2998,1054,398,2165,2144,2033,687,2059,1363,2502,2369,2099,2844,209,2326,734,7238
64,2936,706,1868,3360,835,3530,26,2238,2671,1518,652,772,3846,156,6409,2532,3243,2602,3925,2078,134,3909,1025,2175,735,2030,3681,96,3008,254,1881,2905,1634,806,801,5602,1261,5173,3240,3577,1322,113,2979,2596,1454,2893,2355,1882,484,2514,404,360,1177,1557,2585,1103,3008,1542,1891,2482,4633,1425,182,872,649,1146,1386,3011,1053,403,2165,2137,2023,688,2072,1363,2504,2369,2097,2860,209,2329,743,7255
64,2936,706,1868,3360,835,3522,26,2235,2681,1507,652,771,3846,156,6409,2530,3247,2613,3938,2078,129,3909,1026,2177,735,2046,3681,91,3023,253,1881,2917,1632,807,807,5625,1250,5174,3228,3577,1323,113,2994,2584,1458,2893,2355,1882,484,2529,404,348,1178,1557,2595,1103,3008,1542,1886,2497,4633,1435,183,886,649,1161,1376,2998,1054,403,2165,2137,2023,688,2072,1363,2504,2369,2097,2860,209,2329,743,7289
64,2936,696,1873,3344,835,3530,26,2238,2671,1509,641,785,3840,156,6409,2528,3290,2622,3925,2068,134,3904,1015,2183,734,2046,3685,96,2994,244,1886,2917,1634,806,807,5610,1260,5180,3228,3577,1323,113,2994,2584,1458,2893,2355,1882,484,2529,404,348,1178,1557,2595,1103,3008,1542,1886,2497,4633,1435,183,886,649,1161,1376,2998,1054,398,2162,2144,2023,688,2059,1366,2504,2369,2088,2877,209,2329,745,7315
64,2936,696,1873,3344,835,3530,26,2238,2671,1509,641,785,3840,156,6409,2528,3290,2622,3925,2068,134,3904,1015,2183,734,2046,3685,96,2994,244,1886,2917,1634,806,807,5610,1260,5180,3228,3577,1323,113,2979,2596,1458,2893,2342,1892,484,2525,404,348,1177,1555,2598,1103,3023,1542,1896,2494,4633,1428,183,872,649,1148,1376,3011,1055,398,2165,2146,2028,687,2072,1356,2498,2369,2088,2890,209,2329,744,7328
64,2936,696,1870,3360,849,3526,26,2223,2683,1509,652,772,3836,156,6409,2521,3290,2625,3933,2078,134,3909,1015,2183,735,2046,3691,97,2994,254,1886,2917,1634,816,814,5602,1251,5180,3228,3577,1323,113,2979,2596,1458,2893,2342,1892,484,2525,404,348,1177,1555,2598,1103,3023,1542,1896,2494,4633,1428,183,872,649,1148,1376,3011,1055,398,2165,2146,2028,687,2072,1356,2498,2369,2088,2890,209,2329,744,7356
64,2936,696,1870,3360,849,3526,26,2223,2683,1509,652,772,3836,156,6409,2521,3290,2625,3933,2078,134,3909,1015,2183,735,2046,3691,97,2994,254,1886,2917,1634,816,814,5602,1251,5174,3228,3577,1323,113,2979,2596,1458,2893,2355,1871,484,2529,404,361,1178,1557,2582,1104,3023,1544,1886,2497,4633,1415,177,873,649,1148,1376,2998,1064,398,2165,2146,2028,687,2072,1356,2498,2369,2088,2890,209,2329,744,7371
64,2936,706,1873,3360,836,3522,32,2238,2671,1526,653,772,3842,156,6395,2521,3298,2625,3925,2076,129,3909,1007,2183,746,2046,3677,96,3008,244,1873,2913,1634,816,808,5610,1260,5180,3240,3573,1322,113,2979,2596,1447,2893,2342,1882,479,2529,404,361,1178,1557,2582,1104,3023,1544,1886,2497,4633,1415,177,873,649,1148,1376,2998,1064,398,2165,2133,2028,688,2072,1353,2505,2354,2090,2906,209,2329,744,7405
64,2950,706,1873,3348,849,3536,32,2238,2671,1511,653,772,3836,156,6409,2523,3281,2637,3938,2088,134,3895,1015,2183,734,2033,3677,96,3008,244,1886,2917,1634,816,808,5610,1260,5180,3240,3573,1322,113,2979,2596,1447,2893,2342,1882,479,2529,404,348,1177,1557,2585,1104,3008,1542,1886,2485,4614,1428,183,872,649,1149,1376,2998,1053,404,2165,2133,2028,687,2059,1366,2505,2354,2088,2923,210,2313,744,7439
64,2936,705,1862,3360,836,3533,26,2238,2671,1511,653,785,3846,156,6409,2523,3281,2637,3938,2088,134,3895,1015,2183,734,2033,3677,96,3008,244,1886,2917,1634,806,807,5602,1260,5167,3232,3577,1311,113,2979,2605,1448,2893,2355,1871,484,2529,404,362,1178,1557,2585,1104,3023,1542,1888,2494,4633,1427,188,886,658,1164,1376,2998,1053,393,2165,2135,2041,688,2069,1363,2505,2354,2088,2919,210,2316,744,7472
64,2936,705,1862,3360,836,3533,26,2238,2671,1511,653,785,3846,156,6409,2532,3307,2625,3920,2076,129,3909,1025,2183,734,2046,3681,96,3013,254,1886,2928,1647,806,808,5625,1260,5187,3243,3577,1322,113,2979,2596,1461,2893,2355,1871,484,2529,404,362,1178,1557,2585,1104,3023,1542,1888,2494,4633,1427,188,886,658,1164,1376,2998,1053,393,2165,2135,2041,688,2069,1363,2505,2354,2088,2919,210,2316,744,7488
64,2936,705,1862,3360,836,3533,26,2238,2671,1511,653,785,3846,156,6409,2532,3307,2625,3920,2076,129,3909,1025,2183,734,2046,3681,96,3013,254,1886,2928,1647,806,808,5625,1260,5187,3243,3577,1322,113,2979,2596,1461,2890,2355,1869,484,2529,404,361,1178,1557,2574,1104,3023,1552,1888,2497,4633,1425,183,872,649,1149,1376,3011,1065,398,2165,2135,2043,688,2069,1363,2504,2354,2090,2936,210,2316,744,7505
64,2950,705,1860,3360,849,3522,26,2238,2674,1513,653,772,3836,156,6409,2530,3272,2637,3938,2078,134,3909,1026,2173,735,2033,3688,96,3023,254,1888,2917,1632,805,808,5625,1252,5194,3243,3573,1323,113,2979,2596,1448,2890,2355,1892,484,2514,404,349,1166,1557,2595,1104,3023,1544,1891,2482,4633,1425,183,872,649,1149,1376,3011,1065,398,2165,2135,2043,688,2069,1363,2504,2354,2090,2936,210,2313,734,7539
64,2950,706,1875,3360,835,3519,26,2238,2674,1513,653,772,3830,156,6395,2521,3272,2637,3933,2080,134,3909,1026,2173,735,2033,3674,96,3008,254,1888,2917,1634,807,802,5602,1261,5174,3232,3577,1325,113,2979,2608,1435,2890,2355,1892,484,2514,404,349,1166,1557,2595,1104,3023,1544,1891,2482,4633,1427,183,872,649,1152,1388,2994,1066,404,2165,2137,2031,688,2072,1366,2506,2354,2088,2949,210,2316,745,7572
64,2950,706,1875,3360,835,3519,26,2238,2674,1513,653,772,3830,156,6395,2521,3272,2637,3933,2080,134,3909,1026,2173,735,2033,3674,96,3008,254,1888,2917,1634,807,802,5602,1261,5174,3232,3577,1325,113,2979,2608,1435,2893,2355,1894,484,2529,395,362,1178,1557,2598,1104,3023,1544,1891,2497,4633,1428,183,886,649,1152,1388,3011,1067,398,2165,2137,2046,688,2072,1366,2504,2354,2088,2949,210,2316,745,7589
59,2931,696,1862,3360,849,3533,26,2238,2674,1513,665,773,3844,156,6395,2530,3303,2637,3938,2080,129,3909,1025,2176,735,2043,3685,97,3008,254,1888,2913,1634,807,802,5602,1261,5174,3232,3577,1325,113,2979,2608,1435,2893,2355,1894,484,2529,395,362,1178,1557,2598,1104,3023,1544,1891,2497,4633,1428,183,886,649,1152,1388,3011,1067,398,2165,2137,2046,688,2072,1366,2504,2354,2090,2962,210,2313,745,7606
64,2950,697,1862,3360,849,3523,26,2238,2667,1513,665,773,3844,156,6395,2530,3303,2637,3938,2080,129,3909,1025,2176,735,2043,3685,97,3008,254,1888,2913,1634,807,808,5625,1261,5168,3243,3577,1325,113,2979,2608,1450,2908,2342,1894,484,2529,404,349,1178,1557,2611,1104,3027,1534,1891,2508,4633,1428,188,872,650,1151,1390,3011,1066,398,2165,2139,2046,688,2072,1367,2505,2354,2092,2962,210,2316,735,7639
64,2950,697,1862,3360,849,3523,26,2238,2667,1515,653,772,3844,156,6419,2535,3303,2640,3938,2093,134,3909,1045,2173,735,2033,3674,96,3008,244,1891,2920,1634,808,802,5625,1262,5174,3259,3577,1326,113,2979,2608,1437,2908,2355,1904,484,2529,404,349,1178,1557,2611,1104,3027,1534,1891,2508,4633,1428,188,872,650,1151,1390,3011,1066,398,2165,2139,2046,688,2072,1367,2505,2354,2092,2962,210,2316,735,7656
64,2950,696,1862,3348,849,3523,26,2238,2674,1513,653,772,3844,156,6409,2532,3290,2625,3938,2082,134,3909,1026,2186,735,2033,3674,96,3008,244,1891,2920,1634,808,802,5625,1262,5174,3259,3577,1326,113,2979,2608,1437,2908,2355,1904,484,2514,405,349,1178,1557,2611,1105,3023,1544,1891,2508,4633,1430,183,872,650,1151,1388,2998,1056,403,2165,2137,2046,689,2072,1356,2505,2354,2090,2966,210,2316,746,7688
64,2950,696,1862,3348,849,3523,26,2238,2674,1513,653,772,3844,156,6409,2532,3290,2625,3938,2082,134,3909,1026,2186,735,2033,3689,96,3004,254,1888,2917,1634,808,808,5610,1252,5174,3232,3577,1326,113,2979,2598,1448,2893,2355,1886,484,2529,395,349,1166,1557,2611,1105,3023,1544,1891,2508,4633,1430,183,872,650,1151,1388,2998,1056,403,2165,2137,2046,689,2072,1356,2505,2354,2090,2966,210,2316,746,7705
64,2936,696,1875,3360,836,3533,32,2238,2674,1515,653,759,3840,156,6409,2535,3316,2637,3938,2093,134,3909,1035,2176,735,2046,3682,96,3008,254,1878,2917,1636,808,802,5610,1262,5174,3232,3577,1326,113,2979,2598,1448,2893,2355,1886,484,2529,395,349,1166,1557,2601,1104,3023,1545,1901,2508,4633,1430,183,886,649,1164,1388,2998,1046,398,2165,2137,2031,688,2059,1367,2502,2354,2090,2949,198,2316,735,7738
64,2950,696,1865,3360,836,3533,26,2238,2667,1515,653,772,3840,156,6409,2532,3298,2637,3938,2093,134,3909,1035,2176,735,2046,3682,96,3008,254,1878,2917,1636,808,802,5610,1262,5174,3232,3577,1326,113,2979,2603,1461,2905,2355,1884,484,2532,404,349,1166,1557,2601,1103,3018,1544,1891,2511,4633,1428,182,870,650,1152,1388,2998,1056,398,2165,2148,2043,688,2072,1367,2504,2369,2092,2966,210,2316,745,7771
59,2936,696,1865,3360,836,3533,26,2238,2667,1515,653,772,3840,156,6409,2532,3298,2634,3938,2080,129,3909,1036,2176,723,2046,3674,96,3008,245,1891,2917,1621,817,801,5610,1253,5174,3232,3560,1325,113,2979,2591,1437,2905,2355,1894,479,2518,405,362,1179,1557,2601,1103,3023,1545,1901,2511,4646,1430,182,886,650,1152,1388,2998,1055,398,2165,2139,2033,688,2059,1356,2498,2354,2082,2962,210,2316,734,7805
59,2936,697,1875,3360,836,3533,26,2238,2667,1513,653,759,3850,156,6409,2547,3260,2625,3938,2080,134,3915,1047,2173,723,2036,3685,96,3008,254,1886,2917,1634,807,807,5610,1265,5187,3243,3577,1326,113,2979,2603,1448,2905,2355,1894,484,2529,415,349,1178,1557,2598,1103,3008,1547,1888,2497,4633,1428,183,872,650,1151,1388,2998,1066,398,2165,2139,2033,688,2059,1356,2498,2354,2082,2962,210,2316,734,7838
64,2936,707,1878,3360,849,3509,26,2238,2676,1513,653,773,3850,156,6409,2535,3281,2625,3938,2082,129,3909,1046,2173,724,2046,3685,96,3008,254,1878,2917,1621,808,807,5610,1262,5181,3232,3577,1325,113,2979,2598,1437,2905,2355,1884,484,2529,415,349,1178,1557,2598,1103,3008,1547,1888,2497,4633,1428,183,872,650,1151,1388,2998,1066,398,2168,2141,2043,688,2059,1357,2504,2354,2092,2975,210,2316,734,7871
64,2936,706,1865,3348,849,3523,26,2238,2676,1515,641,772,3854,156,6409,2535,3268,2613,3938,2080,129,3904,1036,2178,735,2033,3674,96,3008,245,1880,2917,1634,808,807,5610,1262,5181,3232,3577,1325,113,2979,2598,1437,2905,2355,1884,484,2510,405,362,1178,1555,2601,1103,3023,1545,1891,2511,4633,1430,183,886,650,1165,1390,3037,1119,398,2165,2139,2049,688,2059,1357,2498,2369,2092,2979,210,2316,736,7904
59,2950,697,1878,3360,836,3520,26,2249,2676,1515,641,773,3843,156,6424,2535,3229,2613,3938,2080,129,3904,1036,2178,735,2033,3674,96,3008,245,1880,2917,1634,806,802,5610,1264,5188,3243,3577,1326,113,2983,2601,1452,2890,2355,1875,484,2514,405,349,1178,1557,2587,1103,3008,1545,1904,2485,4633,1418,183,872,650,1152,1388,3376,1789,398,2165,2137,2049,688,2010,1261,2505,2354,2084,2996,210,2293,718,7938
59,2950,697,1878,3360,836,3520,26,2249,2676,1515,641,773,3843,156,6424,2535,3229,2587,3930,2083,129,3909,1036,2178,723,2036,3680,96,3008,254,1883,2917,1638,802,808,5602,1262,5181,3243,3582,1312,113,2960,2601,1439,2890,2332,1866,484,2514,405,350,1177,1533,2554,1103,3004,1536,1896,2497,4548,1260,188,886,650,1180,1423,3402,1835,403,2162,2139,2049,688,2010,1263,2500,2354,2082,3022,209,2293,718,7971
64,2931,706,1870,3360,837,3524,32,2235,2676,1517,653,774,3851,156,6409,2535,3207,2587,3930,2095,134,3909,1046,2171,746,2036,3680,97,3008,254,1883,2917,1638,802,808,5602,1262,5181,3243,3582,1312,113,2960,2601,1439,2890,2332,1866,484,2514,405,350,1177,1533,2554,1103,3004,1536,1896,2497,4548,1260,188,886,650,1180,1423,3402,1835,403,2162,2139,2049,688,2010,1263,2500,2354,2082,3022,209,2306,719,7988
64,2931,706,1870,3360,837,3524,32,2235,2676,1517,653,774,3851,156,6409,2535,3207,2587,3930,2095,134,3909,1046,2171,746,2036,3680,97,3008,254,1883,2917,1623,802,808,5610,1262,5168,3232,3569,1313,113,2965,2601,1454,2905,2332,1856,484,2514,405,350,1178,1533,2567,1104,3023,1547,1896,2485,4548,1260,188,886,650,1180,1423,3402,1835,403,2162,2139,2049,688,2010,1263,2500,2354,2082,3022,209,2306,719,8005
64,2950,697,1872,3360,837,3528,26,2238,2676,1519,654,773,3855,156,6409,2535,3242,2602,3930,2087,134,3924,1036,2181,735,2048,3684,96,3008,254,1883,2928,1636,803,808,5618,1262,5168,3243,3582,1327,113,2979,2610,1454,2905,2332,1856,484,2514,405,350,1178,1533,2567,1104,3023,1547,1896,2485,4548,1263,188,886,649,1168,1423,3402,1847,398,2165,2139,2038,688,2010,1252,2500,2354,2082,3025,210,2293,720,8038
64,2931,697,1883,3360,838,3531,26,2238,2679,1519,653,761,3855,156,6409,2535,3263,2613,3935,2087,134,3909,1046,2184,723,2048,3684,96,3008,254,1883,2928,1636,803,808,5618,1262,5168,3243,3582,1327,113,2979,2610,1454,2902,2332,1880,484,2514,405,350,1178,1533,2580,1104,3004,1537,1896,2485,4548,1264,188,886,650,1181,1425,3402,1859,398,2162,2141,2051,688,2010,1252,2505,2369,2092,3025,209,2309,721,8070
64,2950,697,1867,3360,838,3531,26,2238,2679,1519,653,761,3855,156,6409,2535,3263,2613,3935,2087,134,3909,1046,2184,723,2036,3688,96,3004,254,1883,2917,1623,804,808,5610,1262,5175,3232,3574,1325,113,2965,2601,1441,2905,2332,1878,484,2514,415,350,1178,1535,2567,1104,3023,1545,1896,2497,4548,1263,188,886,659,1181,1436,3419,1858,398,2165,2139,2051,688,1997,1264,2500,2351,2082,3025,210,2293,720,8105
64,2950,697,1867,3360,838,3528,26,2238,2667,1519,653,786,3851,156,6424,2535,3272,2625,3943,2077,134,3904,1046,2168,735,2051,3684,97,3004,254,1885,2920,1625,814,808,5602,1262,5175,3232,3569,1325,113,2965,2601,1441,2897,2335,1880,485,2510,405,350,1178,1533,2580,1104,3018,1547,1898,2497,4548,1264,194,886,660,1183,1425,3406,1859,399,2165,2139,2054,688,1997,1264,2500,2351,2082,3025,210,2293,720,8139
64,2950,707,1872,3360,837,3528,26,2238,2679,1521,653,773,3855,156,6409,2535,3315,2637,3948,2089,134,3918,1046,2168,724,2051,3684,97,3004,254,1885,2920,1625,814,808,5602,1262,5175,3232,3569,1325,113,2965,2601,1441,2897,2335,1880,485,2510,405,350,1178,1533,2580,1104,3018,1547,1898,2497,4548,1264,194,886,660,1183,1425,3406,1859,399,2165,2139,2054,688,1997,1253,2505,2351,2082,3029,221,2296,721,8147
64,2950,707,1872,3360,837,3528,26,2238,2679,1521,653,773,3855,156,6409,2535,3315,2637,3948,2089,134,3918,1046,2168,724,2036,3688,96,3004,254,1885,2917,1638,804,808,5625,1253,5175,3232,3574,1327,113,2969,2601,1443,2893,2335,1891,484,2514,405,363,1179,1533,2591,1104,3008,1547,1898,2497,4548,1264,194,886,660,1183,1425,3406,1859,399,2165,2139,2054,688,1997,1253,2505,2351,2082,3029,221,2296,721,8164
64,2931,697,1872,3356,837,3528,26,2238,2679,1521,653,773,3855,156,6409,2535,3315,2637,3948,2089,134,3918,1046,2168,724,2036,3688,96,3004,254,1885,2917,1638,804,808,5625,1253,5175,3232,3574,1327,113,2969,2601,1443,2893,2335,1891,484,2514,405,363,1179,1533,2591,1104,3008,1544,1898,2500,4548,1263,188,886,650,1170,1423,3414,1870,398,2165,2139,2054,688,2000,1255,2505,2354,2082,3055,210,2296,721,8189
64,2931,697,1872,3356,837,3521,26,2235,2676,1521,642,772,3855,156,6415,2535,3302,2640,3935,2079,134,3938,1047,2171,735,2036,3678,102,3008,254,1885,2917,1625,815,809,5625,1272,5162,3232,3569,1328,113,2969,2601,1443,2893,2335,1891,484,2514,405,363,1179,1533,2591,1104,3008,1544,1898,2500,4548,1263,188,886,650,1170,1423,3414,1870,398,2165,2139,2054,688,2000,1255,2505,2354,2082,3055,210,2296,721,8206
64,2946,706,1872,3360,837,3525,26,2238,2688,1521,653,774,3855,156,6424,2547,3276,2622,3935,2089,134,3938,1047,2171,735,2036,3678,102,3008,254,1885,2917,1625,815,809,5625,1272,5162,3232,3569,1328,113,2965,2601,1456,2905,2335,1891,485,2500,405,351,1178,1535,2591,1105,3018,1545,1901,2497,4536,1264,193,886,650,1184,1423,3414,1868,398,2162,2141,2041,687,2000,1253,2505,2354,2082,3042,210,2296,721,8233
64,2946,706,1872,3360,837,3525,26,2238,2688,1521,653,774,3855,156,6424,2547,3276,2622,3935,2089,134,3918,1046,2171,735,2038,3678,97,3008,254,1885,2917,1636,815,808,5610,1264,5162,3232,3574,1316,113,2946,2601,1456,2897,2332,1893,485,2478,395,337,1168,1535,2580,1105,3008,1545,1898,2497,4554,1264,193,886,650,1184,1423,3414,1868,398,2162,2141,2041,687,2000,1253,2505,2354,2082,3042,210,2296,721,8256
64,2950,697,1872,3364,850,3521,26,2235,2686,1510,653,774,3859,156,6415,2535,3263,2625,3930,2081,134,3918,1036,2171,735,2038,3682,97,3023,254,1885,2928,1636,805,808,5602,1253,5162,3232,3574,1316,113,2946,2601,1456,2897,2332,1893,485,2478,395,337,1168,1535,2580,1105,3008,1545,1898,2497,4554,1264,188,886,659,1183,1423,3419,1870,398,2165,2139,2054,689,2000,1255,2505,2354,2082,3042,210,2309,721,8283
64,2942,698,1872,3364,850,3521,26,2235,2686,1510,653,774,3859,156,6415,2535,3263,2625,3930,2081,134,3918,1036,2171,735,2038,3682,97,3023,254,1885,2928,1636,805,808,5602,1253,5175,3243,3569,1327,113,2946,2610,1456,2893,2335,1893,485,2478,405,351,1166,1537,2583,1105,3018,1545,1898,2497,4541,1255,188,884,651,1170,1435,3414,1872,398,2162,2141,2054,689,2012,1255,2506,2351,2084,3055,210,2296,721,8313
64,2942,698,1872,3364,850,3525,26,2246,2669,1521,653,773,3859,156,6405,2547,3263,2637,3935,2092,134,3904,1067,2171,723,2051,3692,102,3018,254,1888,2928,1625,805,813,5594,1264,5169,3232,3569,1317,113,2917,2603,1458,2905,2335,1893,484,2478,405,364,1178,1537,2583,1105,3018,1545,1898,2497,4541,1255,188,884,651,1170,1435,3414,1872,398,2162,2141,2054,689,2012,1255,2506,2351,2084,3055,210,2296,721,8339
64,2956,698,1872,3364,850,3525,26,2246,2669,1521,653,773,3859,156,6405,2547,3263,2637,3935,2092,134,3904,1067,2171,723,2051,3692,102,3018,254,1888,2928,1625,805,813,5594,1264,5169,3232,3569,1317,113,2917,2603,1458,2905,2335,1893,484,2478,405,364,1178,1535,2583,1105,3014,1547,1898,2508,4548,1255,183,884,650,1170,1423,3414,1870,398,2156,2141,2041,689,1997,1244,2506,2362,2084,3055,210,2293,711,8356
64,2956,707,1872,3360,837,3521,26,2246,2669,1523,654,774,3859,156,6420,2547,3307,2640,3930,2092,134,3907,1056,2174,724,2036,3682,97,2995,254,1885,2917,1623,816,808,5594,1264,5162,3232,3574,1319,118,2913,2610,1445,2893,2332,1893,485,2442,415,351,1166,1533,2596,1105,3005,1545,1885,2497,4548,1276,188,884,650,1170,1423,3414,1870,398,2156,2141,2041,689,1997,1244,2506,2362,2084,3055,210,2293,711,8380
64,2942,706,1872,3360,850,3528,26,2231,2676,1510,653,773,3867,156,6420,2547,3289,2640,3948,2094,129,3927,1036,2174,735,2036,3682,97,2995,254,1885,2917,1623,816,808,5594,1264,5162,3232,3574,1319,118,2913,2610,1445,2893,2332,1893,485,2442,415,351,1166,1533,2596,1105,3005,1545,1885,2497,4548,1276,188,884,650,1183,1423,3402,1872,404,2156,2139,2054,689,2000,1267,2506,2347,2082,3055,210,2293,722,8406
64,2942,706,1872,3360,850,3528,26,2231,2676,1510,653,773,3867,156,6420,2547,3289,2640,3948,2094,129,3927,1036,2174,735,2036,3696,96,3014,254,1875,2917,1625,806,808,5586,1261,5182,3243,3574,1331,113,2884,2610,1458,2893,2332,1905,485,2442,415,351,1166,1533,2596,1105,3005,1545,1885,2497,4548,1276,188,884,650,1183,1423,3402,1872,404,2156,2139,2054,689,2000,1267,2506,2347,2082,3055,210,2293,722,8423
64,2952,698,1875,3360,851,3528,26,2243,2679,1510,653,787,3863,156,6425,2547,3307,2637,3930,2094,134,3921,1047,2174,735,2036,3696,96,3014,254,1875,2917,1625,806,808,5586,1261,5182,3243,3574,1331,113,2884,2610,1458,2893,2332,1905,485,2442,414,351,1166,1520,2599,1105,2991,1547,1901,2497,4541,1268,188,881,660,1184,1423,3419,1876,398,2167,2139,2057,676,2000,1246,2508,2355,2084,3085,210,2296,722,8456
64,2952,698,1875,3360,851,3528,26,2243,2679,1510,653,787,3863,156,6425,2547,3307,2637,3930,2094,134,3921,1047,2174,735,2036,3685,97,3005,254,1875,2917,1638,816,808,5563,1264,5169,3243,3574,1331,118,2828,2613,1460,2893,2335,1907,485,2424,415,351,1166,1535,2610,1104,3001,1547,1901,2500,4554,1268,188,880,650,1186,1423,3414,1884,398,2164,2139,2057,688,2000,1257,2506,2352,2082,3085,210,2296,722,8472
64,2947,706,1875,3360,850,3532,26,2239,2676,1523,641,774,3878,156,6416,2544,3268,2628,3935,2085,129,3930,1036,2171,723,2048,3679,97,3020,254,1875,2917,1638,816,808,5563,1264,5169,3243,3574,1331,118,2828,2613,1460,2893,2335,1907,485,2424,415,351,1166,1535,2610,1104,3001,1547,1901,2500,4554,1268,188,880,650,1186,1423,3414,1884,398,2164,2139,2057,688,2000,1257,2506,2352,2082,3085,210,2293,722,8489
64,2947,706,1875,3360,850,3532,26,2239,2676,1523,641,774,3878,156,6416,2544,3268,2628,3935,2085,129,3930,1036,2171,723,2048,3679,97,3020,245,1888,2917,1625,806,808,5563,1261,5162,3232,3569,1320,118,2799,2610,1458,2897,2332,1907,490,2409,414,364,1166,1522,2610,1105,3001,1547,1901,2497,4536,1268,188,880,650,1184,1423,3402,1874,398,2164,2139,2057,688,2000,1257,2505,2352,2082,3085,210,2293,722,8521
64,2943,697,1861,3360,850,3522,26,2236,2676,1512,653,774,3867,161,6430,2544,3311,2637,3948,2096,129,3924,1036,2174,735,2051,3689,97,3005,254,1890,2920,1638,807,808,5555,1264,5176,3232,3574,1331,118,2813,2622,1460,2882,2335,1918,490,2406,424,365,1166,1522,2610,1105,2982,1547,1901,2497,4536,1268,188,880,650,1184,1423,3402,1874,398,2164,2139,2057,688,2000,1257,2505,2352,2082,3085,210,2280,724,8555
64,2943,706,1877,3360,837,3522,26,2236,2669,1512,653,774,3867,156,6421,2535,3285,2613,3930,2085,129,3924,1046,2174,723,2051,3679,102,3020,254,1888,2932,1623,807,808,5555,1262,5169,3247,3569,1331,118,2813,2622,1460,2882,2335,1918,490,2406,424,365,1166,1522,2610,1105,2982,1545,1901,2494,4541,1268,188,880,650,1184,1423,3419,1876,398,2161,2139,2057,688,2000,1247,2506,2348,2082,3085,210,2283,724,8588
64,2943,706,1877,3360,837,3522,26,2236,2669,1512,653,774,3867,156,6421,2535,3285,2613,3930,2085,129,3924,1046,2174,723,2051,3679,102,3020,254,1888,2932,1623,807,808,5555,1262,5169,3247,3569,1331,118,2795,2620,1445,2897,2335,1918,490,2391,424,364,1166,1520,2610,1105,2982,1545,1901,2497,4554,1268,188,878,650,1184,1423,3414,1876,404,2164,2139,2070,688,2000,1257,2506,2363,2082,3081,210,2283,724,8608
64,2943,697,1859,3360,851,3522,26,2233,2676,1523,653,773,3871,156,6421,2535,3198,2575,3917,2096,134,3924,1047,2171,722,2038,3679,97,3011,254,1888,2932,1623,807,808,5555,1262,5169,3247,3569,1331,118,2795,2620,1445,2897,2335,1918,490,2391,424,364,1166,1520,2610,1105,2982,1545,1901,2497,4554,1268,188,878,650,1184,1423,3414,1876,404,2164,2139,2070,688,2000,1257,2506,2363,2082,3081,210,2296,723,8623
64,2943,697,1859,3360,851,3522,26,2233,2676,1523,653,773,3871,156,6421,2535,3198,2575,3917,2096,134,3924,1047,2171,722,2038,3679,97,3011,254,1875,2917,1623,807,814,5541,1272,5182,3243,3587,1332,118,2795,2620,1456,2893,2335,1918,490,2395,424,364,1166,1520,2623,1105,3001,1545,1901,2494,4548,1268,188,878,659,1183,1423,3419,1886,398,2175,2139,2054,689,2012,1248,2508,2363,2082,3081,210,2296,723,8643
64,2943,706,1875,3360,838,3536,26,2236,2676,1523,665,773,3871,156,6421,2547,3198,2578,3930,2083,134,3924,1036,2174,735,2038,3689,97,3015,245,1875,2917,1623,807,808,5533,1262,5169,3232,3574,1329,113,2780,2620,1458,2893,2335,1918,490,2395,424,364,1166,1520,2623,1105,3001,1545,1901,2494,4548,1268,188,878,659,1183,1423,3419,1886,398,2175,2139,2054,689,2012,1248,2508,2352,2092,3085,198,2283,713,8675
64,2953,698,1872,3344,837,3522,26,2233,2686,1523,653,774,3863,156,6421,2537,3190,2602,3935,2094,134,3924,1036,2174,735,2038,3689,97,3015,245,1875,2917,1623,807,808,5533,1262,5169,3232,3574,1329,113,2780,2620,1458,2893,2335,1905,490,2391,424,351,1166,1522,2596,1105,2997,1555,1901,2508,4548,1267,188,878,650,1184,1423,3419,1886,398,2164,2141,2057,676,1997,1257,2506,2348,2082,3098,210,2293,712,8698
64,2953,698,1872,3344,837,3522,26,2233,2686,1523,653,774,3863,156,6421,2537,3190,2602,3935,2094,134,3924,1047,2177,735,2051,3704,102,3015,254,1888,2917,1625,807,808,5547,1264,5169,3240,3574,1331,118,2799,2622,1458,2893,2338,1905,485,2406,424,351,1166,1522,2596,1105,2997,1555,1901,2508,4548,1267,188,878,650,1184,1423,3419,1886,398,2164,2141,2057,676,1997,1257,2506,2348,2082,3098,210,2293,712,8713
64,2939,698,1872,3344,837,3522,26,2233,2686,1523,653,774,3863,156,6421,2537,3190,2602,3935,2094,134,3924,1047,2177,735,2051,3704,102,3015,254,1888,2917,1625,807,808,5547,1264,5169,3240,3574,1331,118,2799,2622,1458,2893,2338,1905,485,2406,424,351,1166,1522,2610,1105,2997,1547,1901,2494,4548,1268,188,878,659,1184,1421,3406,1876,393,2164,2141,2070,687,2000,1256,2506,2352,2084,3098,210,2280,723,8729
64,2939,697,1861,3360,837,3528,26,2251,2679,1510,664,761,3867,156,6421,2537,3203,2590,3930,2085,134,3924,1036,2174,722,2036,3685,97,3001,254,1888,2917,1623,807,814,5555,1262,5162,3243,3569,1329,118,2784,2622,1458,2893,2338,1905,485,2406,424,351,1166,1522,2610,1105,2997,1547,1901,2494,4548,1268,188,878,659,1184,1421,3406,1876,393,2164,2141,2070,687,2000,1256,2506,2352,2084,3098,210,2280,723,8759
64,2958,697,1875,3356,837,3532,26,2236,2679,1523,653,774,3867,156,6421,2537,3216,2590,3930,2085,134,3924,1036,2174,722,2036,3685,97,3001,254,1888,2917,1623,807,814,5555,1262,5162,3243,3569,1329,118,2784,2622,1458,2893,2335,1905,490,2395,414,351,1166,1520,2586,1105,3001,1547,1901,2497,4554,1267,188,880,650,1186,1423,3419,1874,398,2164,2139,2073,687,2010,1256,2506,2352,2082,3125,210,2296,723,8788
64,2958,697,1875,3356,837,3532,26,2236,2679,1523,653,774,3867,156,6421,2537,3216,2602,3922,2083,134,3945,1047,2174,735,2048,3689,96,3001,254,1888,2917,1625,817,808,5563,1272,5189,3232,3569,1329,118,2813,2622,1458,2893,2335,1907,485,2395,414,351,1166,1520,2586,1105,3001,1547,1901,2497,4554,1267,188,880,650,1186,1423,3419,1874,398,2164,2139,2073,687,2010,1256,2506,2352,2082,3125,210,2296,723,8806
64,2943,697,1875,3360,851,3532,26,2236,2679,1523,653,774,3867,156,6421,2537,3216,2602,3922,2083,134,3945,1047,2174,735,2048,3689,96,3001,254,1888,2917,1625,817,808,5563,1272,5189,3232,3569,1329,118,2813,2622,1458,2893,2335,1907,485,2406,424,364,1166,1522,2599,1105,3001,1547,1901,2497,4554,1268,194,880,650,1184,1421,3414,1876,398,2178,2141,2070,688,2000,1256,2513,2366,2084,3125,210,2283,723,8822
64,2943,697,1875,3360,851,3532,26,2236,2679,1510,652,774,3863,156,6421,2547,3216,2602,3935,2094,134,3924,1046,2174,735,2038,3685,97,3015,254,1888,2917,1636,817,808,5563,1272,5189,3232,3569,1329,118,2813,2622,1458,2893,2335,1907,485,2406,424,364,1166,1522,2599,1105,3001,1547,1901,2497,4554,1268,194,880,650,1184,1421,3414,1876,398,2178,2141,2070,688,2000,1256,2513,2366,2084,3125,210,2283,723,8839
64,2943,698,1875,3360,851,3522,26,2236,2686,1510,652,774,3863,156,6421,2547,3216,2602,3935,2094,134,3924,1046,2174,735,2038,3685,97,3015,254,1888,2917,1636,806,808,5541,1264,5169,3243,3569,1329,113,2813,2620,1458,2882,2322,1918,485,2406,424,351,1166,1537,2599,1105,3001,1545,1901,2508,4554,1268,188,880,650,1173,1423,3414,1874,398,2164,2130,2057,688,2012,1257,2508,2352,2084,3125,210,2283,723,8872
64,2943,698,1875,3360,851,3522,26,2236,2686,1523,653,761,3878,156,6421,2535,3216,2587,3930,2096,129,3910,1036,2174,734,2038,3689,97,3020,245,1888,2917,1636,807,808,5555,1262,5169,3232,3574,1331,118,2799,2617,1460,2882,2335,1907,484,2406,414,365,1168,1520,2599,1105,3001,1545,1903,2508,4548,1268,188,880,650,1173,1423,3414,1874,398,2164,2130,2057,688,2012,1257,2508,2352,2084,3125,210,2283,723,8889
64,2943,706,1866,3360,838,3532,26,2251,2676,1523,653,761,3878,156,6421,2535,3216,2587,3930,2096,129,3910,1036,2174,734,2038,3689,97,3020,245,1888,2917,1636,807,808,5555,1262,5169,3232,3574,1331,118,2799,2617,1460,2882,2335,1907,484,2406,414,365,1168,1520,2599,1105,3001,1545,1903,2508,4548,1268,188,880,650,1186,1423,3419,1876,398,2167,2139,2073,687,1997,1247,2506,2352,2082,3142,210,2283,722,8906
64,2943,706,1866,3360,838,3532,26,2251,2676,1512,665,786,3878,156,6406,2532,3207,2590,3922,2096,129,3930,1026,2177,735,2036,3689,96,3001,244,1877,2928,1623,807,808,5555,1261,5176,3243,3574,1341,113,2809,2620,1460,2893,2335,1918,485,2406,424,352,1155,1522,2599,1105,3001,1545,1890,2497,4548,1268,188,880,650,1186,1423,3419,1876,398,2167,2139,2073,687,1997,1247,2506,2352,2082,3142,210,2283,722,8939
64,2943,697,1879,3360,838,3522,26,2236,2676,1514,653,773,3867,156,6406,2532,3224,2602,3935,2088,129,3924,1036,2180,735,2036,3689,96,3001,244,1877,2928,1623,807,808,5555,1261,5176,3243,3574,1341,113,2809,2620,1460,2893,2335,1918,485,2406,424,352,1155,1522,2599,1105,3001,1545,1890,2497,4548,1267,188,880,649,1173,1411,3406,1876,398,2150,2139,2073,689,1997,1257,2506,2337,2082,3142,210,2283,712,8956
64,2943,697,1879,3360,838,3522,26,2236,2676,1514,653,773,3867,156,6406,2532,3224,2602,3935,2088,129,3924,1036,2180,735,2036,3689,97,3001,254,1877,2917,1627,807,808,5555,1262,5182,3243,3569,1332,118,2813,2620,1449,2882,2319,1918,485,2409,424,352,1166,1522,2612,1105,3001,1545,1890,2497,4548,1267,188,880,649,1173,1411,3406,1876,398,2150,2139,2073,689,1997,1257,2506,2337,2082,3142,210,2283,712,8973
64,2943,697,1879,3360,838,3522,26,2236,2676,1514,653,773,3867,156,6406,2532,3224,2602,3935,2088,129,3924,1036,2180,735,2036,3689,97,3001,254,1877,2917,1627,807,808,5555,1262,5182,3243,3569,1332,118,2813,2620,1449,2882,2319,1918,485,2409,424,352,1166,1522,2612,1105,3001,1545,1906,2497,4554,1268,188,881,660,1187,1421,3402,1878,398,2164,2141,2075,688,2000,1248,2508,2337,2082,3142,210,2283,712,8989
64,2958,697,1879,3372,851,3532,32,2239,2676,1525,653,773,3882,156,6392,2547,3224,2602,3940,2098,134,3910,1046,2167,735,2038,3693,97,3001,254,1879,2917,1625,807,808,5555,1262,5182,3243,3569,1332,118,2813,2620,1449,2882,2319,1918,485,2409,424,352,1166,1522,2612,1105,3001,1545,1906,2497,4554,1268,188,881,660,1187,1421,3402,1878,398,2164,2141,2075,688,2000,1248,2508,2352,2082,3159,210,2280,724,9006
70,2943,698,1866,3356,837,3532,32,2239,2676,1525,653,773,3882,156,6392,2547,3224,2602,3940,2098,134,3910,1046,2167,735,2038,3693,97,3001,254,1879,2917,1625,807,808,5555,1262,5176,3240,3569,1332,113,2813,2610,1447,2893,2322,1920,485,2424,414,352,1166,1522,2612,1104,3001,1536,1892,2494,4554,1269,188,880,650,1187,1423,3419,1878,398,2164,2139,2075,688,2000,1248,2506,2352,2084,3159,210,2283,724,9037
70,2943,698,1866,3356,837,3525,26,2239,2676,1514,652,760,3871,156,6392,2535,3224,2602,3935,2088,129,3896,1036,2167,724,2036,3683,97,3015,245,1882,2917,1638,807,808,5555,1262,5176,3240,3569,1332,113,2813,2610,1447,2893,2322,1920,485,2424,414,352,1166,1522,2612,1104,3001,1536,1892,2494,4554,1269,188,880,650,1187,1423,3419,1878,398,2164,2139,2075,688,2000,1248,2506,2352,2084,3159,210,2283,724,9043
70,2943,698,1866,3356,837,3525,26,2239,2676,1514,652,760,3871,156,6392,2535,3224,2602,3935,2088,129,3896,1036,2167,724,2036,3683,97,3015,245,1882,2917,1638,807,808,5547,1262,5169,3240,3574,1343,113,2813,2610,1449,2893,2322,1930,485,2424,414,365,1178,1522,2626,1105,3001,1547,1906,2497,4554,1269,188,880,650,1189,1423,3410,1880,398,2164,2141,2075,688,2000,1248,2506,2352,2084,3159,210,2283,724,9071
70,2962,697,1866,3364,838,3539,26,2254,2679,1514,654,774,3876,156,6392,2544,3237,2602,3935,2088,129,3896,1036,2167,724,2036,3683,97,3015,245,1882,2917,1638,807,808,5547,1262,5169,3240,3574,1343,113,2813,2610,1449,2893,2322,1930,485,2424,414,365,1178,1522,2626,1105,3001,1547,1906,2497,4554,1269,188,880,650,1189,1423,3410,1880,398,2164,2141,2075,688,2000,1259,2512,2352,2084,3159,210,2296,724,9087
64,2958,697,1866,3364,838,3539,26,2254,2679,1514,654,774,3876,156,6392,2544,3237,2602,3930,2100,129,3896,1047,2169,735,2048,3697,97,3020,254,1882,2928,1636,818,809,5555,1262,5169,3243,3569,1344,113,2828,2610,1449,2897,2332,1930,485,2424,414,352,1166,1522,2623,1105,3001,1547,1906,2508,4536,1269,188,880,660,1187,1423,3414,1880,398,2164,2130,2075,688,2000,1250,2508,2355,2082,3159,210,2280,724,9121
64,2958,697,1864,3344,824,3515,21,2219,2664,1497,641,747,3861,150,6392,2535,3207,2587,3930,2077,129,3881,1026,2151,710,2023,3672,91,2982,244,1864,2902,1610,818,809,5555,1262,5169,3243,3569,1344,113,2828,2610,1449,2897,2332,1930,485,2424,414,352,1166,1522,2623,1105,3001,1547,1906,2508,4536,1269,188,880,660,1187,1423,3414,1880,398,2164,2130,2075,688,2000,1250,2508,2355,2082,3159,210,2280,724,9139
64,2958,697,1864,3344,824,3515,21,2219,2664,1497,641,747,3861,150,6392,2535,3207,2587,3930,2077,129,3881,1026,2151,710,2023,3672,91,2982,244,1864,2902,1610,796,802,5533,1252,5149,3228,3556,1311,113,2813,2598,1436,2878,2303,1920,479,2391,404,338,1153,1507,2612,1105,2976,1545,1908,2497,4536,1271,188,880,650,1189,1423,3419,1880,398,2150,2130,2078,688,2000,1250,2506,2352,2082,3159,210,2280,724,9156
64,2943,697,1869,3348,851,3529,26,2236,2679,1514,653,773,3880,156,6392,2537,3276,2628,3948,2090,134,3896,1036,2169,723,2036,3686,97,3015,245,1882,2917,1636,808,808,5555,1272,5176,3232,3591,1335,118,2828,2610,1450,2878,2322,1943,490,2424,414,366,1166,1507,2612,1105,2976,1545,1908,2497,4536,1271,188,880,650,1189,1423,3419,1880,398,2150,2130,2078,688,2000,1250,2506,2352,2082,3159,210,2268,714,9189
64,2958,697,1869,3348,851,3529,26,2236,2679,1514,653,773,3880,156,6392,2537,3276,2628,3948,2090,134,3896,1036,2169,723,2036,3686,97,3015,245,1882,2917,1636,808,808,5555,1272,5176,3232,3591,1335,118,2828,2610,1450,2878,2322,1943,490,2424,414,366,1166,1522,2639,1105,2987,1545,1908,2508,4536,1271,194,880,650,1189,1425,3419,1880,399,2167,2139,2091,687,2000,1250,2506,2355,2082,3180,210,2283,715,9210
64,2958,706,1869,3360,837,3533,26,2239,2676,1518,653,774,3890,156,6397,2535,3254,2622,3930,2090,129,3901,1036,2169,735,2038,3701,97,3001,245,1882,2917,1625,808,814,5555,1261,5176,3243,3569,1335,118,2813,2610,1464,2878,2332,1943,485,2406,414,366,1166,1522,2636,1105,3001,1545,1908,2508,4554,1271,194,881,650,1189,1423,3419,1880,399,2167,2139,2091,687,2000,1250,2506,2355,2082,3180,210,2283,715,9235
64,2958,697,1869,3360,838,3529,26,2236,2676,1516,642,788,3876,156,6401,2544,3263,2613,3935,2103,129,3916,1046,2167,722,2038,3686,97,3015,254,1882,2902,1610,808,814,5555,1261,5176,3243,3569,1335,118,2813,2610,1464,2878,2332,1943,485,2406,414,366,1166,1522,2636,1105,3001,1545,1908,2508,4554,1271,194,881,650,1189,1423,3419,1880,398,2164,2139,2091,687,2000,1251,2512,2369,2082,3185,210,2286,715,9256
64,2958,697,1869,3360,838,3529,26,2236,2676,1516,642,788,3876,156,6401,2544,3263,2613,3935,2103,129,3916,1046,2167,722,2038,3686,97,3015,254,1882,2902,1610,798,808,5555,1262,5176,3232,3574,1345,118,2828,2610,1464,2882,2335,1943,490,2409,414,352,1166,1522,2639,1105,2987,1545,1908,2508,4554,1282,188,880,650,1189,1423,3419,1880,398,2164,2139,2091,687,2000,1251,2512,2369,2082,3185,210,2286,715,9273
64,2958,706,1882,3372,838,3529,26,2236,2686,1516,653,775,3876,156,6392,2544,3267,2625,3935,2092,129,3916,1047,2183,735,2038,3690,97,3001,254,1882,2902,1610,798,808,5555,1262,5176,3232,3574,1345,118,2828,2610,1464,2882,2335,1943,490,2409,414,352,1166,1522,2639,1105,2987,1545,1908,2508,4554,1282,188,880,650,1189,1423,3419,1882,393,2164,2130,2078,688,2002,1261,2508,2352,2082,3189,210,2283,724,9307
64,2962,697,1869,3360,838,3533,26,2233,2676,1516,665,774,3865,156,6392,2544,3267,2625,3935,2092,129,3916,1047,2183,735,2038,3690,97,3001,254,1884,2917,1640,808,809,5555,1261,5176,3232,3574,1335,118,2813,2620,1464,2893,2335,1966,485,2409,414,352,1155,1522,2639,1104,3001,1545,1921,2505,4554,1273,194,880,650,1189,1423,3406,1882,398,2164,2130,2091,688,2002,1261,2512,2352,2084,3176,210,2283,726,9330
64,2962,697,1869,3360,838,3533,26,2233,2676,1516,665,774,3865,156,6392,2547,3267,2613,3948,2103,134,3910,1047,2183,735,2051,3690,97,3015,254,1884,2917,1640,808,809,5555,1261,5176,3232,3574,1335,118,2813,2620,1464,2893,2335,1966,485,2409,414,352,1155,1522,2639,1104,3001,1545,1921,2505,4554,1273,194,880,650,1189,1423,3406,1882,398,2164,2130,2091,688,2002,1261,2512,2352,2084,3176,210,2283,726,9339
64,2962,697,1869,3360,838,3533,26,2233,2676,1516,665,774,3865,156,6392,2547,3267,2613,3948,2103,134,3910,1047,2183,735,2051,3690,97,3015,254,1882,2917,1625,809,808,5555,1273,5189,3232,3578,1335,118,2813,2610,1450,2893,2335,1955,485,2409,414,352,1166,1522,2639,1105,2982,1545,1908,2508,4554,1273,188,880,650,1187,1423,3406,1882,398,2164,2130,2091,688,1997,1252,2506,2352,2084,3176,210,2283,726,9372
64,2958,707,1869,3364,851,3526,32,2233,2676,1516,653,774,3880,156,6406,2535,3267,2613,3948,2094,129,3896,1046,2172,724,2038,3690,97,3015,254,1882,2917,1625,810,808,5555,1261,5170,3232,3569,1345,118,2809,2613,1464,2882,2332,1955,490,2406,414,353,1166,1522,2639,1109,3001,1545,1908,2508,4554,1273,188,880,650,1187,1423,3406,1882,398,2164,2130,2091,688,1997,1252,2506,2348,2084,3176,210,2283,725,9405
64,2958,707,1869,3360,837,3522,26,2236,2679,1516,653,774,3880,156,6392,2544,3254,2625,3935,2094,129,3910,1046,2169,735,2038,3694,97,3015,254,1882,2928,1640,810,808,5547,1273,5176,3243,3578,1347,118,2809,2613,1464,2882,2332,1955,490,2406,414,353,1166,1522,2639,1109,3001,1545,1908,2508,4554,1284,188,880,650,1189,1423,3419,1884,398,2164,2139,2091,676,2000,1261,2512,2352,2092,3176,210,2283,715,9437
64,2953,706,1882,3360,839,3526,32,2233,2676,1516,653,773,3880,156,6406,2547,3267,2613,3948,2094,134,3904,1046,2169,735,2038,3694,97,3015,254,1882,2928,1640,810,808,5547,1273,5176,3243,3578,1347,118,2780,2622,1450,2882,2322,1955,490,2391,415,352,1155,1522,2642,1105,2997,1545,1908,2511,4548,1273,188,878,650,1189,1423,3419,1884,393,2161,2139,2091,688,2000,1252,2506,2348,2092,3189,210,2283,726,9472
64,2953,706,1882,3360,839,3526,32,2233,2676,1516,653,773,3880,156,6406,2547,3267,2613,3948,2094,134,3904,1046,2169,735,2048,3694,97,3001,254,1882,2917,1625,810,808,5555,1272,5182,3243,3574,1347,118,2780,2620,1449,2893,2335,1968,485,2388,424,352,1153,1511,2652,1104,2997,1545,1908,2511,4548,1273,188,878,650,1189,1423,3419,1884,393,2161,2139,2091,688,2000,1252,2506,2348,2092,3189,210,2283,726,9489
64,2953,706,1869,3360,838,3526,26,2247,2676,1516,653,774,3894,156,6406,2547,3267,2613,3948,2094,134,3904,1046,2169,735,2048,3694,97,3001,254,1882,2917,1625,810,808,5555,1272,5182,3243,3574,1347,118,2780,2620,1449,2893,2335,1968,485,2388,424,352,1153,1511,2652,1104,2997,1545,1910,2508,4548,1284,194,878,650,1189,1423,3423,1894,399,2161,2139,2078,688,2000,1252,2512,2348,2092,3176,210,2283,726,9506
64,2953,706,1869,3360,838,3526,26,2247,2676,1516,653,774,3894,156,6397,2537,3281,2625,3935,2096,129,3910,1046,2172,735,2038,3684,97,3011,254,1895,2928,1627,810,808,5547,1272,5176,3243,3574,1336,118,2780,2620,1464,2897,2335,1968,485,2388,424,352,1155,1509,2642,1110,2997,1547,1921,2508,4554,1272,188,877,650,1191,1423,3419,1884,399,2161,2139,2078,688,2000,1252,2512,2348,2092,3176,210,2283,726,9538
64,2953,698,1869,3360,838,3526,26,2251,2686,1516,653,761,3884,156,6397,2547,3267,2616,3935,2094,134,3904,1046,2169,723,2038,3694,91,3011,254,1882,2928,1638,809,802,5547,1273,5176,3243,3578,1347,118,2780,2622,1462,2893,2335,1957,490,2377,424,352,1155,1509,2642,1110,2997,1547,1921,2508,4554,1272,188,877,650,1191,1423,3419,1884,398,2175,2139,2091,688,2000,1252,2512,2348,2082,3176,210,2280,715,9572
64,2949,698,1879,3360,851,3526,26,2247,2676,1516,653,787,3884,156,6397,2547,3267,2625,3935,2094,134,3904,1046,2183,735,2038,3694,97,3011,254,1882,2917,1625,809,802,5547,1273,5176,3243,3578,1347,118,2780,2622,1462,2893,2335,1957,490,2377,424,352,1155,1509,2642,1105,2992,1545,1908,2508,4554,1272,188,878,650,1202,1423,3419,1882,398,2161,2132,2088,688,2000,1251,2506,2348,2082,3185,198,2280,726,9605
64,2953,706,1869,3364,851,3526,26,2230,2686,1514,641,774,3884,156,6402,2547,3267,2625,3935,2094,134,3904,1046,2183,735,2038,3694,97,3011,254,1882,2917,1625,809,808,5547,1272,5189,3240,3574,1336,118,2780,2620,1450,2882,2319,1957,490,2391,424,352,1166,1509,2642,1105,2997,1545,1921,2520,4548,1272,188,878,650,1187,1423,3414,1884,399,2175,2139,2075,688,2000,1252,2512,2363,2101,3189,210,2283,726,9638
64,2953,706,1869,3364,851,3526,26,2230,2686,1514,641,774,3884,156,6402,2547,3267,2622,3960,2094,129,3904,1046,2183,735,2039,3694,96,3011,254,1895,2928,1629,810,808,5547,1273,5196,3232,3574,1336,118,2780,2620,1464,2885,2325,1957,485,2391,424,352,1166,1509,2642,1105,2997,1545,1921,2520,4548,1272,188,878,650,1187,1423,3414,1884,399,2175,2139,2075,688,2000,1252,2512,2363,2101,3189,210,2283,726,9655
64,2925,697,1853,3302,1644,3431,26,2230,2667,1516,653,828,3873,156,6412,2537,3281,2628,3947,2084,134,3899,1037,2169,735,2039,3684,97,2992,254,1879,2917,1633,810,808,5547,1273,5196,3232,3574,1336,118,2780,2620,1464,2885,2325,1957,485,2374,415,352,1166,1526,2642,1105,3001,1547,1921,2520,4552,1284,188,878,650,1189,1423,3407,1884,393,2161,2139,2091,688,2000,1252,2508,2363,2094,3189,210,2289,726,9688
64,2925,697,1853,3302,1644,3431,26,2230,2667,1516,653,828,3873,156,6412,2537,3281,2628,3947,2084,134,3899,1037,2169,735,2039,3684,97,2992,254,1879,2917,1633,810,808,5539,1272,5182,3232,3578,1347,118,2762,2620,1464,2893,2328,1957,490,2374,414,352,1155,1517,2642,1105,2992,1545,1906,2508,4551,1273,188,877,650,1189,1423,3407,1884,393,2161,2139,2091,688,2000,1252,2508,2363,2094,3189,210,2289,726,9705
64,2953,697,1853,3290,1715,3435,26,2247,2667,1514,641,831,3873,156,6397,2544,3281,2628,3957,2094,134,3904,1046,2169,735,2044,3684,97,3007,254,1895,2917,1622,810,808,5547,1271,5182,3235,3583,1347,113,2752,2629,1462,2893,2328,1957,490,2374,414,352,1155,1517,2642,1105,2992,1545,1906,2508,4551,1273,188,877,650,1187,1423,3412,1884,398,2161,2139,2091,688,2005,1263,2512,2363,2111,3189,210,2279,715,9739
64,2953,697,1853,3290,1715,3435,26,2247,2667,1514,641,831,3873,156,6397,2544,3281,2628,3957,2094,134,3904,1046,2169,735,2044,3684,97,3007,254,1895,2917,1622,810,808,5547,1271,5182,3235,3583,1347,113,2752,2629,1462,2882,2335,1957,485,2370,414,352,1155,1530,2642,1105,2978,1545,1906,2508,4558,1273,188,877,650,1189,1421,3412,1882,398,2175,2130,2078,689,2002,1252,2506,2348,2101,3189,210,2279,715,9755
64,2939,697,1856,3294,1728,3442,26,2247,2676,1529,653,831,3884,156,6412,2535,3263,2625,3957,2094,129,3913,1036,2183,723,2044,3694,91,3011,245,1882,2917,1622,810,808,5561,1272,5189,3232,3575,1347,118,2752,2620,1464,2893,2335,1957,485,2391,424,352,1168,1530,2639,1105,2997,1545,1908,2520,4564,1273,188,877,650,1189,1421,3412,1882,398,2175,2130,2078,689,2002,1252,2506,2348,2101,3189,210,2282,726,9789
64,2939,698,1853,3294,1741,3431,26,2233,2667,1516,641,845,3884,156,6412,2535,3263,2625,3957,2094,129,3913,1036,2183,723,2044,3694,91,3011,245,1882,2917,1622,810,808,5561,1272,5189,3232,3575,1347,118,2752,2620,1464,2893,2335,1957,485,2391,424,352,1168,1530,2639,1105,2997,1545,1908,2520,4564,1284,188,892,650,1187,1425,3416,1884,398,2175,2130,2075,689,2007,1264,2510,2363,2103,3198,210,2282,726,9806
64,2939,698,1853,3294,1741,3431,26,2233,2667,1516,641,845,3884,156,6412,2532,3267,2625,3970,2094,134,3913,1036,2169,735,2044,3680,97,3011,254,1879,2917,1635,809,809,5547,1262,5182,3243,3575,1336,118,2766,2620,1462,2893,2335,1957,485,2391,424,352,1168,1530,2639,1105,2997,1545,1908,2520,4564,1284,188,892,650,1187,1425,3416,1884,398,2175,2130,2075,689,2007,1264,2510,2363,2103,3198,210,2282,726,9823
64,2939,696,1856,3290,1741,3431,26,2233,2676,1514,641,831,3884,150,6397,2535,3267,2613,3957,2094,129,3919,1036,2183,723,2044,3680,97,3011,254,1879,2917,1635,809,809,5547,1262,5182,3243,3575,1336,118,2766,2620,1462,2890,2335,1957,485,2377,414,352,1166,1517,2642,1105,2992,1545,1919,2508,4551,1273,194,878,659,1187,1423,3416,1882,398,2158,2130,2075,688,2005,1252,2512,2363,2101,3198,210,2282,726,9855
64,2939,697,1856,3294,1754,3421,26,2247,2676,1514,641,831,3884,150,6397,2535,3267,2613,3957,2094,129,3919,1036,2183,723,2042,3694,97,3007,254,1879,2920,1635,810,802,5539,1272,5182,3243,3575,1336,118,2752,2620,1450,2897,2335,1957,484,2374,424,365,1155,1517,2642,1105,2992,1545,1919,2520,4551,1273,188,878,649,1201,1423,3416,1882,398,2158,2137,2075,688,2005,1251,2505,2359,2101,3198,209,2282,715,9888
64,2939,697,1856,3294,1754,3421,26,2247,2676,1514,653,831,3873,156,6397,2532,3263,2628,3957,2105,129,3904,1036,2180,746,2044,3690,96,2997,245,1879,2917,1622,810,808,5547,1262,5182,3243,3575,1336,118,2762,2620,1464,2897,2335,1957,490,2388,423,352,1166,1517,2642,1105,2997,1545,1921,2508,4551,1273,188,877,650,1187,1423,3416,1884,398,2164,2130,2075,688,2005,1251,2505,2359,2101,3198,209,2282,715,9921
64,2943,697,1853,3290,1728,3431,26,2244,2676,1527,653,817,3873,156,6378,2537,3267,2625,3957,2105,129,3904,1036,2180,746,2044,3690,96,2997,245,1879,2917,1622,810,808,5547,1262,5182,3243,3575,1336,118,2762,2620,1464,2897,2335,1957,490,2388,423,352,1166,1517,2642,1105,2997,1545,1921,2508,4551,1273,188,877,650,1187,1423,3416,1884,398,2164,2130,2075,675,1992,1252,2505,2348,2111,3194,210,2282,715,9928
64,2943,697,1853,3290,1728,3431,26,2244,2676,1527,653,817,3873,156,6378,2537,3267,2625,3957,2105,129,3881,1036,2180,735,2044,3684,96,3001,254,1879,2917,1635,810,808,5569,1262,5189,3232,3570,1336,113,2828,2610,1462,2882,2324,1957,484,2442,414,352,1166,1530,2642,1109,3005,1545,1921,2508,4551,1273,188,877,650,1187,1423,3416,1884,398,2164,2130,2075,675,1992,1252,2505,2348,2111,3194,210,2282,715,9956
59,2933,688,1856,3290,1741,3431,26,2244,2676,1527,653,817,3873,156,6378,2537,3267,2625,3957,2105,129,3881,1036,2180,735,2044,3684,96,3001,254,1879,2917,1635,810,808,5569,1262,5189,3232,3570,1336,113,2828,2610,1462,2882,2324,1957,484,2442,414,352,1166,1530,2642,1109,3005,1544,1908,2508,4551,1273,188,881,650,1187,1423,3416,1884,393,2167,2141,2088,688,2005,1263,2506,2355,2103,3202,210,2282,715,9973
59,2933,688,1856,3290,1741,3417,26,2239,2669,1514,653,832,3873,156,6387,2535,3263,2625,3970,2094,134,3872,1046,2180,723,2042,3684,91,3005,254,1879,2917,1622,810,808,5578,1262,5182,3232,3575,1336,118,2846,2610,1449,2882,2335,1968,485,2442,414,366,1155,1530,2652,1104,3005,1545,1919,2508,4551,1273,188,881,650,1187,1423,3416,1884,393,2167,2141,2088,688,2005,1263,2506,2355,2103,3202,210,2282,715,10005
64,2933,697,1858,3290,1754,3424,32,2239,2679,1516,653,831,3877,156,6401,2537,3281,2625,3957,2094,134,3887,1036,2183,735,2044,3688,97,3005,254,1882,2917,1638,821,808,5578,1264,5176,3243,3562,1347,118,2832,2622,1450,2893,2335,1970,485,2442,414,352,1155,1519,2665,1105,3005,1545,1908,2520,4551,1285,188,895,650,1189,1425,3416,1886,398,2167,2141,2078,688,1992,1253,2505,2369,2122,3228,210,2285,727,10171
64,2933,698,1856,3290,1754,3424,32,2254,2679,1516,653,831,3888,156,6387,2535,3285,2625,3957,2094,134,3887,1036,2183,735,2044,3688,97,3005,254,1882,2917,1638,821,808,5578,1264,5176,3243,3562,1347,118,2832,2622,1450,2893,2335,1970,485,2442,414,352,1155,1519,2665,1105,3005,1545,1908,2520,4551,1285,188,895,650,1189,1423,3416,1884,398,2167,2130,2078,676,1992,1252,2512,2355,2113,3228,210,2285,727,10188
64,2933,698,1856,3290,1754,3424,32,2254,2679,1516,653,831,3888,156,6387,2535,3285,2625,3957,2096,134,3901,1027,2183,735,2044,3688,97,3005,245,1882,2917,1635,811,808,5584,1262,5176,3232,3575,1336,118,2846,2610,1450,2882,2321,1968,484,2438,414,352,1155,1517,2655,1105,3005,1545,1908,2520,4551,1275,199,881,650,1189,1411,3416,1886,398,2167,2128,2091,688,1992,1255,2512,2355,2111,3228,210,2285,727,10221
64,2947,696,1843,3290,1743,3424,26,2239,2676,1516,654,817,3888,156,6387,2532,3254,2625,3976,2107,134,3887,1036,2183,723,2044,3688,97,3005,245,1884,2917,1622,811,808,5578,1272,5176,3235,3588,1348,113,2832,2620,1449,2893,2335,1968,485,2442,414,366,1166,1530,2655,1105,3005,1545,1921,2529,4564,1285,188,881,650,1189,1411,3416,1886,398,2167,2128,2091,688,1992,1255,2512,2355,2111,3228,210,2282,727,10255
64,2933,697,1843,3290,1741,3424,26,2236,2667,1516,641,830,3877,156,6387,2535,3281,2625,3957,2107,129,3887,1036,2183,723,2044,3688,97,3005,254,1882,2920,1622,811,808,5592,1272,5163,3243,3575,1348,113,2828,2610,1450,2893,2335,1968,485,2442,414,366,1166,1530,2655,1105,3005,1545,1921,2529,4564,1285,188,881,650,1187,1423,3430,1896,398,2167,2139,2091,688,1992,1253,2506,2355,2111,3228,210,2282,727,10288
64,2933,697,1843,3290,1741,3424,26,2236,2667,1516,641,830,3877,156,6387,2535,3281,2625,3957,2107,129,3887,1036,2183,723,2044,3688,97,3005,254,1882,2920,1622,811,808,5592,1272,5163,3243,3575,1348,113,2828,2610,1450,2882,2335,1970,485,2438,414,353,1168,1532,2665,1105,3005,1545,1921,2532,4564,1285,194,881,650,1189,1423,3416,1896,393,2153,2139,2078,677,2005,1253,2512,2355,2111,3228,210,2282,727,10304
64,2933,697,1858,3290,1741,3438,26,2239,2676,1518,653,831,3888,156,6401,2532,3285,2625,3970,2096,129,3887,1027,2183,723,2044,3688,97,3020,254,1882,2917,1635,811,809,5578,1273,5183,3243,3575,1338,118,2832,2620,1452,2893,2335,1970,485,2438,424,353,1168,1530,2668,1105,3001,1545,1924,2532,4564,1285,194,881,650,1189,1423,3416,1896,393,2153,2139,2078,677,2005,1253,2512,2355,2111,3228,210,2282,716,10338
64,2947,697,1858,3290,1756,3435,26,2239,2667,1518,653,831,3888,156,6396,2535,3272,2622,3970,2105,134,3901,1037,2172,735,2044,3688,97,3005,254,1884,2917,1622,811,808,5578,1264,5176,3243,3593,1348,118,2832,2613,1452,2893,2335,1970,485,2438,424,353,1168,1530,2668,1105,3001,1545,1924,2532,4564,1285,188,880,659,1189,1423,3416,1896,399,2167,2132,2091,676,2005,1253,2513,2369,2120,3246,221,2295,727,10372
59,2933,688,1858,3290,1752,3435,26,2239,2679,1518,653,831,3888,156,6401,2535,3254,2625,3957,2107,129,3901,1027,2169,735,2044,3688,97,3005,254,1884,2917,1622,811,808,5578,1264,5176,3243,3593,1348,118,2832,2613,1452,2893,2335,1970,485,2438,405,352,1166,1530,2652,1105,3005,1555,1908,2532,4551,1285,188,881,650,1189,1423,3416,1886,398,2153,2130,2094,688,1992,1253,2512,2355,2120,3241,210,2282,727,10405
64,2933,706,1856,3290,1741,3421,26,2239,2676,1518,653,831,3888,156,6401,2535,3254,2625,3957,2107,129,3901,1027,2169,735,2044,3688,97,3020,254,1884,2928,1635,811,809,5592,1273,5183,3240,3588,1348,113,2832,2610,1450,2893,2335,1970,485,2442,424,352,1168,1517,2665,1105,3005,1545,1921,2532,4564,1273,188,881,650,1189,1411,3403,1886,399,2153,2130,2091,689,2005,1253,2512,2355,2120,3254,210,2282,727,10430
64,2933,706,1856,3290,1741,3421,26,2239,2676,1529,641,830,3888,156,6387,2544,3272,2625,3952,2107,129,3901,1027,2169,746,2044,3688,97,3005,245,1882,2928,1635,811,809,5592,1273,5163,3232,3588,1348,113,2832,2622,1452,2882,2335,1970,485,2442,424,352,1168,1517,2665,1105,3005,1545,1921,2532,4564,1273,188,881,650,1189,1411,3403,1886,399,2153,2130,2091,689,2005,1253,2512,2355,2120,3254,210,2282,727,10456
64,2933,706,1856,3290,1741,3421,26,2239,2676,1529,641,830,3888,156,6387,2544,3272,2625,3952,2107,129,3901,1027,2169,746,2044,3688,97,3005,245,1882,2928,1635,811,809,5592,1273,5163,3232,3588,1348,113,2832,2622,1452,2882,2335,1970,485,2438,424,352,1155,1517,2655,1105,3005,1545,1921,2532,4564,1275,188,881,650,1191,1423,3416,1886,398,2167,2132,2094,688,2005,1253,2513,2355,2120,3254,210,2282,727,10473
64,2933,698,1856,3294,1741,3435,26,2239,2679,1516,653,831,3888,156,6401,2537,3272,2625,3970,2096,134,3901,1036,2169,724,2044,3691,97,3005,254,1882,2917,1635,811,809,5600,1273,5176,3235,3588,1350,113,2832,2613,1450,2893,2335,1970,485,2438,415,352,1155,1517,2655,1105,3005,1545,1921,2532,4564,1275,188,881,650,1191,1423,3416,1886,398,2167,2132,2094,688,2005,1253,2513,2355,2122,3259,221,2282,727,10497
64,2937,698,1858,3290,1741,3435,26,2239,2679,1516,653,831,3888,156,6401,2537,3272,2625,3970,2096,134,3901,1036,2169,724,2044,3691,97,3005,254,1882,2917,1635,811,809,5600,1273,5176,3235,3588,1350,113,2832,2613,1450,2893,2335,1970,485,2438,415,352,1155,1528,2655,1111,3005,1545,1924,2535,4564,1286,188,881,650,1191,1423,3416,1886,393,2164,2130,2081,688,2005,1255,2512,2355,2122,3259,210,2282,716,10513
64,2937,698,1858,3290,1741,3424,26,2239,2669,1518,653,831,3888,150,6387,2547,3254,2625,3952,2107,129,3887,1037,2169,723,2042,3681,91,3010,254,1882,2917,1635,812,814,5592,1273,5170,3232,3570,1338,113,2832,2613,1450,2893,2335,1970,485,2438,415,352,1155,1528,2655,1111,3005,1545,1924,2535,4564,1286,188,881,650,1191,1423,3416,1886,393,2164,2130,2081,688,2005,1255,2512,2355,2122,3259,210,2282,716,10539
64,2937,698,1858,3290,1741,3424,26,2239,2669,1518,653,831,3888,150,6387,2547,3254,2625,3952,2107,129,3887,1037,2169,723,2042,3681,91,3010,254,1882,2917,1635,812,814,5592,1273,5170,3232,3570,1338,113,2846,2610,1452,2893,2335,1972,485,2442,405,353,1156,1517,2658,1105,3005,1547,1924,2532,4577,1276,188,882,650,1191,1423,3416,1888,399,2170,2132,2081,688,2005,1255,2512,2355,2122,3259,210,2282,716,10556
64,2933,697,1858,3294,1712,3424,32,2239,2676,1529,641,817,3892,156,6401,2535,3285,2625,3970,2099,134,3887,1037,2169,723,2042,3681,91,3010,254,1882,2917,1635,812,814,5592,1273,5170,3232,3570,1338,113,2846,2610,1452,2893,2335,1972,485,2442,405,353,1156,1517,2658,1105,3005,1547,1924,2532,4577,1276,188,882,650,1191,1423,3416,1888,399,2170,2132,2081,688,2005,1255,2518,2369,2122,3272,210,2282,727,10573
59,2937,697,1858,3294,1712,3424,32,2239,2676,1529,641,817,3892,156,6401,2535,3285,2625,3970,2099,134,3901,1027,2172,735,2042,3677,97,3010,245,1884,2917,1633,812,808,5606,1272,5170,3235,3583,1339,113,2832,2620,1452,2893,2332,1972,490,2442,414,353,1168,1530,2668,1111,3005,1545,1921,2535,4558,1286,188,881,650,1191,1423,3416,1886,399,2156,2130,2081,677,2005,1255,2518,2369,2122,3259,210,2282,717,10607
59,2937,697,1858,3290,1715,3424,26,2239,2667,1518,641,816,3892,156,6410,2537,3272,2613,3957,2109,134,3907,1036,2169,724,2042,3681,97,3010,254,1871,2917,1620,811,808,5592,1272,5163,3243,3570,1350,113,2846,2613,1452,2893,2335,1972,490,2427,415,366,1166,1515,2668,1105,3005,1545,1924,2535,4577,1286,188,882,650,1191,1423,3412,1898,398,2167,2132,2083,677,2005,1255,2518,2369,2122,3259,210,2282,717,10639
64,2933,698,1845,3290,1701,3428,26,2239,2679,1518,653,831,3892,156,6401,2535,3259,2613,3965,2099,134,3907,1036,2172,723,2042,3691,97,3005,254,1871,2917,1633,812,809,5592,1272,5163,3243,3570,1350,113,2846,2613,1452,2893,2335,1972,490,2427,415,366,1166,1515,2668,1105,3005,1545,1924,2535,4577,1286,188,882,650,1191,1423,3412,1898,398,2167,2132,2083,688,2015,1255,2518,2369,2120,3259,210,2282,717,10656
64,2933,698,1845,3290,1701,3428,26,2239,2679,1518,653,831,3892,156,6401,2535,3259,2613,3965,2099,134,3907,1036,2172,723,2042,3691,97,3005,254,1871,2917,1633,812,809,5592,1272,5176,3247,3583,1350,118,2832,2608,1452,2893,2335,1972,485,2438,414,353,1155,1517,2668,1105,3005,1545,1910,2535,4564,1276,188,881,650,1192,1411,3412,1888,393,2153,2130,2083,688,2005,1255,2513,2355,2130,3289,210,2282,717,10689
64,2943,697,1861,3294,1715,3428,26,2239,2667,1520,653,817,3892,156,6401,2525,3272,2628,3970,2099,134,3887,1028,2162,712,2044,3681,97,3005,245,1889,2932,1618,812,809,5600,1272,5163,3235,3588,1350,113,2832,2620,1454,2882,2335,1972,485,2395,414,353,1155,1517,2668,1105,3005,1545,1910,2532,4564,1276,188,881,650,1192,1411,3412,1888,393,2153,2130,2083,688,2005,1255,2513,2355,2130,3289,210,2279,717,10722
64,2929,698,1861,3290,1715,3428,26,2236,2676,1518,642,817,3892,156,6401,2535,3276,2628,3970,2088,129,3901,1027,2175,735,2042,3681,91,3005,245,1887,2917,1635,812,809,5592,1272,5176,3232,3575,1350,113,2813,2610,1454,2897,2335,1983,485,2395,414,353,1155,1517,2668,1105,3005,1545,1910,2532,4564,1285,188,880,650,1192,1423,3412,1898,399,2167,2130,2096,688,2005,1255,2513,2355,2122,3289,210,2292,727,10759
64,2947,698,1850,3294,1728,3428,26,2239,2676,1522,654,831,3892,156,6401,2535,3293,2628,3957,2101,129,3901,1036,2162,711,2044,3685,91,3020,254,1887,2920,1622,812,809,5592,1272,5176,3232,3575,1350,113,2813,2610,1454,2897,2335,1983,485,2424,414,353,1155,1517,2668,1105,3010,1555,1913,2532,4558,1286,188,867,650,1192,1423,3416,1888,399,2170,2130,2083,689,1992,1255,2518,2355,2120,3307,221,2295,727,10789
64,2947,698,1850,3294,1728,3428,26,2239,2676,1522,654,831,3892,156,6401,2535,3293,2628,3957,2101,129,3901,1036,2162,711,2044,3685,91,3020,254,1887,2920,1622,812,814,5592,1272,5176,3247,3593,1353,113,2836,2620,1456,2897,2335,1985,491,2442,415,366,1168,1517,2682,1111,3005,1547,1926,2535,4558,1288,188,882,650,1192,1425,3416,1888,399,2170,2130,2083,689,1992,1255,2518,2355,2120,3307,221,2295,727,10806
59,2947,697,1861,3290,1728,3431,26,2239,2667,1518,654,817,3892,156,6401,2537,3276,2628,3970,2109,134,3892,1027,2175,735,2044,3685,97,3010,254,1887,2920,1622,812,814,5592,1272,5176,3247,3593,1353,113,2836,2620,1456,2897,2335,1985,491,2442,415,366,1168,1517,2682,1111,3005,1547,1926,2535,4558,1288,188,882,650,1192,1425,3416,1888,399,2170,2130,2083,688,1992,1246,2520,2369,2132,3307,210,2279,728,10823
59,2947,697,1861,3290,1728,3431,26,2239,2667,1518,654,817,3892,156,6401,2537,3276,2628,3970,2109,134,3892,1027,2175,735,2044,3685,97,3010,254,1887,2917,1635,812,814,5615,1272,5176,3247,3575,1351,118,2832,2620,1456,2897,2338,1985,491,2427,414,353,1156,1517,2679,1106,2991,1545,1929,2535,4570,1286,194,882,650,1192,1411,3416,1890,399,2153,2139,2086,677,2005,1256,2520,2369,2130,3307,210,2279,728,10856
64,2933,698,1861,3294,1728,3431,26,2243,2667,1507,654,831,3907,156,6401,2535,3293,2640,3957,2101,134,3901,1027,2178,711,2044,3685,97,3010,254,1887,2917,1635,812,814,5615,1272,5176,3247,3575,1351,118,2832,2620,1456,2897,2338,1985,491,2427,414,353,1156,1517,2679,1106,2991,1545,1929,2535,4570,1286,194,882,650,1192,1411,3416,1890,399,2153,2139,2086,677,2005,1256,2520,2369,2130,3307,210,2282,728,10864
64,2933,698,1861,3294,1728,3431,26,2243,2667,1507,654,831,3907,156,6401,2535,3293,2640,3957,2101,134,3901,1027,2178,711,2044,3685,97,3010,254,1887,2928,1635,813,814,5606,1272,5176,3235,3575,1351,113,2832,2613,1456,2882,2338,1983,485,2442,415,366,1166,1517,2671,1106,3005,1544,1910,2535,4570,1286,194,882,650,1192,1411,3416,1890,399,2153,2139,2086,677,2005,1256,2520,2369,2130,3307,210,2282,728,10881
64,2933,698,1861,3294,1728,3431,26,2243,2667,1507,654,831,3907,156,6401,2535,3293,2640,3957,2101,134,3901,1027,2178,711,2044,3685,97,3010,254,1887,2928,1635,813,814,5606,1272,5176,3235,3575,1351,113,2832,2613,1456,2882,2338,1983,485,2442,415,366,1166,1517,2671,1106,3005,1544,1910,2535,4570,1286,188,882,650,1192,1411,3416,1890,399,2170,2132,2083,689,2005,1255,2520,2369,2130,3307,210,2282,728,10895
64,2933,697,1845,3290,1730,3428,26,2239,2679,1520,642,844,3896,156,6387,2528,3289,2628,3963,2109,129,3907,1027,2175,735,2044,3685,97,3010,254,1884,2932,1635,812,814,5615,1273,5176,3243,3588,1339,113,2832,2613,1456,2882,2338,1983,485,2442,415,366,1166,1517,2671,1106,3005,1544,1910,2535,4570,1286,188,882,650,1192,1411,3416,1890,399,2170,2132,2083,689,2005,1255,2520,2369,2132,3285,210,2282,728,10922
64,2933,697,1871,3278,1743,3428,26,2239,2676,1518,641,831,3896,156,6387,2528,3259,2613,3963,2101,134,3887,1028,2175,711,2044,3685,97,3010,254,1884,2932,1635,812,814,5615,1273,5176,3243,3588,1339,113,2832,2620,1454,2882,2335,1972,485,2442,415,366,1168,1517,2671,1106,3005,1547,1926,2535,4564,1286,188,882,650,1192,1411,3403,1888,399,2153,2130,2083,689,2007,1256,2520,2355,2130,3289,210,2285,728,10956
64,2933,697,1871,3278,1743,3428,26,2239,2676,1518,641,831,3896,156,6387,2528,3259,2613,3963,2101,134,3887,1028,2175,711,2044,3681,91,3010,254,1887,2920,1622,813,809,5615,1272,5176,3235,3588,1341,113,2836,2620,1454,2882,2321,1985,485,2442,414,353,1166,1517,2671,1106,2991,1547,1926,2535,4564,1286,188,882,650,1192,1411,3403,1888,399,2153,2130,2083,689,2007,1256,2520,2355,2130,3289,210,2285,728,10973
64,2933,697,1858,3290,1730,3428,26,2239,2676,1518,641,831,3896,156,6387,2528,3259,2613,3963,2101,134,3887,1028,2175,711,2044,3681,91,3010,254,1887,2920,1622,813,809,5615,1272,5176,3235,3588,1341,113,2836,2620,1454,2882,2321,1985,485,2442,414,353,1166,1517,2671,1106,2991,1545,1926,2532,4583,1288,194,881,650,1192,1413,3416,1888,399,2156,2132,2099,688,1992,1256,2518,2373,2139,3307,210,2298,728,10993
64,2933,697,1858,3290,1730,3431,32,2243,2676,1520,653,832,3907,156,6401,2525,3250,2625,3957,2109,134,3892,1027,2178,724,2044,3695,97,3005,254,1887,2932,1638,812,809,5615,1273,5176,3232,3579,1351,113,2850,2610,1456,2897,2324,1974,485,2427,415,353,1168,1517,2668,1106,2995,1547,1926,2535,4577,1288,194,882,650,1194,1423,3408,1898,399,2153,2132,2099,688,1992,1256,2518,2373,2139,3307,210,2298,728,11021
64,2947,698,1847,3282,1756,3428,26,2254,2681,1522,654,845,3902,156,6401,2537,3276,2625,3963,2099,129,3907,1047,2178,735,2047,3681,91,3010,254,1889,2917,1638,812,809,5592,1273,5170,3247,3579,1350,113,2850,2610,1456,2897,2324,1974,485,2427,415,353,1168,1517,2668,1106,2995,1547,1926,2535,4577,1288,194,882,650,1194,1423,3408,1898,399,2153,2132,2099,689,1994,1255,2520,2373,2132,3289,210,2298,718,11047
64,2947,698,1847,3282,1756,3428,26,2254,2681,1522,654,845,3902,156,6401,2537,3276,2625,3963,2099,129,3907,1047,2178,735,2047,3681,91,3010,254,1889,2917,1638,812,809,5592,1273,5170,3247,3579,1350,113,2836,2622,1454,2897,2335,1972,485,2442,414,353,1166,1519,2671,1106,3005,1547,1926,2535,4583,1286,199,882,650,1194,1413,3421,1888,399,2153,2132,2099,689,1994,1255,2520,2373,2132,3289,210,2298,718,11056
64,2937,698,1861,3278,1743,3428,32,2243,2679,1520,654,845,3902,156,6410,2537,3280,2637,3976,2109,134,3907,1047,2178,735,2044,3681,97,3010,254,1887,2917,1622,812,814,5623,1272,5170,3247,3579,1350,113,2836,2622,1454,2897,2335,1972,485,2442,414,353,1166,1519,2671,1106,3005,1547,1926,2535,4583,1286,199,882,650,1194,1413,3421,1888,393,2156,2132,2086,689,1994,1255,2518,2369,2132,3307,210,2282,717,11089
64,2937,698,1850,3290,1756,3428,26,2228,2669,1522,654,845,3907,156,6410,2537,3280,2637,3976,2109,134,3907,1047,2178,735,2044,3681,97,3010,254,1887,2917,1622,812,814,5623,1272,5163,3235,3566,1339,113,2832,2622,1443,2897,2321,1972,485,2427,415,354,1166,1519,2668,1106,2995,1547,1913,2535,4570,1277,188,882,650,1194,1411,3408,1888,393,2170,2122,2086,688,1994,1255,2518,2373,2141,3320,210,2282,727,11117
64,2937,698,1850,3290,1756,3428,26,2228,2669,1522,654,845,3907,156,6387,2535,3254,2613,3963,2099,134,3907,1037,2162,723,2047,3695,97,3010,254,1887,2932,1624,812,814,5615,1273,5183,3243,3579,1350,113,2850,2622,1443,2893,2338,1974,485,2442,415,353,1166,1519,2668,1106,2995,1547,1913,2535,4570,1277,188,882,650,1194,1411,3408,1888,393,2170,2122,2086,688,1994,1255,2518,2373,2141,3320,210,2282,727,11139
64,2937,698,1850,3290,1756,3428,26,2228,2669,1522,654,845,3907,156,6387,2535,3254,2613,3963,2099,134,3907,1037,2162,723,2047,3695,97,3010,254,1887,2932,1624,812,814,5615,1273,5183,3243,3579,1350,113,2850,2622,1443,2893,2338,1974,485,2442,415,353,1166,1519,2668,1105,2995,1547,1913,2535,4570,1286,188,882,650,1194,1425,3408,1888,399,2156,2132,2086,688,1994,1256,2518,2373,2132,3333,210,2285,727,11156
64,2937,698,1847,3278,1756,3417,32,2243,2669,1509,642,819,3902,156,6410,2537,3263,2616,3963,2109,129,3907,1037,2165,724,2047,3695,97,3010,245,1876,2920,1624,812,814,5615,1273,5183,3243,3579,1350,113,2850,2622,1443,2893,2338,1974,485,2442,415,353,1166,1519,2668,1105,2995,1547,1913,2535,4570,1286,188,882,650,1194,1425,3408,1888,399,2156,2132,2086,688,1994,1256,2518,2373,2132,3333,210,2285,727,11172
64,2937,698,1863,3294,1756,3428,26,2243,2667,1509,641,832,3902,156,6410,2537,3263,2616,3963,2109,129,3907,1037,2165,724,2047,3695,97,3010,245,1876,2920,1624,812,809,5615,1272,5170,3235,3566,1339,113,2850,2622,1456,2893,2324,1974,485,2445,415,354,1168,1517,2668,1106,3010,1547,1916,2535,4564,1286,194,882,650,1194,1411,3403,1888,399,2156,2132,2086,689,1994,1255,2518,2369,2139,3320,210,2298,727,11205
64,2937,698,1863,3294,1756,3428,26,2243,2667,1509,641,832,3902,151,6387,2535,3293,2637,3949,2109,134,3907,1037,2178,723,2047,3681,97,3010,245,1876,2920,1624,812,809,5615,1262,5170,3232,3579,1341,113,2850,2610,1456,2897,2324,1972,485,2445,415,354,1156,1519,2671,1105,2995,1547,1916,2535,4570,1288,188,882,650,1194,1423,3408,1888,399,2156,2130,2099,676,1992,1244,2520,2373,2139,3346,210,2298,727,11238
64,2937,697,1852,3294,1770,3428,32,2243,2679,1522,654,833,3913,156,6396,2535,3280,2628,3963,2099,124,3887,1027,2178,723,2047,3681,97,3010,245,1876,2920,1624,812,809,5615,1262,5170,3232,3579,1341,113,2850,2610,1456,2897,2324,1972,485,2445,415,354,1156,1519,2671,1105,2995,1547,1916,2535,4570,1288,188,882,650,1194,1423,3408,1888,399,2156,2130,2099,676,1992,1244,2520,2373,2139,3346,210,2285,716,11255
64,2937,697,1852,3294,1770,3428,32,2243,2679,1522,654,833,3913,156,6396,2535,3280,2628,3963,2099,124,3887,1027,2178,723,2047,3691,97,2995,254,1876,2917,1624,812,809,5623,1273,5170,3247,3584,1350,118,2855,2622,1443,2897,2341,1974,485,2460,415,354,1168,1519,2658,1106,2995,1547,1929,2535,4589,1286,194,882,650,1194,1425,3412,1900,393,2159,2130,2099,688,1994,1255,2518,2373,2141,3359,210,2285,716,11272
64,2937,697,1852,3278,1770,3428,26,2243,2676,1524,641,846,3917,156,6396,2537,3272,2628,3949,2099,134,3892,1037,2178,724,2047,3685,97,2995,254,1889,2920,1624,812,809,5615,1272,5170,3232,3566,1329,113,2850,2613,1445,2897,2341,1974,485,2460,415,354,1168,1519,2658,1106,2995,1547,1929,2535,4589,1286,194,882,650,1194,1425,3412,1900,393,2159,2130,2099,688,1994,1255,2518,2373,2141,3359,210,2285,717,11305
64,2942,707,1852,3290,1756,3431,32,2246,2669,1511,654,833,3907,156,6396,2537,3280,2640,3963,2099,134,3898,1036,2165,735,2047,3685,97,2995,254,1889,2920,1624,812,809,5615,1272,5170,3232,3566,1329,113,2850,2613,1445,2885,2324,1972,485,2449,415,354,1156,1519,2671,1106,3010,1548,1916,2535,4570,1286,194,897,650,1194,1425,3408,1890,399,2156,2122,2099,689,1994,1265,2520,2362,2141,3359,210,2285,718,11338
64,2942,707,1852,3290,1756,3431,32,2246,2669,1511,654,833,3907,156,6396,2537,3280,2640,3963,2099,134,3898,1036,2165,735,2034,3691,97,3014,254,1892,2920,1638,812,809,5623,1273,5177,3243,3579,1339,113,2865,2610,1445,2897,2324,1972,485,2463,405,354,1168,1519,2671,1106,3010,1547,1931,2535,4570,1288,210,898,650,1194,1425,3408,1890,399,2156,2122,2099,689,1994,1265,2520,2362,2141,3359,210,2285,718,11348
64,2937,698,1865,3282,1770,3431,26,2246,2679,1511,654,833,3907,156,6396,2537,3280,2640,3963,2099,134,3898,1036,2165,735,2034,3691,97,3014,254,1892,2920,1638,812,809,5623,1273,5177,3243,3579,1339,113,2865,2610,1445,2897,2324,1972,485,2463,405,354,1168,1519,2671,1106,3010,1547,1931,2535,4570,1288,210,898,650,1195,1425,3412,1890,399,2173,2132,2089,688,1994,1255,2518,2358,2139,3377,221,2285,727,11373
64,2937,698,1865,3282,1770,3431,26,2246,2679,1511,653,845,3902,156,6405,2537,3280,2628,3963,2099,134,3892,1027,2181,724,2047,3691,97,3010,254,1879,2920,1624,812,809,5615,1274,5184,3235,3579,1341,118,2869,2610,1445,2897,2324,1972,485,2460,414,354,1155,1521,2671,1106,2995,1547,1918,2532,4570,1288,210,911,650,1195,1425,3412,1890,399,2173,2132,2089,688,1994,1255,2518,2358,2139,3377,221,2285,727,11401
64,2937,706,1852,3290,1756,3428,26,2228,2679,1511,642,832,3902,156,6405,2525,3289,2625,3976,2099,129,3913,1027,2165,723,2034,3681,97,2995,245,1876,2920,1638,812,809,5623,1272,5177,3247,3584,1350,113,2855,2610,1458,2897,2324,1962,485,2463,414,354,1156,1521,2671,1106,2995,1547,1918,2532,4570,1288,210,911,650,1195,1413,3408,1898,393,2159,2130,2089,688,1981,1255,2520,2358,2141,3377,210,2285,727,11439
64,2937,698,1852,3294,1756,3428,26,2228,2679,1511,642,832,3902,156,6405,2525,3289,2625,3976,2099,129,3913,1027,2165,723,2034,3681,97,2995,245,1876,2920,1638,812,809,5623,1272,5177,3247,3584,1350,113,2855,2610,1458,2897,2324,1962,485,2463,414,354,1156,1519,2655,1106,3010,1545,1918,2532,4570,1276,210,898,659,1197,1425,3412,1890,399,2156,2132,2102,688,1994,1255,2520,2373,2132,3394,210,2285,727,11455
64,2937,698,1852,3294,1756,3428,26,2243,2676,1524,642,832,3902,156,6396,2525,3272,2628,3970,2111,129,3892,1036,2168,723,2047,3681,97,3010,254,1892,2920,1624,813,814,5629,1272,5177,3247,3575,1339,113,2850,2622,1458,2897,2324,1985,485,2460,414,367,1168,1519,2668,1106,2995,1547,1918,2535,4583,1286,205,897,660,1208,1423,3412,1890,399,2156,2132,2102,688,1994,1255,2520,2373,2132,3394,210,2285,727,11488
64,2942,698,1850,3278,1756,3431,26,2243,2676,1511,654,832,3902,156,6396,2535,3267,2628,3970,2111,129,3892,1036,2168,723,2047,3681,97,3010,254,1892,2920,1624,813,814,5629,1272,5177,3247,3575,1339,113,2850,2622,1458,2897,2324,1985,485,2460,414,367,1168,1519,2668,1106,2995,1547,1918,2535,4583,1286,205,897,660,1208,1423,3412,1890,399,2156,2132,2089,689,1994,1255,2526,2358,2139,3377,210,2285,717,11497
64,2942,698,1850,3278,1756,3431,26,2243,2676,1511,654,832,3902,156,6396,2535,3267,2625,3963,2096,129,3892,1037,2168,735,2047,3691,97,3010,254,1879,2928,1626,812,815,5623,1272,5177,3235,3579,1341,118,2850,2613,1445,2893,2324,1972,485,2445,414,354,1166,1519,2668,1106,2995,1547,1918,2535,4583,1286,205,897,660,1208,1423,3412,1890,399,2156,2132,2089,689,1994,1255,2526,2358,2139,3377,210,2285,717,11523
64,2942,698,1852,3282,1783,3417,26,2243,2679,1511,653,832,3902,156,6382,2537,3276,2628,3968,2099,129,3892,1027,2168,723,2047,3681,97,2995,254,1894,2932,1624,812,814,5615,1283,5177,3235,3579,1341,118,2850,2613,1445,2893,2324,1972,485,2445,414,354,1166,1519,2668,1106,2995,1545,1918,2532,4557,1286,205,895,650,1195,1425,3408,1900,393,2156,2132,2102,689,1994,1256,2514,2358,2139,3377,210,2285,718,11555
59,2937,698,1852,3290,1770,3428,26,2243,2669,1526,641,845,3913,156,6396,2535,3272,2628,3968,2099,129,3892,1027,2168,723,2047,3681,97,2995,254,1894,2932,1624,812,814,5615,1283,5177,3235,3579,1339,113,2846,2622,1445,2882,2324,1983,485,2460,424,354,1155,1519,2668,1106,2995,1545,1921,2535,4583,1276,205,897,650,1195,1425,3408,1888,399,2156,2132,2102,677,1981,1255,2520,2358,2139,3377,198,2285,717,11588
59,2937,698,1852,3290,1770,3428,26,2243,2669,1526,641,845,3913,156,6396,2535,3272,2613,3949,2107,129,3907,1037,2168,723,2047,3681,97,3010,245,1879,2920,1624,812,814,5615,1273,5177,3243,3579,1350,113,2850,2622,1445,2882,2324,1983,485,2442,414,354,1168,1519,2658,1106,3005,1536,1918,2535,4589,1286,210,898,659,1195,1423,3408,1898,399,2156,2132,2102,689,1994,1255,2520,2373,2141,3390,210,2285,717,11620
64,2937,698,1852,3294,1756,3428,26,2225,2676,1511,642,845,3902,156,6396,2535,3272,2616,3963,2109,134,3898,1027,2181,724,2047,3695,97,3005,254,1879,2920,1638,812,815,5629,1272,5164,3232,3579,1339,113,2850,2622,1445,2897,2324,1985,485,2442,415,354,1168,1519,2668,1106,3010,1547,1921,2535,4589,1286,210,898,650,1195,1423,3408,1898,399,2156,2132,2102,689,1994,1255,2520,2373,2141,3390,210,2282,717,11654
64,2937,697,1855,3294,1783,3431,26,2243,2679,1511,654,832,3907,156,6396,2535,3289,2628,3963,2111,134,3887,1028,2171,747,2047,3695,91,3010,254,1892,2917,1640,813,815,5615,1272,5177,3247,3579,1350,113,2846,2610,1458,2897,2324,1985,485,2442,415,354,1168,1519,2668,1106,3010,1547,1921,2535,4589,1286,210,898,650,1195,1425,3408,1888,399,2156,2120,2089,688,1994,1257,2521,2373,2139,3394,210,2285,718,11688
64,2937,697,1855,3294,1783,3431,26,2243,2679,1511,654,832,3907,156,6396,2535,3289,2628,3963,2111,134,3887,1028,2171,747,2047,3695,91,3010,254,1892,2917,1640,813,815,5615,1272,5177,3247,3579,1350,113,2846,2610,1458,2893,2324,1985,485,2442,414,354,1156,1519,2671,1106,3005,1545,1921,2535,4583,1288,205,882,660,1195,1423,3408,1900,394,2153,2132,2105,677,1994,1256,2521,2373,2139,3394,210,2285,718,11705
64,2947,707,1855,3294,1783,3435,32,2239,2679,1513,641,832,3917,156,6405,2535,3276,2625,3963,2101,134,3901,1027,2171,724,2047,3695,97,3010,254,1881,2932,1640,813,815,5615,1273,5184,3235,3579,1353,113,2850,2622,1447,2897,2338,1987,485,2427,415,355,1156,1519,2671,1106,3005,1545,1921,2535,4583,1288,205,882,660,1195,1423,3408,1900,394,2153,2132,2105,677,1994,1256,2521,2369,2141,3407,210,2285,718,11738
59,2933,698,1855,3290,1783,3431,32,2239,2679,1513,641,832,3917,156,6405,2535,3276,2625,3963,2101,134,3901,1027,2171,724,2047,3695,97,3010,254,1881,2932,1640,813,815,5615,1273,5184,3235,3579,1353,113,2850,2622,1447,2897,2338,1987,485,2427,415,355,1156,1505,2668,1106,2991,1555,1921,2535,4583,1286,210,910,650,1197,1425,3408,1890,399,2156,2132,2105,688,1994,1246,2521,2369,2141,3394,210,2272,728,11755
59,2933,698,1855,3290,1783,3431,32,2239,2679,1511,653,831,3907,156,6396,2528,3263,2616,3949,2111,134,3907,1027,2168,724,2047,3691,91,3005,245,1879,2917,1624,813,814,5606,1272,5164,3235,3566,1351,118,2832,2610,1445,2893,2324,1985,485,2424,405,355,1156,1519,2671,1106,3005,1547,1921,2535,4589,1288,205,911,650,1197,1425,3408,1890,399,2153,2130,2089,689,1994,1246,2514,2369,2141,3394,210,2272,728,11788
64,2933,697,1852,3290,1767,3417,26,2239,2667,1511,642,832,3907,156,6396,2525,3250,2628,3963,2103,134,3892,1037,2168,724,2047,3691,91,3005,245,1879,2917,1624,813,814,5606,1272,5164,3235,3566,1351,118,2832,2610,1445,2893,2324,1985,485,2424,405,355,1156,1519,2671,1106,3005,1547,1921,2535,4589,1288,205,911,650,1197,1425,3408,1890,399,2153,2130,2089,689,1994,1246,2514,2355,2139,3390,198,2272,718,11805
64,2937,698,1852,3294,1770,3417,26,2239,2667,1511,642,832,3907,156,6396,2525,3250,2628,3963,2103,134,3892,1037,2168,724,2044,3699,97,3010,254,1881,2920,1638,813,814,5600,1283,5171,3235,3579,1351,113,2850,2622,1445,2897,2321,1987,480,2427,415,355,1156,1517,2674,1111,2991,1547,1921,2535,4583,1289,205,895,650,1195,1411,3408,1892,399,2156,2122,2092,689,1994,1247,2520,2373,2141,3394,210,2285,718,11838
64,2937,698,1852,3294,1770,3421,26,2243,2679,1511,642,831,3907,156,6396,2525,3272,2628,3963,2101,134,3892,1037,2171,735,2044,3689,97,3010,254,1881,2932,1638,813,814,5615,1273,5171,3232,3575,1342,113,2850,2622,1445,2897,2321,1987,480,2427,415,355,1156,1517,2674,1111,2991,1547,1921,2535,4583,1289,205,895,650,1195,1411,3408,1892,399,2156,2122,2092,689,1994,1247,2520,2373,2141,3394,210,2285,718,11854
64,2952,698,1852,3294,1770,3435,26,2243,2676,1513,642,817,3917,156,6396,2537,3263,2613,3957,2103,134,3892,1037,2171,735,2044,3689,97,3010,254,1881,2932,1638,813,814,5615,1273,5171,3232,3575,1342,113,2850,2622,1447,2882,2321,1997,485,2442,415,355,1156,1517,2682,1106,3005,1547,1921,2532,4583,1288,205,911,660,1198,1425,3408,1902,399,2173,2130,2105,689,1994,1257,2520,2373,2141,3412,210,2285,718,11879
64,2952,698,1852,3294,1770,3435,26,2243,2676,1513,642,817,3917,156,6396,2537,3263,2613,3957,2103,134,3901,1028,2171,724,2044,3699,97,3010,254,1881,2917,1624,813,814,5615,1273,5164,3235,3575,1351,118,2846,2620,1460,2908,2338,1997,485,2427,415,355,1156,1517,2682,1106,2995,1547,1921,2532,4583,1288,205,911,660,1198,1425,3408,1902,399,2173,2130,2105,689,1994,1257,2520,2373,2141,3412,210,2285,718,11906
64,2952,697,1855,3294,1754,3435,26,2243,2676,1513,642,817,3917,156,6396,2537,3263,2613,3957,2103,134,3901,1028,2171,724,2044,3699,97,3010,254,1881,2917,1624,813,814,5615,1273,5164,3235,3575,1351,118,2846,2620,1460,2908,2338,1997,485,2427,415,355,1156,1517,2682,1106,2995,1545,1921,2538,4583,1289,210,911,650,1197,1413,3416,1892,399,2153,2130,2105,677,1992,1246,2521,2369,2141,3407,210,2282,718,11926
64,2952,697,1855,3294,1754,3431,32,2243,2669,1511,642,844,3911,156,6387,2528,3272,2628,3963,2103,134,3892,1037,2168,747,2034,3699,97,3010,254,1881,2932,1622,813,815,5629,1281,5171,3235,3575,1351,113,2850,2610,1447,2897,2321,1997,485,2445,415,355,1168,1519,2674,1106,2991,1545,1918,2535,4583,1300,205,911,660,1197,1413,3403,1902,399,2170,2132,2105,677,1992,1246,2521,2369,2141,3407,210,2282,718,11955
64,2971,707,1852,3290,1754,3424,26,2239,2679,1511,654,844,3907,156,6420,2537,3250,2628,3957,2114,129,3892,1037,2168,735,2047,3699,97,3010,254,1879,2932,1622,813,820,5629,1283,5171,3247,3588,1342,113,2850,2620,1445,2908,2321,1987,485,2431,415,355,1156,1519,2674,1106,2991,1545,1918,2535,4583,1300,205,911,660,1197,1413,3403,1902,399,2170,2132,2105,689,1992,1247,2520,2373,2141,3407,210,2282,718,11987
64,2937,706,1855,3306,1756,3435,32,2243,2679,1513,642,831,3907,161,6401,2528,3245,2616,3963,2111,134,3907,1036,2184,724,2044,3689,102,3010,254,1881,2920,1622,813,820,5629,1283,5171,3247,3588,1342,113,2850,2620,1445,2908,2321,1987,485,2431,415,355,1156,1517,2684,1112,3010,1545,1921,2535,4577,1289,205,926,650,1197,1426,3416,1902,394,2170,2130,2102,689,1994,1257,2521,2373,2139,3403,222,2285,729,12021
64,2937,706,1855,3306,1756,3435,32,2243,2679,1513,642,831,3907,161,6401,2528,3245,2616,3963,2111,134,3907,1036,2184,724,2044,3689,102,3010,254,1881,2920,1622,813,815,5615,1272,5177,3232,3579,1341,118,2846,2610,1445,2893,2338,1987,485,2442,414,354,1156,1503,2684,1112,2995,1547,1934,2535,4583,1289,205,910,650,1197,1426,3416,1902,394,2170,2130,2102,689,1994,1257,2521,2373,2139,3403,222,2285,729,12038
64,2933,698,1855,3282,1754,3435,32,2243,2667,1513,654,832,3921,156,6396,2528,3250,2616,3963,2111,134,3907,1036,2184,724,2044,3689,102,3010,254,1881,2920,1622,813,815,5615,1272,5177,3232,3579,1341,118,2846,2610,1445,2893,2338,1987,485,2442,414,354,1156,1503,2684,1112,2995,1547,1934,2535,4583,1289,205,910,650,1197,1425,3403,1890,399,2153,2120,2102,689,1994,1257,2516,2373,2141,3390,210,2282,718,12055
64,2933,698,1855,3282,1754,3435,32,2243,2667,1513,654,832,3921,156,6396,2528,3250,2613,3963,2114,129,3892,1036,2171,724,2044,3699,97,3010,254,1879,2932,1651,813,815,5615,1283,5171,3235,3579,1351,113,2832,2620,1445,2893,2321,1985,485,2445,414,355,1156,1517,2674,1106,2995,1545,1921,2535,4577,1288,205,911,650,1195,1423,3403,1900,399,2170,2130,2102,689,1994,1257,2521,2376,2148,3390,210,2282,718,12088
64,2952,697,1852,3294,1756,3421,26,2228,2667,1513,641,831,3921,156,6396,2525,3250,2616,3963,2111,134,3892,1027,2171,724,2047,3699,97,3014,254,1894,2932,1635,813,815,5606,1281,5184,3232,3575,1351,113,2850,2620,1445,2897,2335,1997,491,2445,414,355,1156,1517,2684,1106,3010,1545,1918,2535,4577,1289,210,910,650,1195,1423,3403,1900,399,2170,2130,2102,689,1994,1257,2521,2376,2148,3390,210,2282,718,12121
59,2937,698,1855,3290,1756,3431,26,2243,2667,1513,654,832,3907,156,6396,2525,3250,2616,3963,2111,134,3892,1027,2171,724,2047,3699,97,3014,254,1894,2932,1635,813,815,5606,1281,5184,3232,3575,1351,113,2850,2620,1445,2897,2335,1997,491,2445,414,355,1156,1517,2684,1106,3010,1545,1918,2535,4577,1289,210,910,650,1208,1423,3421,1892,399,2156,2122,2105,689,1992,1256,2521,2358,2139,3390,210,2285,718,12139
59,2937,698,1855,3290,1756,3431,26,2243,2667,1513,654,832,3907,156,6396,2528,3258,2616,3963,2101,134,3907,1037,2171,735,2044,3695,97,3010,254,1881,2917,1624,813,815,5629,1273,5184,3232,3579,1342,113,2850,2620,1460,2882,2338,1985,485,2445,415,355,1155,1519,2674,1106,2995,1555,1921,2532,4564,1288,205,911,650,1197,1411,3421,1892,399,2156,2130,2105,688,1992,1247,2516,2358,2139,3390,210,2285,718,12173
64,2937,698,1855,3278,1756,3435,26,2243,2669,1513,654,845,3917,156,6396,2525,3250,2616,3963,2114,134,3907,1029,2171,723,2047,3699,97,3028,254,1881,2917,1624,813,815,5629,1273,5184,3232,3579,1342,113,2850,2620,1460,2882,2338,1985,485,2445,415,355,1155,1519,2674,1106,2995,1555,1921,2532,4564,1288,205,911,650,1197,1411,3421,1892,399,2156,2130,2105,688,1992,1247,2516,2373,2141,3407,210,2285,718,12189
64,2937,698,1855,3278,1756,3435,26,2243,2669,1513,654,845,3917,156,6396,2525,3250,2616,3963,2114,134,3907,1029,2171,723,2047,3699,97,3028,254,1892,2917,1638,813,814,5615,1273,5184,3243,3566,1353,113,2846,2613,1460,2882,2324,1987,491,2445,405,355,1156,1519,2671,1106,2995,1545,1921,2532,4570,1288,205,911,650,1197,1411,3421,1892,399,2156,2130,2105,688,1992,1247,2516,2373,2141,3407,210,2285,718,12205
64,2937,697,1855,3278,1756,3435,26,2243,2676,1513,653,832,3921,156,6396,2525,3250,2613,3949,2101,129,3907,1027,2171,735,2047,3685,91,3024,245,1881,2917,1624,813,815,5600,1273,5191,3232,3579,1353,113,2846,2613,1460,2882,2324,1987,491,2445,405,355,1156,1519,2671,1106,2995,1545,1921,2532,4570,1288,210,911,650,1197,1423,3403,1890,394,2170,2120,2105,688,1994,1247,2521,2373,2141,3407,210,2285,718,12238
64,2937,697,1855,3278,1756,3435,26,2243,2676,1513,653,832,3921,156,6396,2525,3250,2613,3949,2101,129,3907,1027,2171,735,2047,3685,91,3024,245,1881,2917,1624,813,815,5600,1273,5191,3232,3579,1353,118,2855,2620,1447,2897,2324,1997,485,2427,414,355,1168,1519,2674,1107,2995,1547,1921,2535,4583,1288,205,897,660,1195,1413,3408,1892,394,2173,2132,2105,676,1994,1247,2521,2373,2141,3407,210,2285,718,12255
64,2947,697,1855,3290,1756,3431,26,2228,2679,1500,641,832,3917,156,6372,2528,3245,2613,3949,2103,129,3907,1028,2171,735,2047,3699,97,3010,254,1881,2928,1638,813,821,5615,1273,5171,3232,3579,1342,118,2850,2622,1447,2882,2321,1987,485,2427,415,355,1155,1505,2674,1107,3010,1547,1921,2535,4583,1288,205,897,660,1195,1413,3408,1892,394,2173,2132,2105,676,1994,1247,2521,2373,2141,3407,210,2282,718,12288
70,2947,698,1855,3278,1756,3431,26,2228,2679,1500,641,832,3917,156,6372,2528,3245,2613,3949,2103,129,3907,1028,2171,735,2047,3699,97,3010,254,1881,2928,1638,813,821,5615,1273,5171,3232,3579,1342,118,2850,2622,1447,2882,2321,1987,485,2427,415,355,1155,1505,2674,1107,3010,1547,1921,2535,4577,1289,188,882,650,1197,1425,3408,1902,399,2156,2132,2105,688,2007,1247,2516,2369,2130,3407,210,2285,718,12305
70,2947,698,1855,3278,1756,3435,26,2243,2667,1513,653,832,3932,156,6410,2528,3263,2613,3963,2103,134,3907,1037,2171,735,2034,3693,97,3010,254,1894,2932,1624,813,815,5615,1273,5171,3232,3579,1353,113,2832,2613,1447,2885,2338,1997,485,2442,415,355,1155,1519,2684,1106,3014,1547,1934,2535,4583,1289,199,882,650,1197,1413,3403,1902,399,2170,2132,2105,688,2007,1247,2516,2369,2130,3407,210,2285,718,12329
64,2952,698,1855,3294,1772,3435,32,2243,2667,1513,653,845,3921,156,6396,2528,3267,2628,3963,2114,135,3907,1037,2171,735,2034,3693,97,3010,254,1894,2932,1624,813,815,5615,1273,5171,3232,3579,1353,113,2832,2613,1447,2885,2338,1997,485,2442,415,355,1155,1519,2684,1106,3014,1547,1934,2535,4583,1289,199,882,650,1197,1413,3403,1902,399,2170,2132,2105,689,1994,1257,2521,2373,2141,3425,210,2285,729,12349
64,2952,698,1855,3294,1772,3435,32,2243,2667,1513,653,845,3921,156,6396,2528,3267,2628,3963,2114,135,3907,1037,2171,735,2047,3689,97,3010,245,1881,2932,1624,814,821,5623,1273,5177,3243,3579,1353,113,2836,2613,1460,2893,2338,2000,491,2445,415,355,1156,1519,2684,1112,3010,1547,1934,2535,4583,1289,199,882,650,1197,1413,3403,1902,399,2170,2132,2105,689,1994,1257,2521,2373,2141,3425,210,2285,729,12371
64,2947,698,1855,3282,1756,3424,27,2243,2669,1513,653,845,3921,156,6396,2528,3250,2613,3970,2114,134,3907,1037,2171,735,2047,3699,97,3010,254,1881,2932,1622,813,814,5592,1273,5177,3243,3579,1353,113,2836,2613,1460,2893,2338,2000,491,2445,415,355,1156,1519,2684,1112,3010,1545,1934,2535,4583,1300,205,910,650,1198,1425,3421,1892,394,2170,2132,2105,676,1994,1257,2521,2373,2150,3407,210,2285,718,12405
64,2952,698,1857,3294,1756,3424,32,2243,2669,1515,654,832,3911,156,6396,2530,3263,2628,3976,2114,134,3907,1037,2171,735,2047,3699,97,3010,254,1881,2932,1622,813,814,5592,1273,5171,3232,3579,1342,113,2850,2622,1447,2897,2338,1997,486,2442,415,354,1155,1519,2695,1106,2995,1537,1934,2535,4583,1301,205,926,650,1197,1413,3421,1892,399,2170,2122,2105,676,1994,1257,2521,2373,2141,3425,210,2285,719,12439
64,2956,698,1857,3294,1756,3424,32,2243,2669,1515,654,832,3911,156,6396,2530,3263,2628,3976,2114,134,3907,1028,2171,723,2034,3693,97,3010,254,1881,2920,1638,814,820,5615,1283,5171,3232,3579,1342,113,2850,2613,1447,2897,2324,1997,486,2442,415,355,1156,1505,2684,1107,3010,1547,1923,2535,4583,1291,205,897,650,1198,1425,3421,1902,399,2173,2132,2108,688,1994,1247,2517,2373,2141,3425,210,2285,718,12471
64,2956,698,1857,3294,1756,3428,32,2246,2679,1528,654,832,3921,156,6405,2537,3250,2616,3963,2116,134,3913,1037,2171,723,2047,3693,97,3014,245,1884,2932,1640,814,815,5615,1273,5171,3232,3571,1354,113,2850,2610,1447,2885,2324,1997,485,2445,405,355,1155,1519,2684,1106,2995,1547,1921,2546,4583,1289,205,913,650,1197,1425,3408,1892,399,2173,2132,2108,688,1994,1247,2517,2373,2141,3425,210,2285,718,12505
64,2942,697,1855,3282,1770,3424,32,2231,2669,1513,641,832,3932,156,6396,2525,3250,2602,3963,2114,135,3892,1037,2171,735,2047,3689,97,3010,254,1881,2932,1635,814,821,5623,1283,5171,3247,3575,1354,113,2869,2620,1447,2885,2338,1997,491,2445,405,355,1155,1519,2684,1106,2995,1547,1921,2546,4583,1289,205,913,650,1197,1425,3408,1892,394,2159,2130,2105,676,1994,1259,2521,2362,2141,3421,210,2285,719,12539
64,2942,698,1868,3294,1756,3435,27,2246,2667,1513,641,831,3925,156,6405,2528,3236,2613,3963,2116,135,3898,1047,2171,735,2044,3689,97,3010,254,1881,2917,1622,814,821,5623,1283,5171,3247,3575,1354,113,2869,2620,1447,2885,2338,1997,491,2460,415,368,1156,1519,2698,1113,3010,1545,1921,2535,4577,1291,205,898,650,1197,1411,3408,1894,394,2159,2132,2105,689,1992,1247,2522,2376,2141,3421,210,2285,730,12571
59,2942,697,1855,3278,1756,3428,32,2246,2669,1513,642,845,3915,156,6405,2528,3236,2613,3963,2116,135,3898,1047,2171,735,2044,3689,97,3010,254,1881,2917,1622,813,821,5637,1273,5177,3247,3579,1342,113,2869,2622,1447,2885,2338,2000,486,2449,415,355,1143,1505,2687,1106,3014,1547,1934,2532,4583,1289,205,898,650,1197,1411,3408,1904,399,2159,2130,2105,689,1994,1248,2522,2362,2141,3421,210,2285,718,12605
59,2942,697,1855,3278,1756,3428,32,2246,2669,1513,642,845,3915,156,6405,2525,3232,2613,3949,2103,135,3898,1028,2171,735,2047,3703,97,3014,245,1868,2920,1624,813,815,5623,1273,5184,3235,3593,1354,118,2869,2613,1447,2882,2324,1997,486,2449,405,355,1156,1505,2698,1107,3000,1547,1921,2532,4597,1301,205,898,650,1197,1413,3408,1892,394,2159,2132,2118,689,1994,1257,2522,2362,2141,3421,210,2285,718,12638
64,2937,697,1855,3294,1756,3439,27,2246,2676,1513,654,832,3925,156,6405,2518,3245,2605,3963,2114,135,3898,1037,2171,724,2047,3703,97,3014,245,1868,2920,1624,813,815,5623,1273,5184,3235,3593,1354,118,2869,2613,1447,2882,2324,1997,486,2449,405,355,1156,1505,2698,1107,3000,1547,1921,2532,4597,1301,205,898,650,1197,1413,3408,1892,394,2159,2132,2118,689,1994,1257,2522,2362,2141,3421,210,2282,729,12656
70,2942,698,1855,3294,1772,3428,27,2249,2679,1513,654,832,3925,156,6405,2518,3245,2605,3963,2114,135,3898,1037,2171,724,2047,3703,97,3014,254,1881,2917,1624,813,815,5615,1272,5171,3232,3579,1342,113,2869,2622,1447,2885,2324,1997,486,2463,415,355,1155,1517,2698,1107,3000,1547,1918,2535,4583,1300,205,898,650,1197,1413,3408,1894,400,2159,2132,2105,689,1994,1247,2522,2362,2139,3421,210,2285,719,12688
70,2942,698,1855,3294,1772,3428,27,2249,2679,1513,654,832,3925,156,6405,2528,3236,2616,3963,2116,135,3913,1037,2171,723,2047,3689,97,3018,245,1881,2932,1638,814,821,5623,1273,5157,3232,3593,1355,113,2884,2620,1447,2885,2338,2000,486,2463,414,342,1156,1505,2687,1106,3000,1547,1921,2546,4583,1302,205,898,650,1197,1413,3421,1894,399,2159,2120,2092,688,1994,1248,2522,2362,2139,3421,210,2285,719,12721
64,2942,698,1855,3294,1756,3428,27,2246,2669,1513,653,832,3915,156,6391,2528,3254,2628,3963,2126,135,3898,1028,2173,735,2047,3689,97,3000,254,1884,2920,1638,814,816,5623,1273,5177,3247,3579,1354,113,2869,2613,1447,2882,2338,1997,486,2463,405,355,1155,1503,2695,1107,3000,1547,1923,2543,4583,1302,205,898,650,1197,1413,3421,1894,399,2159,2120,2092,688,1994,1248,2522,2376,2141,3434,210,2282,730,12755
64,2942,697,1857,3290,1756,3428,27,2246,2679,1515,641,832,3925,156,6405,2528,3236,2616,3963,2114,135,3898,1028,2171,735,2047,3693,97,3014,254,1881,2932,1638,814,815,5623,1273,5171,3247,3579,1342,113,2869,2613,1447,2882,2338,1997,486,2463,405,355,1155,1503,2695,1107,3000,1547,1923,2543,4583,1289,205,898,650,1197,1425,3408,1904,394,2159,2122,2108,688,1994,1257,2517,2362,2141,3438,210,2285,718,12782
59,2942,707,1857,3290,1756,3428,27,2246,2679,1515,641,832,3925,156,6405,2528,3236,2616,3963,2114,135,3898,1028,2171,735,2047,3693,97,3014,254,1881,2932,1638,814,815,5623,1273,5171,3247,3579,1342,113,2869,2620,1447,2897,2324,2000,486,2463,405,355,1155,1505,2698,1107,3000,1547,1923,2535,4583,1291,205,898,650,1198,1423,3408,1904,399,2159,2122,2108,689,1994,1248,2522,2362,2141,3438,210,2285,719,12806
59,2942,707,1857,3290,1756,3428,27,2231,2669,1515,641,819,3925,156,6405,2528,3227,2605,3963,2105,135,3898,1028,2171,735,2047,3693,97,3014,254,1870,2932,1624,814,816,5623,1273,5171,3232,3566,1353,113,2869,2613,1449,2893,2338,2000,486,2463,406,368,1155,1503,2698,1108,3014,1547,1923,2535,4583,1291,205,898,650,1198,1423,3408,1904,399,2159,2122,2108,689,1994,1248,2522,2362,2141,3438,210,2285,719,12838
64,2942,698,1857,3294,1756,3428,27,2231,2669,1515,641,819,3925,156,6405,2528,3227,2605,3963,2105,135,3898,1028,2171,735,2047,3693,97,3014,254,1870,2932,1624,814,816,5623,1273,5171,3232,3566,1353,113,2869,2613,1449,2893,2338,2000,486,2463,406,368,1155,1503,2698,1108,3014,1537,1923,2535,4583,1291,205,898,650,1198,1425,3403,1904,399,2159,2132,2108,688,1978,1248,2524,2362,2141,3438,210,2285,730,12852
64,2942,698,1857,3294,1756,3428,27,2231,2669,1517,641,832,3915,156,6405,2528,3227,2616,3963,2105,135,3898,1036,2173,711,2034,3693,97,3014,245,1884,2917,1624,813,815,5623,1273,5171,3232,3579,1343,118,2884,2622,1451,2893,2338,2010,486,2478,415,355,1168,1503,2698,1108,3014,1537,1923,2535,4583,1291,205,898,650,1198,1425,3403,1904,399,2159,2132,2108,688,1978,1248,2524,2362,2141,3438,210,2285,730,12872
59,2942,707,1857,3290,1756,3428,27,2246,2679,1517,653,832,3925,156,6405,2537,3214,2616,3963,2105,135,3898,1036,2173,711,2034,3693,97,3014,245,1884,2917,1624,813,815,5623,1273,5171,3232,3579,1343,118,2884,2622,1451,2893,2338,2010,486,2478,415,355,1168,1519,2698,1108,3014,1547,1926,2532,4583,1301,210,884,650,1197,1423,3408,1894,394,2159,2132,2108,676,1992,1250,2524,2362,2141,3438,210,2285,730,12905
64,2942,707,1857,3290,1756,3428,27,2246,2679,1517,653,832,3925,156,6405,2537,3214,2602,3963,2116,135,3898,1037,2176,724,2047,3693,97,3014,245,1884,2932,1624,814,822,5637,1281,5164,3232,3579,1354,113,2855,2613,1449,2885,2324,2002,486,2463,415,355,1155,1519,2708,1113,3014,1556,1923,2532,4583,1291,205,927,650,1200,1413,3421,1894,400,2159,2132,2110,689,1994,1250,2524,2376,2150,3443,210,2285,719,12938
64,2942,698,1857,3290,1756,3428,27,2231,2679,1515,653,832,3915,156,6405,2528,3241,2605,3963,2105,135,3898,1037,2173,735,2047,3697,97,3014,254,1884,2920,1624,814,815,5623,1273,5177,3243,3579,1345,113,2884,2613,1449,2885,2338,2000,486,2463,414,355,1156,1519,2708,1107,3014,1547,1921,2532,4583,1301,205,913,650,1198,1411,3408,1904,400,2159,2132,2110,689,1994,1250,2524,2376,2150,3443,210,2285,719,12972
64,2956,698,1857,3294,1756,3428,27,2246,2679,1515,654,832,3915,156,6405,2537,3223,2605,3963,2105,135,3898,1037,2173,735,2047,3697,97,3014,254,1884,2920,1624,814,815,5623,1273,5177,3243,3579,1345,113,2884,2613,1449,2885,2338,2000,486,2463,414,355,1156,1519,2708,1107,3014,1547,1921,2532,4583,1301,205,913,650,1198,1411,3408,1904,399,2159,2132,2108,689,1994,1250,2529,2362,2150,3438,210,2272,720,12988
59,2942,698,1857,3294,1756,3428,27,2246,2679,1515,654,832,3915,156,6405,2537,3223,2602,3963,2108,135,3913,1028,2173,735,2034,3693,97,3010,254,1884,2932,1638,815,816,5637,1273,5177,3235,3575,1345,113,2884,2622,1449,2897,2324,2000,486,2463,405,355,1156,1505,2711,1108,3014,1537,1936,2535,4583,1292,205,898,650,1198,1413,3421,1908,394,2159,2132,2108,689,1994,1260,2524,2376,2141,3438,210,2285,719,13021
59,2942,697,1857,3294,1756,3432,27,2231,2679,1515,641,832,3930,156,6405,2528,3227,2616,3963,2108,129,3898,1027,2176,723,2044,3693,97,3000,245,1884,2932,1638,815,816,5623,1281,5164,3235,3579,1354,118,2884,2622,1451,2882,2324,2000,486,2463,405,356,1155,1519,2701,1108,3014,1547,1926,2532,4583,1302,205,913,650,1198,1413,3421,1908,394,2159,2132,2108,689,1994,1260,2524,2376,2141,3438,210,2285,719,13054
64,2956,707,1857,3306,1756,3432,27,2231,2676,1515,641,832,3915,156,6405,2525,3280,2637,3976,2118,135,3898,1037,2173,724,2047,3697,97,3014,254,1884,2928,1638,814,816,5608,1272,5164,3232,3579,1345,113,2869,2610,1449,2897,2328,2002,486,2463,405,356,1155,1519,2701,1108,3014,1547,1926,2532,4583,1302,205,913,650,1200,1425,3408,1904,400,2159,2132,2110,689,1994,1250,2524,2362,2160,3438,210,2285,720,13088
64,2956,707,1857,3306,1756,3432,27,2231,2676,1515,641,832,3915,156,6405,2525,3280,2637,3976,2118,135,3898,1037,2173,724,2047,3697,97,3014,254,1884,2928,1638,814,816,5608,1272,5164,3232,3579,1345,113,2869,2610,1449,2897,2328,2002,486,2463,405,355,1156,1519,2711,1108,3000,1545,1926,2535,4583,1302,210,898,650,1198,1411,3408,1896,394,2177,2132,2108,677,1981,1248,2524,2362,2150,3438,221,2285,720,13104
64,2942,698,1857,3294,1759,3432,27,2231,2679,1501,654,819,3930,156,6415,2540,3298,2640,3981,2118,135,3898,1037,2176,735,2047,3693,97,3004,254,1884,2932,1640,814,816,5623,1283,5171,3247,3579,1345,113,2888,2622,1451,2885,2328,2012,486,2463,415,355,1155,1505,2701,1108,3000,1548,1936,2535,4577,1291,205,884,650,1198,1411,3408,1896,394,2177,2132,2108,677,1981,1248,2524,2362,2150,3438,221,2282,720,13139
64,2942,707,1860,3290,1756,3421,27,2246,2679,1515,642,832,3930,156,6415,2537,3284,2625,3981,2118,135,3918,1047,2173,724,2050,3697,97,3014,245,1886,2932,1626,815,816,5623,1273,5177,3247,3579,1355,118,2884,2613,1449,2885,2328,2012,486,2463,415,355,1155,1505,2701,1108,3000,1548,1936,2535,4577,1291,205,884,650,1198,1413,3403,1906,394,2162,2132,2110,688,1994,1250,2531,2362,2152,3443,210,2285,720,13171
64,2942,707,1860,3290,1756,3421,27,2246,2679,1515,642,832,3930,156,6415,2537,3284,2625,3981,2118,135,3918,1047,2173,724,2050,3697,97,3014,245,1886,2932,1626,815,816,5623,1273,5177,3247,3579,1355,118,2884,2613,1449,2882,2338,2012,486,2463,415,355,1155,1505,2701,1108,3004,1547,1923,2535,4583,1292,210,914,650,1200,1425,3408,1896,394,2159,2132,2108,688,1994,1250,2535,2362,2152,3443,210,2285,720,13188
64,2942,707,1857,3306,1756,3417,27,2246,2669,1515,654,846,3925,156,6415,2537,3258,2628,3968,2129,135,3918,1037,2173,735,2047,3693,97,3004,254,1873,2920,1640,815,816,5623,1273,5177,3235,3584,1355,113,2888,2622,1449,2885,2324,2012,486,2467,405,355,1156,1505,2708,1108,3000,1547,1923,2546,4589,1292,210,914,650,1200,1425,3408,1896,394,2159,2132,2108,688,1994,1250,2535,2376,2141,3438,210,2285,720,13221
64,2960,707,1846,3290,1772,3432,32,2249,2688,1515,654,846,3925,156,6415,2537,3258,2628,3968,2129,135,3918,1037,2173,735,2047,3693,97,3004,254,1873,2920,1640,815,816,5623,1273,5177,3235,3584,1355,113,2888,2622,1449,2885,2324,2012,486,2467,405,355,1156,1505,2708,1108,3000,1547,1923,2546,4589,1302,210,899,650,1198,1413,3408,1906,400,2159,2132,2108,689,1997,1251,2529,2362,2141,3443,210,2285,720,13240
64,2960,707,1846,3290,1772,3432,32,2249,2688,1515,642,846,3930,156,6405,2528,3271,2628,3963,2118,135,3913,1037,2173,723,2037,3693,97,3014,254,1886,2928,1638,815,816,5637,1273,5164,3232,3579,1355,118,2873,2622,1451,2885,2324,2012,486,2467,405,355,1156,1505,2708,1108,3000,1547,1923,2546,4589,1302,210,899,650,1198,1413,3408,1906,400,2159,2132,2108,689,1997,1251,2529,2362,2141,3443,210,2285,720,13254
64,2942,698,1846,3294,1772,3432,27,2246,2669,1517,653,832,3936,156,6405,2528,3258,2613,3981,2129,135,3898,1028,2173,724,2037,3693,97,3014,254,1886,2928,1638,815,816,5637,1273,5164,3232,3579,1355,118,2873,2622,1451,2893,2324,2012,492,2467,405,355,1166,1507,2701,1108,3000,1547,1926,2535,4589,1302,210,913,650,1198,1413,3412,1906,400,2162,2132,2097,689,1994,1250,2531,2362,2152,3425,210,2285,720,13288
64,2942,698,1857,3290,1772,3432,27,2246,2669,1517,653,832,3936,156,6405,2528,3258,2613,3981,2129,135,3898,1028,2173,724,2050,3697,97,3000,254,1884,2920,1626,814,816,5637,1274,5184,3235,3566,1354,113,2869,2622,1449,2882,2328,2002,486,2467,405,343,1156,1521,2701,1108,3004,1547,1923,2535,4570,1292,205,913,650,1200,1413,3408,1906,394,2162,2122,2110,688,1994,1251,2531,2362,2141,3443,210,2285,720,13321
64,2942,698,1857,3290,1772,3432,27,2246,2679,1515,641,845,3930,156,6415,2528,3258,2616,3968,2129,135,3913,1037,2173,723,2050,3697,97,3000,254,1873,2920,1624,815,816,5631,1273,5164,3232,3566,1345,113,2884,2613,1437,2885,2328,2002,486,2449,405,355,1155,1519,2698,1108,3000,1547,1923,2535,4589,1302,205,898,650,1200,1425,3412,1898,400,2159,2132,2108,688,1994,1251,2531,2362,2141,3443,210,2285,720,13355
64,2942,698,1857,3294,1785,3432,27,2249,2676,1515,654,833,3919,156,6405,2528,3227,2613,3968,2120,135,3898,1028,2176,735,2050,3697,97,3000,245,1870,2932,1626,815,816,5623,1273,5164,3232,3579,1345,113,2869,2610,1449,2885,2341,2002,486,2449,415,355,1156,1519,2698,1108,3000,1547,1923,2535,4589,1302,205,898,650,1200,1425,3412,1898,400,2159,2132,2108,676,1994,1250,2529,2362,2150,3438,210,2285,720,13389
64,2956,698,1857,3278,1785,3432,27,2249,2676,1515,654,833,3919,156,6405,2528,3227,2613,3968,2120,135,3898,1028,2176,735,2050,3697,97,3000,245,1870,2932,1626,815,816,5623,1273,5164,3232,3579,1345,113,2869,2610,1449,2885,2341,2002,486,2449,415,355,1156,1507,2704,1108,3014,1547,1923,2532,4570,1292,205,898,650,1198,1411,3408,1906,394,2159,2120,2105,676,1981,1250,2529,2365,2148,3425,210,2275,720,13405
64,2956,698,1857,3278,1785,3428,27,2246,2679,1515,641,833,3930,156,6391,2528,3254,2613,3963,2118,135,3913,1037,2176,735,2050,3697,97,3014,254,1884,2917,1626,815,816,5623,1273,5184,3235,3579,1345,113,2869,2613,1451,2885,2341,2004,486,2449,405,355,1155,1521,2701,1108,3004,1547,1923,2535,4576,1302,210,899,650,1200,1425,3425,1896,394,2159,2120,2105,676,1981,1250,2529,2365,2148,3425,210,2275,720,13438
64,2946,706,1857,3294,1785,3432,32,2249,2679,1515,654,832,3930,156,6405,2528,3258,2616,3981,2129,135,3898,1037,2176,736,2050,3697,97,3014,245,1886,2935,1624,814,816,5623,1273,5184,3232,3584,1355,113,2873,2615,1451,2885,2341,2002,492,2449,405,355,1155,1521,2701,1108,3004,1547,1923,2535,4576,1302,210,899,650,1200,1425,3425,1896,400,2162,2132,2105,677,1994,1250,2529,2362,2141,3443,210,2285,720,13471
64,2956,706,1857,3294,1785,3432,32,2249,2679,1515,654,832,3930,156,6405,2528,3258,2616,3981,2129,135,3898,1037,2176,736,2050,3697,97,3014,245,1886,2935,1624,814,816,5623,1273,5184,3232,3584,1355,113,2873,2615,1451,2885,2341,2002,492,2449,405,355,1156,1507,2711,1108,3014,1545,1936,2535,4583,1292,210,898,650,1200,1413,3412,1896,400,2159,2122,2110,689,1997,1250,2535,2362,2150,3443,210,2288,721,13488
64,2956,698,1860,3294,1772,3421,27,2246,2679,1517,642,846,3930,156,6405,2535,3258,2628,3981,2118,135,3898,1037,2173,724,2050,3697,97,3014,254,1886,2932,1626,815,822,5645,1273,5184,3235,3584,1345,113,2869,2622,1451,2885,2328,2002,486,2463,415,356,1156,1507,2701,1108,3014,1547,1936,2546,4576,1301,205,913,650,1200,1413,3412,1896,400,2159,2122,2110,689,1997,1250,2535,2362,2150,3443,210,2288,721,13521
64,2956,698,1860,3294,1772,3432,27,2231,2679,1503,642,832,3930,156,6405,2530,3258,2628,3968,2118,135,3898,1037,2176,735,2050,3697,97,3014,254,1886,2932,1626,814,816,5623,1273,5184,3235,3571,1355,113,2869,2613,1451,2885,2341,2002,486,2463,415,356,1156,1507,2701,1108,3014,1547,1936,2546,4576,1301,205,913,650,1198,1425,3408,1894,395,2159,2126,2110,677,1997,1250,2531,2365,2143,3443,210,2272,720,13555
64,2942,698,1860,3290,1772,3432,27,2246,2679,1517,654,833,3930,156,6405,2537,3254,2616,3968,2116,135,3898,1047,2173,723,2050,3697,97,3014,254,1886,2932,1626,814,816,5623,1273,5184,3235,3571,1355,113,2869,2613,1451,2885,2341,2002,486,2463,405,356,1155,1521,2701,1108,3014,1547,1926,2546,4576,1302,210,884,650,1200,1413,3412,1906,400,2159,2122,2097,689,1997,1250,2537,2362,2141,3443,210,2272,720,13588
64,2942,698,1860,3290,1772,3432,27,2246,2679,1517,654,833,3930,156,6405,2537,3254,2616,3968,2116,135,3898,1047,2173,723,2050,3697,97,3014,254,1884,2920,1626,815,817,5623,1273,5184,3232,3571,1345,113,2869,2613,1451,2873,2328,2012,487,2463,405,356,1155,1521,2711,1109,2985,1547,1939,2546,4583,1302,210,884,650,1200,1413,3412,1906,400,2159,2122,2097,689,1997,1250,2537,2362,2141,3443,210,2272,720,13605
64,2942,698,1860,3294,1772,3417,27,2246,2669,1501,641,820,3930,156,6405,2528,3267,2625,3968,2105,129,3898,1037,2176,711,2034,3693,97,3000,254,1886,2920,1626,804,817,5623,1264,5184,3235,3584,1355,113,2888,2615,1464,2873,2328,2012,487,2463,405,356,1155,1521,2711,1109,2985,1547,1939,2546,4583,1292,205,898,650,1198,1411,3408,1906,400,2159,2122,2097,689,1984,1250,2536,2365,2150,3456,210,2288,720,13638
64,2942,698,1860,3294,1772,3417,27,2246,2669,1501,641,820,3930,156,6405,2528,3267,2625,3968,2105,129,3898,1037,2176,711,2034,3693,97,3000,254,1886,2920,1626,804,817,5623,1264,5184,3235,3584,1355,113,2888,2615,1464,2882,2328,2012,486,2467,415,356,1156,1505,2704,1109,3014,1547,1939,2535,4576,1292,210,884,651,1200,1425,3412,1906,400,2162,2132,2110,688,1994,1250,2531,2365,2150,3456,210,2288,720,13655
64,2946,698,1846,3294,1772,3432,27,2249,2679,1517,654,833,3930,156,6405,2537,3258,2628,3976,2129,135,3913,1047,2173,711,2034,3697,97,3004,245,1886,2920,1626,815,822,5623,1254,5157,3232,3584,1345,113,2869,2613,1451,2885,2324,2012,481,2463,405,356,1168,1507,2711,1109,3000,1547,1926,2546,4589,1292,210,884,651,1200,1425,3412,1906,400,2162,2132,2110,688,1994,1250,2531,2362,2150,3456,210,2288,720,13689
64,2946,698,1860,3294,1772,3428,27,2249,2681,1517,654,833,3930,156,6405,2537,3258,2628,3976,2129,135,3913,1047,2173,711,2034,3697,97,3004,245,1886,2920,1626,815,822,5623,1254,5157,3232,3584,1345,113,2869,2613,1451,2885,2324,2012,481,2463,405,356,1168,1507,2711,1109,3000,1547,1926,2546,4589,1292,211,915,650,1200,1413,3412,1906,400,2162,2132,2110,689,1981,1250,2537,2362,2141,3456,210,2288,720,13705
64,2946,698,1860,3294,1772,3428,27,2249,2681,1517,641,833,3925,156,6405,2528,3254,2613,3963,2224,129,3913,1037,2176,723,2034,3697,97,3000,254,1886,2932,1640,814,817,5631,1272,5184,3235,3584,1355,113,2888,2622,1449,2870,2328,2002,486,2463,405,356,1156,1507,2711,1108,3000,1547,1939,2546,4576,1302,205,899,650,1200,1425,3412,1906,394,2159,2122,2110,689,1981,1250,2537,2362,2141,3456,210,2288,720,13739
64,2942,698,1860,3294,1785,3432,27,2231,2667,1503,654,833,3930,156,6405,2528,3241,2602,3981,2245,135,3898,1037,2176,724,2034,3697,97,3000,254,1886,2932,1640,814,817,5631,1272,5184,3235,3584,1355,113,2888,2622,1449,2870,2328,2002,486,2463,405,356,1156,1507,2711,1108,3000,1547,1939,2546,4576,1302,205,899,650,1200,1425,3412,1906,394,2159,2122,2110,688,1994,1260,2536,2351,2141,3469,210,2288,719,13755
64,2942,697,1860,3294,1785,3425,27,2246,2669,1503,654,833,3930,156,6405,2528,3241,2602,3981,2245,135,3898,1037,2176,724,2034,3679,97,3000,245,1884,2920,1626,816,817,5645,1262,5184,3235,3571,1345,119,2869,2613,1451,2873,2328,2004,487,2467,405,356,1156,1507,2701,1108,3000,1537,1939,2546,4576,1302,205,899,650,1200,1413,3412,1898,400,2159,2122,2110,677,1997,1251,2537,2365,2150,3456,210,2288,721,13788
64,2942,697,1860,3294,1785,3425,27,2246,2669,1517,641,833,3919,156,6405,2528,3245,2616,3976,2258,129,3898,1027,2176,735,2037,3700,97,3004,245,1886,2920,1626,815,817,5623,1262,5164,3235,3584,1345,113,2873,2610,1449,2873,2328,2012,487,2463,405,356,1156,1507,2701,1109,3004,1545,1939,2535,4576,1292,211,899,650,1198,1413,3412,1898,395,2159,2122,2097,677,1997,1251,2537,2365,2150,3456,210,2288,721,13822
65,2942,707,1857,3294,1785,3417,27,2249,2681,1515,642,833,3930,157,6405,2528,3258,2628,3981,2239,135,3918,1027,2176,724,2037,3690,97,3000,254,1886,2917,1626,816,828,5631,1273,5184,3235,3584,1346,113,2888,2622,1451,2885,2328,2002,492,2463,415,356,1156,1507,2711,1111,3004,1545,1939,2535,4576,1292,211,899,650,1198,1413,3412,1898,395,2159,2122,2097,676,1984,1248,2540,2362,2148,3456,210,2272,720,13855
64,2956,698,1860,3290,1770,3425,27,2249,2676,1501,641,833,3930,157,6405,2525,3280,2628,3981,2258,135,3898,1028,2176,735,2050,3690,97,3008,245,1884,2920,1626,816,828,5631,1273,5184,3235,3584,1346,113,2888,2622,1451,2885,2328,2002,492,2463,415,356,1156,1507,2711,1111,3004,1547,1936,2543,4576,1293,205,899,650,1198,1413,3412,1906,395,2162,2120,2108,677,1997,1250,2533,2362,2139,3438,210,2288,720,13889
65,2946,698,1857,3282,1785,3421,27,2235,2669,1503,641,832,3930,157,6415,2528,3284,2628,3981,2226,135,3898,1028,2176,735,2050,3690,97,3008,245,1884,2920,1626,816,828,5631,1273,5177,3232,3566,1357,113,2888,2613,1451,2885,2328,2016,487,2449,405,342,1142,1492,2698,1105,2985,1536,1907,2532,4570,1291,200,884,640,1197,1411,3394,1883,395,2144,2120,2078,665,1981,1239,2529,2362,2150,3443,221,2288,719,13922
65,2946,698,1857,3282,1785,3421,27,2235,2669,1503,641,832,3930,157,6415,2528,3284,2628,3981,2226,135,3913,1037,2160,724,2050,3686,97,3014,254,1884,2932,1626,816,828,5631,1273,5177,3235,3571,1346,113,2888,2613,1451,2870,2341,2004,487,2467,405,356,1156,1521,2717,1110,3004,1547,1939,2546,4589,1304,205,899,650,1198,1425,3412,1896,400,2162,2132,2097,677,1997,1250,2542,2365,2150,3438,210,2288,731,13955
65,2946,698,1857,3294,1798,3421,27,2231,2669,1501,641,820,3919,157,6405,2528,3254,2628,3994,2258,135,3909,1037,2173,723,2037,3679,102,3004,254,1884,2932,1626,816,829,5631,1273,5171,3243,3571,1346,113,2869,2622,1436,2885,2328,2012,487,2463,405,356,1156,1507,2711,1111,3004,1547,1936,2543,4589,1292,205,899,650,1198,1425,3412,1896,400,2162,2132,2097,677,1997,1250,2542,2365,2150,3438,210,2288,731,13988
65,2946,698,1857,3294,1785,3435,27,2235,2679,1515,654,832,3944,157,6415,2525,3232,2602,3981,2261,135,3933,1037,2176,735,2050,3690,97,3014,254,1870,2920,1640,815,828,5616,1273,5184,3247,3571,1345,113,2888,2613,1451,2885,2328,2012,487,2463,405,356,1156,1507,2711,1111,3004,1547,1936,2543,4589,1292,205,899,650,1198,1413,3412,1906,401,2162,2122,2108,689,1997,1240,2536,2365,2150,3438,210,2288,720,14021
65,2946,698,1857,3294,1785,3435,27,2235,2679,1515,654,832,3944,157,6415,2525,3232,2602,3981,2261,135,3933,1037,2176,735,2050,3690,97,3014,254,1870,2920,1640,815,828,5616,1273,5184,3247,3571,1345,113,2888,2613,1451,2885,2328,2012,487,2467,405,356,1156,1505,2711,1111,3004,1547,1936,2546,4589,1304,205,899,650,1213,1423,3412,1906,400,2162,2132,2097,677,1984,1250,2535,2365,2150,3443,210,2288,720,14038
65,2942,697,1857,3282,1785,3432,27,2235,2679,1517,641,846,3930,157,6405,2537,3227,2605,3981,2258,135,3913,1037,2173,723,2050,3700,97,3018,254,1886,2917,1626,815,828,5631,1273,5171,3232,3571,1345,113,2888,2613,1451,2885,2328,2002,487,2467,405,355,1156,1507,2711,1110,3004,1547,1926,2543,4589,1292,205,913,650,1213,1423,3412,1906,400,2162,2132,2097,677,1984,1250,2535,2365,2150,3443,210,2285,720,14072
65,2960,707,1860,3294,1785,3442,27,2249,2688,1515,642,846,3930,157,6415,2528,3218,2605,3976,2226,135,3918,1037,2163,724,2050,3686,97,3014,254,1886,2932,1640,816,829,5631,1273,5184,3235,3584,1357,113,2873,2622,1464,2885,2328,2002,487,2467,405,355,1156,1507,2711,1110,3004,1547,1926,2543,4589,1292,205,913,650,1198,1413,3412,1896,395,2159,2130,2110,689,1997,1250,2540,2365,2150,3456,210,2288,730,14105
65,2956,698,1860,3294,1785,3432,27,2249,2679,1517,654,833,3923,157,6415,2528,3232,2605,3981,2269,135,3918,1028,2176,735,2050,3686,97,3014,254,1886,2932,1640,816,829,5631,1273,5184,3235,3584,1357,113,2873,2622,1464,2885,2341,2023,487,2452,405,356,1156,1521,2711,1111,3004,1547,1939,2535,4589,1302,205,898,650,1200,1413,3412,1906,401,2159,2132,2110,688,1997,1260,2542,2365,2150,3469,210,2291,721,14139
65,2960,707,1860,3294,1798,3425,27,2249,2679,1517,654,833,3923,157,6415,2528,3232,2605,3981,2269,135,3918,1028,2176,735,2047,3690,97,3023,254,1886,2928,1640,816,829,5623,1273,5177,3243,3584,1346,113,2884,2622,1449,2882,2328,2004,493,2467,405,355,1155,1509,2714,1111,3014,1547,1939,2535,4589,1293,205,899,650,1200,1413,3417,1898,401,2162,2132,2110,689,1997,1252,2536,2365,2150,3469,210,2288,721,14172
65,2960,707,1860,3294,1798,3425,27,2249,2679,1515,654,833,3913,157,6415,2518,3214,2602,3981,2250,135,3904,1037,2176,724,2037,3694,97,3004,254,1886,2920,1640,816,829,5631,1273,5164,3235,3584,1348,113,2888,2613,1451,2873,2328,2014,488,2467,405,356,1156,1507,2714,1105,3000,1547,1939,2543,4589,1304,211,899,650,1200,1425,3412,1900,395,2162,2132,2108,689,1984,1252,2542,2365,2150,3469,210,2288,721,14205
65,2960,698,1860,3294,1785,3428,27,2249,2679,1515,642,833,3923,157,6415,2525,3245,2616,3981,2237,135,3918,1027,2176,724,2050,3694,103,3014,254,1873,2932,1626,817,835,5616,1264,5177,3235,3571,1346,113,2869,2610,1451,2870,2328,2014,488,2449,405,355,1156,1507,2704,1112,3004,1545,1926,2546,4589,1304,211,899,650,1200,1425,3412,1900,395,2162,2132,2108,689,1984,1252,2542,2365,2150,3465,210,2275,721,14238
65,2942,698,1860,3290,1785,3428,27,2246,2679,1503,654,833,3927,162,6405,2537,3258,2628,3994,2237,135,3918,1028,2176,724,2047,3690,103,3014,254,1873,2932,1626,817,835,5616,1264,5177,3235,3571,1346,113,2869,2610,1451,2870,2328,2014,488,2449,405,355,1156,1507,2704,1112,3004,1545,1926,2546,4589,1304,211,899,650,1200,1413,3412,1898,395,2159,2120,2110,676,1984,1251,2537,2347,2150,3469,210,2288,721,14256
65,2942,698,1860,3290,1785,3428,27,2246,2679,1503,654,833,3927,162,6405,2537,3258,2628,3994,2237,135,3918,1028,2176,724,2047,3690,103,3014,245,1884,2928,1626,817,835,5645,1273,5184,3235,3584,1346,113,2888,2613,1451,2885,2328,2027,488,2467,405,356,1168,1507,2714,1111,3004,1547,1939,2546,4589,1304,211,899,650,1200,1413,3412,1898,395,2159,2120,2110,676,1984,1251,2537,2347,2150,3469,210,2288,721,14273
65,2960,698,1860,3294,1798,3428,32,2249,2688,1517,654,833,3917,162,6429,2528,3232,2605,3981,2250,135,3918,1027,2176,735,2047,3690,103,3014,245,1884,2928,1626,817,835,5645,1273,5184,3235,3584,1346,113,2888,2613,1451,2885,2328,2027,488,2467,405,356,1168,1507,2714,1111,3004,1547,1939,2546,4589,1293,211,898,660,1200,1411,3412,1910,401,2177,2132,2110,677,1997,1263,2539,2362,2150,3465,210,2272,721,14307
65,2960,698,1860,3294,1798,3428,32,2249,2688,1517,654,833,3917,162,6429,2528,3232,2605,3981,2250,135,3918,1027,2176,735,2050,3694,103,3018,254,1886,2932,1640,816,835,5631,1273,5171,3235,3571,1358,119,2888,2613,1453,2885,2328,2027,488,2449,415,356,1156,1519,2728,1112,3004,1547,1939,2546,4589,1305,206,914,650,1200,1413,3412,1910,401,2162,2130,2097,677,1997,1263,2539,2362,2150,3465,210,2272,721,14323
65,2956,698,1860,3294,1798,3428,32,2249,2688,1517,654,833,3917,162,6429,2528,3232,2605,3981,2250,135,3918,1027,2176,735,2050,3694,103,3018,254,1886,2932,1640,816,835,5631,1273,5171,3235,3571,1358,119,2888,2613,1453,2885,2328,2027,488,2449,415,356,1156,1519,2728,1112,3004,1547,1939,2546,4589,1305,206,914,650,1200,1413,3412,1910,401,2162,2130,2097,676,1997,1251,2536,2365,2150,3482,210,2285,731,14330
65,2956,698,1860,3294,1798,3435,27,2249,2679,1517,654,833,3917,157,6415,2528,3245,2628,3976,2258,135,3918,1037,2176,724,2050,3694,97,3023,254,1873,2917,1626,817,835,5631,1272,5184,3232,3571,1336,119,2873,2622,1464,2885,2324,2016,488,2449,415,356,1156,1519,2728,1112,3004,1547,1939,2546,4589,1305,206,914,650,1200,1413,3412,1910,401,2162,2130,2097,676,1997,1251,2536,2365,2150,3482,210,2285,731,14356
65,2956,698,1860,3294,1798,3435,27,2249,2679,1517,654,833,3917,157,6415,2528,3245,2628,3976,2258,135,3918,1037,2176,724,2050,3694,97,3023,254,1873,2917,1626,817,835,5631,1272,5184,3232,3571,1336,119,2873,2622,1464,2885,2324,2016,488,2449,405,356,1155,1519,2717,1111,3004,1547,1939,2546,4589,1295,211,913,660,1200,1425,3412,1900,401,2162,2132,2110,689,1997,1252,2537,2362,2150,3482,210,2285,731,14373
65,2937,687,1831,3278,1770,3418,32,2246,2679,1503,654,833,3917,162,6405,2528,3245,2628,3976,2271,135,3918,1037,2176,724,2050,3694,97,3023,254,1873,2917,1626,817,835,5631,1272,5184,3232,3571,1336,119,2873,2622,1464,2885,2324,2016,488,2449,405,356,1155,1519,2717,1111,3004,1547,1939,2546,4589,1295,211,913,660,1200,1425,3412,1900,401,2162,2132,2110,689,1997,1252,2537,2362,2150,3482,210,2288,721,14391
59,2956,698,1860,3294,1785,3418,32,2246,2679,1503,654,833,3917,162,6405,2528,3245,2628,3976,2271,135,3913,1027,2176,724,2037,3694,97,3000,245,1875,2932,1626,816,835,5608,1262,5171,3235,3571,1348,113,2855,2610,1451,2873,2328,2027,488,2431,405,356,1166,1507,2717,1111,3000,1548,1941,2546,4589,1295,211,897,650,1200,1411,3412,1902,395,2159,2122,2110,689,1997,1252,2537,2362,2150,3482,210,2275,721,14423
59,2956,698,1860,3294,1785,3425,27,2246,2679,1517,654,833,3917,157,6415,2528,3262,2628,3981,2261,135,3913,1028,2176,724,2050,3694,103,3014,254,1886,2928,1640,817,834,5623,1273,5171,3243,3571,1348,113,2850,2613,1451,2885,2328,2027,488,2427,414,356,1156,1507,2717,1111,3000,1547,1936,2546,4576,1295,211,898,650,1200,1411,3412,1902,395,2159,2122,2110,689,1997,1252,2537,2362,2150,3482,210,2275,721,14456
65,2966,706,1860,3294,1783,3439,27,2246,2679,1503,642,833,3927,157,6410,2516,3258,2625,3981,2239,135,3927,1028,2176,724,2050,3694,103,3010,245,1873,2932,1626,817,835,5608,1262,5184,3235,3579,1357,113,2836,2622,1462,2882,2328,2016,488,2395,415,356,1156,1507,2717,1111,3000,1547,1936,2546,4576,1295,211,898,650,1200,1423,3412,1900,401,2156,2120,2110,689,1984,1252,2537,2373,2150,3469,210,2288,721,14489
65,2956,698,1860,3294,1785,3428,27,2246,2669,1503,642,833,3927,157,6410,2516,3258,2625,3981,2239,135,3927,1028,2176,724,2050,3694,103,3010,245,1873,2932,1626,817,835,5608,1262,5184,3235,3579,1357,113,2836,2622,1462,2882,2328,2016,488,2395,415,356,1156,1505,2728,1111,2995,1547,1939,2546,4589,1305,211,913,650,1200,1425,3412,1900,395,2156,2132,2110,689,1984,1252,2543,2373,2150,3487,210,2285,721,14506
65,2956,698,1860,3294,1785,3428,27,2246,2669,1503,642,833,3927,157,6410,2537,3245,2616,3981,2239,135,3927,1028,2176,735,2037,3698,103,3010,254,1886,2932,1626,806,835,5600,1264,5184,3235,3579,1348,113,2821,2620,1451,2885,2328,2016,488,2398,414,356,1168,1521,2717,1111,3005,1547,1939,2546,4589,1295,206,910,650,1200,1425,3412,1900,395,2156,2132,2110,689,1984,1252,2543,2373,2150,3487,210,2285,721,14538
65,2966,707,1860,3294,1785,3428,27,2243,2679,1517,654,833,3927,162,6420,2537,3245,2616,3981,2239,135,3927,1028,2176,735,2037,3698,103,3010,254,1886,2932,1626,806,835,5600,1264,5184,3235,3579,1348,113,2821,2620,1451,2885,2328,2016,488,2398,414,356,1168,1521,2717,1111,3005,1547,1939,2546,4589,1295,206,910,650,1200,1425,3412,1900,401,2170,2132,2110,677,1997,1263,2537,2358,2150,3482,210,2288,721,14559
65,2966,707,1860,3294,1785,3428,27,2243,2679,1517,654,833,3927,162,6420,2537,3245,2616,3981,2239,135,3921,1027,2176,711,2037,3694,97,3010,245,1886,2920,1640,817,835,5600,1273,5171,3232,3579,1348,119,2840,2622,1451,2882,2328,2016,493,2398,414,356,1156,1521,2717,1111,3005,1547,1939,2546,4589,1295,206,910,650,1200,1425,3412,1900,401,2170,2132,2110,677,1997,1263,2537,2358,2150,3482,210,2288,721,14573
65,2966,707,1860,3294,1785,3428,27,2243,2679,1517,654,833,3927,162,6420,2537,3245,2616,3981,2239,135,3921,1027,2176,711,2037,3694,97,3010,245,1886,2920,1640,817,835,5600,1273,5171,3232,3579,1348,119,2840,2622,1451,2882,2328,2016,493,2398,414,356,1156,1505,2717,1111,3010,1547,1939,2543,4589,1305,211,898,650,1200,1413,3412,1910,401,2156,2132,2110,677,1994,1252,2544,2362,2160,3482,210,2288,721,14589
70,2966,697,1860,3294,1785,3432,27,2243,2679,1517,654,832,3938,157,6420,2528,3262,2628,3981,2221,135,3921,1028,2176,724,2050,3694,92,3014,245,1886,2920,1640,817,835,5600,1273,5171,3232,3579,1348,119,2840,2622,1451,2882,2328,2016,493,2398,414,356,1156,1505,2717,1111,3010,1547,1939,2543,4589,1305,211,898,650,1200,1413,3412,1910,401,2156,2132,2110,677,1994,1252,2544,2362,2160,3482,210,2272,721,14606
65,2971,707,1860,3294,1783,3428,27,2228,2667,1517,654,833,3938,157,6420,2528,3262,2628,3981,2221,135,3921,1028,2176,724,2050,3694,92,3014,254,1886,2928,1624,817,840,5600,1273,5184,3247,3571,1358,113,2821,2622,1451,2873,2328,2016,493,2413,415,369,1156,1521,2717,1112,2995,1547,1939,2543,4583,1307,211,898,650,1200,1425,3412,1910,401,2156,2120,2110,677,1984,1252,2537,2362,2150,3496,210,2288,711,14632
65,2971,707,1860,3294,1783,3428,27,2228,2667,1517,654,833,3938,157,6420,2528,3245,2616,3981,2229,135,3927,1037,2179,724,2034,3694,97,3014,254,1886,2928,1624,795,829,5594,1273,5184,3232,3571,1348,119,2836,2622,1451,2885,2328,2027,493,2366,424,356,1156,1521,2717,1111,3005,1547,1939,2558,4589,1295,206,895,650,1200,1411,3408,1902,401,2153,2122,2113,677,1984,1252,2537,2362,2150,3496,210,2288,711,14673
65,2966,698,1846,3294,1772,3428,27,2243,2679,1503,653,833,3927,157,6420,2528,3258,2616,3981,2229,135,3916,1037,2176,724,2050,3694,103,3010,254,1886,2928,1624,795,829,5594,1273,5184,3232,3571,1348,119,2836,2622,1451,2885,2328,2027,493,2366,424,356,1156,1521,2717,1111,3005,1547,1939,2558,4589,1295,206,895,650,1200,1411,3408,1902,401,2153,2122,2113,689,1997,1252,2537,2355,2150,3482,198,2285,721,14690
65,2966,698,1846,3294,1772,3428,27,2243,2679,1503,653,833,3927,157,6420,2528,3258,2616,3981,2229,135,3916,1037,2176,724,2050,3694,103,3010,245,1886,2935,1638,817,841,5586,1274,5184,3247,3571,1348,119,2821,2622,1451,2873,2324,2016,488,2380,424,355,1156,1521,2717,1111,2987,1547,1939,2546,4589,1295,211,909,650,1200,1413,3412,1900,401,2164,2132,2110,677,1997,1253,2537,2355,2150,3482,198,2285,721,14706
65,2962,698,1860,3294,1785,3432,32,2254,2679,1517,654,846,3938,157,6416,2537,3254,2616,3981,2226,135,3916,1037,2176,724,2050,3694,103,3010,245,1886,2935,1638,817,841,5586,1274,5184,3247,3571,1348,119,2821,2622,1451,2873,2324,2016,488,2380,424,355,1156,1521,2717,1111,2987,1547,1939,2546,4589,1295,211,909,650,1200,1413,3412,1900,401,2164,2132,2110,677,1997,1253,2537,2366,2150,3482,210,2275,721,14723
65,2962,698,1860,3294,1785,3432,32,2254,2679,1517,654,846,3938,157,6416,2537,3254,2616,3981,2226,135,3930,1028,2176,724,2050,3694,97,3005,254,1886,2932,1626,817,840,5578,1273,5184,3232,3571,1348,119,2821,2622,1451,2873,2324,2016,488,2380,424,355,1156,1521,2717,1111,2987,1547,1939,2546,4589,1295,211,909,650,1200,1413,3412,1900,401,2164,2132,2110,677,1997,1253,2537,2366,2150,3482,210,2275,721,14739
65,2962,698,1860,3294,1785,3432,32,2254,2679,1517,654,846,3938,157,6416,2537,3254,2616,3981,2226,135,3930,1028,2176,724,2050,3694,97,3005,254,1886,2932,1626,817,840,5578,1273,5184,3232,3571,1348,119,2756,2632,1464,2885,2328,2027,488,2377,424,356,1156,1507,2720,1112,3001,1536,1939,2543,4589,1305,211,909,650,1213,1413,3412,1900,401,2164,2132,2113,677,1997,1253,2537,2366,2150,3482,210,2275,721,14760
65,2958,707,1860,3294,1788,3428,27,2239,2679,1503,642,833,3942,157,6430,2528,3245,2613,3981,2261,135,3930,1037,2176,723,2039,3683,97,3001,254,1886,2932,1626,817,840,5578,1273,5184,3232,3571,1348,119,2756,2632,1464,2885,2328,2027,488,2377,424,356,1156,1507,2720,1112,3001,1536,1939,2543,4589,1305,211,909,650,1213,1413,3412,1900,401,2164,2132,2113,689,1997,1252,2543,2366,2150,3482,198,2288,721,14772
70,2958,707,1860,3294,1788,3428,27,2239,2679,1503,642,833,3942,157,6430,2528,3245,2613,3981,2261,135,3930,1037,2176,723,2039,3683,97,3001,254,1886,2932,1626,817,840,5569,1273,5178,3235,3584,1349,124,2756,2632,1464,2882,2328,2019,493,2380,424,356,1168,1507,2720,1112,2997,1556,1939,2543,4589,1305,211,909,651,1200,1425,3412,1910,396,2164,2132,2110,676,1984,1253,2539,2352,2150,3482,210,2288,722,14806
70,2958,707,1860,3294,1785,3428,27,2254,2679,1503,642,833,3938,157,6421,2528,3249,2613,3981,2250,135,3919,1037,2176,724,2037,3687,97,2982,245,1884,2905,1624,806,835,5547,1264,5164,3232,3553,1337,113,2723,2620,1434,2882,2328,2019,493,2380,424,356,1168,1507,2720,1112,2997,1556,1939,2543,4589,1305,211,909,651,1200,1425,3412,1910,396,2164,2132,2110,676,1984,1253,2539,2352,2150,3482,210,2288,722,14822
70,2958,707,1860,3294,1785,3428,27,2254,2679,1503,642,833,3938,157,6421,2528,3249,2613,3981,2250,135,3919,1037,2176,724,2037,3687,97,2982,245,1884,2905,1624,806,835,5547,1264,5164,3232,3553,1337,113,2723,2620,1434,2858,2314,2004,488,2348,405,355,1143,1505,2704,1106,2964,1537,1921,2532,4570,1284,200,878,640,1184,1411,3394,1898,396,2164,2132,2110,676,1984,1253,2539,2352,2150,3482,210,2288,722,14837
59,2953,688,1844,3278,1756,3414,27,2233,2667,1503,641,805,3917,157,6406,2540,3245,2613,3981,2250,135,3919,1037,2176,724,2037,3687,97,2982,245,1884,2905,1624,806,835,5547,1264,5164,3232,3553,1337,113,2723,2620,1434,2858,2314,2004,488,2348,405,355,1143,1505,2704,1106,2964,1537,1921,2532,4570,1284,200,878,640,1184,1411,3394,1898,390,2146,2120,2094,675,1981,1240,2532,2352,2141,3465,198,2258,710,14855
65,2972,688,1844,3278,1756,3414,27,2233,2667,1503,641,805,3917,157,6406,2540,3245,2616,3981,2250,135,3924,1028,2176,712,2050,3683,97,3001,245,1873,2932,1626,818,841,5569,1284,5191,3235,3589,1348,119,2727,2632,1453,2873,2328,2027,493,2377,424,356,1156,1521,2717,1111,2987,1547,1939,2546,4589,1305,211,894,650,1202,1413,3412,1902,401,2164,2132,2113,677,1984,1242,2539,2366,2160,3496,221,2275,721,14881
65,2972,707,1862,3294,1772,3428,27,2254,2688,1505,654,846,3938,162,6421,2528,3249,2616,3981,2261,135,3924,1028,2176,724,2037,3698,97,3001,254,1889,2920,1640,817,835,5569,1283,5184,3235,3579,1337,113,2723,2620,1451,2858,2311,2004,488,2330,414,342,1155,1492,2707,1105,2982,1536,1926,2532,4570,1283,200,893,640,1202,1413,3412,1902,401,2164,2132,2113,677,1984,1242,2539,2366,2160,3496,221,2275,721,14921
65,2972,698,1860,3278,1785,3428,27,2236,2679,1503,642,847,3938,157,6421,2528,3258,2616,3981,2263,135,3930,1037,2166,723,2050,3683,97,3001,245,1886,2917,1626,818,841,5569,1284,5171,3235,3558,1348,119,2723,2632,1464,2882,2314,2016,493,2330,414,342,1155,1492,2707,1105,2982,1536,1926,2532,4570,1283,200,893,640,1185,1400,3394,1900,395,2150,2132,2110,675,1968,1253,2543,2348,2139,3478,198,2288,721,14947
65,2972,698,1860,3278,1785,3428,27,2236,2679,1503,642,847,3938,157,6421,2528,3258,2616,3981,2263,135,3930,1037,2166,723,2050,3683,97,3001,245,1886,2917,1626,818,841,5569,1284,5171,3235,3558,1348,119,2723,2632,1464,2882,2314,2016,493,2363,424,356,1156,1509,2720,1112,2982,1547,1939,2543,4589,1295,206,894,650,1200,1413,3412,1912,396,2146,2132,2097,676,1997,1253,2544,2380,2150,3482,210,2288,721,14962
65,2972,698,1862,3290,1785,3428,27,2236,2688,1517,642,833,3942,157,6430,2525,3245,2628,3981,2261,135,3924,1028,2179,724,2037,3683,97,3015,254,1886,2932,1626,818,841,5569,1284,5171,3235,3558,1348,119,2723,2632,1464,2882,2314,2016,493,2363,424,356,1156,1509,2720,1112,2982,1547,1939,2543,4589,1295,206,894,650,1200,1413,3412,1912,396,2146,2132,2097,676,1997,1253,2544,2380,2150,3482,210,2288,712,14989
65,2972,698,1862,3290,1785,3428,27,2236,2688,1517,642,833,3942,157,6430,2525,3245,2628,3981,2261,135,3924,1028,2179,724,2037,3683,97,3015,254,1886,2932,1626,806,835,5569,1273,5184,3235,3571,1348,119,2741,2632,1466,2885,2328,2019,493,2348,424,356,1156,1509,2720,1111,2982,1547,1939,2558,4589,1296,211,909,650,1200,1413,3412,1912,396,2146,2132,2097,676,1997,1253,2544,2380,2150,3482,210,2288,712,15006
65,2972,707,1860,3290,1774,3432,27,2236,2679,1517,642,833,3942,157,6430,2525,3245,2628,3981,2261,135,3924,1028,2179,724,2037,3683,97,3015,254,1886,2932,1626,806,835,5569,1273,5184,3235,3571,1348,119,2741,2632,1466,2885,2328,2019,493,2348,424,356,1156,1509,2720,1111,2982,1547,1939,2558,4589,1296,211,909,650,1200,1425,3399,1910,395,2164,2122,2110,689,1997,1263,2537,2366,2150,3487,210,2288,721,15021
65,2972,707,1860,3290,1774,3432,27,2236,2679,1517,642,833,3942,157,6421,2525,3258,2625,3981,2271,135,3924,1028,2176,724,2037,3698,97,3001,245,1886,2920,1642,818,835,5569,1283,5184,3235,3571,1358,113,2727,2632,1464,2882,2328,2019,493,2363,424,356,1155,1521,2717,1112,2987,1547,1952,2555,4589,1307,206,909,650,1200,1413,3412,1912,401,2164,2122,2110,689,1997,1252,2539,2366,2150,3487,210,2288,721,15055
70,2972,708,1875,3306,1788,3432,32,2254,2688,1517,642,847,3938,157,6421,2537,3245,2616,3981,2271,130,3910,1037,2176,712,2037,3698,103,3015,245,1886,2920,1629,818,840,5569,1272,5184,3235,3584,1349,119,2727,2632,1464,2885,2328,2016,488,2366,424,369,1156,1519,2717,1112,2982,1547,1939,2558,4589,1307,206,909,650,1200,1413,3412,1912,401,2164,2122,2110,689,1997,1252,2539,2366,2150,3482,210,2288,722,15088
70,2972,707,1860,3294,1788,3432,27,2236,2679,1517,642,833,3938,162,6430,2537,3258,2625,3981,2271,135,3924,1028,2176,735,2050,3698,103,3015,254,1886,2932,1626,818,835,5584,1283,5177,3232,3571,1348,119,2727,2632,1464,2885,2328,2016,488,2366,424,369,1156,1519,2717,1112,2982,1547,1939,2558,4589,1305,211,893,650,1200,1423,3412,1910,401,2164,2124,2110,677,2000,1253,2543,2366,2150,3482,210,2288,722,15121
70,2972,707,1860,3294,1788,3432,27,2236,2679,1517,642,833,3938,162,6430,2537,3258,2625,3981,2271,135,3924,1028,2176,735,2050,3698,103,3015,254,1886,2932,1626,818,835,5584,1283,5177,3232,3571,1348,119,2723,2622,1464,2870,2314,2016,488,2363,424,356,1156,1507,2717,1112,2982,1547,1939,2558,4589,1307,211,909,650,1200,1413,3412,1900,395,2164,2122,2110,677,2000,1253,2543,2366,2150,3482,210,2288,722,15138
65,2972,707,1857,3294,1788,3432,27,2236,2679,1517,642,847,3942,157,6421,2537,3254,2628,3986,2274,135,3924,1028,2176,735,2050,3698,103,3015,254,1886,2932,1626,818,835,5584,1283,5177,3232,3571,1348,119,2723,2622,1464,2870,2314,2016,488,2363,424,356,1156,1507,2717,1112,2982,1547,1939,2558,4589,1307,211,909,650,1200,1413,3412,1900,395,2164,2122,2110,677,1984,1252,2537,2366,2150,3482,210,2275,721,15155
65,2972,707,1862,3306,1785,3432,27,2236,2679,1517,642,847,3942,157,6421,2537,3254,2628,3986,2274,135,3924,1037,2176,735,2050,3698,97,3001,245,1886,2932,1640,818,840,5569,1273,5184,3235,3571,1348,113,2723,2622,1449,2885,2328,2008,493,2363,424,356,1168,1507,2717,1111,2987,1547,1952,2543,4589,1307,206,893,650,1200,1413,3412,1912,396,2161,2122,2110,677,1997,1253,2539,2366,2150,3469,210,2288,722,15188
65,2972,707,1862,3306,1785,3432,27,2247,2679,1517,642,833,3942,157,6421,2537,3245,2616,3986,2263,135,3939,1028,2176,724,2052,3698,97,3015,254,1897,2920,1629,819,841,5569,1284,5184,3235,3571,1348,113,2723,2622,1449,2885,2328,2008,493,2363,424,356,1168,1507,2717,1111,2987,1547,1952,2543,4589,1307,206,893,650,1200,1413,3412,1912,396,2161,2122,2110,677,1997,1253,2539,2366,2150,3469,210,2288,722,15204
70,2972,707,1857,3294,1788,3421,27,2236,2688,1515,642,846,3942,162,6421,2540,3258,2613,3981,2274,135,3939,1028,2176,724,2052,3698,97,3015,254,1897,2920,1629,819,841,5569,1284,5184,3232,3571,1358,119,2723,2622,1462,2873,2328,2019,493,2363,415,355,1156,1507,2723,1112,2987,1547,1939,2543,4589,1296,211,909,650,1198,1413,3412,1902,396,2164,2132,2108,677,1984,1253,2546,2380,2150,3478,210,2291,732,15238
70,2972,707,1857,3294,1788,3421,27,2236,2688,1515,642,846,3942,162,6421,2540,3258,2613,3981,2274,135,3933,1037,2173,735,2050,3694,103,3015,254,1884,2932,1626,818,835,5561,1283,5184,3235,3584,1349,119,2727,2622,1462,2873,2328,2019,488,2352,424,356,1156,1507,2723,1112,2987,1547,1939,2543,4589,1296,211,909,650,1198,1413,3412,1902,396,2164,2132,2108,677,1984,1253,2546,2380,2150,3478,210,2291,732,15255
65,2972,706,1857,3294,1788,3421,32,2236,2679,1530,641,833,3953,162,6412,2537,3254,2628,3981,2274,135,3933,1028,2176,724,2050,3712,103,3015,254,1886,2920,1626,818,835,5561,1283,5184,3235,3584,1349,119,2727,2622,1462,2873,2328,2019,488,2352,424,356,1156,1507,2717,1112,2997,1547,1939,2558,4596,1296,211,894,651,1200,1413,3412,1902,396,2164,2132,2110,689,1984,1264,2544,2366,2160,3482,210,2288,722,15288
65,2968,698,1860,3294,1785,3421,27,2251,2679,1517,642,848,3942,157,6412,2537,3258,2628,3981,2274,135,3933,1028,2176,724,2050,3712,103,3015,254,1886,2920,1626,807,841,5569,1283,5184,3235,3571,1360,119,2708,2632,1464,2873,2328,2019,493,2363,424,356,1155,1507,2720,1112,2982,1547,1952,2546,4589,1307,206,894,650,1212,1425,3412,1912,396,2164,2134,2110,678,1997,1252,2539,2366,2158,3482,210,2288,722,15321
65,2968,698,1860,3294,1785,3421,27,2251,2679,1517,642,848,3942,157,6412,2537,3258,2628,3986,2284,135,3933,1028,2176,735,2052,3698,97,3011,254,1886,2932,1626,807,835,5569,1273,5171,3232,3558,1349,119,2708,2632,1451,2885,2331,2019,493,2363,424,356,1155,1507,2720,1112,2982,1547,1952,2546,4589,1307,206,894,650,1212,1425,3412,1912,396,2164,2134,2110,678,1997,1252,2539,2366,2158,3482,210,2288,722,15338
