channel1,channel2,channel3,channel4,channel5,channel6,channel7,channel8,channel9,channel10,channel11,channel12,channel13,channel14,channel15,channel16,channel17,channel18,channel19,channel20,channel21,channel22,channel23,channel24,channel25,channel26,channel27,channel28,channel29,channel30,channel31,channel32,channel33,channel34,channel35,channel36,channel37,channel38,channel39,channel40,channel41,channel42,channel43,channel44,channel45,channel46,channel47,channel48,channel49,channel50,channel51,channel52,channel53,channel54,channel55,channel56,channel57,channel58,channel59,channel60,channel61,channel62,channel63,channel64,channel65,channel66,channel67,channel68,channel69,channel70,channel71,channel72,channel73,channel74,channel75,channel76,channel77,channel78,channel79,channel80,channel81,channel82,channel83,channel84,dts
0,0,0,0,0,0,0,0,0,0,0,0,0,0,0,0,0,0,0,0,0,0,0,0,0,0,0,0,0,0,0,0,0,0,0,0,0,0,0,0,0,0,0,0,0,0,0,0,0,0,0,0,0,0,0,0,0,0,0,0,0,0,0,0,0,0,0,0,0,0,0,0,0,0,0,0,0,0,0,0,0,0,0,0,29
0,0,0,0,0,0,0,0,0,0,0,0,0,0,0,0,0,0,0,0,0,0,0,0,0,0,0,0,0,0,0,0,0,0,0,0,0,0,0,0,0,0,0,0,0,0,0,0,0,0,0,0,0,0,0,0,0,0,0,0,0,0,0,0,0,0,0,0,0,0,0,0,0,0,0,0,0,0,0,0,0,0,0,0,45
0,0,0,0,0,0,0,0,0,0,0,0,0,0,0,0,0,0,0,0,0,0,0,0,0,0,0,0,0,0,0,0,0,0,0,0,0,0,0,0,0,0,0,0,0,0,0,0,0,0,0,0,0,0,0,0,0,0,0,0,0,0,0,0,0,0,0,0,0,0,0,0,0,0,0,0,0,0,0,0,0,0,0,0,80
0,0,0,0,0,0,0,0,0,0,0,0,0,0,0,0,0,0,0,0,0,0,0,0,0,0,0,0,0,0,0,0,0,0,0,0,0,0,0,0,0,0,0,0,0,0,0,0,0,0,0,0,0,0,0,0,0,0,0,0,0,0,0,0,0,0,0,0,0,0,0,0,0,0,0,0,0,0,0,0,0,0,0,0,112
0,0,0,0,0,0,0,0,0,0,0,0,0,0,0,0,0,0,0,0,0,0,0,0,0,0,0,0,0,0,0,0,0,0,0,0,0,0,0,0,0,0,0,0,0,0,0,0,0,0,0,0,0,0,0,0,0,0,0,0,0,0,0,0,0,0,0,0,0,0,0,0,0,0,0,0,0,0,0,0,0,0,0,0,130
0,0,0,0,0,0,0,0,0,0,0,0,0,0,0,0,0,0,0,0,0,0,0,0,0,0,0,0,0,0,0,0,0,0,0,0,0,0,0,0,0,0,0,0,0,0,0,0,0,0,0,0,0,0,0,0,0,0,0,0,0,0,0,0,0,0,0,0,0,0,0,0,0,0,0,0,0,0,0,0,0,0,0,0,164
0,0,0,0,0,0,0,0,0,0,0,0,0,0,0,0,0,0,0,0,0,0,0,0,0,0,0,0,0,0,0,0,0,0,0,0,0,0,0,0,0,0,0,0,0,0,0,0,0,0,0,0,0,0,0,0,0,0,0,0,0,0,0,0,0,0,0,0,0,0,0,0,0,0,0,0,0,0,0,0,0,0,0,0,195
0,0,0,0,0,0,0,0,0,0,0,0,0,0,0,0,0,0,0,0,0,0,0,0,0,0,0,0,0,0,0,0,0,0,0,0,0,0,0,0,0,0,0,0,0,0,0,0,0,0,0,0,0,0,0,0,0,0,0,0,0,0,0,0,0,0,0,0,0,0,0,0,0,0,0,0,0,0,0,0,0,0,0,0,230
0,0,0,0,0,0,0,0,0,0,0,0,0,0,0,0,0,0,0,0,0,0,0,0,0,0,0,0,0,0,0,0,0,0,0,0,0,0,0,0,0,0,0,0,0,0,0,0,0,0,0,0,0,0,0,0,0,0,0,0,0,0,0,0,0,0,0,0,0,0,0,0,0,0,0,0,0,0,0,0,0,0,0,0,247
0,0,0,0,0,0,0,0,0,0,0,0,0,0,0,0,0,0,0,0,0,0,0,0,0,0,0,0,0,0,0,0,0,0,0,0,0,0,0,0,0,0,0,0,0,0,0,0,0,0,0,0,0,0,0,0,0,0,0,0,0,0,0,0,0,0,0,0,0,0,0,0,0,0,0,0,0,0,0,0,0,0,0,0,278
0,0,0,0,0,0,0,0,0,0,0,0,0,0,0,0,0,0,0,0,0,0,0,0,0,0,0,0,0,0,0,0,0,0,0,0,0,0,0,0,0,0,0,0,0,0,0,0,0,0,0,0,0,0,0,0,0,0,0,0,0,0,0,0,0,0,0,0,0,0,0,0,0,0,0,0,0,0,0,0,0,0,0,0,296
0,0,0,0,0,0,0,0,0,0,0,0,0,0,0,0,0,0,0,0,0,0,0,0,0,0,0,0,0,0,0,0,0,0,0,0,0,0,0,0,0,0,0,0,0,0,0,0,0,0,0,0,0,0,0,0,0,0,0,0,0,0,0,0,0,0,0,0,0,0,0,0,0,0,0,0,0,0,0,0,0,0,0,0,330
0,0,0,0,0,0,0,0,0,0,0,0,0,0,0,0,0,0,0,0,0,0,0,0,0,0,0,0,0,0,0,0,0,0,0,0,0,0,0,0,0,0,0,0,0,0,0,0,0,0,0,0,0,0,0,0,0,0,0,0,0,0,0,0,0,0,0,0,0,0,0,0,0,0,0,0,0,0,0,0,0,0,0,0,362
0,0,0,0,0,0,0,0,0,0,0,0,0,0,0,0,0,0,0,0,0,0,0,0,0,0,0,0,0,0,0,0,0,0,0,0,0,0,0,0,0,0,0,0,0,0,0,0,0,0,0,0,0,0,0,0,0,0,0,0,0,0,0,0,0,0,0,0,0,0,0,0,0,0,0,0,0,0,0,0,0,0,0,0,397
0,0,0,0,0,0,0,0,0,0,0,0,0,0,0,0,0,0,0,0,0,0,0,0,0,0,0,0,0,0,0,0,0,0,0,0,0,0,0,0,0,0,0,0,0,0,0,0,0,0,0,0,0,0,0,0,0,0,0,0,0,0,0,0,0,0,0,0,0,0,0,0,0,0,0,0,0,0,0,0,0,0,0,0,413
0,0,0,0,0,0,0,0,0,0,0,0,0,0,0,0,0,0,0,0,0,0,0,0,0,0,0,0,0,0,0,0,0,0,0,0,0,0,0,0,0,0,0,0,0,0,0,0,0,0,0,0,0,0,0,0,0,0,0,0,0,0,0,0,0,0,0,0,0,0,0,0,0,0,0,0,0,0,0,0,0,0,0,0,430
0,0,0,0,0,0,0,0,0,0,0,0,0,0,0,0,0,0,0,0,0,0,0,0,0,0,0,0,0,0,0,0,0,0,0,0,0,0,0,0,0,0,0,0,0,0,0,0,0,0,0,0,0,0,0,0,0,0,0,0,0,0,0,0,0,0,0,0,0,0,0,0,0,0,0,0,0,0,0,0,0,0,0,0,463
0,0,0,0,0,0,0,0,0,0,0,0,0,0,0,0,0,0,0,0,0,0,0,0,0,0,0,0,0,0,0,0,0,0,0,0,0,0,0,0,0,0,0,0,0,0,0,0,0,0,0,0,0,0,0,0,0,0,0,0,0,0,0,0,0,0,0,0,0,0,0,0,0,0,0,0,0,0,0,0,0,0,0,0,497
0,0,0,0,0,0,0,0,0,0,0,0,0,0,0,0,0,0,0,0,0,0,0,0,0,0,0,0,0,0,0,0,0,0,0,0,0,0,0,0,0,0,0,0,0,0,0,0,0,0,0,0,0,0,0,0,0,0,0,0,0,0,0,0,0,0,0,0,0,0,0,0,0,0,0,0,0,0,0,0,0,0,0,0,530
0,0,0,0,0,0,0,0,0,0,0,0,0,0,0,0,0,0,0,0,0,0,0,0,0,0,0,0,0,0,0,0,0,0,0,0,0,0,0,0,0,0,0,0,0,0,0,0,0,0,0,0,0,0,0,0,0,0,0,0,0,0,0,0,0,0,0,0,0,0,0,0,0,0,0,0,0,0,0,0,0,0,0,0,563
0,0,0,0,0,0,0,0,0,0,0,0,0,0,0,0,0,0,0,0,0,0,0,0,0,0,0,0,0,0,0,0,0,0,0,0,0,0,0,0,0,0,0,0,0,0,0,0,0,0,0,0,0,0,0,0,0,0,0,0,0,0,0,0,0,0,0,0,0,0,0,0,0,0,0,0,0,0,0,0,0,0,0,0,597
0,0,0,0,0,0,0,0,0,0,0,0,0,0,0,0,0,0,0,0,0,0,0,0,0,0,0,0,0,0,0,0,0,0,0,0,0,0,0,0,0,0,0,0,0,0,0,0,0,0,0,0,0,0,0,0,0,0,0,0,0,0,0,0,0,0,0,0,0,0,0,0,0,0,0,0,0,0,0,0,0,0,0,0,630
0,0,0,0,0,0,0,0,0,0,0,0,0,0,0,0,0,0,0,0,0,0,0,0,0,0,0,0,0,0,0,0,0,0,0,0,0,0,0,0,0,0,0,0,0,0,0,0,0,0,0,0,0,0,0,0,0,0,0,0,0,0,0,0,0,0,0,0,0,0,0,0,0,0,0,0,0,0,0,0,0,0,0,0,661
0,0,0,0,0,0,0,0,0,0,0,0,0,0,0,0,0,0,0,0,0,0,0,0,0,0,0,0,0,0,0,0,0,0,0,0,0,0,0,0,0,0,0,0,0,0,0,0,0,0,0,0,0,0,0,0,0,0,0,0,0,0,0,0,0,0,0,0,0,0,0,0,0,0,0,0,0,0,0,0,0,0,0,0,680
0,0,0,0,0,0,0,0,0,0,0,0,0,0,0,0,0,0,0,0,0,0,0,0,0,0,0,0,0,0,0,0,0,0,0,0,0,0,0,0,0,0,0,0,0,0,0,0,0,0,0,0,0,0,0,0,0,0,0,0,0,0,0,0,0,0,0,0,0,0,0,0,0,0,0,0,0,0,0,0,0,0,0,0,697
0,0,0,0,0,0,0,0,0,0,0,0,0,0,0,0,0,0,0,0,0,0,0,0,0,0,0,0,0,0,0,0,0,0,0,0,0,0,0,0,0,0,0,0,0,0,0,0,0,0,0,0,0,0,0,0,0,0,0,0,0,0,0,0,0,0,0,0,0,0,0,0,0,0,0,0,0,0,0,0,0,0,0,0,713
0,0,0,0,0,0,0,0,0,0,0,0,0,0,0,0,0,0,0,0,0,0,0,0,0,0,0,0,0,0,0,0,0,0,0,0,0,0,0,0,0,0,0,0,0,0,0,0,0,0,0,0,0,0,0,0,0,0,0,0,0,0,0,0,0,0,0,0,0,0,0,0,0,0,0,0,0,0,0,0,0,0,0,0,745
0,0,0,0,0,0,0,0,0,0,0,0,0,0,0,0,0,0,0,0,0,0,0,0,0,0,0,0,0,0,0,0,0,0,0,0,0,0,0,0,0,0,0,0,0,0,0,0,0,0,0,0,0,0,0,0,0,0,0,0,0,0,0,0,0,0,0,0,0,0,0,0,0,0,0,0,0,0,0,0,0,0,0,0,779
0,0,0,0,0,0,0,0,0,0,0,0,0,0,0,0,0,0,0,0,0,0,0,0,0,0,0,0,0,0,0,0,0,0,0,0,0,0,0,0,0,0,0,0,0,0,0,0,0,0,0,0,0,0,0,0,0,0,0,0,0,0,0,0,0,0,0,0,0,0,0,0,0,0,0,0,0,0,0,0,0,0,0,0,797
0,0,0,0,0,0,0,0,0,0,0,0,0,0,0,0,0,0,0,0,0,0,0,0,0,0,0,0,0,0,0,0,0,0,0,0,0,0,0,0,0,0,0,0,0,0,0,0,0,0,0,0,0,0,0,0,0,0,0,0,0,0,0,0,0,0,0,0,0,0,0,0,0,0,0,0,0,0,0,0,0,0,0,0,813
0,0,0,0,0,0,0,0,0,0,0,0,0,0,0,0,0,0,0,0,0,0,0,0,0,0,0,0,0,0,0,0,0,0,0,0,0,0,0,0,0,0,0,0,0,0,0,0,0,0,0,0,0,0,0,0,0,0,0,0,0,0,0,0,0,0,0,0,0,0,0,0,0,0,0,0,0,0,0,0,0,0,0,0,847
0,0,0,0,0,0,0,0,0,0,0,0,0,0,0,0,0,0,0,0,0,0,0,0,0,0,0,0,0,0,0,0,0,0,0,0,0,0,0,0,0,0,0,0,0,0,0,0,0,0,0,0,0,0,0,0,0,0,0,0,0,0,0,0,0,0,0,0,0,0,0,0,0,0,0,0,0,0,0,0,0,0,0,0,863
0,0,0,0,0,0,0,0,0,0,0,0,0,0,0,0,0,0,0,0,0,0,0,0,0,0,0,0,0,0,0,0,0,0,0,0,0,0,0,0,0,0,0,0,0,0,0,0,0,0,0,0,0,0,0,0,0,0,0,0,0,0,0,0,0,0,0,0,0,0,0,0,0,0,0,0,0,0,0,0,0,0,0,0,897
0,0,0,0,0,0,0,0,0,0,0,0,0,0,0,0,0,0,0,0,0,0,0,0,0,0,0,0,0,0,0,0,0,0,0,0,0,0,0,0,0,0,0,0,0,0,0,0,0,0,0,0,0,0,0,0,0,0,0,0,0,0,0,0,0,0,0,0,0,0,0,0,0,0,0,0,0,0,0,0,0,0,0,0,928
0,0,0,0,0,0,0,0,0,0,0,0,0,0,0,0,0,0,0,0,0,0,0,0,0,0,0,0,0,0,0,0,0,0,0,0,0,0,0,0,0,0,0,0,0,0,0,0,0,0,0,0,0,0,0,0,0,0,0,0,0,0,0,0,0,0,0,0,0,0,0,0,0,0,0,0,0,0,0,0,0,0,0,0,946
0,0,0,0,0,0,0,0,0,0,0,0,0,0,0,0,0,0,0,0,0,0,0,0,0,0,0,0,0,0,0,0,0,0,0,0,0,0,0,0,0,0,0,0,0,0,0,0,0,0,0,0,0,0,0,0,0,0,0,0,0,0,0,0,0,0,0,0,0,0,0,0,0,0,0,0,0,0,0,0,0,0,0,0,980
0,0,0,0,0,0,0,0,0,0,0,0,0,0,0,0,0,0,0,0,0,0,0,0,0,0,0,0,0,0,0,0,0,0,0,0,0,0,0,0,0,0,0,0,0,0,0,0,0,0,0,0,0,0,0,0,0,0,0,0,0,0,0,0,0,0,0,0,0,0,0,0,0,0,0,0,0,0,0,0,0,0,0,0,1011
0,0,0,0,0,0,0,0,0,0,0,0,0,0,0,0,0,0,0,0,0,0,0,0,0,0,0,0,0,0,0,0,0,0,0,0,0,0,0,0,0,0,0,0,0,0,0,0,0,0,0,0,0,0,0,0,0,0,0,0,0,0,0,0,0,0,0,0,0,0,0,0,0,0,0,0,0,0,0,0,0,0,0,0,1030
0,0,0,0,0,0,0,0,0,0,0,0,0,0,0,0,0,0,0,0,0,0,0,0,0,0,0,0,0,0,0,0,0,0,0,0,0,0,0,0,0,0,0,0,0,0,0,0,0,0,0,0,0,0,0,0,0,0,0,0,0,0,0,0,0,0,0,0,0,0,0,0,0,0,0,0,0,0,0,0,0,0,0,0,1047
0,0,0,0,0,0,0,0,0,0,0,0,0,0,0,0,0,0,0,0,0,0,0,0,0,0,0,0,0,0,0,0,0,0,0,0,0,0,0,0,0,0,0,0,0,0,0,0,0,0,0,0,0,0,0,0,0,0,0,0,0,0,0,0,0,0,0,0,0,0,0,0,0,0,0,0,0,0,0,0,0,0,0,0,1078
0,0,0,0,0,0,0,0,0,0,0,0,0,0,0,0,0,0,0,0,0,0,0,0,0,0,0,0,0,0,0,0,0,0,0,0,0,0,0,0,0,0,0,0,0,0,0,0,0,0,0,0,0,0,0,0,0,0,0,0,0,0,0,0,0,0,0,0,0,0,0,0,0,0,0,0,0,0,0,0,0,0,0,0,1097
0,0,0,0,0,0,0,0,0,0,0,0,0,0,0,0,0,0,0,0,0,0,0,0,0,0,0,0,0,0,0,0,0,0,0,0,0,0,0,0,0,0,0,0,0,0,0,0,0,0,0,0,0,0,0,0,0,0,0,0,0,0,0,0,0,0,0,0,0,0,0,0,0,0,0,0,0,0,0,0,0,0,0,0,1113
0,0,0,0,0,0,0,0,0,0,0,0,0,0,0,0,0,0,0,0,0,0,0,0,0,0,0,0,0,0,0,0,0,0,0,0,0,0,0,0,0,0,0,0,0,0,0,0,0,0,0,0,0,0,0,0,0,0,0,0,0,0,0,0,0,0,0,0,0,0,0,0,0,0,0,0,0,0,0,0,0,0,0,0,1146
0,0,0,0,0,0,0,0,0,0,0,0,0,0,0,0,0,0,0,0,0,0,0,0,0,0,0,0,0,0,0,0,0,0,0,0,0,0,0,0,0,0,0,0,0,0,0,0,0,0,0,0,0,0,0,0,0,0,0,0,0,0,0,0,0,0,0,0,0,0,0,0,0,0,0,0,0,0,0,0,0,0,0,0,1163
0,0,0,0,0,0,0,0,0,0,0,0,0,0,0,0,0,0,0,0,0,0,0,0,0,0,0,0,0,0,0,0,0,0,0,0,0,0,0,0,0,0,0,0,0,0,0,0,0,0,0,0,0,0,0,0,0,0,0,0,0,0,0,0,0,0,0,0,0,0,0,0,0,0,0,0,0,0,0,0,0,0,0,0,1196
0,0,0,0,0,0,0,0,0,0,0,0,0,0,0,0,0,0,0,0,0,0,0,0,0,0,0,0,0,0,0,0,0,0,0,0,0,0,0,0,0,0,0,0,0,0,0,0,0,0,0,0,0,0,0,0,0,0,0,0,0,0,0,0,0,0,0,0,0,0,0,0,0,0,0,0,0,0,0,0,0,0,0,0,1230
0,0,0,0,0,0,0,0,0,0,0,0,0,0,0,0,0,0,0,0,0,0,0,0,0,0,0,0,0,0,0,0,0,0,0,0,0,0,0,0,0,0,0,0,0,0,0,0,0,0,0,0,0,0,0,0,0,0,0,0,0,0,0,0,0,0,0,0,0,0,0,0,0,0,0,0,0,0,0,0,0,0,0,0,1263
0,0,0,0,0,0,0,0,0,0,0,0,0,0,0,0,0,0,0,0,0,0,0,0,0,0,0,0,0,0,0,0,0,0,0,0,0,0,0,0,0,0,0,0,0,0,0,0,0,0,0,0,0,0,0,0,0,0,0,0,0,0,0,0,0,0,0,0,0,0,0,0,0,0,0,0,0,0,0,0,0,0,0,0,1297
0,0,0,0,0,0,0,0,0,0,0,0,0,0,0,0,0,0,0,0,0,0,0,0,0,0,0,0,0,0,0,0,0,0,0,0,0,0,0,0,0,0,0,0,0,0,0,0,0,0,0,0,0,0,0,0,0,0,0,0,0,0,0,0,0,0,0,0,0,0,0,0,0,0,0,0,0,0,0,0,0,0,0,0,1313
0,0,0,0,0,0,0,0,0,0,0,0,0,0,0,0,0,0,0,0,0,0,0,0,0,0,0,0,0,0,0,0,0,0,0,0,0,0,0,0,0,0,0,0,0,0,0,0,0,0,0,0,0,0,0,0,0,0,0,0,0,0,0,0,0,0,0,0,0,0,0,0,0,0,0,0,0,0,0,0,0,0,0,0,1347
0,0,0,0,0,0,0,0,0,0,0,0,0,0,0,0,0,0,0,0,0,0,0,0,0,0,0,0,0,0,0,0,0,0,0,0,0,0,0,0,0,0,0,0,0,0,0,0,0,0,0,0,0,0,0,0,0,0,0,0,0,0,0,0,0,0,0,0,0,0,0,0,0,0,0,0,0,0,0,0,0,0,0,0,1379
0,0,0,0,0,0,0,0,0,0,0,0,0,0,0,0,0,0,0,0,0,0,0,0,0,0,0,0,0,0,0,0,0,0,0,0,0,0,0,0,0,0,0,0,0,0,0,0,0,0,0,0,0,0,0,0,0,0,0,0,0,0,0,0,0,0,0,0,0,0,0,0,0,0,0,0,0,0,0,0,0,0,0,0,1397
0,0,0,0,0,0,0,0,0,0,0,0,0,0,0,0,0,0,0,0,0,0,0,0,0,0,0,0,0,0,0,0,0,0,0,0,0,0,0,0,0,0,0,0,0,0,0,0,0,0,0,0,0,0,0,0,0,0,0,0,0,0,0,0,0,0,0,0,0,0,0,0,0,0,0,0,0,0,0,0,0,0,0,0,1412
0,0,0,0,0,0,0,0,0,0,0,0,0,0,0,0,0,0,0,0,0,0,0,0,0,0,0,0,0,0,0,0,0,0,0,0,0,0,0,0,0,0,0,0,0,0,0,0,0,0,0,0,0,0,0,0,0,0,0,0,0,0,0,0,0,0,0,0,0,0,0,0,0,0,0,0,0,0,0,0,0,0,0,0,1446
0,0,0,0,0,0,0,0,0,0,0,0,0,0,0,0,0,0,0,0,0,0,0,0,0,0,0,0,0,0,0,0,0,0,0,0,0,0,0,0,0,0,0,0,0,0,0,0,0,0,0,0,0,0,0,0,0,0,0,0,0,0,0,0,0,0,0,0,0,0,0,0,0,0,0,0,0,0,0,0,0,0,0,0,1463
0,0,0,0,0,0,0,0,0,0,0,0,0,0,0,0,0,0,0,0,0,0,0,0,0,0,0,0,0,0,0,0,0,0,0,0,0,0,0,0,0,0,0,0,0,0,0,0,0,0,0,0,0,0,0,0,0,0,0,0,0,0,0,0,0,0,0,0,0,0,0,0,0,0,0,0,0,0,0,0,0,0,0,0,1496
0,0,0,0,0,0,0,0,0,0,0,0,0,0,0,0,0,0,0,0,0,0,0,0,0,0,0,0,0,0,0,0,0,0,0,0,0,0,0,0,0,0,0,0,0,0,0,0,0,0,0,0,0,0,0,0,0,0,0,0,0,0,0,0,0,0,0,0,0,0,0,0,0,0,0,0,0,0,0,0,0,0,0,0,1529
0,0,0,0,0,0,0,0,0,0,0,0,0,0,0,0,0,0,0,0,0,0,0,0,0,0,0,0,0,0,0,0,0,0,0,0,0,0,0,0,0,0,0,0,0,0,0,0,0,0,0,0,0,0,0,0,0,0,0,0,0,0,0,0,0,0,0,0,0,0,0,0,0,0,0,0,0,0,0,0,0,0,0,0,1547
0,0,0,0,0,0,0,0,0,0,0,0,0,0,0,0,0,0,0,0,0,0,0,0,0,0,0,0,0,0,0,0,0,0,0,0,0,0,0,0,0,0,0,0,0,0,0,0,0,0,0,0,0,0,0,0,0,0,0,0,0,0,0,0,0,0,0,0,0,0,0,0,0,0,0,0,0,0,0,0,0,0,0,0,1579
0,0,0,0,0,0,0,0,0,0,0,0,0,0,0,0,0,0,0,0,0,0,0,0,0,0,0,0,0,0,0,0,0,0,0,0,0,0,0,0,0,0,0,0,0,0,0,0,0,0,0,0,0,0,0,0,0,0,0,0,0,0,0,0,0,0,0,0,0,0,0,0,0,0,0,0,0,0,0,0,0,0,0,0,1594
0,0,0,0,0,0,0,0,0,0,0,0,0,0,0,0,0,0,0,0,0,0,0,0,0,0,0,0,0,0,0,0,0,0,0,0,0,0,0,0,0,0,0,0,0,0,0,0,0,0,0,0,0,0,0,0,0,0,0,0,0,0,0,0,0,0,0,0,0,0,0,0,0,0,0,0,0,0,0,0,0,0,0,0,1629
0,0,0,0,0,0,0,0,0,0,0,0,0,0,0,0,0,0,0,0,0,0,0,0,0,0,0,0,0,0,0,0,0,0,0,0,0,0,0,0,0,0,0,0,0,0,0,0,0,0,0,0,0,0,0,0,0,0,0,0,0,0,0,0,0,0,0,0,0,0,0,0,0,0,0,0,0,0,0,0,0,0,0,0,1660
0,0,0,0,0,0,0,0,0,0,0,0,0,0,0,0,0,0,0,0,0,0,0,0,0,0,0,0,0,0,0,0,0,0,0,0,0,0,0,0,0,0,0,0,0,0,0,0,0,0,0,0,0,0,0,0,0,0,0,0,0,0,0,0,0,0,0,0,0,0,0,0,0,0,0,0,0,0,0,0,0,0,0,0,1697
0,0,0,0,0,0,0,0,0,0,0,0,0,0,0,0,0,0,0,0,0,0,0,0,0,0,0,0,0,0,0,0,0,0,0,0,0,0,0,0,0,0,0,0,0,0,0,0,0,0,0,0,0,0,0,0,0,0,0,0,0,0,0,0,0,0,0,0,0,0,0,0,0,0,0,0,0,0,0,0,0,0,0,0,1713
0,0,0,0,0,0,0,0,0,0,0,0,0,0,0,0,0,0,0,0,0,0,0,0,0,0,0,0,0,0,0,0,0,0,0,0,0,0,0,0,0,0,0,0,0,0,0,0,0,0,0,0,0,0,0,0,0,0,0,0,0,0,0,0,0,0,0,0,0,0,0,0,0,0,0,0,0,0,0,0,0,0,0,0,1745
0,0,0,0,0,0,0,0,0,0,0,0,0,0,0,0,0,0,0,0,0,0,0,0,0,0,0,0,0,0,0,0,0,0,0,0,0,0,0,0,0,0,0,0,0,0,0,0,0,0,0,0,0,0,0,0,0,0,0,0,0,0,0,0,0,0,0,0,0,0,0,0,0,0,0,0,0,0,0,0,0,0,0,0,1779
0,0,0,0,0,0,0,0,0,0,0,0,0,0,0,0,0,0,0,0,0,0,0,0,0,0,0,0,0,0,0,0,0,0,0,0,0,0,0,0,0,0,0,0,0,0,0,0,0,0,0,0,0,0,0,0,0,0,0,0,0,0,0,0,0,0,0,0,0,0,0,0,0,0,0,0,0,0,0,0,0,0,0,0,1797
0,0,0,0,0,0,0,0,0,0,0,0,0,0,0,0,0,0,0,0,0,0,0,0,0,0,0,0,0,0,0,0,0,0,0,0,0,0,0,0,0,0,0,0,0,0,0,0,0,0,0,0,0,0,0,0,0,0,0,0,0,0,0,0,0,0,0,0,0,0,0,0,0,0,0,0,0,0,0,0,0,0,0,0,1813
0,0,0,0,0,0,0,0,0,0,0,0,0,0,0,0,0,0,0,0,0,0,0,0,0,0,0,0,0,0,0,0,0,0,0,0,0,0,0,0,0,0,0,0,0,0,0,0,0,0,0,0,0,0,0,0,0,0,0,0,0,0,0,0,0,0,0,0,0,0,0,0,0,0,0,0,0,0,0,0,0,0,0,0,1830
0,0,0,0,0,0,0,0,0,0,0,0,0,0,0,0,0,0,0,0,0,0,0,0,0,0,0,0,0,0,0,0,0,0,0,0,0,0,0,0,0,0,0,0,0,0,0,0,0,0,0,0,0,0,0,0,0,0,0,0,0,0,0,0,0,0,0,0,0,0,0,0,0,0,0,0,0,0,0,0,0,0,0,0,1864
0,0,0,0,0,0,0,0,0,0,0,0,0,0,0,0,0,0,0,0,0,0,0,0,0,0,0,0,0,0,0,0,0,0,0,0,0,0,0,0,0,0,0,0,0,0,0,0,0,0,0,0,0,0,0,0,0,0,0,0,0,0,0,0,0,0,0,0,0,0,0,0,0,0,0,0,0,0,0,0,0,0,0,0,1896
0,0,0,0,0,0,0,0,0,0,0,0,0,0,0,0,0,0,0,0,0,0,0,0,0,0,0,0,0,0,0,0,0,0,0,0,0,0,0,0,0,0,0,0,0,0,0,0,0,0,0,0,0,0,0,0,0,0,0,0,0,0,0,0,0,0,0,0,0,0,0,0,0,0,0,0,0,0,0,0,0,0,0,0,1929
0,0,0,0,0,0,0,0,0,0,0,0,0,0,0,0,0,0,0,0,0,0,0,0,0,0,0,0,0,0,0,0,0,0,0,0,0,0,0,0,0,0,0,0,0,0,0,0,0,0,0,0,0,0,0,0,0,0,0,0,0,0,0,0,0,0,0,0,0,0,0,0,0,0,0,0,0,0,0,0,0,0,0,0,1947
0,0,0,0,0,0,0,0,0,0,0,0,0,0,0,0,0,0,0,0,0,0,0,0,0,0,0,0,0,0,0,0,0,0,0,0,0,0,0,0,0,0,0,0,0,0,0,0,0,0,0,0,0,0,0,0,0,0,0,0,0,0,0,0,0,0,0,0,0,0,0,0,0,0,0,0,0,0,0,0,0,0,0,0,1964
0,0,0,0,0,0,0,0,0,0,0,0,0,0,0,0,0,0,0,0,0,0,0,0,0,0,0,0,0,0,0,0,0,0,0,0,0,0,0,0,0,0,0,0,0,0,0,0,0,0,0,0,0,0,0,0,0,0,0,0,0,0,0,0,0,0,0,0,0,0,0,0,0,0,0,0,0,0,0,0,0,0,0,0,1997
0,0,0,0,0,0,0,0,0,0,0,0,0,0,0,0,0,0,0,0,0,0,0,0,0,0,0,0,0,0,0,0,0,0,0,0,0,0,0,0,0,0,0,0,0,0,0,0,0,0,0,0,0,0,0,0,0,0,0,0,0,0,0,0,0,0,0,0,0,0,0,0,0,0,0,0,0,0,0,0,0,0,0,0,2012
0,0,0,0,0,0,0,0,0,0,0,0,0,0,0,0,0,0,0,0,0,0,0,0,0,0,0,0,0,0,0,0,0,0,0,0,0,0,0,0,0,0,0,0,0,0,0,0,0,0,0,0,0,0,0,0,0,0,0,0,0,0,0,0,0,0,0,0,0,0,0,0,0,0,0,0,0,0,0,0,0,0,0,0,2028
0,0,0,0,0,0,0,0,0,0,0,0,0,0,0,0,0,0,0,0,0,0,0,0,0,0,0,0,0,0,0,0,0,0,0,0,0,0,0,0,0,0,0,0,0,0,0,0,0,0,0,0,0,0,0,0,0,0,0,0,0,0,0,0,0,0,0,0,0,0,0,0,0,0,0,0,0,0,0,0,0,0,0,0,2047
0,25,385,1375,3399,700,0,0,0,0,0,0,0,0,0,0,0,0,0,0,0,0,0,0,0,0,0,0,0,0,0,0,0,0,0,0,0,0,0,0,0,0,0,0,0,0,0,0,0,0,0,0,0,0,0,0,0,0,0,0,0,0,0,0,0,0,0,0,0,0,0,0,0,15,18,0,0,0,0,0,0,23,0,0,2063
0,25,385,1375,3399,700,3590,151,2528,3398,2781,3214,4543,6133,2133,5649,3854,6218,5174,4338,2635,3822,5000,5130,3243,3705,4601,4137,993,4228,1327,1966,3126,2721,2252,81,1354,94,2104,858,2614,87,0,0,0,0,0,0,0,0,0,0,0,15,0,0,0,0,0,958,1255,497,0,0,0,0,622,1824,1255,0,0,0,0,15,18,0,0,0,0,0,0,23,0,0,2097
0,0,0,17,19,0,0,0,0,0,0,0,0,0,0,0,0,18,24,401,0,0,5000,5130,3243,3705,4601,4137,993,4228,1327,1966,3126,2721,2252,81,1354,94,2104,858,2614,87,0,0,0,0,0,0,0,0,0,0,0,15,0,0,0,0,0,958,1255,497,0,0,0,0,622,1824,1255,0,0,0,0,0,0,0,0,0,0,0,0,19,0,0,2114
0,0,0,17,19,0,0,0,0,0,0,0,0,0,0,0,0,18,24,401,0,0,22,337,1590,617,1535,3514,37,4006,356,1888,3287,3041,2424,677,4803,3605,5440,5114,3924,1829,1514,5809,4304,2447,3993,4535,2886,1311,4127,1621,2164,1696,4187,3436,974,3360,2634,1977,4007,4573,1765,722,1662,690,1060,1383,3290,330,564,1937,1879,338,222,1682,28,120,164,643,55,305,2005,24,2146
0,0,17,24,21,35,123,38,123,2388,656,572,274,59,88,2564,1629,2261,1936,3603,1912,36,3029,971,2042,708,1634,3464,133,4553,350,1788,3093,2945,2424,677,4803,3605,5440,5114,3924,1829,1514,5809,4304,2447,3993,4535,2886,1311,4127,1621,2164,1696,4187,3436,974,3360,2634,1977,4007,4573,1765,722,1662,690,1060,1383,3290,330,564,1937,1879,338,222,1682,28,120,164,643,55,305,2005,24,2161
27,2137,530,1287,3023,806,3017,24,2345,2574,1549,742,1043,2745,60,6008,2521,3893,1936,3603,1912,36,3029,971,2042,708,1634,3464,133,4553,350,1788,3093,2945,2376,706,5450,3104,5820,3610,3641,1228,162,3646,3010,1250,2886,2942,2072,534,3831,1540,1598,1558,2301,2975,996,3044,1650,2038,3220,4928,1616,744,1704,871,1180,1485,3079,909,430,1937,2111,2099,637,2216,1148,1722,1291,669,1060,172,2071,627,2196
27,2137,530,1287,3023,806,3017,24,2345,2574,1549,742,1043,2745,60,6008,2521,3893,2254,3776,2016,105,3825,1582,2135,719,2306,3591,395,4477,396,1770,3276,2871,2404,723,5455,2725,5430,3621,3658,1188,97,3065,2839,1240,2886,2942,2072,534,3831,1540,1598,1558,2301,2975,996,3044,1650,2038,3220,4928,1616,744,1704,871,1180,1485,3079,909,430,1937,2111,2099,637,2216,1148,1722,1291,669,1060,172,2071,627,2213
45,2881,673,1755,3175,761,3367,25,2251,2575,1556,842,1189,3665,128,5988,2578,3883,2755,3708,2072,107,4063,1625,2113,729,2440,3619,424,4409,396,1770,3276,2871,2404,723,5455,2725,5430,3621,3658,1188,97,3065,2839,1240,2880,2462,1859,503,2739,901,1208,1507,1797,2717,937,3275,1720,1914,3239,4974,1774,764,1751,945,1347,1726,3048,1000,369,1910,2359,2059,734,2068,1362,2262,1753,1919,1670,218,2346,785,2245
45,2881,673,1755,3175,761,3367,25,2251,2575,1556,842,1189,3665,128,5988,2578,3883,2755,3708,2072,107,4063,1625,2113,729,2440,3619,424,4409,400,1782,3287,2768,2387,718,5453,2642,5013,3571,3474,1206,90,2980,2827,1294,2907,2438,1391,425,2725,409,352,1152,1647,2561,963,3277,1562,2034,2598,4884,1774,764,1751,945,1347,1726,3048,1000,369,1910,2359,2059,734,2068,1362,2262,1753,1919,1670,218,2346,785,2263
46,2953,701,1760,3176,760,3379,26,2235,2640,1506,879,1175,4120,130,5988,2649,4045,2896,3943,1968,108,3850,1556,2160,818,2035,3719,423,4461,410,1835,3406,2061,2480,737,5409,2212,4987,3580,3527,1170,92,2794,2673,1330,2907,2438,1391,425,2725,409,352,1152,1647,2561,963,3277,1562,2034,2598,4884,1613,302,1177,877,1254,1337,3016,1015,412,1916,2472,2077,622,2097,1382,2380,1915,2159,1769,192,2448,792,2295
59,3055,714,1763,3252,717,3381,27,2261,2626,1515,876,1274,4481,135,6109,2682,3997,2818,3952,1952,113,3748,1495,2093,803,2026,3556,395,4321,410,1835,3406,2061,2480,737,5409,2212,4987,3580,3527,1170,92,2794,2673,1330,2903,2460,1379,465,2768,724,964,1349,1734,2685,948,3256,1643,2100,3208,4875,1659,763,1802,989,1470,1828,3421,2067,362,1931,2481,1979,693,1872,1247,2361,1997,2515,2124,255,3590,963,2330
59,3055,714,1763,3252,717,3381,27,2261,2626,1515,876,1274,4481,135,6109,2682,3997,2818,3952,1952,113,3748,1495,2093,803,2026,3556,395,4321,384,1834,3416,2049,2454,758,5450,2110,4987,3593,3539,1177,97,3013,2822,1311,2893,2559,1770,460,2727,780,1064,1348,2061,3006,1017,3209,1663,2120,3399,4966,1659,763,1802,989,1470,1828,3421,2067,362,1931,2481,1979,693,1872,1247,2361,1997,2515,2124,255,3590,963,2347
59,3115,727,1779,3280,729,3369,27,2245,2635,1513,870,1199,4357,141,6070,2671,3958,2946,3789,2002,114,3677,1495,2098,820,1903,3615,408,4334,398,1828,3419,2055,2483,762,5428,2228,4961,3599,3526,1198,97,3013,2822,1311,2893,2559,1770,460,2727,780,1064,1348,2061,3006,1017,3209,1663,2120,3399,4966,1659,797,1770,1026,1449,2057,3373,2079,364,1907,2497,2005,705,1866,1250,2584,1982,2505,2103,270,3550,967,2381
65,3080,718,1781,3251,716,3344,27,2250,2632,1521,893,1291,4709,136,6134,2674,4007,2897,3882,1979,108,3710,1517,2113,813,1903,3615,408,4334,398,1828,3419,2055,2483,762,5428,2228,4961,3599,3526,1198,98,2982,2881,1310,2894,2417,1800,462,2735,817,1125,1405,1885,3113,1019,3207,1648,2083,3428,4853,1679,801,1778,1041,1515,1901,3440,2167,354,1961,2513,1984,698,1877,1238,2581,2002,2518,2304,269,3595,969,2412
59,3099,718,1781,3251,716,3344,27,2250,2632,1521,893,1291,4709,136,6134,2674,4007,2897,3882,1979,108,3710,1517,2113,813,2047,3670,435,4451,410,1814,3418,2055,2480,756,5370,2189,4980,3597,3536,1213,98,3115,2905,1313,2902,2427,1792,462,2744,800,1135,1433,1735,3080,1017,3214,1643,2088,3200,4867,1664,763,1815,1042,1553,1876,3465,2152,359,1931,2494,1971,667,1880,1234,2584,1982,2528,2356,255,3523,956,2444
59,3099,716,1821,3219,729,3333,27,2290,2629,1557,839,1248,4758,136,6038,2663,4051,2782,3832,2215,107,3560,1479,2088,801,1928,3719,440,4472,412,1834,3422,2050,2480,757,5364,2217,4959,3592,3531,1212,98,3065,2906,1295,2896,2416,1839,432,2765,857,1244,1419,1713,3137,1019,3213,1641,2048,3203,4866,1681,812,1784,1048,1553,1876,3465,2152,359,1931,2494,1971,667,1880,1234,2584,1982,2528,2356,255,3523,956,2480
59,3142,723,1831,3212,720,3382,27,2267,2627,1558,861,1318,4948,136,6270,2659,4068,2782,3901,2077,103,3651,1507,2103,801,2007,3784,441,4492,424,1863,3414,2047,2494,757,5365,2258,5006,3580,3537,1224,103,3119,2926,1297,2879,2400,1882,462,2731,859,1229,1480,1713,3137,1019,3213,1641,2048,3203,4866,1681,812,1784,1048,1589,1949,3466,2191,354,1951,2515,2090,677,1869,1228,2551,1969,2478,3628,266,3506,915,2513
65,3148,733,1826,3219,720,3340,27,2297,2643,1550,861,1320,4971,136,6251,2664,4087,2766,3909,2045,109,3868,1507,2115,800,1997,3792,447,4519,414,1859,3410,2053,2500,752,5412,2276,5006,3580,3537,1224,103,3119,2926,1297,2879,2400,1882,462,2731,859,1229,1480,1752,3208,1019,3208,1634,2100,3195,4873,1704,806,1791,1062,1602,1922,3470,2207,354,1946,2518,2095,674,1837,1221,2546,1949,2446,3953,294,3382,911,2547
59,3153,737,1847,3218,706,3352,27,2297,2660,1557,875,1333,5213,136,6216,2702,4075,2758,3893,2094,136,4084,1536,2114,801,2000,3858,452,4512,416,1852,3415,2053,2508,752,5413,2337,5027,3583,3533,1236,98,2990,2892,1276,2881,2400,2000,463,2764,960,1428,1528,1746,3341,1020,3217,1643,2080,3263,4853,1722,806,1794,1056,1567,2182,3417,2208,354,1951,2529,2125,789,1829,1236,2535,1951,2443,4194,308,3360,925,2713
65,3153,737,1841,3214,722,3352,27,2286,2660,1562,863,1338,5255,130,6053,2713,4072,2758,3893,2094,136,4084,1536,2114,801,2000,3858,452,4512,416,1852,3415,2053,2514,752,5412,2339,5027,3592,3533,1239,98,2989,2895,1265,2872,2393,2006,463,2780,950,1420,1565,1780,3348,1020,3213,1645,2086,3267,4852,1728,807,1791,1057,1587,2182,3409,2224,354,1955,2534,2133,800,1847,1239,2536,1943,2446,4295,308,3427,904,2747
65,3153,737,1841,3214,722,3352,27,2286,2660,1562,863,1338,5255,130,6053,2713,4072,2758,3903,2085,141,4000,1559,2116,800,2005,3863,447,4469,427,1841,3427,2056,2517,752,5381,2339,5013,3575,3538,1239,103,2998,2898,1269,2860,2389,2018,463,2773,961,1450,1580,1786,3364,1020,3208,1636,2089,3267,4853,1728,806,1796,1049,1587,2172,3413,2238,354,1961,2532,2130,801,1826,1241,2535,1946,2451,4255,308,3427,904,2778
59,3128,737,1852,3218,706,3352,27,2260,2676,1545,876,1346,5266,125,5982,2716,4066,2774,3898,2099,163,4227,1573,2130,813,1986,3863,441,4422,427,1841,3427,2056,2517,752,5381,2339,5013,3575,3538,1239,103,2998,2898,1269,2860,2389,2018,463,2773,961,1450,1580,1786,3364,1020,3208,1636,2089,3267,4853,1728,806,1796,1049,1587,2172,3413,2238,354,1961,2532,2130,801,1826,1241,2535,1946,2451,4255,308,3373,926,2794
60,3163,737,1843,3218,722,3352,27,2275,2663,1550,875,1336,5266,125,5982,2716,4066,2774,3898,2099,163,4227,1573,2130,813,1986,3863,441,4422,417,1841,3427,2056,2517,747,5367,2339,5020,3588,3533,1241,98,2979,2884,1255,2860,2403,2018,463,2743,950,1422,1580,1775,3364,1020,3203,1634,2092,3267,4852,1716,812,1796,1057,1592,2170,3422,2238,349,1958,2532,2136,801,1831,1252,2536,1943,2446,4343,308,3427,893,2829
60,3163,737,1843,3218,722,3352,27,2275,2663,1550,875,1336,5266,125,5988,2692,4064,2770,3903,2088,152,4116,1559,2136,814,2005,3863,441,4437,417,1843,3427,2061,2520,747,5382,2342,5027,3575,3529,1241,98,2998,2887,1256,2860,2389,2009,463,2743,950,1422,1580,1775,3364,1020,3203,1634,2092,3267,4852,1716,812,1796,1057,1592,2170,3422,2238,349,1958,2532,2136,801,1831,1252,2536,1943,2446,4343,308,3427,893,2847
60,3163,737,1843,3218,722,3352,27,2275,2663,1550,875,1336,5266,125,5988,2692,4064,2770,3903,2088,152,4116,1559,2136,814,2005,3863,441,4437,417,1843,3427,2061,2520,747,5382,2342,5027,3575,3529,1241,98,2998,2887,1256,2860,2389,2009,463,2769,962,1450,1578,1789,3379,1020,3208,1636,2105,3271,4859,1728,812,1796,1058,1589,2182,3417,2253,354,1964,2532,2136,800,1826,1242,2531,1946,2446,4337,308,3427,893,2863
60,3148,737,1841,3230,720,3344,27,2278,2660,1548,874,1333,5279,125,5982,2692,4078,2762,3911,2206,158,4191,1570,2133,800,2000,3860,447,4416,416,1854,3411,2066,2523,747,5374,2352,5006,3583,3538,1245,98,2998,2905,1270,2872,2386,2011,458,2758,961,1454,1576,1789,3372,1020,3208,1636,2105,3271,4859,1728,812,1796,1058,1589,2182,3417,2253,354,1964,2532,2136,800,1826,1242,2531,1946,2446,4337,308,3360,929,2896
60,3143,737,1843,3218,721,3341,27,2275,2665,1548,874,1333,5279,125,5982,2692,4078,2762,3911,2206,158,4191,1570,2133,800,2000,3860,447,4416,416,1854,3411,2066,2523,747,5374,2352,5006,3583,3538,1245,98,2998,2905,1270,2872,2386,2011,458,2758,961,1454,1576,1789,3372,1020,3208,1634,2081,3267,4846,1732,807,1784,1058,1592,2170,3404,2246,354,1949,2521,2139,801,1829,1255,2538,1949,2451,4371,307,3395,906,2912
60,3143,737,1843,3218,721,3341,27,2275,2665,1564,875,1338,5320,125,5973,2705,4078,2770,3922,2249,163,4189,1573,2136,813,2008,3864,447,4437,427,1843,3423,2061,2514,747,5367,2342,5027,3575,3529,1245,98,3013,2898,1270,2857,2393,2013,463,2747,962,1440,1590,1791,3387,1020,3223,1636,2094,3263,4852,1722,807,1784,1058,1592,2155,3404,2246,349,1949,2532,2136,789,1829,1245,2531,1949,2451,4371,307,3395,906,2945
60,3148,738,1846,3226,720,3341,27,2278,2665,1564,875,1348,5296,125,5967,2705,4078,2758,3911,2272,163,4189,1573,2136,813,2008,3864,447,4437,427,1843,3423,2061,2514,747,5367,2342,5027,3575,3529,1245,98,3013,2898,1270,2857,2393,2013,463,2747,962,1440,1590,1791,3387,1020,3223,1636,2094,3263,4852,1722,807,1784,1058,1592,2155,3404,2246,349,1949,2532,2136,789,1829,1245,2531,1946,2451,4385,295,3364,920,2963
60,3148,728,1843,3218,707,3341,27,2278,2665,1564,875,1348,5296,125,5967,2705,4078,2758,3911,2272,163,4212,1572,2136,801,2002,3857,441,4407,417,1843,3427,2056,2505,752,5352,2355,5013,3588,3538,1247,103,3013,2912,1270,2857,2389,2027,463,2762,963,1452,1590,1789,3391,1020,3193,1638,2094,3263,4859,1724,812,1801,1059,1580,2170,3417,2249,354,1966,2524,2136,788,1829,1258,2538,1949,2449,4399,307,3377,920,2996
60,3148,728,1843,3218,707,3344,27,2263,2663,1564,863,1335,5320,125,5967,2695,4069,2774,3917,2287,158,4234,1561,2139,813,2005,3862,442,4407,417,1846,3423,2048,2520,753,5352,2366,5020,3588,3547,1247,103,3003,2898,1272,2860,2393,2039,458,2758,963,1456,1590,1793,3395,1020,3208,1636,2097,3263,4852,1726,807,1784,1058,1578,2170,3422,2252,349,1949,2526,2136,788,1829,1258,2538,1949,2449,4399,307,3377,920,3030
60,3163,737,1860,3214,720,3337,27,2263,2663,1552,874,1348,5326,125,5982,2708,4064,2774,3925,2298,163,4234,1561,2139,813,2005,3862,442,4407,417,1846,3423,2048,2520,753,5352,2366,5020,3588,3547,1247,103,3003,2898,1272,2860,2393,2039,458,2758,963,1456,1590,1793,3395,1020,3208,1636,2097,3263,4852,1726,807,1784,1058,1578,2170,3422,2252,349,1949,2526,2136,800,1829,1248,2538,1949,2451,4399,307,3364,933,3047
60,3163,737,1860,3214,720,3337,27,2263,2663,1552,874,1348,5326,125,5982,2708,4064,2774,3925,2298,163,4212,1552,2125,800,1989,3850,441,4422,417,1860,3415,2056,2508,753,5367,2366,5034,3588,3538,1248,103,3018,2912,1272,2864,2376,2044,463,2762,963,1440,1592,1793,3395,1020,3208,1636,2097,3263,4852,1726,807,1784,1058,1578,2170,3422,2252,349,1949,2526,2136,800,1829,1248,2538,1949,2451,4399,307,3364,933,3062
60,3148,738,1846,3218,720,3341,21,2278,2663,1566,875,1335,5362,125,5982,2705,4075,2770,3925,2301,169,4189,1550,2125,801,2002,3855,447,4429,427,1848,3427,2058,2523,752,5352,2366,5034,3588,3538,1248,103,3018,2912,1272,2864,2376,2044,463,2762,963,1440,1592,1786,3407,1020,3213,1638,2097,3267,4846,1728,801,1784,1059,1594,2157,3404,2252,349,1949,2526,2136,801,1829,1248,2536,1949,2451,4405,308,3364,922,3096
60,3148,738,1846,3218,720,3341,21,2278,2663,1566,875,1335,5362,125,5982,2705,4075,2770,3925,2301,169,4189,1550,2125,801,2002,3855,447,4429,427,1848,3427,2058,2523,752,5352,2366,5006,3583,3529,1250,98,3048,2922,1272,2860,2389,2044,463,2743,963,1442,1588,1789,3422,1020,3208,1638,2097,3263,4852,1728,807,1799,1059,1596,2157,3422,2252,349,1949,2526,2136,801,1829,1248,2536,1949,2451,4405,308,3364,922,3112
60,3168,739,1862,3218,721,3341,27,2282,2665,1554,875,1336,5362,125,5975,2708,4075,2774,3925,2298,169,4189,1543,2125,813,2002,3855,447,4407,417,1860,3423,2056,2523,753,5352,2366,5020,3583,3538,1250,98,3063,2922,1272,2857,2389,2056,463,2762,963,1454,1588,1789,3422,1020,3208,1638,2097,3263,4852,1728,807,1799,1059,1596,2157,3422,2252,349,1951,2526,2142,800,1831,1250,2536,1951,2454,4425,308,3395,911,3147
60,3153,728,1860,3218,720,3337,27,2282,2665,1552,875,1348,5373,120,5975,2708,4083,2770,3911,2298,163,4182,1541,2125,800,1989,3866,447,4429,428,1862,3423,2056,2523,753,5352,2366,5020,3583,3538,1250,98,3063,2922,1272,2857,2389,2056,463,2762,963,1454,1588,1789,3411,1020,3213,1638,2097,3263,4859,1728,807,1786,1059,1582,2155,3404,2252,349,1949,2516,2139,788,1829,1248,2538,1936,2451,4425,307,3377,922,3180
60,3168,738,1862,3214,721,3341,27,2282,2665,1552,863,1336,5385,120,5975,2708,4083,2770,3911,2298,163,4182,1541,2125,800,1989,3866,447,4429,428,1862,3423,2056,2508,747,5360,2366,5020,3583,3524,1250,103,3078,2922,1274,2857,2389,2042,463,2747,963,1454,1600,1791,3399,1020,3213,1648,2086,3263,4852,1728,807,1786,1070,1582,2155,3427,2254,349,1949,2526,2142,788,1831,1250,2538,1951,2451,4425,307,3413,911,3213
60,3168,738,1862,3214,721,3341,27,2282,2665,1552,863,1336,5385,125,5990,2708,4089,2774,3917,2301,163,4189,1541,2114,813,2005,3866,447,4429,428,1846,3423,2056,2511,753,5360,2366,5014,3583,3538,1250,98,3078,2933,1274,2860,2389,2046,463,2747,963,1454,1600,1791,3399,1020,3213,1648,2086,3263,4852,1728,807,1786,1070,1582,2155,3427,2254,349,1949,2526,2142,788,1831,1250,2538,1951,2451,4425,307,3413,911,3229
60,3168,738,1862,3214,721,3341,27,2282,2665,1552,863,1336,5385,125,5990,2708,4089,2774,3917,2301,163,4189,1541,2114,813,2005,3866,447,4429,428,1846,3423,2056,2511,753,5360,2366,5014,3583,3538,1250,98,3078,2933,1274,2860,2389,2046,463,2762,952,1456,1590,1802,3415,1021,3208,1639,2100,3263,4846,1728,807,1786,1061,1596,2155,3417,2254,354,1949,2526,2142,789,1829,1250,2536,1951,2451,4439,307,3413,911,3246
60,3148,738,1862,3214,707,3341,27,2282,2668,1552,875,1348,5385,120,6006,2708,4089,2770,3925,2301,169,4122,1509,2097,801,2002,3855,447,4444,428,1846,3423,2056,2511,753,5360,2366,5014,3583,3538,1250,98,3078,2933,1274,2860,2389,2046,463,2762,952,1456,1590,1802,3415,1021,3208,1639,2100,3263,4846,1728,807,1786,1061,1596,2155,3417,2254,354,1949,2526,2142,789,1829,1250,2536,1951,2451,4439,307,3364,923,3263
60,3148,738,1862,3226,721,3333,27,2282,2665,1554,862,1350,5409,120,6006,2708,4089,2770,3925,2301,169,4122,1509,2097,801,2002,3855,447,4444,428,1860,3423,2056,2526,753,5352,2366,5028,3583,3538,1251,98,3078,2922,1274,2872,2393,2056,464,2762,964,1470,1600,1791,3426,1021,3213,1639,2100,3263,4846,1730,808,1786,1059,1596,2155,3409,2254,354,1949,2529,2142,801,1831,1251,2539,1951,2451,4453,307,3395,922,3295
60,3148,738,1862,3226,721,3333,27,2282,2665,1554,862,1350,5409,125,5982,2719,4089,2770,3917,2304,163,4137,1511,2100,800,2005,3859,447,4422,428,1862,3435,2058,2517,753,5375,2376,5028,3596,3538,1251,98,3073,2926,1274,2869,2393,2046,463,2762,975,1470,1600,1775,3419,1021,3213,1638,2100,3263,4859,1744,807,1786,1071,1596,2155,3417,2257,354,1951,2526,2142,788,1831,1252,2539,1951,2451,4453,307,3395,922,3329
60,3153,738,1848,3214,720,3333,27,2278,2668,1554,874,1350,5415,125,6006,2730,4109,2770,3925,2306,163,4129,1509,2086,800,2005,3859,447,4422,428,1862,3435,2058,2517,753,5375,2376,5028,3596,3538,1251,98,3073,2926,1274,2869,2393,2046,463,2762,975,1470,1600,1775,3419,1021,3213,1638,2100,3263,4859,1744,807,1786,1071,1596,2155,3417,2257,354,1951,2526,2142,788,1831,1252,2539,1951,2451,4453,308,3377,923,3346
60,3153,738,1848,3214,720,3333,27,2278,2668,1554,874,1350,5415,125,6006,2730,4109,2770,3925,2306,163,4129,1509,2086,800,2002,3864,447,4444,438,1862,3435,2056,2514,753,5360,2376,5028,3583,3538,1252,103,3063,2926,1274,2869,2379,2049,464,2762,964,1470,1600,1789,3419,1021,3228,1639,2100,3255,4866,1744,807,1786,1071,1596,2155,3417,2257,354,1951,2526,2142,788,1831,1252,2539,1951,2451,4453,308,3377,923,3362
60,3153,739,1862,3210,708,3333,27,2282,2668,1554,874,1350,5415,125,6006,2730,4109,2770,3925,2306,163,4129,1509,2086,800,2002,3864,447,4444,438,1862,3435,2056,2514,753,5360,2376,5028,3583,3538,1252,103,3063,2926,1274,2869,2379,2049,464,2762,964,1470,1600,1789,3419,1021,3228,1639,2100,3255,4866,1730,807,1799,1061,1596,2155,3417,2248,354,1964,2518,2156,788,1829,1251,2532,1951,2451,4460,307,3409,925,3381
60,3153,739,1862,3210,708,3333,27,2282,2668,1554,874,1350,5438,125,6006,2722,4075,2770,3917,2306,169,4129,1489,2086,800,2005,3864,442,4429,428,1862,3435,2058,2517,753,5360,2379,5028,3583,3542,1254,98,3078,2936,1274,2869,2396,2049,463,2762,964,1470,1600,1791,3423,1021,3213,1639,2100,3267,4879,1735,808,1801,1061,1596,2167,3417,2250,354,1966,2529,2142,789,1831,1252,2538,1951,2451,4460,307,3409,925,3412
60,3168,739,1862,3226,720,3337,27,2267,2668,1554,875,1350,5463,125,6006,2722,4095,2786,3930,2309,163,4129,1500,2089,801,2002,3868,447,4429,428,1862,3423,2058,2508,753,5360,2390,5014,3592,3542,1241,98,3073,2936,1276,2857,2379,2051,464,2762,975,1456,1600,1789,3407,1020,3213,1639,2100,3267,4879,1735,808,1801,1061,1596,2167,3417,2250,354,1966,2529,2142,789,1831,1252,2538,1966,2454,4467,307,3382,914,3445
60,3153,728,1851,3226,708,3329,27,2267,2668,1554,875,1350,5486,125,5990,2714,4089,2770,3917,2309,163,4114,1489,2086,800,2005,3868,447,4429,439,1848,3435,2061,2520,753,5360,2390,5021,3583,3529,1254,98,3073,2936,1276,2857,2379,2051,464,2762,975,1456,1600,1789,3407,1020,3213,1638,2086,3255,4866,1735,807,1786,1062,1598,2157,3409,2259,354,1951,2518,2145,788,1831,1254,2539,1951,2457,4481,308,3395,914,3480
60,3153,728,1851,3226,708,3329,27,2267,2668,1554,875,1350,5486,125,5990,2714,4089,2770,3917,2309,163,4114,1489,2086,800,2005,3868,447,4429,439,1848,3435,2061,2520,753,5360,2390,5021,3583,3529,1254,103,3078,2939,1274,2857,2393,2051,463,2762,965,1470,1600,1791,3411,1020,3213,1639,2100,3255,4852,1735,807,1786,1061,1582,2157,3409,2250,354,1951,2529,2142,788,1831,1254,2539,1951,2457,4481,308,3395,914,3490
60,3153,740,1851,3230,721,3325,27,2282,2668,1554,874,1350,5492,125,5990,2711,4081,2774,3930,2295,169,4144,1491,2086,800,2002,3856,447,4444,439,1865,3427,2058,2520,753,5360,2403,5021,3588,3542,1254,103,3078,2939,1274,2857,2393,2051,463,2762,965,1470,1600,1791,3411,1020,3213,1639,2100,3255,4852,1735,807,1786,1061,1582,2157,3409,2250,354,1951,2529,2142,800,1831,1254,2538,1951,2443,4474,307,3409,926,3514
60,3153,740,1851,3230,721,3325,27,2282,2668,1554,874,1350,5492,125,5990,2711,4081,2774,3930,2295,169,4144,1491,2086,800,2002,3856,447,4444,439,1865,3427,2058,2520,753,5360,2403,5021,3588,3542,1254,103,3078,2936,1274,2872,2393,2051,463,2762,976,1472,1602,1791,3423,1015,3213,1630,2089,3271,4866,1735,808,1786,1062,1596,2157,3409,2262,355,1966,2532,2142,800,1831,1254,2538,1951,2443,4474,307,3409,926,3531
60,3168,739,1848,3218,721,3329,27,2282,2668,1556,875,1350,5492,125,6006,2725,4095,2786,3917,2309,169,4144,1489,2086,801,2008,3868,442,4444,439,1865,3432,2061,2511,754,5360,2392,5007,3588,3529,1244,103,3078,2939,1276,2860,2379,2051,464,2762,976,1472,1602,1791,3423,1015,3213,1630,2089,3271,4866,1735,808,1786,1062,1596,2157,3409,2262,355,1966,2532,2142,789,1834,1255,2539,1951,2454,4488,307,3409,914,3564
65,3168,739,1851,3218,709,3317,27,2282,2668,1556,875,1350,5504,125,6006,2714,4095,2786,3917,2297,163,4144,1491,2089,801,2005,3861,447,4429,439,1865,3432,2061,2511,754,5360,2392,5007,3588,3529,1244,103,3078,2939,1276,2860,2379,2051,464,2743,976,1470,1602,1791,3423,1021,3198,1639,2103,3259,4852,1725,808,1786,1062,1596,2157,3422,2265,349,1951,2529,2145,801,1831,1255,2539,1951,2454,4488,308,3422,914,3598
65,3168,739,1851,3218,709,3317,27,2282,2668,1556,875,1350,5504,125,6006,2714,4095,2786,3917,2297,163,4144,1491,2089,801,2005,3861,447,4429,439,1867,3440,2048,2500,753,5352,2392,5021,3588,3547,1255,103,3078,2939,1276,2864,2393,2065,464,2747,964,1456,1602,1780,3427,1021,3213,1630,2089,3267,4866,1725,802,1786,1051,1596,2157,3422,2265,349,1951,2529,2145,801,1831,1255,2539,1951,2454,4488,308,3422,914,3614
60,3168,740,1851,3218,722,3321,27,2282,2671,1554,875,1350,5504,125,5990,2714,4081,2786,3917,2312,169,4144,1489,2089,801,2005,3861,447,4429,439,1865,3427,2058,2500,753,5352,2392,5021,3588,3547,1255,103,3078,2939,1276,2864,2393,2065,464,2747,964,1456,1602,1780,3427,1021,3213,1630,2089,3267,4866,1725,802,1786,1051,1596,2160,3422,2265,349,1951,2521,2145,788,1831,1242,2539,1951,2457,4488,308,3422,915,3647
65,3168,739,1851,3234,708,3321,27,2282,2658,1556,876,1338,5504,125,5990,2714,4081,2786,3917,2312,169,4144,1489,2089,801,2005,3861,447,4429,439,1865,3427,2058,2500,753,5360,2392,5000,3588,3542,1244,98,3078,2939,1276,2869,2379,2065,464,2747,976,1472,1588,1791,3427,1021,3198,1641,2089,3267,4852,1725,802,1786,1061,1584,2157,3427,2265,354,1951,2529,2145,789,1831,1242,2539,1951,2457,4508,308,3422,904,3684
65,3168,739,1851,3234,708,3321,27,2282,2658,1556,876,1338,5504,125,5990,2714,4081,2790,3917,2303,169,4159,1489,2089,802,2005,3854,447,4429,429,1865,3432,2058,2514,754,5360,2390,5021,3592,3547,1257,103,3078,2936,1276,2876,2393,2079,464,2747,965,1458,1592,1791,3419,1021,3213,1641,2089,3267,4852,1725,802,1786,1061,1584,2157,3427,2265,354,1951,2529,2145,789,1831,1242,2539,1951,2457,4508,308,3422,904,3697
60,3153,740,1851,3222,709,3321,27,2282,2671,1556,875,1352,5504,125,5990,2714,4081,2774,3917,2300,169,4159,1489,2092,802,1991,3870,447,4414,429,1865,3432,2058,2514,754,5360,2390,5021,3592,3547,1257,103,3078,2936,1276,2876,2393,2079,464,2747,965,1458,1592,1791,3419,1021,3213,1641,2089,3267,4859,1739,802,1786,1051,1584,2170,3422,2256,355,1951,2521,2145,789,1834,1247,2540,1951,2457,4502,308,3427,916,3730
60,3168,740,1851,3234,708,3321,27,2282,2671,1556,875,1352,5504,125,5990,2714,4081,2774,3917,2300,169,4159,1489,2092,802,1991,3870,447,4414,428,1865,3432,2045,2511,753,5360,2392,5021,3592,3547,1244,103,3078,2939,1278,2872,2396,2079,464,2762,965,1458,1592,1778,3435,1021,3213,1641,2089,3267,4859,1727,808,1786,1062,1584,2160,3409,2267,349,1951,2534,2148,790,1834,1247,2539,1951,2446,4494,308,3427,903,3763
60,3168,740,1851,3234,708,3321,27,2282,2671,1570,876,1350,5511,125,5990,2725,4095,2790,3917,2300,169,4159,1491,2089,802,2005,3861,447,4429,439,1867,3432,2061,2511,754,5360,2392,5028,3588,3542,1257,103,3078,2950,1278,2872,2382,2077,464,2747,964,1458,1604,1793,3443,1021,3213,1643,2106,3271,4872,1741,802,1786,1062,1587,2157,3413,2267,349,1969,2532,2145,790,1831,1245,2540,1951,2446,4494,308,3427,903,3795
60,3153,729,1853,3218,721,3325,27,2282,2671,1558,876,1352,5522,125,5990,2725,4087,2777,3930,2303,169,4159,1491,2092,801,2005,3870,448,4429,429,1867,3432,2048,2511,753,5360,2390,5028,3592,3547,1257,103,3078,2939,1276,2864,2393,2079,464,2766,965,1472,1592,1793,3431,1021,3198,1641,2106,3271,4872,1741,802,1786,1062,1587,2157,3413,2267,349,1969,2532,2145,790,1831,1245,2540,1951,2457,4495,308,3409,904,3830
65,3153,740,1851,3222,708,3313,27,2270,2671,1556,875,1352,5534,125,5990,2722,4087,2790,3917,2305,169,4159,1491,2092,802,1994,3866,448,4436,428,1853,3419,2058,2514,753,5360,2392,5028,3592,3542,1257,103,3078,2939,1276,2864,2393,2079,464,2766,965,1472,1592,1793,3431,1021,3198,1641,2106,3271,4872,1739,802,1789,1061,1601,2172,3427,2267,349,1951,2521,2148,790,1834,1245,2540,1954,2457,4508,308,3427,916,3863
60,3168,740,1851,3234,722,3313,27,2285,2671,1558,888,1352,5564,125,5990,2736,4087,2790,3922,2303,174,4159,1491,2092,802,1994,3866,448,4436,428,1853,3419,2058,2514,753,5360,2392,5028,3592,3542,1257,103,3078,2939,1278,2876,2396,2082,464,2751,976,1488,1604,1793,3431,1021,3198,1641,2106,3271,4872,1739,808,1786,1062,1601,2160,3409,2270,355,1951,2532,2148,802,1831,1245,2539,1951,2457,4494,308,3427,917,3895
60,3168,740,1851,3234,722,3313,27,2285,2671,1558,888,1352,5564,125,5990,2736,4087,2790,3922,2303,174,4159,1491,2106,814,1994,3866,447,4429,439,1867,3432,2061,2514,753,5368,2392,5028,3592,3547,1258,103,3078,2936,1276,2864,2396,2082,464,2762,976,1488,1604,1793,3447,1021,3213,1639,2092,3271,4852,1729,802,1786,1062,1601,2175,3409,2258,355,1969,2532,2148,802,1834,1247,2539,1954,2454,4508,308,3427,905,3926
60,3168,739,1853,3238,709,3317,27,2267,2671,1558,888,1352,5564,125,5990,2722,4087,2790,3922,2294,174,4180,1489,2092,802,1994,3870,447,4414,429,1867,3432,2061,2514,753,5360,2390,5014,3597,3552,1247,103,3078,2936,1276,2864,2396,2082,464,2762,976,1488,1604,1793,3447,1021,3213,1639,2092,3271,4852,1729,802,1786,1062,1601,2175,3409,2258,355,1969,2532,2148,802,1834,1247,2539,1954,2454,4508,308,3427,905,3947
60,3168,739,1853,3238,709,3317,27,2267,2671,1558,888,1352,5564,125,5990,2722,4087,2790,3922,2294,174,4180,1489,2092,802,1994,3870,447,4414,429,1867,3432,2061,2514,753,5360,2390,5014,3597,3552,1247,103,3082,2939,1278,2867,2396,2082,464,2747,975,1488,1594,1780,3447,1021,3198,1630,2092,3275,4859,1741,802,1786,1061,1587,2172,3427,2261,355,1966,2532,2148,802,1834,1247,2539,1954,2454,4508,308,3427,905,3963
65,3153,739,1853,3238,736,3317,27,2282,2671,1558,889,1352,5564,125,5990,2725,4087,2818,3922,2305,169,4180,1489,2092,802,1994,3870,447,4414,429,1867,3432,2061,2514,753,5360,2390,5014,3597,3552,1247,103,3082,2939,1278,2867,2396,2082,464,2747,975,1488,1594,1780,3447,1021,3198,1630,2092,3275,4859,1741,802,1786,1061,1587,2172,3427,2261,355,1966,2532,2148,802,1847,1247,2539,1936,2454,4508,309,3427,905,3980
65,3153,739,1853,3238,736,3317,27,2282,2671,1558,889,1352,5564,125,5990,2725,4087,2818,3922,2305,169,4159,1489,2092,803,2008,3858,447,4414,439,1853,3423,2061,2517,754,5360,2392,5028,3584,3547,1258,98,3078,2939,1264,2867,2379,2082,464,2762,976,1472,1594,1780,3447,1021,3198,1630,2092,3275,4859,1741,802,1786,1061,1587,2172,3427,2261,355,1966,2532,2148,802,1847,1247,2539,1936,2454,4508,309,3427,905,3986
60,3153,729,1853,3230,721,3317,27,2297,2668,1558,877,1352,5564,125,5990,2725,4087,2818,3922,2305,169,4159,1489,2092,803,2008,3858,447,4414,439,1853,3423,2061,2517,754,5360,2392,5028,3584,3547,1258,98,3078,2939,1264,2867,2379,2082,464,2762,976,1472,1594,1780,3435,1020,3198,1630,2092,3279,4852,1729,803,1786,1062,1589,2178,3413,2270,354,1951,2532,2148,791,1831,1247,2540,1951,2457,4508,321,3427,905,4014
60,3153,729,1853,3230,721,3317,27,2297,2668,1558,877,1352,5564,125,5990,2725,4087,2818,3922,2305,174,4152,1480,2092,803,1994,3875,448,4436,429,1851,3432,2061,2505,753,5345,2392,5028,3584,3547,1258,98,3078,2939,1264,2867,2379,2082,464,2762,976,1472,1594,1780,3435,1020,3198,1630,2092,3279,4852,1729,803,1786,1062,1589,2178,3413,2270,354,1951,2532,2148,791,1831,1247,2540,1951,2457,4508,321,3427,905,4029
60,3153,729,1853,3230,721,3317,27,2297,2668,1558,877,1352,5564,125,5990,2725,4087,2818,3922,2305,174,4152,1480,2092,803,1994,3875,448,4436,429,1851,3432,2061,2505,753,5345,2392,5014,3601,3552,1247,103,3078,2939,1278,2867,2382,2082,464,2747,976,1488,1606,1780,3435,1015,3198,1630,2109,3275,4859,1729,803,1786,1062,1587,2160,3413,2258,354,1951,2532,2148,791,1831,1247,2540,1951,2457,4508,321,3427,905,4040
60,3157,741,1853,3226,737,3317,27,2297,2668,1558,877,1352,5564,125,5990,2725,4087,2818,3922,2305,174,4152,1480,2092,803,1994,3875,448,4436,429,1851,3432,2061,2505,753,5345,2392,5014,3601,3552,1247,103,3078,2939,1278,2867,2382,2082,464,2747,976,1488,1606,1780,3435,1015,3198,1630,2109,3275,4859,1729,803,1786,1062,1587,2160,3413,2258,354,1966,2532,2148,804,1831,1247,2540,1951,2457,4508,309,3427,905,4047
60,3157,741,1853,3226,737,3317,27,2270,2671,1558,891,1353,5583,125,6000,2728,4073,2818,3922,2308,169,4174,1491,2092,803,2008,3863,448,4429,429,1853,3436,2061,2505,753,5360,2392,5014,3601,3552,1247,103,3078,2939,1278,2867,2382,2082,464,2747,976,1488,1606,1780,3435,1015,3198,1630,2109,3275,4859,1729,803,1786,1062,1587,2160,3413,2258,354,1966,2532,2148,804,1831,1247,2540,1951,2457,4508,309,3427,905,4064
60,3157,741,1853,3226,737,3317,27,2270,2671,1558,891,1353,5583,125,6000,2728,4073,2818,3922,2308,169,4174,1491,2092,803,2008,3863,448,4429,429,1853,3436,2061,2505,753,5360,2392,5028,3584,3547,1250,109,3093,2939,1278,2867,2396,2094,464,2762,977,1488,1606,1796,3447,1021,3203,1630,2106,3271,4859,1731,803,1786,1062,1587,2172,3431,2270,349,1951,2534,2148,802,1834,1248,2546,1951,2448,4508,308,3427,905,4096
60,3157,741,1853,3222,763,3305,27,2267,2685,1558,877,1352,5583,125,5975,2746,4087,2802,3922,2296,174,4189,1491,2092,803,1994,3863,448,4429,429,1853,3432,2048,2508,753,5360,2381,5021,3597,3547,1260,103,3078,2956,1264,2864,2382,2084,464,2747,977,1488,1604,1780,3451,1021,3203,1643,2092,3271,4859,1731,808,1786,1063,1587,2172,3431,2270,349,1951,2534,2148,802,1834,1248,2546,1951,2448,4508,308,3427,917,4122
60,3157,741,1853,3222,763,3305,27,2267,2685,1558,877,1352,5583,125,5975,2746,4087,2802,3922,2296,174,4189,1491,2092,803,1994,3863,448,4429,429,1853,3432,2048,2508,753,5360,2381,5021,3597,3547,1260,103,3078,2956,1264,2864,2382,2084,464,2747,977,1488,1604,1780,3451,1021,3203,1643,2092,3271,4859,1731,808,1786,1063,1587,2172,3413,2261,354,1951,2521,2148,802,1831,1248,2540,1954,2459,4508,308,3427,917,4131
60,3153,740,1853,3222,776,3305,27,2285,2671,1558,876,1352,5583,125,6000,2736,4101,2802,3927,2308,174,4189,1493,2092,803,2008,3867,448,4429,429,1867,3436,2061,2511,754,5368,2392,5014,3592,3534,1260,103,3078,2943,1264,2867,2396,2096,464,2747,977,1488,1604,1780,3451,1021,3203,1643,2092,3271,4859,1731,808,1786,1063,1587,2172,3413,2261,354,1951,2521,2148,802,1831,1248,2540,1954,2459,4508,308,3427,906,4163
60,3153,741,1853,3222,789,3309,27,2282,2682,1561,888,1353,5594,120,5984,2749,4087,2790,3922,2299,174,4189,1493,2092,802,2010,3863,442,4421,430,1853,3432,2064,2508,754,5360,2397,5014,3592,3534,1260,103,3078,2943,1264,2867,2396,2096,464,2747,977,1490,1592,1793,3451,1021,3203,1632,2092,3275,4859,1731,803,1786,1063,1587,2160,3409,2273,349,1951,2534,2148,790,1834,1248,2540,1951,2459,4522,308,3427,918,4197
60,3153,741,1853,3222,789,3309,27,2282,2682,1561,888,1353,5594,120,5984,2749,4087,2790,3922,2299,174,4189,1493,2092,802,2010,3863,442,4421,430,1853,3432,2064,2508,754,5360,2397,5014,3575,3547,1248,103,3078,2953,1264,2864,2396,2099,464,2762,988,1504,1604,1796,3455,1021,3213,1643,2095,3275,4865,1731,802,1789,1064,1587,2160,3409,2273,349,1951,2534,2148,790,1834,1248,2540,1951,2459,4522,308,3427,918,4214
65,3153,731,1853,3226,804,3301,27,2270,2688,1561,877,1340,5613,125,5975,2741,4087,2805,3922,2299,174,4204,1494,2092,790,1994,3863,442,4414,429,1856,3423,2048,2511,753,5345,2408,5021,3572,3547,1261,103,3078,2943,1264,2864,2396,2099,464,2762,988,1504,1604,1796,3455,1021,3213,1643,2095,3275,4865,1731,802,1789,1064,1584,2163,3418,2264,349,1969,2526,2148,791,1834,1248,2540,1951,2451,4508,309,3431,908,4247
65,3153,741,1839,3213,816,3301,27,2282,2688,1561,878,1353,5631,125,6000,2738,4087,2805,3922,2302,174,4225,1493,2092,803,1994,3863,442,4414,429,1856,3423,2048,2511,753,5345,2408,5021,3572,3547,1261,103,3078,2943,1264,2867,2386,2099,464,2762,989,1504,1606,1796,3459,1021,3213,1634,2092,3275,4865,1735,797,1786,1064,1589,2175,3413,2264,354,1951,2526,2151,803,1836,1250,2540,1954,2448,4514,309,3431,909,4280
65,3153,741,1856,3226,844,3301,27,2282,2688,1561,878,1353,5631,125,6000,2738,4087,2805,3922,2302,174,4225,1493,2092,803,1994,3867,442,4421,440,1856,3436,2061,2511,754,5368,2397,5021,3597,3552,1263,103,3097,2956,1279,2855,2382,2101,458,2751,988,1488,1606,1782,3459,1021,3213,1632,2092,3275,4879,1745,803,1789,1064,1587,2175,3418,2264,355,1954,2534,2148,803,1836,1251,2540,1951,2448,4508,308,3427,919,4311
65,3153,741,1856,3226,844,3301,27,2285,2674,1561,877,1352,5625,125,5975,2736,4087,2805,3927,2302,174,4204,1494,2095,803,1994,3872,442,4399,429,1853,3432,2048,2511,759,5368,2397,5014,3584,3534,1251,98,3078,2956,1278,2864,2386,2099,464,2747,989,1504,1604,1782,3459,1021,3198,1634,2095,3259,4865,1735,803,1789,1064,1587,2160,3427,2264,355,1969,2537,2148,803,1836,1251,2540,1951,2448,4508,308,3427,919,4346
60,3153,741,1853,3226,844,3290,27,2282,2688,1561,877,1352,5638,125,5975,2741,4087,2802,3927,2302,174,4204,1494,2095,803,1994,3872,442,4399,429,1853,3432,2048,2511,759,5368,2397,5014,3584,3534,1251,98,3078,2956,1278,2864,2386,2099,464,2747,989,1504,1604,1782,3459,1021,3198,1634,2095,3259,4865,1735,803,1789,1064,1587,2160,3427,2264,355,1969,2537,2148,790,1834,1251,2540,1936,2462,4508,309,3431,908,4362
60,3153,741,1853,3226,831,3290,27,2282,2688,1561,877,1352,5638,125,5975,2741,4087,2802,3927,2302,174,4204,1494,2092,802,1997,3865,448,4399,430,1870,3436,2064,2514,754,5360,2406,5014,3580,3552,1263,103,3082,2946,1264,2867,2382,2101,464,2766,989,1490,1617,1793,3475,1021,3218,1634,2095,3275,4865,1735,808,1789,1064,1601,2160,3418,2269,355,1951,2526,2134,791,1836,1251,2540,1951,2451,4522,309,3431,909,4396
60,3153,741,1853,3226,831,3293,27,2282,2666,1561,877,1352,5631,125,6000,2741,4092,2805,3927,2304,174,4204,1494,2095,802,1997,3860,448,4406,429,1870,3419,2061,2517,754,5368,2397,5014,3580,3552,1263,103,3082,2946,1264,2867,2382,2101,464,2766,989,1490,1617,1793,3475,1021,3218,1634,2095,3275,4865,1735,808,1789,1064,1601,2160,3418,2269,355,1951,2526,2134,791,1836,1251,2540,1951,2451,4522,309,3431,909,4413
60,3157,741,1853,3222,857,3305,27,2282,2677,1573,891,1353,5643,120,6000,2731,4087,2814,3927,2316,174,4204,1494,2095,802,1997,3860,448,4406,429,1870,3419,2061,2517,754,5368,2397,5021,3580,3534,1263,103,3078,2946,1278,2867,2386,2101,464,2762,978,1504,1606,1782,3475,1021,3198,1632,2106,3275,4859,1735,803,1786,1075,1601,2175,3418,2266,355,1954,2537,2148,803,1836,1251,2540,1951,2462,4522,308,3431,909,4446
60,3157,741,1853,3222,857,3305,27,2282,2677,1573,891,1353,5643,120,6000,2731,4087,2814,3927,2316,174,4225,1494,2095,803,2010,3877,453,4406,429,1867,3423,2048,2514,754,5368,2419,5021,3584,3552,1264,103,3082,2956,1265,2871,2386,2113,464,2766,978,1504,1606,1782,3459,1021,3213,1645,2109,3259,4865,1735,803,1789,1075,1589,2163,3418,2269,355,1966,2526,2137,803,1836,1252,2540,1954,2462,4528,309,3431,909,4470
60,3157,741,1856,3226,857,3305,32,2285,2680,1561,889,1353,5631,120,6000,2731,4092,2814,3927,2316,174,4225,1494,2095,803,2010,3877,453,4406,429,1867,3423,2048,2514,754,5368,2419,5021,3584,3552,1264,103,3082,2956,1265,2871,2386,2113,464,2766,978,1504,1606,1782,3459,1021,3213,1645,2109,3259,4865,1735,803,1789,1075,1589,2163,3418,2269,355,1966,2526,2137,803,1836,1252,2540,1954,2462,4528,309,3427,910,4485
60,3157,741,1856,3226,857,3305,32,2285,2680,1561,889,1353,5631,120,6000,2731,4092,2818,3927,2314,174,4219,1494,2095,803,1997,3872,448,4421,440,1853,3436,2064,2517,759,5368,2419,5021,3584,3538,1251,103,3097,2956,1281,2871,2386,2113,464,2766,978,1504,1606,1782,3459,1021,3213,1645,2109,3259,4865,1735,803,1789,1075,1589,2163,3418,2269,355,1966,2526,2137,803,1836,1252,2540,1954,2462,4528,309,3427,910,4501
60,3157,741,1856,3238,857,3309,27,2285,2677,1561,876,1353,5650,125,5984,2731,4092,2818,3927,2314,174,4219,1494,2095,803,1997,3872,448,4421,440,1853,3436,2064,2517,759,5368,2419,5021,3584,3538,1251,103,3097,2956,1281,2867,2399,2113,464,2747,978,1507,1619,1796,3475,1021,3213,1634,2109,3275,4865,1737,803,1789,1064,1603,2175,3418,2269,355,1954,2537,2154,803,1836,1252,2546,1954,2451,4528,308,3427,910,4529
60,3157,741,1856,3238,857,3309,27,2285,2677,1561,876,1353,5650,125,5984,2731,4092,2818,3927,2316,174,4234,1494,2095,815,2010,3865,442,4421,440,1870,3436,2064,2517,754,5353,2419,5021,3597,3552,1264,103,3082,2956,1278,2867,2386,2139,464,2766,989,1507,1619,1796,3475,1021,3213,1634,2109,3275,4865,1737,803,1789,1064,1603,2175,3418,2269,355,1954,2537,2154,803,1836,1252,2546,1954,2451,4528,308,3427,910,4551
65,3157,731,1856,3230,857,3313,32,2285,2677,1575,889,1353,5656,125,5984,2741,4098,2818,3927,2319,180,4225,1494,2095,803,2013,3877,448,4421,440,1856,3423,2050,2517,754,5353,2419,5021,3597,3552,1264,103,3082,2956,1278,2867,2386,2139,464,2766,989,1507,1619,1793,3486,1021,3198,1645,2092,3279,4865,1739,803,1789,1064,1589,2175,3418,2272,354,1954,2537,2151,791,1836,1252,2540,1954,2462,4528,309,3431,910,4580
65,3157,731,1856,3230,857,3313,32,2285,2677,1575,889,1353,5656,125,5984,2741,4098,2818,3927,2319,180,4225,1494,2095,803,2013,3877,448,4421,440,1856,3423,2050,2517,759,5368,2408,5014,3597,3538,1264,103,3082,2956,1279,2855,2386,2127,464,2747,979,1504,1606,1796,3491,1021,3203,1645,2095,3263,4865,1739,803,1786,1065,1589,2175,3418,2272,354,1954,2537,2151,791,1836,1252,2540,1954,2462,4528,309,3431,910,4597
65,3157,731,1856,3226,859,3301,27,2285,2680,1561,877,1353,5644,125,5984,2741,4098,2818,3927,2319,180,4225,1494,2095,803,2013,3877,448,4421,440,1856,3423,2050,2517,759,5368,2408,5014,3597,3538,1264,103,3082,2956,1279,2855,2386,2127,464,2747,979,1504,1606,1796,3491,1021,3203,1645,2095,3263,4865,1739,803,1786,1065,1589,2163,3418,2269,355,1954,2526,2151,791,1836,1252,2540,1954,2451,4528,309,3431,910,4613
65,3157,731,1856,3226,859,3301,27,2285,2680,1561,877,1353,5644,120,5990,2731,4092,2818,3927,2304,180,4225,1494,2095,803,1997,3869,448,4399,440,1873,3436,2064,2523,754,5353,2419,5021,3597,3538,1266,103,3082,2956,1267,2855,2386,2142,464,2751,989,1502,1619,1809,3502,1021,3203,1634,2109,3263,4865,1739,803,1789,1064,1603,2175,3418,2284,349,1954,2540,2151,791,1836,1254,2546,1954,2462,4542,309,3431,910,4647
65,3157,741,1853,3226,831,3301,27,2282,2677,1547,889,1353,5644,120,5975,2731,4106,2821,3927,2307,174,4225,1494,2095,803,1997,3865,442,4421,440,1870,3448,2064,2520,759,5368,2419,5021,3584,3538,1266,103,3078,2970,1279,2858,2386,2144,464,2766,990,1507,1619,1796,3502,1021,3203,1636,2095,3267,4865,1739,803,1789,1064,1603,2175,3418,2284,349,1954,2540,2151,791,1836,1254,2546,1954,2462,4542,309,3427,911,4680
65,3157,741,1856,3230,857,3305,27,2282,2680,1561,877,1353,5644,125,5984,2734,4092,2834,3927,2307,174,4225,1506,2092,804,1997,3874,448,4399,430,1870,3436,2064,2508,754,5345,2408,5021,3584,3538,1266,98,3082,2960,1265,2858,2386,2144,464,2766,990,1507,1619,1796,3502,1021,3203,1636,2095,3267,4865,1739,797,1786,1064,1603,2163,3404,2272,355,1969,2540,2151,804,1836,1244,2540,1954,2454,4542,309,3431,911,4714
65,3157,741,1856,3226,857,3305,32,2282,2669,1561,889,1353,5656,125,5984,2747,4092,2818,3927,2310,174,4225,1517,2081,803,1997,3874,448,4421,441,1873,3440,2050,2508,754,5345,2408,5021,3584,3538,1266,98,3082,2960,1265,2858,2386,2142,464,2751,978,1504,1619,1809,3502,1021,3213,1634,2095,3263,4846,1739,798,1789,1065,1589,2150,3404,2272,349,1951,2529,2148,792,1836,1255,2540,1939,2454,4542,309,3431,912,4752
65,3153,742,1853,3230,871,3293,27,2282,2683,1561,889,1353,5656,125,5984,2747,4092,2818,3927,2310,174,4225,1517,2081,803,1997,3874,448,4421,441,1873,3440,2050,2520,759,5345,2424,5021,3589,3538,1266,103,3082,2963,1278,2858,2386,2142,464,2766,991,1502,1621,1796,3502,1021,3203,1637,2095,3250,4852,1741,803,1789,1065,1605,2178,3418,2274,355,1951,2529,2151,791,1836,1255,2540,1954,2456,4536,309,3431,912,4781
65,3153,742,1853,3230,871,3293,27,2282,2683,1558,891,1353,5651,125,5984,2755,4092,2834,3932,2310,174,4234,1517,2095,804,1997,3874,448,4421,441,1867,3436,2064,2523,754,5368,2424,5021,3584,3543,1267,103,3082,2963,1278,2858,2386,2142,464,2766,991,1502,1621,1796,3502,1021,3203,1637,2095,3250,4852,1741,803,1789,1065,1605,2178,3418,2274,355,1951,2529,2151,791,1836,1255,2540,1954,2456,4536,309,3431,912,4795
60,3157,743,1842,3230,871,3305,27,2285,2683,1561,891,1353,5639,125,5969,2747,4106,2834,3927,2307,174,4234,1517,2095,804,1997,3874,448,4421,441,1867,3436,2064,2523,754,5368,2424,5021,3584,3543,1267,98,3082,2963,1265,2858,2386,2156,464,2751,1002,1507,1619,1796,3507,1021,3203,1636,2098,3250,4852,1741,803,1789,1066,1603,2165,3418,2274,355,1954,2532,2154,791,1836,1244,2540,1951,2454,4528,309,3418,911,4835
60,3157,743,1842,3230,871,3305,27,2285,2683,1561,891,1353,5639,125,5969,2747,4106,2834,3927,2307,174,4219,1517,2081,803,1997,3874,448,4399,441,1859,3436,2050,2523,759,5353,2411,5021,3589,3538,1267,98,3082,2963,1267,2858,2386,2156,464,2762,1002,1504,1631,1796,3518,1021,3218,1637,2098,3250,4852,1741,803,1789,1066,1603,2165,3418,2274,355,1954,2532,2154,791,1836,1244,2540,1951,2454,4528,309,3418,911,4848
60,3157,743,1859,3230,871,3297,27,2270,2683,1561,891,1353,5639,125,5969,2747,4106,2834,3927,2307,174,4219,1517,2081,803,1997,3874,448,4399,441,1859,3436,2050,2523,759,5353,2411,5021,3589,3538,1267,98,3082,2963,1267,2858,2386,2156,464,2762,1002,1504,1631,1796,3518,1021,3218,1637,2098,3250,4852,1741,803,1789,1066,1603,2163,3418,2272,355,1954,2532,2140,792,1836,1255,2540,1939,2456,4542,309,3422,912,4863
60,3157,743,1859,3230,871,3297,27,2270,2683,1561,877,1353,5651,125,5960,2758,4098,2834,3914,2322,174,4240,1519,2095,804,1997,3874,442,4406,441,1856,3428,2064,2523,759,5353,2424,5021,3589,3538,1269,103,3097,2963,1267,2858,2386,2158,464,2751,990,1504,1633,1796,3507,1022,3203,1637,2098,3267,4859,1743,803,1786,1066,1605,2178,3404,2277,349,1954,2532,2151,792,1836,1255,2540,1939,2456,4542,309,3422,912,4896
60,3157,732,1859,3217,898,3293,27,2300,2683,1561,889,1353,5658,125,5969,2758,4092,2834,3914,2322,174,4240,1519,2095,804,1997,3874,442,4406,441,1856,3428,2064,2523,759,5353,2424,5021,3589,3538,1269,103,3097,2963,1267,2858,2386,2158,464,2751,990,1504,1633,1796,3507,1022,3203,1637,2098,3267,4859,1743,803,1786,1066,1605,2178,3404,2277,349,1954,2532,2151,791,1838,1257,2540,1951,2459,4549,309,3436,912,4913
60,3157,732,1859,3217,898,3293,27,2300,2683,1561,889,1353,5658,125,5969,2758,4092,2834,3927,2313,174,4246,1517,2084,804,1997,3874,448,4427,441,1859,3428,2067,2511,754,5353,2424,5028,3584,3543,1267,103,3082,2963,1267,2858,2386,2156,464,2766,1003,1521,1633,1796,3507,1022,3203,1637,2098,3267,4859,1743,803,1786,1066,1605,2178,3404,2277,349,1954,2532,2151,791,1838,1257,2540,1951,2459,4549,309,3436,912,4929
60,3157,732,1859,3217,898,3293,27,2300,2683,1561,889,1353,5658,125,5969,2758,4092,2834,3927,2313,174,4246,1517,2084,804,1997,3874,448,4427,441,1859,3428,2067,2511,754,5353,2424,5028,3584,3543,1267,103,3082,2963,1267,2858,2386,2156,464,2766,1003,1521,1633,1796,3507,1021,3203,1639,2098,3254,4852,1741,797,1786,1066,1603,2163,3418,2274,349,1951,2532,2151,791,1836,1255,2540,1954,2456,4549,309,3431,913,4947
60,3157,732,1839,3230,884,3293,27,2282,2683,1549,877,1355,5670,125,5969,2750,4087,2821,3927,2310,174,4240,1519,2095,804,1997,3874,448,4406,431,1859,3440,2050,2511,754,5353,2424,5028,3584,3543,1267,103,3082,2963,1267,2858,2386,2156,464,2766,1003,1521,1633,1796,3507,1021,3203,1639,2098,3254,4852,1741,797,1786,1066,1603,2163,3418,2274,349,1951,2532,2151,791,1836,1255,2540,1954,2456,4549,309,3431,913,4963
60,3157,743,1839,3217,899,3297,27,2297,2683,1547,888,1353,5651,125,5984,2747,4098,2821,3927,2310,174,4240,1519,2095,804,1997,3874,448,4406,431,1859,3440,2050,2523,759,5353,2424,5021,3584,3538,1267,103,3093,2974,1281,2871,2386,2156,464,2751,980,1507,1633,1796,3511,1021,3198,1637,2098,3250,4852,1741,797,1789,1066,1603,2165,3422,2274,355,1954,2532,2151,791,1836,1245,2546,1954,2456,4549,309,3431,912,4995
60,3157,743,1839,3217,899,3297,27,2297,2683,1547,888,1353,5651,125,5984,2747,4098,2818,3927,2322,180,4240,1519,2081,803,1997,3862,448,4421,441,1859,3440,2064,2526,759,5353,2424,5028,3589,3543,1267,103,3082,2960,1264,2855,2386,2156,464,2751,991,1518,1633,1796,3507,1021,3198,1637,2095,3267,4852,1741,797,1789,1067,1587,2165,3404,2277,355,1954,2532,2154,803,1836,1257,2540,1954,2456,4549,309,3431,912,5030
60,3153,743,1856,3226,898,3297,27,2285,2683,1561,878,1353,5670,125,5969,2747,4092,2834,3927,2313,180,4234,1530,2084,804,1997,3862,448,4406,441,1856,3423,2067,2526,759,5353,2424,5028,3589,3543,1267,103,3082,2960,1264,2855,2386,2156,464,2751,991,1518,1633,1796,3507,1021,3198,1637,2095,3267,4852,1741,797,1789,1067,1587,2165,3404,2277,355,1954,2532,2154,803,1836,1257,2540,1954,2454,4536,309,3431,913,5047
60,3157,743,1859,3217,884,3297,27,2282,2669,1563,889,1353,5658,125,5969,2747,4092,2834,3927,2313,180,4234,1530,2084,804,1997,3862,448,4406,441,1856,3423,2067,2526,759,5353,2421,5021,3584,3538,1267,103,3102,2963,1265,2855,2389,2156,464,2751,990,1507,1631,1798,3507,1022,3203,1637,2112,3238,4852,1755,797,1789,1066,1603,2163,3422,2277,349,1966,2532,2151,791,1836,1255,2542,1951,2467,4549,309,3436,913,5079
60,3157,743,1859,3217,884,3297,27,2282,2669,1563,889,1353,5658,125,5984,2744,4098,2830,3927,2313,180,4234,1517,2081,803,2000,3874,448,4421,441,1856,3440,2064,2523,759,5353,2424,5007,3589,3538,1267,103,3097,2963,1264,2858,2372,2144,464,2751,990,1507,1631,1798,3507,1022,3203,1637,2112,3238,4852,1755,797,1789,1066,1603,2163,3422,2277,349,1966,2532,2151,791,1836,1255,2542,1951,2467,4549,309,3436,913,5097
60,3157,743,1859,3217,884,3297,27,2282,2669,1563,889,1353,5658,125,5984,2744,4098,2830,3927,2313,180,4234,1517,2081,803,2000,3874,448,4421,441,1856,3440,2064,2523,759,5353,2424,5007,3589,3538,1267,103,3097,2963,1264,2858,2372,2144,464,2747,991,1504,1619,1796,3507,1021,3198,1637,2098,3254,4865,1743,803,1774,1065,1603,2163,3404,2289,349,1954,2532,2151,803,1836,1257,2540,1939,2456,4542,309,3436,913,5113
60,3157,743,1859,3226,898,3285,27,2285,2672,1563,878,1353,5670,125,5984,2747,4092,2830,3927,2313,180,4255,1519,2081,815,1997,3867,448,4406,441,1856,3440,2064,2523,759,5353,2424,5007,3589,3538,1267,103,3097,2963,1264,2858,2372,2144,464,2747,991,1504,1619,1796,3507,1021,3198,1637,2098,3254,4865,1743,803,1774,1065,1603,2163,3404,2289,349,1954,2532,2151,803,1836,1257,2540,1939,2456,4542,309,3418,912,5130
60,3157,732,1842,3217,898,3293,27,2285,2683,1563,878,1353,5670,125,5984,2747,4092,2830,3927,2313,180,4255,1519,2081,815,1997,3867,448,4406,441,1853,3440,2053,2514,759,5353,2435,5014,3584,3552,1267,103,3097,2963,1251,2858,2386,2156,464,2751,991,1518,1631,1798,3523,1021,3203,1637,2095,3250,4852,1729,797,1789,1066,1589,2163,3422,2277,349,1954,2529,2137,792,1836,1247,2540,1954,2456,4549,309,3431,913,5163
60,3157,732,1842,3217,898,3293,27,2285,2683,1561,889,1353,5670,125,5984,2747,4098,2818,3932,2315,180,4262,1519,2084,816,1997,3867,448,4406,441,1856,3440,2050,2523,759,5353,2424,5021,3589,3538,1270,103,3082,2963,1267,2858,2386,2156,464,2751,991,1518,1631,1798,3523,1021,3203,1637,2095,3250,4852,1729,797,1789,1066,1589,2163,3422,2277,349,1954,2529,2137,792,1836,1247,2540,1954,2456,4549,309,3431,913,5180
60,3157,743,1859,3217,912,3281,27,2285,2686,1563,878,1353,5670,125,5984,2750,4098,2818,3914,2313,180,4255,1519,2084,804,1997,3867,448,4406,441,1856,3440,2050,2523,759,5353,2424,5021,3589,3538,1270,103,3082,2963,1267,2855,2372,2158,464,2751,991,1521,1619,1796,3511,1016,3203,1637,2095,3250,4852,1743,797,1792,1078,1605,2178,3422,2277,349,1951,2532,2154,804,1836,1245,2540,1954,2456,4542,309,3431,913,5213
65,3157,742,1856,3213,899,3301,27,2270,2672,1563,878,1353,5670,125,5984,2750,4098,2818,3914,2313,180,4255,1519,2084,804,1997,3867,448,4406,441,1870,3428,2064,2514,759,5360,2424,5014,3589,3538,1257,103,3082,2963,1267,2855,2372,2156,464,2751,990,1521,1621,1785,3511,1021,3203,1637,2095,3254,4852,1743,798,1792,1066,1591,2175,3404,2277,349,1954,2532,2137,803,1823,1258,2540,1954,2456,4542,309,3431,913,5247
65,3157,742,1856,3213,899,3301,27,2270,2672,1558,891,1353,5682,125,5969,2737,4106,2818,3927,2313,180,4255,1519,2084,804,1997,3867,448,4399,441,1856,3440,2064,2514,754,5353,2424,5007,3589,3538,1270,103,3082,2963,1267,2855,2372,2156,464,2751,990,1521,1621,1785,3511,1021,3203,1637,2095,3254,4852,1743,798,1792,1066,1591,2175,3404,2277,349,1954,2532,2137,803,1823,1258,2540,1954,2456,4542,309,3431,913,5263
60,3172,743,1856,3230,884,3297,27,2285,2680,1563,889,1353,5682,125,5993,2758,4112,2834,3927,2313,174,4255,1519,2084,804,1997,3867,448,4399,441,1856,3440,2064,2514,754,5353,2424,5007,3589,3538,1270,103,3082,2963,1267,2858,2386,2158,464,2762,990,1507,1621,1798,3527,1021,3203,1637,2098,3263,4852,1731,803,1789,1066,1591,2165,3422,2277,349,1954,2532,2151,792,1836,1257,2540,1939,2456,4563,309,3431,914,5295
60,3172,743,1856,3230,884,3297,27,2285,2680,1563,889,1353,5682,125,5993,2758,4112,2834,3927,2313,174,4255,1530,2095,815,2002,3867,448,4406,431,1856,3452,2067,2514,759,5353,2424,5028,3589,3543,1269,103,3082,2960,1265,2858,2386,2158,464,2766,1002,1521,1621,1798,3527,1021,3203,1637,2098,3263,4852,1731,803,1789,1066,1591,2165,3422,2277,349,1954,2532,2151,792,1836,1257,2540,1939,2456,4563,309,3431,914,5313
60,3157,743,1859,3226,884,3285,27,2282,2683,1547,891,1355,5688,125,5969,2758,4092,2818,3932,2315,174,4255,1530,2078,803,1997,3871,448,4399,441,1870,3436,2053,2514,759,5338,2413,5028,3589,3543,1269,103,3082,2960,1265,2858,2386,2158,464,2766,1002,1521,1621,1796,3511,1021,3198,1637,2098,3254,4859,1743,798,1789,1065,1605,2178,3422,2277,355,1954,2532,2151,792,1838,1247,2542,1954,2456,4542,309,3431,913,5346
60,3157,743,1859,3230,899,3289,27,2289,2686,1561,891,1355,5682,125,5984,2758,4092,2805,3927,2313,180,4255,1530,2078,803,1997,3871,448,4399,441,1870,3436,2053,2514,759,5338,2413,5007,3589,3538,1269,103,3078,2952,1267,2855,2386,2170,464,2751,991,1518,1633,1782,3511,1021,3218,1639,2098,3267,4852,1745,797,1789,1066,1603,2165,3404,2277,355,1954,2532,2151,792,1836,1258,2540,1939,2448,4556,309,3431,913,5380
60,3162,743,1859,3230,899,3289,27,2289,2686,1561,891,1355,5682,125,5984,2758,4092,2805,3927,2313,180,4249,1521,2081,803,2000,3871,448,4406,441,1856,3436,2053,2529,759,5353,2424,5021,3584,3543,1270,103,3097,2966,1267,2858,2389,2173,464,2751,980,1507,1621,1798,3515,1021,3203,1637,2098,3267,4872,1745,798,1789,1066,1591,2178,3422,2280,349,1954,2532,2151,792,1836,1258,2546,1954,2467,4542,321,3436,914,5412
60,3162,743,1842,3226,898,3289,27,2285,2683,1563,891,1353,5688,125,5984,2758,4098,2821,3932,2327,180,4270,1519,2081,803,2000,3867,448,4406,441,1859,3440,2067,2529,759,5353,2424,5021,3584,3543,1270,103,3097,2966,1267,2858,2389,2173,464,2751,980,1507,1621,1798,3515,1021,3203,1637,2098,3267,4872,1745,798,1789,1066,1591,2178,3422,2280,349,1954,2532,2151,792,1836,1258,2546,1954,2467,4542,321,3436,914,5430
60,3162,743,1842,3226,898,3289,27,2285,2683,1563,891,1353,5688,125,5984,2758,4098,2821,3932,2327,180,4270,1519,2081,803,2000,3867,448,4406,441,1859,3440,2067,2511,754,5353,2424,5021,3584,3530,1269,103,3082,2963,1265,2858,2375,2170,464,2751,1002,1521,1621,1798,3527,1021,3213,1637,2095,3267,4859,1755,797,1789,1066,1603,2178,3422,2277,349,1954,2532,2151,792,1836,1258,2546,1954,2467,4542,321,3436,914,5447
65,3157,743,1859,3230,899,3285,27,2285,2683,1549,891,1355,5682,125,5969,2747,4098,2821,3932,2327,180,4270,1519,2081,803,2000,3867,448,4406,441,1859,3440,2067,2511,754,5353,2424,5021,3584,3530,1269,103,3082,2963,1265,2858,2375,2170,464,2751,1002,1521,1621,1798,3527,1021,3213,1637,2095,3267,4859,1755,797,1789,1066,1603,2178,3422,2277,355,1957,2532,2154,792,1838,1258,2542,1972,2456,4556,321,3431,914,5463
65,3157,743,1859,3230,899,3285,27,2285,2683,1549,891,1355,5682,125,5969,2747,4098,2830,3932,2313,180,4255,1517,2084,804,2000,3867,448,4412,441,1873,3440,2053,2529,759,5353,2421,5028,3589,3543,1269,103,3082,2974,1265,2871,2389,2173,464,2751,1002,1521,1621,1798,3527,1021,3213,1637,2095,3267,4859,1755,797,1789,1066,1603,2178,3422,2277,355,1957,2532,2154,792,1838,1258,2542,1972,2456,4556,321,3431,914,5480
65,3157,743,1859,3230,899,3285,27,2285,2683,1549,891,1355,5682,125,5969,2747,4098,2830,3932,2313,180,4255,1517,2084,804,2000,3867,448,4412,441,1873,3440,2053,2529,759,5353,2421,5028,3589,3543,1269,103,3082,2974,1265,2871,2389,2173,464,2751,990,1507,1619,1787,3523,1021,3203,1637,2112,3254,4852,1745,797,1789,1065,1605,2178,3413,2280,355,1954,2529,2140,792,1827,1257,2540,1954,2454,4556,309,3431,914,5495
60,3157,732,1859,3230,927,3301,27,2270,2680,1563,891,1357,5682,120,5969,2758,4098,2834,3938,2315,174,4270,1517,2084,804,2002,3871,442,4406,441,1859,3440,2053,2517,759,5376,2424,5028,3589,3543,1270,103,3082,2960,1265,2858,2389,2173,464,2751,1002,1521,1621,1787,3527,1021,3207,1637,2095,3254,4859,1743,797,1774,1066,1605,2178,3413,2280,355,1954,2529,2140,792,1827,1257,2540,1954,2454,4556,309,3436,901,5529
60,3157,743,1859,3217,927,3289,27,2270,2683,1563,891,1357,5682,120,5969,2758,4098,2834,3938,2315,174,4270,1517,2084,804,2002,3871,442,4406,441,1859,3440,2053,2517,759,5376,2424,5028,3589,3543,1270,103,3082,2960,1265,2858,2389,2173,464,2751,1002,1521,1621,1787,3527,1021,3207,1637,2095,3254,4859,1743,797,1774,1066,1605,2178,3413,2292,355,1954,2532,2154,792,1838,1258,2540,1954,2456,4563,309,3440,914,5544
60,3157,743,1859,3217,927,3289,27,2270,2683,1561,891,1355,5700,125,5969,2747,4084,2834,3938,2315,180,4270,1530,2098,804,2002,3871,448,4406,431,1873,3440,2056,2517,759,5353,2427,5028,3589,3548,1269,103,3078,2963,1281,2858,2392,2173,464,2766,1002,1521,1621,1790,3527,1022,3203,1625,2095,3254,4858,1743,797,1789,1076,1605,2165,3419,2280,355,1954,2532,2137,792,1827,1258,2540,1954,2456,4563,309,3440,914,5574
60,3157,743,1845,3217,970,3289,27,2300,2693,1563,891,1361,5700,125,5969,2755,4098,2834,3938,2315,180,4270,1530,2098,804,2002,3871,448,4406,431,1873,3440,2056,2517,759,5353,2427,5028,3589,3548,1269,103,3078,2963,1281,2858,2392,2173,464,2766,1002,1521,1621,1790,3527,1022,3203,1625,2095,3254,4858,1743,797,1789,1076,1605,2165,3419,2280,355,1954,2532,2137,792,1827,1258,2540,1954,2456,4563,309,3445,914,5590
60,3157,743,1845,3217,970,3289,27,2300,2693,1563,891,1361,5700,125,5969,2755,4098,2834,3935,2315,180,4277,1530,2084,804,2002,3888,448,4412,431,1873,3440,2056,2517,759,5353,2424,5021,3589,3534,1270,103,3082,2963,1267,2850,2388,2173,464,2756,1002,1521,1621,1792,3527,1021,3203,1639,2098,3250,4858,1757,797,1789,1066,1605,2165,3414,2280,349,1954,2535,2140,792,1827,1258,2540,1954,2456,4563,309,3445,914,5614
60,3142,732,1845,3221,1010,3277,27,2270,2683,1547,878,1363,5707,120,5960,2758,4098,2834,3927,2315,180,4285,1519,2081,804,2000,3859,448,4406,431,1859,3440,2054,2517,759,5368,2427,5028,3589,3540,1270,103,3082,2963,1267,2850,2388,2173,464,2756,1002,1521,1621,1792,3527,1021,3203,1639,2098,3250,4858,1757,797,1789,1066,1605,2165,3414,2280,349,1954,2535,2140,792,1837,1247,2540,1957,2456,4563,309,3423,914,5646
60,3142,732,1845,3221,1010,3277,27,2270,2683,1547,878,1363,5707,120,5960,2758,4098,2834,3927,2315,180,4285,1519,2081,804,2000,3859,448,4406,431,1859,3440,2054,2517,759,5368,2427,5028,3589,3540,1270,103,3082,2963,1267,2855,2391,2175,464,2771,991,1518,1619,1786,3527,1021,3203,1630,2098,3250,4850,1747,803,1789,1067,1605,2163,3405,2280,349,1954,2532,2151,791,1842,1258,2540,1957,2456,4563,309,3423,914,5656
60,3157,744,1859,3217,1261,3266,27,2282,2693,1549,891,1395,5700,125,5969,2758,4092,2821,3948,2315,180,4285,1530,2081,804,2000,3859,448,4406,431,1859,3440,2054,2517,759,5368,2427,5028,3589,3540,1270,103,3082,2963,1267,2855,2391,2175,464,2771,991,1518,1619,1786,3527,1021,3203,1630,2098,3250,4850,1747,803,1789,1067,1605,2163,3405,2280,349,1954,2532,2151,791,1842,1258,2540,1936,2454,4556,309,3428,914,5681
60,3157,744,1859,3217,1261,3266,27,2282,2693,1549,891,1395,5700,125,5969,2758,4092,2821,3948,2315,180,4285,1530,2081,804,2005,3867,448,4406,441,1856,3428,2051,2517,754,5338,2427,5028,3584,3551,1270,103,3082,2963,1267,2871,2387,2175,464,2751,993,1521,1621,1803,3531,1021,3203,1637,2112,3263,4863,1747,803,1789,1067,1605,2163,3405,2280,349,1954,2532,2151,791,1842,1258,2540,1936,2454,4556,309,3428,914,5697
60,3142,743,1845,3180,1589,3234,27,2285,2683,1549,878,1424,5707,120,5969,2758,4084,2821,3948,2315,180,4285,1530,2081,804,2005,3867,448,4406,441,1856,3428,2051,2517,754,5338,2427,5028,3584,3551,1270,103,3082,2963,1267,2871,2387,2175,464,2751,993,1521,1621,1803,3531,1021,3203,1637,2112,3263,4863,1745,803,1789,1066,1591,2165,3415,2282,349,1954,2532,2154,804,1841,1247,2542,1954,2459,4563,309,3433,914,5715
60,3142,743,1845,3180,1589,3234,27,2285,2683,1549,878,1424,5707,120,5969,2758,4084,2834,3945,2318,180,4285,1519,2084,804,2013,3876,448,4390,431,1873,3440,2065,2517,759,5353,2427,5028,3589,3547,1272,103,3082,2963,1267,2871,2387,2175,464,2751,993,1521,1621,1803,3531,1021,3203,1637,2112,3263,4863,1745,803,1789,1066,1591,2165,3415,2282,349,1954,2532,2154,804,1841,1247,2542,1954,2459,4563,309,3433,914,5731
65,3142,732,1830,3180,1627,3222,27,2285,2683,1549,878,1424,5707,120,5969,2758,4084,2834,3945,2318,180,4285,1519,2084,804,2013,3876,448,4390,431,1873,3440,2065,2517,759,5353,2427,5028,3589,3547,1272,98,3097,2966,1267,2871,2383,2173,464,2756,1003,1521,1623,1794,3531,1021,3203,1639,2098,3254,4870,1745,797,1789,1066,1589,2165,3424,2280,355,1972,2535,2157,791,1833,1258,2542,1939,2456,4563,309,3438,914,5747
65,3142,732,1830,3180,1627,3222,27,2285,2683,1563,891,1436,5719,120,5978,2747,4098,2834,3958,2318,180,4285,1521,2098,804,2013,3871,448,4406,431,1873,3440,2065,2517,759,5353,2427,5028,3589,3547,1272,98,3097,2966,1267,2871,2383,2173,464,2756,1003,1521,1623,1794,3531,1021,3203,1639,2098,3254,4870,1745,797,1789,1066,1589,2165,3424,2280,355,1972,2535,2157,791,1833,1258,2542,1939,2456,4563,309,3438,914,5764
60,3142,732,1830,3180,1627,3222,27,2285,2683,1563,891,1436,5719,120,5978,2747,4098,2834,3958,2318,180,4285,1521,2098,804,2013,3871,448,4406,441,1870,3428,2051,2517,759,5353,2437,5028,3589,3543,1272,103,3082,2963,1281,2858,2383,2185,464,2771,1003,1521,1621,1794,3527,1021,3203,1637,2112,3254,4876,1745,797,1789,1067,1605,2165,3410,2280,349,1969,2532,2154,792,1835,1260,2540,1954,2456,4569,309,3438,914,5799
60,3142,733,1845,3180,1641,3218,27,2270,2683,1549,892,1424,5707,125,5969,2758,4098,2834,3939,2318,180,4285,1531,2084,804,2013,3871,448,4406,441,1859,3428,2065,2520,759,5353,2427,5028,3589,3547,1272,103,3082,2963,1281,2858,2383,2185,464,2771,1003,1521,1621,1794,3527,1021,3203,1637,2112,3254,4876,1745,797,1789,1067,1605,2165,3410,2280,349,1969,2532,2154,792,1835,1260,2540,1954,2456,4569,309,3438,914,5814
60,3142,733,1845,3180,1641,3218,27,2270,2683,1549,892,1424,5707,125,5969,2758,4098,2834,3939,2318,180,4285,1531,2084,804,2013,3871,448,4406,441,1859,3428,2065,2520,759,5353,2427,5028,3589,3547,1272,98,3082,2963,1267,2858,2380,2185,464,2756,1002,1521,1621,1805,3531,1021,3207,1637,2098,3254,4869,1747,797,1774,1066,1605,2168,3424,2282,349,1969,2532,2154,792,1835,1260,2540,1954,2456,4569,309,3438,914,5822
60,3142,732,1845,3180,1641,3218,27,2270,2683,1549,878,1426,5719,125,5969,2758,4098,2834,3939,2318,180,4285,1531,2084,804,2013,3871,448,4406,441,1859,3428,2065,2520,759,5353,2427,5028,3589,3547,1272,98,3082,2963,1267,2858,2380,2185,464,2756,1002,1521,1621,1805,3531,1021,3207,1637,2098,3254,4869,1747,797,1774,1066,1605,2168,3424,2282,355,1957,2535,2157,792,1835,1248,2542,1957,2459,4563,309,3438,903,5847
60,3142,732,1845,3180,1641,3218,27,2270,2683,1549,878,1426,5719,125,5969,2758,4098,2834,3945,2315,180,4300,1519,2084,804,2013,3923,448,4406,441,1859,3440,2068,2520,754,5353,2424,5028,3589,3547,1272,103,3082,2966,1267,2862,2383,2187,464,2751,991,1507,1623,1805,3531,1021,3207,1637,2098,3254,4869,1747,797,1774,1066,1605,2168,3424,2282,355,1957,2535,2157,792,1835,1248,2542,1957,2459,4563,309,3438,903,5864
60,3138,743,1845,3180,1657,3218,27,2274,2683,1549,878,1424,5709,125,5969,2758,4098,2834,3945,2324,180,4285,1519,2101,805,2041,4231,448,4406,441,1859,3440,2068,2520,754,5353,2424,5028,3589,3547,1272,103,3082,2966,1267,2862,2383,2187,464,2751,991,1507,1623,1794,3535,1021,3203,1637,2112,3258,4863,1750,798,1792,1067,1593,2168,3424,2285,349,1969,2535,2154,793,1835,1261,2542,1954,2459,4563,309,3433,916,5902
60,3138,743,1845,3180,1657,3218,27,2274,2683,1549,878,1424,5709,125,5969,2758,4098,2834,3945,2324,180,4285,1519,2101,805,2041,4231,448,4406,441,1859,3440,2068,2517,759,5361,2424,5028,3593,3561,1279,103,3102,2963,1267,2858,2383,2177,464,2766,991,1521,1621,1794,3544,1021,3203,1625,2112,3254,4876,1746,803,1789,1066,1605,2168,3410,2296,355,1957,2532,2154,805,1835,1254,2542,1954,2459,4563,309,3433,916,5914
60,3142,732,1845,3168,1657,3210,27,2285,2693,1563,891,1436,5698,125,5954,2758,4098,2834,3926,2305,180,4285,1530,2101,816,2038,4202,448,4406,441,1859,3440,2068,2508,759,5361,2424,5028,3589,3547,1266,103,3102,2963,1267,2858,2383,2174,464,2766,991,1521,1621,1794,3544,1021,3203,1625,2112,3254,4876,1746,803,1789,1066,1605,2168,3410,2296,355,1957,2532,2154,805,1835,1254,2542,1954,2456,4556,309,3438,906,5946
60,3142,732,1845,3168,1657,3210,27,2285,2693,1563,891,1436,5698,125,5954,2758,4098,2834,3926,2305,180,4285,1530,2101,816,2038,4202,448,4406,441,1859,3440,2068,2508,759,5361,2424,5028,3589,3547,1266,103,3102,2963,1267,2858,2383,2174,464,2747,1002,1521,1608,1794,3536,1022,3203,1627,2098,3254,4863,1756,797,1792,1067,1605,2163,3424,2281,355,1969,2521,2154,792,1833,1254,2540,1957,2456,4563,309,3438,906,5961
60,3142,732,1845,3168,1643,3201,27,2285,2686,1563,878,1424,5705,120,5969,2758,4090,2821,3945,2308,185,4300,1519,2098,804,2041,4255,448,4406,441,1859,3440,2054,2517,759,5353,2437,5028,3576,3547,1264,103,3082,2963,1281,2858,2383,2174,464,2747,1002,1521,1608,1794,3536,1022,3203,1627,2098,3254,4863,1756,797,1792,1067,1605,2163,3424,2281,355,1969,2521,2154,792,1833,1254,2540,1957,2456,4563,309,3424,906,5981
65,3142,743,1845,3180,1657,3206,27,2285,2683,1563,891,1438,5692,120,5969,2758,4090,2821,3945,2308,185,4300,1519,2098,804,2041,4255,448,4406,441,1859,3440,2054,2517,759,5353,2437,5028,3576,3547,1264,103,3082,2963,1281,2855,2383,2186,464,2751,991,1523,1621,1794,3544,1021,3203,1637,2101,3250,4863,1754,798,1789,1066,1605,2153,3410,2281,349,1954,2532,2154,804,1835,1252,2540,1951,2456,4563,309,3452,905,6013
65,3142,743,1845,3180,1657,3206,27,2285,2683,1563,891,1438,5692,120,5978,2761,4098,2834,3945,2312,180,4300,1531,2098,804,2024,4142,448,4406,441,1859,3428,2054,2505,759,5353,2427,5021,3589,3547,1264,103,3102,2974,1281,2858,2397,2181,464,2751,991,1523,1621,1794,3539,1022,3203,1627,2098,3254,4863,1752,798,1789,1066,1605,2165,3424,2273,355,1957,2532,2154,804,1835,1251,2540,1951,2456,4563,309,3452,905,6047
60,3142,743,1845,3180,1657,3218,27,2285,2683,1551,878,1438,5685,125,5969,2758,4104,2834,3945,2309,180,4307,1540,2098,804,2041,4236,448,4406,441,1859,3428,2054,2505,759,5353,2427,5021,3589,3547,1264,103,3102,2974,1281,2858,2397,2181,464,2751,991,1523,1621,1794,3539,1022,3203,1627,2098,3254,4863,1752,798,1789,1066,1605,2165,3424,2273,355,1957,2532,2154,804,1835,1251,2540,1954,2446,4563,309,3452,916,6063
60,3147,732,1845,3168,1657,3213,27,2274,2686,1551,878,1438,5685,125,5969,2758,4104,2834,3945,2309,180,4307,1540,2098,804,2041,4236,448,4406,441,1861,3436,2054,2508,759,5353,2421,5028,3576,3547,1266,103,3082,2963,1267,2858,2383,2183,464,2766,1002,1521,1619,1794,3536,1022,3203,1627,2098,3254,4876,1744,798,1789,1067,1605,2165,3410,2281,355,1954,2532,2154,792,1835,1255,2542,1954,2456,4563,309,3443,908,6096
60,3147,732,1845,3168,1657,3213,27,2274,2686,1563,878,1424,5686,120,5969,2758,4098,2834,3945,2300,185,4300,1531,2098,815,2030,4154,442,4406,441,1859,3436,2054,2511,754,5353,2437,5028,3589,3547,1276,103,3082,2963,1267,2858,2383,2183,464,2766,1002,1521,1619,1794,3536,1022,3203,1627,2098,3254,4876,1744,798,1789,1067,1605,2165,3410,2281,355,1954,2532,2154,792,1835,1255,2542,1954,2456,4563,309,3443,908,6112
65,3142,744,1847,3180,1657,3218,27,2285,2683,1565,878,1438,5715,120,5978,2761,4098,2834,3950,2315,185,4300,1531,2098,815,2030,4154,442,4406,441,1859,3436,2054,2511,754,5353,2437,5028,3589,3547,1276,103,3082,2963,1267,2855,2369,2193,464,2766,991,1521,1633,1810,3535,1021,3207,1639,2098,3267,4863,1754,798,1774,1067,1591,2165,3424,2288,355,1969,2535,2140,792,1835,1250,2540,1942,2456,4563,309,3452,904,6145
65,3142,744,1847,3180,1657,3218,27,2285,2683,1565,878,1438,5715,120,5978,2761,4098,2834,3950,2315,185,4315,1531,2098,815,2041,4265,442,4406,442,1859,3423,2054,2511,754,5353,2437,5028,3589,3547,1267,103,3082,2974,1253,2855,2383,2174,464,2756,991,1521,1621,1810,3535,1021,3207,1639,2098,3267,4863,1754,798,1774,1067,1591,2165,3424,2288,355,1969,2535,2140,792,1835,1250,2540,1942,2456,4563,309,3452,904,6163
60,3142,744,1845,3180,1659,3205,27,2270,2686,1549,878,1424,5669,120,5954,2747,4098,2834,3945,2293,180,4300,1521,2084,803,2041,4324,442,4390,442,1859,3428,2054,2508,754,5338,2427,5028,3589,3547,1267,103,3082,2974,1253,2855,2383,2174,464,2756,991,1521,1621,1808,3540,1022,3222,1628,2098,3250,4863,1756,798,1789,1056,1605,2165,3424,2281,355,1969,2521,2154,791,1821,1255,2542,1954,2448,4563,309,3438,909,6195
60,3147,744,1845,3180,1659,3213,27,2289,2686,1565,879,1424,5686,120,5954,2761,4098,2818,3945,2305,185,4300,1521,2084,803,2041,4324,442,4390,442,1859,3428,2054,2508,754,5338,2427,5007,3589,3547,1264,103,3087,2969,1267,2858,2383,2186,464,2751,992,1521,1633,1794,3536,1022,3203,1628,2098,3250,4849,1756,798,1789,1057,1607,2153,3410,2293,349,1957,2537,2140,803,1821,1254,2540,1954,2462,4577,309,3438,908,6230
60,3142,744,1845,3180,1659,3213,27,2289,2686,1565,879,1424,5686,120,5954,2761,4098,2818,3945,2305,185,4315,1521,2098,804,2041,4319,448,4406,442,1861,3440,2054,2505,754,5353,2435,5035,3589,3539,1266,98,3082,2963,1267,2858,2383,2186,464,2751,1003,1535,1633,1796,3536,1022,3207,1628,2098,3254,4863,1744,798,1789,1056,1591,2165,3410,2281,349,1957,2535,2154,805,1835,1266,2542,1954,2456,4563,309,3438,908,6263
60,3142,732,1845,3168,1643,3213,27,2270,2683,1549,877,1424,5685,120,5954,2747,4098,2830,3945,2305,180,4315,1521,2098,803,2041,4307,448,4390,431,1859,3440,2054,2494,754,5353,2424,5028,3589,3534,1266,98,3097,2966,1269,2858,2386,2198,464,2751,1003,1535,1633,1794,3536,1021,3203,1639,2098,3254,4863,1744,797,1792,1057,1607,2165,3415,2281,349,1957,2535,2154,805,1835,1266,2542,1954,2456,4563,309,3438,908,6297
60,3142,734,1845,3180,1657,3206,27,2270,2699,1563,877,1424,5692,120,5954,2761,4104,2830,3945,2305,180,4315,1521,2098,803,2041,4307,448,4390,431,1859,3440,2054,2494,754,5353,2424,5028,3589,3534,1266,98,3097,2966,1269,2858,2386,2198,464,2751,1003,1535,1633,1794,3536,1021,3203,1639,2098,3254,4863,1744,797,1792,1057,1607,2165,3415,2281,355,1954,2521,2143,791,1835,1254,2540,1942,2462,4569,309,3438,906,6313
60,3142,734,1845,3180,1657,3206,27,2270,2699,1563,877,1424,5692,120,5954,2761,4104,2834,3950,2305,185,4315,1533,2098,804,2041,4319,448,4406,442,1861,3440,2054,2517,754,5338,2440,5028,3589,3534,1276,98,3097,2963,1269,2858,2383,2183,464,2756,1003,1521,1631,1794,3544,1022,3203,1630,2101,3250,4863,1744,792,1792,1069,1607,2165,3410,2293,355,1969,2537,2157,792,1849,1252,2542,1957,2459,4569,309,3438,905,6347
60,3142,733,1833,3180,1659,3210,27,2270,2686,1549,891,1424,5704,125,5954,2764,4098,2834,3950,2305,185,4322,1521,2087,804,2041,4347,448,4412,442,1861,3428,2057,2517,754,5338,2440,5028,3589,3534,1276,98,3097,2963,1269,2858,2383,2183,464,2756,1003,1521,1631,1794,3544,1022,3203,1630,2101,3250,4863,1744,792,1792,1069,1607,2165,3410,2293,355,1969,2537,2157,792,1849,1252,2542,1957,2459,4569,309,3438,905,6356
60,3142,733,1833,3180,1659,3210,27,2270,2686,1549,891,1424,5704,125,5954,2764,4098,2834,3950,2305,185,4322,1521,2087,804,2041,4347,448,4412,442,1861,3428,2057,2497,759,5346,2437,5035,3589,3547,1269,98,3087,2966,1267,2858,2383,2186,464,2771,1004,1521,1633,1794,3536,1021,3203,1628,2098,3250,4863,1744,798,1774,1067,1607,2165,3410,2293,355,1969,2537,2157,792,1849,1252,2542,1957,2459,4569,309,3438,905,6380
60,3142,733,1845,3176,1657,3201,27,2274,2686,1551,889,1424,5693,125,5954,2764,4098,2834,3950,2305,185,4322,1521,2087,804,2041,4347,448,4412,442,1861,3428,2057,2497,759,5346,2437,5035,3589,3547,1269,98,3087,2966,1267,2858,2383,2186,464,2771,1004,1521,1633,1794,3536,1021,3203,1628,2098,3250,4863,1744,798,1774,1067,1591,2150,3410,2305,349,1957,2526,2143,792,1835,1266,2542,1954,2462,4583,309,3438,909,6402
60,3142,733,1845,3176,1657,3201,27,2274,2686,1551,889,1424,5693,120,5969,2761,4104,2834,3945,2302,185,4300,1522,2101,815,2041,4335,453,4406,442,1859,3436,2054,2505,754,5338,2429,5035,3589,3547,1269,103,3082,2969,1267,2871,2383,2179,464,2751,993,1535,1633,1794,3544,1022,3203,1628,2098,3250,4863,1744,798,1774,1067,1591,2150,3410,2305,349,1957,2526,2143,792,1835,1266,2542,1954,2462,4583,309,3438,909,6418
60,3147,745,1847,3180,1657,3205,27,2289,2688,1549,878,1424,5688,125,5969,2761,4098,2834,3945,2296,185,4322,1533,2084,804,2041,4342,448,4406,442,1859,3436,2054,2505,754,5338,2429,5035,3589,3547,1269,103,3082,2969,1267,2871,2383,2179,464,2751,993,1535,1633,1794,3544,1022,3203,1628,2112,3242,4863,1748,798,1789,1069,1605,2165,3410,2299,355,1954,2537,2157,792,1835,1267,2542,1957,2462,4569,309,3438,910,6447
60,3147,745,1847,3180,1657,3205,27,2289,2688,1549,878,1424,5688,125,5969,2761,4098,2834,3945,2296,185,4322,1533,2084,804,2041,4342,448,4406,442,1861,3440,2057,2523,759,5361,2440,5035,3589,3547,1267,103,3082,2980,1269,2871,2386,2188,464,2771,1004,1523,1633,1796,3552,1022,3207,1630,2098,3267,4863,1748,798,1789,1069,1605,2165,3410,2299,355,1954,2537,2157,792,1835,1267,2542,1957,2462,4569,309,3438,910,6464
65,3162,744,1847,3180,1657,3205,27,2270,2688,1565,878,1438,5705,125,5969,2761,4098,2834,3945,2296,185,4322,1533,2084,804,2041,4342,448,4406,442,1861,3440,2057,2523,759,5361,2440,5035,3589,3547,1267,103,3082,2980,1269,2871,2386,2188,464,2771,1004,1523,1633,1796,3552,1022,3207,1630,2098,3267,4863,1748,803,1777,1058,1605,2165,3410,2332,355,1957,2537,2157,792,1835,1267,2542,1957,2462,4583,309,3465,909,6483
65,3162,744,1847,3180,1657,3205,27,2270,2688,1565,878,1438,5705,125,5969,2761,4104,2834,3939,2317,185,4300,1521,2084,804,2054,4360,448,4390,442,1859,3440,2054,2523,754,5338,2427,5035,3589,3547,1278,103,3087,2969,1269,2858,2369,2186,464,2751,993,1509,1633,1794,3532,1022,3218,1630,2098,3242,4876,1756,798,1792,1067,1605,2153,3410,2308,355,1954,2524,2157,792,1835,1254,2547,1957,2462,4583,309,3465,909,6512
60,3157,733,1847,3176,1659,3210,27,2289,2699,1551,878,1436,5710,120,5954,2764,4124,2834,3945,2317,185,4315,1531,2084,816,2041,4313,448,4406,442,1859,3428,2054,2500,754,5338,2427,5021,3589,3534,1270,103,3082,2969,1267,2871,2383,2188,464,2766,1003,1523,1631,1794,3552,1022,3203,1630,2101,3254,4863,1756,798,1792,1067,1605,2153,3410,2308,355,1954,2524,2157,792,1835,1254,2547,1954,2462,4563,309,3452,919,6539
65,3142,745,1847,3180,1657,3217,27,2289,2699,1551,878,1436,5710,120,5954,2764,4124,2834,3945,2317,185,4315,1531,2084,816,2041,4313,448,4406,442,1859,3428,2054,2500,754,5338,2427,5021,3589,3534,1270,103,3082,2969,1267,2871,2383,2188,464,2766,1003,1523,1631,1794,3552,1022,3203,1630,2101,3254,4863,1758,798,1789,1067,1605,2165,3406,2347,349,1957,2537,2154,793,1835,1293,2540,1957,2459,4577,309,3452,909,6563
65,3142,745,1847,3180,1657,3217,27,2289,2699,1551,878,1424,5705,120,5963,2764,4118,2846,3950,2320,185,4322,1521,2087,804,2043,4253,448,4397,442,1859,3440,2068,2508,754,5346,2440,5021,3589,3547,1252,98,3082,2969,1269,2862,2386,2188,464,2756,993,1523,1635,1794,3540,1022,3203,1639,2101,3254,4863,1744,797,1789,1069,1605,2165,3410,2293,349,1954,2537,2140,792,1838,1278,2542,1957,2459,4577,309,3452,909,6597
60,3147,745,1847,3180,1643,3213,27,2274,2696,1551,878,1424,5705,120,5969,2764,4098,2834,3945,2317,185,4315,1531,2087,816,2041,4342,448,4390,442,1861,3440,2068,2502,759,5361,2427,5014,3589,3547,1267,103,3087,2966,1267,2850,2383,2188,464,2751,993,1507,1621,1794,3540,1022,3207,1639,2101,3254,4863,1744,797,1789,1069,1605,2165,3410,2293,349,1954,2537,2140,792,1838,1278,2542,1954,2462,4569,309,3438,909,6629
60,3142,745,1847,3180,1643,3213,27,2274,2696,1551,878,1424,5705,120,5969,2764,4098,2834,3945,2317,185,4315,1531,2087,816,2041,4342,448,4390,442,1861,3440,2068,2502,759,5361,2427,5014,3589,3547,1267,103,3087,2966,1267,2850,2383,2188,464,2751,993,1507,1621,1794,3540,1022,3207,1628,2112,3254,4863,1746,798,1792,1069,1605,2153,3406,2332,355,1954,2535,2140,792,1821,1279,2542,1954,2459,4563,309,3438,911,6647
60,3142,733,1830,3180,1643,3221,27,2270,2696,1549,877,1424,5700,125,5954,2761,4118,2834,3945,2311,180,4322,1531,2084,804,2041,4360,448,4390,431,1859,3428,2054,2508,759,5338,2435,5014,3589,3547,1267,103,3087,2966,1267,2850,2383,2188,464,2751,993,1507,1621,1794,3540,1022,3207,1628,2112,3254,4863,1746,798,1792,1069,1605,2153,3406,2332,355,1954,2535,2140,792,1821,1279,2542,1954,2459,4563,309,3438,911,6662
60,3142,733,1830,3180,1643,3221,27,2270,2696,1549,877,1424,5700,125,5954,2761,4118,2834,3945,2311,180,4322,1531,2084,804,2041,4360,448,4390,431,1859,3428,2054,2508,759,5338,2435,5014,3589,3534,1255,98,3097,2966,1253,2858,2383,2186,464,2751,991,1507,1621,1794,3532,1022,3203,1630,2101,3254,4863,1746,798,1789,1058,1605,2165,3410,2293,355,1954,2535,2140,792,1821,1279,2542,1954,2459,4563,309,3438,911,6680
60,3147,733,1845,3180,1643,3197,27,2274,2696,1563,878,1424,5688,125,5954,2764,4118,2834,3945,2311,180,4322,1531,2084,804,2041,4360,448,4390,431,1859,3428,2054,2508,759,5338,2435,5014,3589,3534,1255,98,3097,2966,1253,2858,2383,2186,464,2751,991,1507,1621,1794,3532,1022,3203,1630,2101,3254,4863,1746,798,1789,1058,1605,2165,3410,2293,349,1972,2535,2143,792,1835,1255,2547,1957,2462,4563,309,3452,909,6695
60,3142,733,1845,3180,1643,3197,27,2274,2696,1563,878,1424,5688,125,5954,2764,4118,2846,3945,2308,185,4315,1521,2087,805,2041,4324,453,4390,442,1847,3440,2068,2523,759,5361,2427,5014,3589,3547,1266,98,3082,2969,1267,2858,2383,2186,464,2751,992,1507,1623,1794,3540,1022,3203,1628,2112,3254,4863,1758,798,1789,1067,1605,2168,3424,2293,355,1957,2526,2157,792,1835,1255,2547,1957,2462,4577,309,3438,908,6729
60,3142,733,1830,3168,1671,3217,27,2270,2686,1549,878,1424,5698,120,5978,2761,4118,2850,3945,2317,185,4315,1521,2087,804,2041,4265,448,4412,442,1859,3428,2054,2526,754,5361,2440,5021,3589,3547,1266,103,3102,2977,1283,2858,2383,2195,464,2756,992,1509,1621,1794,3548,1022,3207,1628,2098,3254,4863,1746,797,1792,1069,1605,2168,3424,2293,355,1957,2526,2157,792,1835,1255,2547,1957,2462,4577,309,3438,908,6763
60,3147,733,1847,3184,1657,3210,27,2289,2688,1551,878,1424,5722,120,5978,2761,4104,2834,3958,2329,185,4322,1522,2098,804,2041,4248,442,4390,442,1859,3428,2054,2517,759,5338,2440,5014,3589,3543,1264,98,3097,2980,1267,2858,2383,2195,464,2756,992,1509,1621,1794,3548,1022,3207,1628,2098,3254,4863,1746,797,1792,1069,1591,2165,3424,2296,355,1957,2524,2157,792,1835,1278,2542,1957,2459,4583,309,3438,906,6795
60,3147,744,1847,3168,1657,3218,27,2270,2688,1565,891,1426,5727,120,5963,2761,4098,2846,3945,2326,185,4315,1521,2087,804,2027,4224,448,4390,442,1861,3428,2054,2517,759,5338,2440,5014,3589,3543,1264,98,3097,2980,1267,2858,2383,2195,464,2756,992,1509,1608,1780,3544,1022,3203,1628,2098,3254,4863,1740,792,1774,1057,1591,2165,3410,2315,349,1957,2524,2143,792,1835,1251,2542,1957,2448,4577,309,3438,917,6830
60,3147,733,1845,3172,1659,3221,27,2270,2686,1549,878,1438,5727,120,5963,2761,4098,2846,3945,2326,185,4315,1521,2087,804,2027,4224,448,4390,442,1861,3428,2054,2508,754,5338,2437,5014,3576,3547,1264,103,3097,2977,1267,2858,2383,2205,464,2751,992,1507,1621,1794,3548,1022,3203,1628,2101,3254,4863,1756,792,1774,1067,1593,2153,3410,2329,349,1957,2535,2140,792,1835,1252,2540,1942,2459,4577,309,3438,908,6863
60,3147,733,1845,3172,1659,3221,27,2270,2686,1549,878,1438,5727,120,5969,2761,4098,2834,3931,2315,185,4315,1530,2084,805,2027,4212,448,4390,431,1859,3428,2054,2514,754,5346,2437,5014,3589,3552,1276,98,3097,2977,1267,2858,2383,2205,464,2751,992,1507,1621,1794,3548,1022,3203,1628,2101,3254,4863,1756,792,1774,1067,1593,2153,3410,2329,349,1957,2535,2140,792,1835,1252,2540,1942,2459,4577,309,3438,908,6880
60,3147,733,1845,3172,1659,3221,27,2270,2686,1549,878,1438,5727,120,5969,2761,4098,2834,3931,2315,185,4315,1530,2084,805,2027,4212,448,4390,431,1859,3428,2054,2514,754,5346,2437,5014,3589,3552,1276,98,3097,2977,1267,2858,2383,2210,464,2756,992,1523,1621,1780,3540,1021,3203,1628,2101,3254,4863,1754,798,1774,1057,1593,2168,3410,2315,349,1954,2524,2140,792,1821,1264,2542,1954,2459,4577,309,3438,908,6896
60,3142,734,1830,3180,1659,3218,27,2289,2688,1563,878,1438,5753,125,5978,2761,4098,2834,3931,2315,185,4315,1521,2087,804,2030,4229,448,4397,431,1859,3428,2054,2514,754,5346,2437,5014,3589,3552,1276,98,3097,2977,1267,2858,2383,2210,464,2756,992,1523,1621,1780,3540,1021,3203,1628,2101,3254,4863,1754,798,1774,1057,1593,2168,3410,2315,349,1954,2524,2140,792,1821,1264,2542,1954,2459,4577,309,3438,908,6913
60,3147,744,1847,3180,1659,3225,27,2274,2686,1551,878,1438,5748,125,5978,2761,4098,2834,3931,2315,185,4315,1521,2087,804,2030,4229,448,4397,442,1861,3428,2054,2523,759,5346,2437,5014,3589,3547,1270,103,3087,2980,1269,2858,2383,2203,464,2756,1004,1523,1633,1794,3552,1022,3207,1630,2098,3254,4855,1748,797,1774,1069,1593,2165,3397,2332,349,1954,2535,2157,792,1821,1281,2542,1954,2459,4583,309,3443,922,6940
60,3147,744,1847,3180,1659,3225,27,2274,2686,1551,878,1438,5748,125,5978,2764,4104,2834,3945,2314,185,4315,1531,2084,805,2041,4198,442,4390,442,1859,3428,2071,2523,754,5338,2429,5021,3576,3547,1269,103,3097,2980,1269,2858,2397,2210,464,2751,993,1507,1621,1794,3544,1021,3207,1641,2101,3254,4863,1754,797,1774,1057,1607,2165,3415,2305,349,1957,2529,2143,792,1821,1302,2540,1954,2459,4583,309,3443,922,6970
60,3142,734,1847,3180,1643,3225,27,2274,2686,1551,878,1438,5748,125,5978,2764,4104,2834,3945,2314,185,4315,1531,2084,805,2041,4198,442,4390,442,1859,3428,2071,2523,754,5338,2429,5021,3576,3547,1269,103,3097,2980,1269,2858,2397,2210,464,2751,993,1507,1621,1794,3544,1021,3207,1641,2101,3254,4863,1754,797,1774,1057,1607,2165,3415,2305,349,1957,2529,2143,792,1821,1302,2540,1954,2451,4577,296,3433,906,6981
60,3142,734,1847,3180,1643,3210,27,2270,2688,1551,878,1426,5746,125,5978,2764,4104,2834,3945,2317,185,4337,1533,2101,804,2030,4205,448,4397,442,1861,3428,2057,2520,759,5338,2440,5021,3593,3552,1267,103,3102,2966,1267,2850,2369,2200,464,2751,992,1507,1621,1780,3536,1021,3207,1641,2101,3254,4863,1754,797,1774,1057,1607,2165,3415,2305,349,1957,2529,2143,792,1821,1302,2540,1954,2451,4577,296,3433,906,7014
60,3147,733,1833,3180,1671,3213,27,2270,2688,1551,891,1424,5729,125,5978,2764,4104,2834,3950,2317,185,4315,1531,2098,804,2030,4205,448,4397,442,1861,3428,2057,2520,759,5338,2440,5021,3593,3552,1267,103,3102,2966,1267,2850,2369,2200,464,2751,992,1507,1621,1780,3536,1021,3207,1630,2101,3254,4869,1756,792,1789,1069,1607,2165,3415,2320,355,1957,2526,2157,792,1835,1266,2547,1954,2459,4583,309,3438,908,7036
60,3147,733,1833,3180,1671,3213,27,2270,2688,1551,891,1424,5729,125,5978,2764,4104,2834,3950,2317,185,4315,1531,2098,804,2027,4205,448,4390,442,1861,3428,2054,2523,759,5346,2440,5035,3593,3534,1264,103,3097,2969,1267,2858,2386,2198,464,2756,981,1509,1608,1780,3536,1021,3207,1630,2101,3254,4869,1756,792,1789,1069,1607,2165,3415,2320,355,1957,2526,2157,792,1835,1266,2547,1954,2459,4583,309,3438,908,7047
60,3147,733,1833,3180,1671,3213,27,2270,2688,1551,891,1424,5729,125,5978,2764,4104,2834,3950,2317,185,4315,1531,2098,804,2027,4205,448,4390,442,1861,3428,2054,2523,759,5346,2440,5035,3593,3534,1264,103,3097,2969,1267,2858,2386,2198,464,2756,981,1509,1608,1780,3548,1021,3207,1628,2098,3254,4869,1754,798,1792,1069,1593,2165,3410,2305,349,1954,2526,2143,779,1824,1266,2540,1954,2462,4577,309,3438,921,7064
60,3147,733,1847,3168,1675,3213,27,2270,2686,1551,878,1426,5722,120,5993,2761,4104,2834,3931,2305,185,4315,1531,2098,804,2027,4205,448,4390,442,1861,3428,2054,2523,759,5346,2440,5035,3593,3534,1264,103,3097,2969,1267,2858,2386,2198,464,2756,981,1509,1608,1780,3548,1021,3207,1628,2098,3254,4869,1754,798,1792,1069,1593,2165,3410,2305,349,1954,2526,2143,779,1824,1266,2540,1954,2462,4577,309,3438,921,7084
60,3162,734,1833,3168,1689,3213,27,2270,2686,1551,878,1426,5722,120,5993,2761,4104,2834,3931,2305,185,4330,1533,2084,804,2027,4222,448,4397,442,1861,3440,2057,2508,759,5346,2440,5014,3589,3539,1276,103,3087,2969,1269,2858,2386,2195,464,2756,993,1509,1621,1796,3548,1021,3203,1630,2101,3254,4869,1744,798,1792,1069,1593,2165,3415,2315,355,1957,2532,2143,792,1824,1264,2540,1957,2462,4583,309,3443,908,7113
60,3162,734,1833,3168,1689,3213,27,2274,2699,1549,878,1440,5722,120,5978,2761,4098,2837,3945,2317,185,4337,1542,2084,804,2030,4217,448,4390,431,1861,3440,2054,2508,759,5338,2440,5028,3576,3539,1266,103,3087,2980,1267,2858,2386,2198,464,2751,993,1509,1621,1796,3548,1021,3203,1630,2101,3254,4869,1744,798,1792,1069,1593,2165,3415,2315,355,1957,2532,2143,792,1824,1264,2540,1957,2462,4583,309,3443,908,7131
60,3147,734,1847,3168,1675,3217,27,2274,2688,1565,891,1440,5734,120,5993,2764,4098,2834,3950,2305,180,4337,1542,2084,804,2030,4217,448,4390,431,1861,3440,2054,2508,759,5338,2440,5028,3576,3539,1266,103,3087,2980,1267,2858,2386,2198,464,2751,993,1509,1621,1794,3548,1027,3207,1628,2101,3267,4855,1744,798,1792,1058,1593,2165,3415,2329,349,1954,2535,2143,792,1824,1266,2542,1942,2451,4571,296,3424,897,7163
60,3147,734,1847,3168,1675,3217,27,2274,2688,1565,891,1440,5734,120,5993,2764,4098,2834,3950,2305,180,4330,1533,2087,804,2027,4217,448,4390,431,1847,3440,2043,2520,759,5346,2440,5028,3576,3539,1266,103,3087,2969,1269,2858,2386,2198,464,2756,981,1523,1621,1783,3544,1022,3207,1630,2101,3254,4863,1756,798,1789,1058,1605,2165,3415,2315,349,1954,2524,2157,792,1824,1266,2540,1939,2462,4598,309,3438,908,7197
60,3147,733,1847,3168,1673,3210,27,2274,2688,1551,878,1440,5734,120,5978,2764,4098,2834,3950,2315,185,4337,1544,2101,804,2043,4217,442,4390,431,1861,3440,2057,2520,759,5346,2440,5028,3576,3539,1266,103,3087,2969,1269,2858,2386,2198,464,2756,981,1523,1621,1783,3544,1022,3207,1630,2101,3254,4863,1756,798,1789,1058,1605,2165,3415,2315,349,1954,2524,2157,792,1824,1266,2540,1939,2462,4598,309,3438,908,7213
60,3142,734,1833,3168,1673,3213,27,2274,2688,1551,878,1440,5722,120,5978,2764,4098,2834,3950,2315,185,4337,1544,2101,804,2043,4217,442,4390,431,1861,3440,2057,2517,754,5346,2440,5014,3576,3539,1264,98,3082,2969,1269,2846,2383,2195,464,2751,993,1521,1621,1783,3552,1022,3207,1630,2101,3254,4869,1748,797,1789,1058,1607,2165,3397,2344,355,1957,2524,2143,804,1824,1279,2540,1954,2451,4598,309,3443,921,7246
60,3142,734,1833,3168,1673,3213,27,2274,2688,1551,878,1440,5722,120,5978,2761,4098,2834,3945,2308,185,4337,1533,2104,816,2043,4217,448,4390,442,1861,3440,2057,2520,759,5353,2437,5021,3589,3552,1266,103,3102,2969,1269,2858,2390,2210,464,2751,993,1523,1621,1796,3548,1022,3207,1630,2115,3246,4869,1756,798,1792,1069,1607,2165,3415,2341,355,1957,2537,2143,792,1824,1278,2542,1957,2451,4583,309,3443,921,7279
60,3162,744,1847,3168,1689,3213,27,2289,2688,1551,891,1426,5722,125,5993,2775,4104,2834,3950,2317,185,4337,1542,2087,816,2043,4239,448,4390,442,1861,3440,2057,2520,759,5353,2437,5021,3589,3552,1266,103,3102,2969,1269,2858,2390,2210,464,2751,993,1523,1621,1796,3548,1022,3207,1630,2115,3246,4869,1756,798,1792,1069,1607,2165,3415,2341,355,1957,2537,2143,792,1824,1278,2542,1957,2451,4583,309,3443,908,7296
60,3162,744,1847,3168,1689,3213,27,2289,2688,1551,891,1426,5722,125,5993,2775,4104,2834,3950,2317,185,4337,1542,2087,816,2043,4239,448,4390,442,1861,3440,2071,2526,759,5338,2429,5021,3589,3552,1266,103,3087,2969,1269,2858,2386,2212,464,2756,1004,1523,1633,1796,3544,1022,3207,1641,2104,3254,4869,1756,798,1792,1069,1607,2165,3415,2341,355,1957,2537,2143,792,1824,1278,2542,1957,2451,4583,309,3443,908,7313
60,3147,745,1847,3180,1673,3213,27,2274,2688,1551,878,1440,5698,120,5993,2764,4104,2837,3950,2305,185,4337,1533,2087,804,2043,4234,448,4397,431,1861,3440,2057,2526,759,5346,2440,5021,3589,3552,1267,103,3087,2969,1269,2858,2386,2212,464,2756,1004,1523,1633,1796,3544,1022,3207,1641,2104,3254,4869,1758,798,1792,1069,1593,2165,3401,2407,349,1957,2526,2157,792,1824,1329,2542,1957,2451,4583,309,3443,909,7346
60,3147,745,1847,3180,1673,3213,27,2274,2688,1551,878,1440,5698,120,5993,2764,4104,2837,3950,2305,185,4337,1533,2087,804,2043,4234,448,4397,431,1861,3440,2057,2526,759,5346,2440,5021,3589,3552,1267,103,3102,2969,1269,2858,2369,2198,464,2751,993,1523,1635,1794,3548,1022,3207,1630,2115,3258,4855,1758,798,1792,1069,1593,2153,3401,2341,349,1957,2537,2157,804,1838,1278,2542,1957,2451,4583,309,3443,909,7363
60,3147,745,1847,3180,1675,3217,27,2274,2688,1551,891,1440,5717,125,5993,2778,4110,2834,3950,2311,185,4337,1544,2090,805,2043,4237,442,4397,442,1861,3428,2057,2517,754,5361,2440,5021,3589,3539,1270,103,3102,2969,1271,2858,2400,2206,464,2756,1004,1523,1623,1783,3549,1021,3203,1630,2115,3258,4855,1758,798,1792,1069,1593,2153,3401,2341,349,1957,2537,2157,804,1838,1278,2542,1957,2462,4583,309,3443,909,7396
60,3142,734,1847,3168,1673,3225,27,2274,2702,1551,891,1440,5717,125,5993,2778,4110,2834,3950,2311,185,4337,1544,2090,805,2043,4237,442,4397,442,1861,3428,2057,2517,754,5361,2440,5021,3589,3539,1270,103,3102,2969,1271,2858,2400,2206,464,2756,1004,1523,1623,1783,3549,1021,3203,1630,2101,3254,4869,1762,798,1792,1069,1607,2165,3401,2422,349,1972,2526,2143,792,1824,1344,2542,1957,2462,4583,309,3443,911,7412
60,3142,734,1847,3168,1673,3225,27,2274,2702,1549,866,1426,5736,120,5993,2775,4104,2834,3956,2311,185,4337,1544,2087,816,2046,4253,448,4397,442,1861,3440,2060,2529,759,5346,2440,5028,3589,3539,1267,98,3082,2969,1269,2871,2386,2212,464,2756,1004,1537,1633,1796,3556,1022,3207,1630,2101,3254,4855,1762,798,1789,1058,1593,2165,3383,2392,349,1972,2526,2143,792,1824,1344,2542,1957,2462,4583,309,3443,911,7443
60,3147,734,1833,3168,1687,3217,27,2274,2688,1551,878,1440,5736,125,5993,2764,4104,2834,3956,2311,185,4337,1544,2087,816,2046,4253,448,4397,442,1861,3440,2060,2529,759,5346,2440,5028,3589,3539,1267,98,3082,2969,1269,2871,2386,2212,464,2756,1004,1537,1633,1796,3556,1022,3207,1630,2101,3254,4855,1762,798,1789,1058,1593,2165,3383,2392,349,1957,2526,2143,792,1824,1315,2542,1957,2462,4583,309,3438,910,7450
60,3147,734,1833,3168,1687,3217,27,2274,2688,1551,878,1440,5736,125,5993,2764,4104,2834,3950,2308,185,4345,1544,2101,805,2043,4229,448,4397,431,1861,3440,2057,2517,754,5331,2454,5021,3589,3539,1267,103,3082,2966,1269,2862,2386,2218,464,2751,1004,1523,1633,1783,3549,1016,3222,1630,2101,3254,4855,1762,798,1789,1058,1593,2165,3383,2392,349,1957,2526,2143,792,1824,1315,2542,1957,2462,4583,309,3438,910,7481
60,3162,745,1833,3180,1673,3217,27,2274,2688,1551,878,1440,5736,125,5993,2764,4104,2834,3950,2308,185,4345,1544,2101,805,2043,4229,448,4397,431,1861,3440,2057,2517,754,5331,2454,5021,3589,3539,1267,103,3082,2966,1269,2862,2386,2218,464,2751,1004,1523,1633,1783,3549,1016,3222,1630,2104,3267,4855,1762,797,1792,1067,1593,2165,3397,2380,355,1972,2535,2143,792,1824,1303,2540,1957,2459,4583,309,3443,923,7490
60,3162,745,1833,3180,1673,3217,27,2274,2696,1549,878,1440,5746,120,5993,2775,4118,2834,3950,2314,185,4352,1544,2101,805,2043,4229,448,4397,431,1861,3440,2057,2517,754,5331,2454,5021,3589,3539,1267,103,3082,2966,1269,2862,2386,2218,464,2751,1004,1523,1633,1783,3549,1016,3222,1630,2104,3267,4855,1762,797,1792,1067,1593,2165,3397,2380,355,1972,2535,2143,792,1824,1303,2540,1957,2459,4583,309,3443,923,7497
60,3162,745,1833,3180,1673,3217,27,2274,2696,1549,878,1440,5746,120,5993,2775,4118,2834,3950,2314,185,4352,1544,2101,805,2043,4234,448,4397,431,1861,3440,2057,2511,759,5346,2440,5021,3589,3557,1281,103,3087,2969,1271,2862,2386,2218,464,2751,1004,1523,1633,1783,3549,1016,3222,1630,2104,3267,4855,1762,797,1792,1067,1593,2165,3397,2380,355,1972,2535,2143,792,1824,1303,2540,1957,2459,4583,309,3443,923,7514
60,3162,734,1836,3180,1687,3213,27,2270,2688,1551,878,1440,5765,120,5993,2775,4118,2834,3950,2314,185,4352,1544,2101,805,2043,4234,448,4397,431,1861,3440,2057,2511,759,5346,2440,5021,3589,3557,1281,103,3087,2969,1271,2858,2386,2210,464,2756,1004,1537,1621,1783,3564,1022,3203,1630,2101,3254,4869,1756,798,1792,1069,1593,2168,3401,2359,355,1957,2526,2161,792,1824,1288,2540,1957,2462,4583,309,3443,909,7546
60,3162,734,1836,3180,1687,3213,27,2270,2688,1551,878,1440,5765,120,5993,2775,4118,2834,3931,2305,185,4352,1544,2101,804,2030,4234,442,4397,442,1864,3440,2054,2520,754,5346,2440,5028,3589,3539,1266,98,3087,2966,1255,2858,2383,2207,464,2756,1004,1537,1621,1783,3564,1022,3203,1630,2101,3254,4869,1756,798,1792,1069,1593,2168,3401,2359,355,1957,2526,2161,792,1824,1288,2540,1957,2462,4583,309,3443,909,7563
65,3147,745,1850,3180,1700,3210,27,2270,2688,1551,878,1438,5765,120,5993,2778,4118,2834,3950,2296,185,4352,1544,2101,804,2030,4234,442,4397,442,1864,3440,2054,2520,754,5346,2440,5028,3589,3539,1266,98,3087,2966,1255,2858,2383,2207,464,2751,1004,1537,1621,1783,3556,1021,3207,1630,2101,3254,4849,1754,792,1792,1069,1593,2168,3401,2350,349,1957,2526,2143,792,1821,1336,2540,1957,2462,4583,309,3443,908,7581
65,3147,745,1850,3180,1700,3210,27,2270,2688,1551,878,1438,5765,120,5993,2778,4118,2834,3950,2296,185,4352,1555,2101,816,2030,4246,442,4397,432,1847,3440,2043,2523,754,5346,2443,5028,3589,3539,1266,98,3087,2966,1255,2858,2383,2207,464,2751,1004,1537,1621,1783,3556,1021,3207,1630,2101,3254,4849,1754,792,1792,1069,1593,2168,3401,2350,349,1957,2526,2143,792,1821,1336,2540,1957,2462,4583,309,3443,908,7597
65,3147,745,1850,3180,1700,3210,27,2270,2688,1551,878,1438,5765,120,5993,2778,4118,2834,3950,2296,185,4352,1555,2101,816,2030,4246,442,4397,432,1847,3440,2043,2523,754,5346,2443,5021,3589,3552,1267,98,3102,2969,1269,2855,2400,2224,464,2756,1005,1537,1621,1780,3548,1021,3207,1630,2101,3254,4849,1754,797,1774,1058,1607,2178,3401,2353,349,1972,2540,2161,792,1824,1303,2546,1957,2462,4583,309,3443,908,7614
60,3147,745,1847,3180,1673,3217,27,2274,2699,1551,878,1440,5753,120,5978,2764,4118,2834,3950,2296,185,4352,1555,2101,816,2030,4246,442,4397,432,1847,3440,2043,2523,754,5346,2443,5021,3589,3552,1267,98,3102,2969,1269,2855,2400,2224,464,2756,1005,1537,1621,1780,3548,1021,3207,1630,2101,3254,4849,1754,797,1774,1058,1607,2178,3401,2353,349,1972,2540,2161,792,1824,1303,2546,1957,2464,4583,309,3447,909,7631
60,3147,745,1847,3180,1673,3217,27,2274,2699,1551,878,1440,5753,120,5978,2764,4118,2834,3945,2311,180,4345,1544,2098,805,2046,4246,448,4397,442,1864,3457,2074,2529,754,5346,2440,5021,3589,3552,1282,103,3102,2969,1271,2871,2386,2215,464,2756,1005,1537,1621,1796,3556,1021,3207,1643,2101,3254,4876,1762,803,1792,1058,1610,2165,3415,2371,355,1957,2537,2143,792,1824,1303,2546,1957,2464,4583,309,3447,909,7653
60,3162,735,1847,3180,1689,3217,27,2289,2688,1551,878,1440,5753,120,5978,2764,4118,2834,3945,2311,180,4345,1544,2098,805,2046,4246,448,4397,442,1864,3457,2074,2529,754,5346,2440,5021,3589,3552,1282,103,3102,2969,1271,2871,2386,2215,464,2756,1005,1537,1621,1796,3556,1021,3207,1643,2101,3254,4876,1762,803,1792,1058,1610,2165,3415,2371,355,1957,2537,2143,792,1824,1317,2540,1957,2464,4590,309,3443,909,7664
60,3162,735,1847,3180,1689,3217,27,2289,2688,1551,891,1440,5765,120,5978,2775,4104,2834,3945,2320,185,4352,1556,2101,816,2043,4275,442,4397,443,1861,3440,2071,2523,759,5338,2454,5028,3593,3539,1269,103,3102,2980,1269,2858,2386,2215,464,2771,1005,1539,1621,1796,3561,1021,3207,1630,2101,3267,4855,1762,797,1774,1070,1610,2165,3415,2371,355,1957,2537,2143,792,1824,1317,2540,1957,2464,4590,309,3443,909,7699
60,3162,745,1850,3180,1673,3229,27,2274,2699,1551,878,1440,5781,120,5993,2775,4110,2834,3956,2314,185,4352,1556,2101,816,2043,4275,442,4397,443,1861,3440,2071,2523,759,5338,2454,5028,3593,3539,1269,103,3102,2980,1269,2858,2386,2215,464,2771,1005,1539,1621,1796,3561,1021,3207,1630,2101,3267,4855,1762,797,1774,1070,1593,2165,3415,2410,355,1957,2526,2143,792,1826,1317,2542,1957,2464,4598,309,3443,923,7714
60,3162,745,1850,3180,1673,3229,27,2274,2699,1551,878,1440,5781,120,5993,2775,4110,2834,3956,2314,185,4352,1555,2118,816,2030,4256,448,4397,442,1847,3444,2057,2514,754,5346,2440,5028,3589,3539,1270,103,3102,2980,1267,2858,2390,2215,464,2751,1004,1537,1633,1796,3561,1021,3207,1630,2115,3258,4869,1762,797,1792,1069,1593,2165,3415,2410,355,1957,2526,2143,792,1826,1317,2542,1957,2464,4598,309,3443,923,7731
60,3162,745,1850,3180,1673,3229,27,2274,2699,1551,878,1440,5781,120,5993,2775,4110,2834,3956,2314,185,4352,1555,2118,816,2030,4256,448,4397,442,1847,3444,2057,2514,754,5346,2440,5028,3589,3539,1270,103,3102,2980,1267,2858,2390,2215,464,2751,1004,1537,1633,1796,3561,1021,3207,1630,2115,3258,4869,1762,797,1792,1069,1593,2165,3401,2412,349,1957,2526,2143,792,1821,1330,2546,1942,2462,4590,321,3443,923,7746
60,3162,734,1850,3168,1687,3213,27,2274,2688,1551,878,1440,5746,125,5978,2775,4104,2830,3950,2308,180,4345,1544,2101,816,2043,4289,442,4397,431,1847,3444,2054,2500,748,5346,2440,5021,3589,3539,1282,98,3087,2969,1269,2858,2386,2230,464,2771,1004,1537,1621,1796,3556,1021,3207,1630,2101,3254,4855,1762,797,1792,1069,1593,2165,3401,2412,349,1957,2526,2143,792,1821,1330,2546,1942,2462,4590,321,3443,911,7774
60,3162,735,1833,3180,1687,3217,27,2274,2691,1567,878,1442,5748,120,5969,2767,4104,2834,3942,2320,180,4352,1555,2101,804,2043,4289,442,4397,431,1847,3444,2054,2500,748,5346,2440,5021,3589,3539,1282,98,3087,2969,1269,2858,2386,2230,464,2771,1004,1537,1621,1796,3556,1021,3207,1630,2101,3254,4855,1760,797,1777,1070,1610,2165,3410,2380,349,1942,2526,2140,792,1835,1318,2546,1957,2451,4583,309,3443,923,7804
60,3162,735,1833,3180,1687,3217,27,2274,2691,1567,878,1442,5748,120,5969,2767,4104,2834,3942,2320,180,4352,1555,2101,804,2030,4287,448,4382,442,1847,3440,2060,2517,754,5346,2440,5007,3589,3539,1269,103,3102,2969,1255,2858,2386,2218,464,2756,1005,1553,1635,1783,3561,1021,3207,1630,2101,3254,4869,1762,797,1777,1070,1610,2165,3401,2398,355,1957,2529,2143,791,1824,1318,2546,1957,2451,4583,309,3443,923,7834
60,3147,745,1833,3168,1673,3225,27,2270,2688,1551,878,1426,5755,120,5978,2775,4104,2834,3950,2314,185,4352,1544,2101,817,2043,4311,442,4397,431,1847,3428,2057,2505,754,5338,2440,5021,3589,3534,1269,98,3087,2969,1269,2862,2386,2220,464,2751,1004,1537,1635,1796,3561,1021,3207,1630,2101,3254,4869,1762,797,1777,1070,1610,2165,3401,2398,355,1957,2529,2143,791,1824,1318,2546,1954,2451,4590,309,3438,911,7864
60,3162,734,1833,3180,1673,3209,27,2270,2688,1551,879,1442,5762,120,5969,2775,4104,2837,3936,2316,185,4352,1544,2101,817,2043,4311,442,4397,431,1847,3428,2057,2505,754,5338,2440,5021,3589,3534,1269,98,3087,2969,1269,2862,2386,2220,464,2751,1004,1537,1635,1796,3561,1021,3207,1630,2101,3242,4842,1748,797,1777,1058,1593,2165,3388,2398,349,1957,2537,2143,793,1824,1310,2546,1954,2451,4598,309,3443,911,7881
60,3162,734,1833,3180,1673,3209,27,2270,2688,1551,879,1442,5762,120,5969,2775,4104,2837,3936,2316,185,4352,1544,2101,817,2043,4381,442,4397,432,1861,3440,2057,2517,754,5346,2454,5014,3593,3539,1270,98,3087,2969,1269,2862,2386,2220,464,2751,1004,1537,1635,1796,3561,1021,3207,1630,2101,3242,4842,1748,797,1777,1058,1593,2165,3388,2398,349,1957,2537,2143,793,1824,1310,2546,1954,2451,4598,309,3443,911,7895
60,3162,734,1833,3180,1673,3209,27,2270,2688,1551,879,1442,5762,120,5969,2775,4104,2837,3936,2316,185,4352,1544,2101,817,2043,4381,442,4397,432,1861,3440,2057,2517,754,5346,2454,5014,3593,3539,1270,103,3087,2980,1271,2862,2386,2223,464,2756,1004,1537,1621,1780,3561,1021,3207,1632,2101,3267,4849,1760,797,1792,1070,1596,2165,3388,2388,349,1957,2537,2143,793,1824,1310,2546,1954,2451,4598,309,3443,911,7914
60,3142,734,1833,3180,1687,3233,27,2274,2691,1551,878,1440,5767,120,5978,2764,4110,2834,3950,2331,180,4352,1556,2101,804,2041,4381,442,4397,431,1861,3440,2054,2514,754,5331,2437,5021,3589,3534,1272,103,3087,2983,1255,2858,2400,2218,464,2756,1005,1523,1633,1780,3561,1021,3207,1632,2101,3267,4849,1760,797,1792,1070,1596,2165,3388,2388,349,1957,2537,2143,792,1824,1305,2540,1957,2451,4583,309,3443,911,7946
60,3162,734,1833,3180,1687,3233,27,2274,2691,1551,878,1440,5767,120,5978,2764,4110,2834,3950,2331,180,4352,1556,2101,804,2041,4381,442,4397,431,1861,3440,2054,2514,754,5331,2437,5021,3589,3534,1272,103,3087,2983,1255,2858,2400,2218,464,2756,1005,1523,1633,1780,3569,1021,3207,1630,2101,3254,4855,1762,803,1777,1069,1593,2165,3401,2362,355,1954,2537,2161,804,1821,1306,2546,1957,2451,4598,309,3443,912,7963
60,3162,745,1847,3168,1700,3217,27,2274,2688,1551,878,1440,5767,120,5993,2775,4104,2846,3945,2314,185,4367,1556,2104,817,2057,4362,442,4397,432,1847,3444,2057,2517,754,5346,2454,5021,3589,3552,1270,103,3102,2972,1269,2858,2386,2220,464,2756,1004,1539,1621,1783,3565,1027,3207,1630,2101,3254,4855,1760,797,1792,1058,1593,2165,3401,2362,355,1954,2537,2161,804,1821,1306,2546,1957,2451,4598,309,3443,912,7997
60,3147,735,1833,3168,1687,3209,27,2274,2691,1551,878,1440,5767,120,5978,2767,4104,2834,3945,2314,185,4352,1556,2101,816,2043,4399,442,4397,432,1847,3444,2057,2524,754,5346,2451,5021,3581,3552,1274,103,3102,2983,1255,2858,2386,2206,464,2756,1005,1539,1633,1783,3565,1027,3207,1630,2101,3254,4855,1760,797,1792,1058,1607,2156,3401,2412,355,1957,2529,2157,791,1824,1318,2542,1957,2462,4598,309,3443,912,8035
60,3157,734,1833,3168,1687,3201,27,2270,2688,1551,878,1440,5767,120,5978,2767,4104,2834,3945,2314,185,4352,1556,2101,816,2043,4399,442,4397,432,1847,3444,2057,2524,754,5346,2451,5021,3581,3552,1274,103,3102,2983,1255,2858,2386,2206,464,2756,1005,1539,1633,1780,3553,1021,3207,1630,2101,3258,4855,1764,797,1792,1058,1607,2165,3383,2412,355,1957,2540,2157,792,1824,1318,2540,1939,2454,4590,309,3438,912,8048
60,3157,734,1833,3168,1687,3201,27,2270,2688,1551,878,1440,5743,120,5993,2778,4110,2850,3964,2319,185,4367,1556,2101,816,2043,4376,448,4382,432,1861,3428,2057,2505,753,5323,2454,5007,3589,3539,1270,103,3102,2983,1255,2858,2386,2206,464,2756,1005,1539,1633,1780,3553,1021,3207,1630,2101,3258,4855,1764,797,1792,1058,1607,2165,3383,2412,355,1957,2540,2157,792,1824,1318,2540,1939,2454,4590,309,3438,912,8064
60,3157,734,1833,3168,1687,3201,27,2270,2688,1551,878,1440,5743,120,5993,2778,4110,2850,3964,2319,185,4367,1556,2101,816,2043,4376,448,4382,432,1861,3428,2057,2505,753,5323,2454,5007,3589,3539,1270,98,3102,2969,1269,2862,2386,2218,464,2756,1005,1537,1621,1783,3556,1021,3207,1632,2101,3254,4849,1750,797,1777,1059,1607,2165,3397,2362,355,1957,2540,2157,792,1824,1318,2540,1939,2454,4590,309,3438,912,8079
60,3147,745,1833,3164,1684,3213,27,2289,2691,1551,891,1440,5762,120,5978,2767,4110,2850,3964,2319,185,4367,1556,2101,816,2043,4376,448,4382,432,1861,3428,2057,2505,753,5323,2454,5007,3589,3539,1270,98,3102,2969,1269,2862,2386,2218,464,2756,1005,1537,1621,1783,3556,1021,3207,1632,2101,3254,4849,1750,797,1777,1059,1607,2165,3397,2362,349,1957,2526,2143,792,1824,1281,2540,1942,2451,4598,309,3443,910,8090
60,3147,745,1833,3164,1684,3213,27,2289,2691,1551,891,1440,5762,120,5978,2767,4110,2834,3950,2319,180,4360,1556,2104,842,2153,5791,448,4412,443,1861,3432,2057,2438,754,5346,2454,5021,3589,3539,1248,103,3102,2983,1271,2862,2390,2166,464,2756,1005,1537,1623,1780,3541,1021,3207,1632,2118,3258,4876,1750,797,1777,1059,1607,2165,3397,2362,349,1957,2526,2143,792,1824,1281,2540,1942,2451,4598,309,3443,910,8114
60,3147,746,1833,3176,1687,3169,32,2289,2694,1565,878,1428,5638,120,5993,2753,4090,2821,3936,2235,185,4352,1556,2115,841,2153,5867,448,4382,443,1861,3432,2057,2438,754,5346,2454,5021,3589,3539,1248,103,3102,2983,1271,2862,2390,2166,464,2756,1005,1537,1623,1780,3541,1021,3207,1632,2118,3258,4876,1752,797,1792,1059,1593,2171,3401,2352,355,1957,2529,2157,804,1824,1314,2542,1957,2456,4598,309,3443,909,8151
60,3147,735,1833,3168,1687,3153,27,2274,2702,1551,879,1426,5626,125,5993,2767,4118,2837,3936,2233,185,4352,1556,2115,841,2153,5867,448,4382,443,1847,3440,2057,2429,754,5346,2454,5007,3593,3539,1240,109,3102,2983,1269,2862,2386,2177,464,2756,1005,1553,1621,1783,3533,1021,3207,1630,2118,3267,4869,1756,797,1792,1070,1607,2165,3401,2340,355,1957,2543,2143,792,1838,1263,2540,1957,2464,4604,309,3456,909,8181
60,3147,735,1833,3168,1687,3153,27,2274,2702,1551,879,1426,5626,125,5993,2767,4118,2837,3936,2233,185,4352,1556,2115,841,2153,5859,442,4397,432,1861,3440,2043,2420,754,5346,2454,5028,3589,3539,1230,103,3102,2983,1271,2862,2386,2164,464,2760,1006,1551,1621,1796,3546,1022,3207,1632,2104,3271,4869,1761,797,1792,1071,1593,2165,3401,2321,355,1972,2529,2161,805,1838,1276,2540,1957,2464,4604,309,3456,909,8212
65,3162,745,1833,3184,1671,3144,27,2274,2691,1553,878,1428,5614,120,5993,2778,4104,2834,3936,2226,185,4367,1556,2115,842,2164,5859,448,4397,443,1850,3440,2043,2417,754,5346,2454,5014,3589,3539,1228,103,3097,2972,1269,2862,2386,2169,464,2756,1005,1537,1621,1783,3550,1021,3203,1632,2101,3267,4849,1761,797,1792,1071,1593,2165,3401,2321,355,1972,2529,2161,805,1838,1276,2540,1954,2454,4598,309,3456,920,8246
60,3147,735,1833,3168,1673,3141,21,2274,2691,1553,878,1428,5614,120,5993,2778,4104,2834,3936,2226,185,4367,1556,2115,842,2164,5859,448,4397,443,1850,3440,2043,2417,754,5346,2454,5014,3589,3539,1228,103,3097,2972,1269,2862,2386,2169,464,2756,1005,1537,1621,1783,3550,1021,3203,1632,2101,3267,4849,1744,791,1774,1058,1593,2178,3401,2398,355,1957,2529,2140,792,1824,1316,2540,1957,2464,4583,309,3456,919,8262
60,3147,735,1833,3168,1673,3141,21,2274,2691,1551,878,1426,5621,120,5993,2767,4104,2834,3945,2223,185,4352,1555,2101,841,2170,5899,442,4397,443,1847,3440,2043,2423,754,5346,2454,5028,3589,3539,1242,103,3097,2972,1269,2862,2386,2169,464,2756,1005,1537,1621,1783,3550,1021,3203,1632,2101,3267,4849,1744,791,1774,1058,1593,2178,3401,2398,355,1957,2529,2140,792,1824,1316,2540,1957,2464,4583,309,3456,919,8278
60,3147,735,1833,3168,1673,3141,21,2274,2691,1551,878,1426,5621,120,5993,2767,4104,2834,3945,2223,185,4352,1555,2101,841,2170,5899,442,4397,443,1847,3440,2043,2423,754,5346,2454,5028,3589,3539,1242,103,3102,2983,1269,2858,2386,2167,464,2751,1004,1537,1623,1783,3542,1021,3203,1632,2101,3271,4855,1761,797,1777,1059,1593,2178,3401,2389,355,1957,2540,2157,793,1824,1314,2546,1957,2464,4583,309,3456,919,8296
65,3147,735,1847,3168,1671,3161,27,2270,2691,1553,879,1424,5614,120,5978,2764,4104,2834,3950,2226,180,4352,1555,2101,841,2170,5899,442,4397,443,1847,3440,2043,2423,754,5346,2454,5028,3589,3539,1242,103,3102,2983,1269,2858,2386,2167,464,2751,1004,1537,1623,1783,3542,1021,3203,1632,2101,3271,4855,1761,797,1777,1059,1593,2178,3401,2389,355,1957,2540,2157,793,1824,1314,2546,1957,2467,4583,309,3443,909,8313
60,3162,745,1833,3168,1684,3161,27,2270,2691,1553,879,1424,5614,120,5978,2764,4104,2834,3950,2226,180,4367,1556,2101,841,2153,5884,448,4412,432,1861,3444,2057,2423,754,5338,2454,5007,3589,3539,1242,103,3102,2983,1269,2858,2376,2174,464,2756,1005,1553,1623,1783,3550,1021,3222,1632,2101,3271,4869,1756,797,1777,1070,1593,2178,3415,2358,355,1957,2529,2161,792,1824,1302,2540,1957,2464,4598,309,3443,910,8347
60,3162,745,1833,3168,1684,3157,27,2274,2691,1551,866,1424,5621,120,5978,2767,4110,2834,3931,2223,185,4367,1555,2101,829,2153,5872,442,4397,431,1847,3440,2043,2420,753,5346,2454,5021,3589,3539,1226,98,3102,2983,1255,2862,2373,2169,464,2756,1005,1551,1621,1783,3546,1021,3207,1632,2101,3271,4869,1754,797,1777,1070,1593,2165,3415,2331,355,1969,2529,2157,792,1824,1302,2540,1957,2464,4598,309,3443,910,8379
60,3147,745,1847,3172,1684,3153,27,2274,2702,1537,879,1426,5626,125,5993,2778,4124,2834,3931,2220,185,4367,1555,2101,829,2153,5872,442,4397,431,1847,3440,2043,2420,753,5346,2454,5021,3589,3539,1226,98,3102,2983,1255,2862,2373,2169,464,2756,1005,1551,1621,1783,3546,1021,3207,1632,2101,3271,4869,1754,797,1777,1070,1593,2165,3415,2331,355,1969,2529,2157,804,1824,1288,2540,1972,2467,4598,309,3438,921,8396
60,3147,745,1847,3172,1684,3153,27,2274,2702,1537,879,1426,5626,125,5993,2778,4124,2834,3931,2220,185,4367,1556,2115,841,2167,5896,442,4397,443,1847,3440,2057,2420,754,5346,2456,5021,3589,3539,1240,103,3102,2983,1269,2862,2383,2174,464,2756,1017,1551,1621,1783,3546,1021,3207,1632,2101,3271,4869,1754,797,1777,1070,1593,2165,3415,2331,355,1969,2529,2157,804,1824,1288,2540,1972,2467,4598,309,3438,921,8413
60,3147,735,1833,3184,1671,3161,27,2270,2691,1551,879,1426,5626,120,5993,2778,4104,2834,3936,2226,180,4367,1556,2101,842,2167,5904,448,4382,443,1847,3440,2057,2423,759,5346,2454,5021,3589,3539,1240,103,3102,2983,1269,2862,2383,2174,464,2756,1017,1551,1621,1780,3538,1021,3207,1632,2101,3254,4869,1758,797,1777,1071,1593,2168,3415,2337,355,1957,2540,2161,792,1824,1289,2540,1957,2464,4583,309,3456,910,8446
60,3147,735,1833,3168,1671,3161,27,2259,2691,1551,878,1426,5615,120,5978,2778,4104,2834,3936,2226,180,4367,1556,2101,842,2167,5904,448,4382,443,1847,3440,2057,2423,759,5346,2454,5014,3593,3539,1230,103,3087,2972,1269,2871,2386,2177,464,2751,1016,1553,1623,1783,3542,1021,3207,1632,2101,3254,4862,1758,797,1777,1071,1593,2165,3401,2339,354,1957,2529,2157,793,1824,1303,2546,1957,2454,4598,309,3443,910,8480
60,3147,735,1833,3168,1671,3161,27,2259,2691,1551,878,1426,5615,120,5978,2778,4104,2834,3936,2222,185,4367,1556,2115,829,2156,5893,442,4397,432,1864,3440,2043,2429,754,5331,2454,5007,3593,3539,1233,103,3102,2972,1269,2862,2386,2182,464,2751,1016,1553,1623,1783,3542,1021,3207,1632,2101,3254,4862,1758,797,1777,1071,1593,2165,3401,2339,354,1957,2529,2157,793,1824,1303,2546,1957,2454,4598,309,3443,910,8497
60,3142,735,1850,3168,1671,3173,27,2274,2691,1553,878,1412,5626,120,5993,2767,4104,2837,3936,2223,180,4367,1569,2118,843,2167,5909,448,4404,443,1861,3444,2043,2429,754,5331,2454,5007,3593,3539,1233,103,3102,2972,1269,2862,2386,2182,464,2756,1004,1553,1623,1783,3538,1027,3207,1634,2101,3254,4855,1744,797,1774,1070,1610,2168,3415,2334,355,1957,2529,2157,792,1821,1289,2539,1954,2454,4604,309,3443,910,8530
60,3142,735,1850,3168,1671,3173,27,2274,2691,1553,878,1412,5626,120,5993,2767,4104,2837,3936,2223,180,4367,1569,2118,843,2167,5909,448,4404,443,1861,3444,2043,2426,759,5323,2451,5007,3589,3539,1245,98,3087,2983,1269,2858,2386,2182,464,2771,1005,1551,1623,1783,3551,1022,3207,1632,2104,3267,4869,1761,792,1777,1059,1596,2178,3401,2339,349,1957,2529,2143,804,1821,1305,2547,1957,2467,4604,309,3443,910,8547
60,3142,735,1836,3180,1671,3161,27,2274,2694,1553,878,1410,5621,120,5978,2767,4104,2834,3936,2211,185,4367,1556,2115,829,2156,5909,442,4397,443,1847,3440,2057,2426,759,5323,2451,5007,3589,3539,1245,98,3087,2983,1269,2858,2386,2182,464,2771,1005,1551,1623,1783,3551,1022,3207,1632,2104,3267,4869,1761,792,1777,1059,1596,2178,3401,2339,349,1957,2529,2143,804,1821,1305,2547,1957,2467,4604,309,3443,910,8564
60,3142,735,1836,3180,1671,3161,27,2274,2694,1553,878,1410,5621,120,5978,2767,4104,2834,3936,2211,185,4367,1556,2115,829,2156,5909,442,4397,443,1847,3440,2057,2420,754,5354,2454,5021,3589,3557,1240,98,3087,2983,1269,2862,2373,2174,464,2756,1005,1551,1633,1783,3538,1021,3207,1634,2101,3271,4869,1761,792,1777,1059,1596,2178,3401,2339,349,1957,2529,2143,804,1821,1305,2547,1957,2467,4604,309,3443,910,8585
60,3147,735,1850,3180,1671,3161,27,2274,2694,1553,878,1410,5621,120,5978,2767,4104,2834,3936,2211,185,4367,1556,2115,829,2156,5909,442,4397,443,1847,3440,2057,2420,754,5354,2454,5021,3589,3557,1240,98,3087,2983,1269,2862,2373,2174,464,2756,1005,1551,1633,1783,3538,1021,3207,1634,2101,3271,4869,1742,797,1777,1059,1607,2165,3401,2309,355,1954,2529,2161,806,1824,1277,2540,1960,2464,4583,309,3443,909,8597
60,3147,735,1850,3180,1671,3157,27,2274,2705,1551,891,1424,5652,120,5978,2767,4104,2837,3950,2229,185,4345,1556,2101,841,2164,5916,448,4382,443,1850,3444,2054,2426,754,5338,2451,5021,3589,3557,1240,98,3087,2983,1269,2862,2373,2174,464,2756,1005,1551,1633,1783,3538,1021,3207,1634,2101,3271,4869,1742,797,1777,1059,1607,2165,3401,2309,355,1954,2529,2161,806,1824,1277,2540,1960,2464,4583,309,3443,909,8614
60,3147,735,1850,3180,1671,3157,27,2274,2705,1551,891,1424,5652,120,5978,2767,4104,2837,3950,2229,185,4345,1556,2101,841,2164,5916,448,4382,443,1850,3444,2054,2426,754,5338,2451,5021,3589,3552,1231,98,3102,2972,1255,2858,2386,2167,459,2756,1005,1551,1621,1783,3546,1022,3207,1632,2101,3254,4855,1763,797,1792,1070,1593,2178,3401,2392,349,1957,2529,2157,806,1824,1277,2540,1960,2464,4583,309,3443,909,8631
60,3147,734,1847,3168,1671,3156,27,2274,2691,1551,878,1412,5635,120,5978,2767,4104,2837,3950,2229,185,4345,1556,2101,841,2164,5916,448,4382,443,1850,3444,2054,2426,754,5338,2451,5021,3589,3552,1231,98,3102,2972,1255,2858,2386,2167,459,2756,1005,1551,1621,1783,3546,1022,3207,1632,2101,3254,4855,1763,797,1792,1070,1593,2178,3401,2392,349,1957,2529,2157,792,1821,1317,2540,1957,2454,4590,309,3456,912,8646
60,3147,734,1847,3168,1671,3156,27,2274,2691,1551,878,1412,5635,125,5978,2778,4090,2837,3936,2231,185,4367,1556,2118,830,2153,5886,448,4397,432,1861,3428,2057,2429,759,5346,2454,5021,3593,3539,1233,103,3092,2972,1255,2862,2386,2172,464,2756,1006,1553,1623,1783,3542,1021,3207,1632,2101,3267,4869,1746,797,1777,1071,1596,2178,3388,2401,349,1957,2540,2143,792,1808,1331,2540,1957,2454,4590,309,3456,912,8680
60,3162,735,1833,3184,1684,3168,27,2274,2691,1537,878,1424,5647,120,5978,2767,4104,2834,3950,2216,180,4367,1556,2115,842,2153,5886,448,4397,432,1861,3428,2057,2429,759,5346,2454,5021,3593,3539,1233,103,3092,2972,1255,2862,2386,2172,464,2756,1006,1553,1623,1783,3542,1021,3207,1632,2101,3267,4869,1746,797,1777,1071,1596,2178,3388,2401,349,1957,2540,2143,792,1808,1331,2540,1957,2454,4598,309,3443,913,8696
60,3162,735,1833,3184,1684,3168,27,2274,2691,1537,878,1424,5647,120,5978,2767,4104,2834,3950,2216,180,4367,1556,2115,842,2153,5886,448,4390,432,1847,3444,2057,2429,754,5346,2454,5021,3589,3539,1231,103,3102,2976,1257,2858,2369,2174,464,2756,1005,1551,1621,1783,3538,1021,3207,1632,2101,3267,4869,1746,797,1777,1071,1596,2178,3388,2401,349,1957,2540,2143,792,1808,1331,2540,1957,2454,4598,309,3443,913,8713
60,3162,735,1833,3168,1684,3148,27,2274,2691,1551,879,1426,5640,120,5978,2770,4104,2837,3931,2216,185,4367,1556,2118,829,2153,5899,448,4382,432,1861,3444,2054,2420,754,5346,2454,5028,3589,3534,1240,103,3102,2976,1257,2858,2369,2174,464,2756,1005,1551,1621,1783,3538,1021,3207,1632,2101,3254,4869,1748,798,1774,1070,1593,2165,3388,2404,355,1972,2540,2126,792,1810,1344,2540,1957,2464,4598,309,3443,912,8746
60,3147,735,1833,3168,1673,3161,27,2274,2691,1551,879,1426,5638,120,5978,2764,4110,2841,3945,2220,185,4367,1556,2118,829,2153,5899,448,4382,432,1861,3444,2054,2420,754,5346,2454,5028,3589,3534,1240,103,3087,2972,1255,2862,2383,2177,464,2756,1005,1551,1621,1767,3534,1021,3203,1632,2101,3267,4849,1763,798,1777,1070,1593,2165,3383,2416,349,1957,2529,2146,793,1824,1345,2547,1957,2464,4618,322,3452,910,8779
60,3147,735,1833,3168,1673,3161,27,2274,2691,1551,879,1426,5638,120,5978,2764,4110,2841,3945,2220,185,4367,1556,2101,829,2150,5896,448,4397,432,1847,3428,2054,2420,759,5346,2451,5021,3589,3539,1242,103,3082,2972,1255,2858,2383,2164,464,2751,1016,1553,1621,1767,3534,1021,3203,1632,2101,3267,4849,1763,798,1777,1070,1593,2165,3383,2416,349,1957,2529,2146,793,1824,1345,2547,1957,2464,4618,322,3452,910,8796
60,3147,735,1836,3168,1671,3161,27,2274,2691,1551,879,1426,5638,120,5978,2764,4110,2841,3945,2220,185,4367,1556,2101,829,2150,5896,448,4397,432,1847,3428,2054,2420,759,5346,2451,5021,3589,3539,1242,103,3082,2972,1255,2858,2383,2164,464,2751,1016,1553,1621,1783,3546,1021,3207,1632,2115,3275,4869,1761,797,1777,1070,1593,2168,3383,2419,349,1957,2529,2143,792,1821,1344,2540,1957,2454,4583,309,3443,912,8812
60,3147,735,1836,3168,1671,3161,27,2274,2691,1551,879,1410,5633,120,5978,2767,4118,2834,3931,2229,180,4367,1556,2101,829,2150,5911,442,4382,432,1861,3432,2054,2429,754,5346,2454,5021,3576,3547,1230,103,3102,2976,1269,2862,2383,2167,464,2756,1005,1537,1623,1780,3534,1021,3207,1632,2101,3258,4863,1746,797,1777,1060,1607,2178,3383,2352,349,1957,2529,2143,792,1821,1344,2540,1957,2454,4583,309,3443,912,8847
60,3147,746,1833,3180,1671,3161,27,2274,2691,1551,878,1424,5638,120,5978,2778,4096,2837,3950,2226,185,4382,1558,2115,830,2153,5928,442,4382,432,1847,3444,2054,2420,754,5346,2454,5007,3576,3534,1228,103,3087,2976,1271,2858,2383,2162,464,2756,1005,1537,1623,1780,3534,1021,3207,1632,2101,3258,4863,1746,797,1777,1060,1607,2178,3383,2352,355,1954,2532,2157,792,1821,1291,2540,1942,2454,4598,309,3438,910,8878
60,3147,735,1850,3172,1671,3157,27,2274,2694,1539,879,1424,5638,120,5978,2770,4104,2834,3950,2223,185,4367,1558,2115,830,2153,5921,448,4397,432,1847,3444,2054,2420,754,5346,2454,5007,3576,3534,1228,103,3087,2976,1271,2858,2383,2162,464,2751,1016,1565,1635,1780,3534,1021,3207,1632,2104,3271,4863,1750,797,1777,1070,1593,2168,3401,2392,355,1957,2529,2143,805,1824,1331,2542,1957,2467,4598,309,3456,911,8913
60,3147,735,1836,3180,1671,3157,27,2274,2694,1553,878,1424,5640,120,5978,2770,4104,2834,3950,2223,185,4367,1558,2115,830,2153,5921,448,4397,443,1864,3440,2041,2420,754,5331,2464,5028,3593,3552,1240,103,3087,2983,1271,2862,2383,2162,464,2756,1006,1553,1621,1780,3533,1021,3207,1634,2104,3254,4855,1744,797,1777,1060,1610,2168,3410,2297,349,1957,2532,2157,792,1824,1289,2540,1957,2454,4583,309,3452,907,8946
60,3147,735,1836,3180,1671,3157,27,2274,2694,1553,878,1424,5640,120,5978,2770,4104,2834,3931,2214,185,4367,1556,2118,842,2164,5928,448,4389,443,1850,3444,2054,2423,754,5346,2454,5028,3589,3539,1230,98,3087,2976,1255,2858,2383,2162,464,2756,1006,1553,1621,1780,3533,1021,3207,1634,2104,3254,4855,1744,797,1777,1060,1610,2168,3410,2297,349,1957,2532,2157,792,1824,1289,2540,1957,2454,4583,309,3452,907,8963
60,3147,746,1833,3168,1671,3172,27,2274,2691,1551,878,1424,5641,114,5978,2767,4090,2834,3945,2216,185,4382,1556,2115,841,2164,5935,442,4382,432,1850,3440,2041,2423,754,5346,2454,5028,3589,3539,1230,98,3087,2976,1255,2858,2383,2162,464,2756,1006,1537,1633,1780,3542,1021,3207,1634,2101,3254,4855,1758,792,1792,1060,1593,2153,3401,2364,349,1957,2532,2161,792,1821,1305,2540,1942,2456,4583,309,3452,912,8995
60,3147,735,1836,3168,1671,3165,27,2274,2691,1551,878,1410,5648,114,5978,2767,4090,2834,3945,2216,185,4382,1556,2115,841,2164,5935,442,4382,432,1850,3440,2041,2423,754,5331,2454,5021,3589,3547,1231,98,3102,2976,1257,2858,2373,2182,464,2756,1006,1551,1619,1780,3526,1021,3207,1634,2104,3254,4849,1765,798,1777,1070,1607,2165,3401,2392,349,1957,2529,2143,792,1821,1345,2546,1957,2454,4598,309,3452,913,9020
60,3147,735,1836,3168,1671,3165,27,2274,2691,1551,878,1410,5648,120,5978,2781,4104,2834,3936,2231,185,4367,1556,2101,842,2167,5930,442,4397,432,1850,3440,2041,2423,754,5331,2454,5021,3589,3547,1231,98,3102,2976,1257,2858,2373,2182,464,2756,1006,1551,1619,1780,3526,1021,3207,1634,2104,3254,4849,1765,798,1777,1070,1607,2165,3401,2392,349,1957,2529,2143,792,1821,1345,2546,1957,2454,4598,309,3452,913,9033
60,3147,735,1836,3168,1671,3165,27,2274,2691,1551,878,1410,5648,120,5978,2781,4104,2834,3936,2231,185,4367,1556,2101,842,2167,5930,442,4397,432,1861,3440,2043,2413,754,5346,2467,5021,3581,3539,1233,98,3087,2976,1269,2858,2386,2167,464,2756,1006,1539,1633,1780,3526,1021,3207,1634,2104,3254,4849,1765,798,1777,1070,1607,2165,3401,2392,349,1957,2529,2143,792,1821,1345,2546,1957,2454,4598,309,3452,913,9047
60,3147,735,1833,3168,1673,3165,27,2274,2691,1551,878,1410,5648,120,5978,2781,4104,2834,3936,2231,185,4367,1556,2101,842,2167,5930,442,4397,432,1861,3440,2043,2413,754,5346,2467,5021,3581,3539,1233,98,3087,2976,1269,2858,2386,2167,464,2756,1006,1539,1633,1780,3538,1021,3207,1634,2101,3258,4869,1748,798,1777,1071,1593,2165,3383,2376,349,1957,2532,2143,792,1824,1317,2540,1957,2456,4604,309,3456,912,9064
60,3147,735,1833,3168,1673,3165,27,2259,2694,1551,878,1426,5645,120,5987,2784,4096,2834,3936,2216,185,4367,1569,2104,829,2153,5911,448,4382,432,1861,3440,2043,2413,754,5346,2467,5021,3581,3539,1233,98,3087,2976,1269,2858,2386,2167,464,2756,1006,1539,1633,1780,3538,1021,3207,1634,2101,3258,4869,1748,798,1777,1071,1593,2165,3383,2376,349,1957,2532,2143,792,1824,1317,2540,1957,2456,4604,309,3456,912,9082
60,3147,735,1833,3168,1671,3157,27,2274,2694,1537,866,1410,5626,120,5987,2784,4096,2834,3936,2216,185,4367,1569,2104,829,2153,5911,448,4382,443,1847,3440,2041,2429,754,5331,2467,5007,3589,3534,1231,98,3102,2979,1269,2871,2383,2179,464,2736,1006,1553,1621,1780,3534,1021,3207,1623,2104,3258,4869,1748,797,1777,1060,1610,2165,3397,2324,349,1957,2532,2146,804,1821,1303,2540,1957,2470,4598,309,3443,910,9106
60,3147,735,1833,3168,1671,3157,27,2274,2694,1537,866,1410,5626,120,5978,2770,4090,2834,3931,2219,185,4367,1569,2118,841,2164,5938,447,4382,432,1847,3440,2057,2423,754,5346,2456,5028,3589,3539,1234,103,3102,2987,1257,2871,2383,2179,464,2736,1006,1553,1621,1780,3534,1021,3207,1623,2104,3258,4869,1748,797,1777,1060,1610,2165,3397,2324,349,1957,2532,2146,804,1821,1303,2540,1957,2470,4598,309,3443,910,9122
60,3147,735,1833,3168,1671,3157,27,2274,2694,1537,866,1410,5626,120,5978,2770,4090,2834,3931,2219,185,4367,1569,2118,841,2164,5938,447,4382,432,1847,3440,2057,2423,754,5346,2456,5028,3589,3539,1234,103,3102,2987,1257,2858,2386,2172,459,2756,1007,1551,1621,1780,3538,1022,3207,1635,2104,3250,4855,1748,797,1777,1061,1607,2153,3397,2339,355,1957,2532,2143,792,1824,1316,2540,1957,2470,4598,309,3443,910,9151
60,3147,735,1833,3168,1671,3169,27,2259,2694,1551,878,1412,5658,120,5993,2781,4110,2834,3931,2226,185,4367,1558,2115,841,2167,5933,442,4382,432,1850,3436,2054,2420,754,5331,2467,5007,3589,3534,1230,103,3102,2976,1271,2858,2397,2175,464,2756,1017,1553,1621,1780,3546,1021,3207,1634,2104,3254,4863,1748,797,1777,1061,1607,2153,3397,2339,355,1957,2532,2143,792,1824,1316,2540,1957,2456,4583,309,3443,912,9181
60,3147,735,1850,3180,1684,3157,21,2255,2667,1523,865,1395,5622,114,5969,2767,4070,2818,3917,2216,180,4360,1547,2101,828,2147,5911,442,4360,432,1833,3428,2054,2426,754,5346,2467,5028,3576,3552,1245,103,3102,2976,1271,2858,2397,2175,464,2756,1017,1553,1621,1780,3546,1021,3207,1634,2104,3254,4863,1746,797,1792,1071,1610,2153,3401,2426,349,1960,2543,2146,792,1824,1345,2540,1957,2456,4604,309,3452,913,9208
60,3147,735,1850,3180,1684,3157,21,2255,2667,1523,865,1395,5622,114,5969,2767,4070,2818,3917,2216,180,4360,1547,2101,828,2147,5911,442,4360,432,1833,3428,2054,2426,754,5346,2467,5028,3576,3552,1245,103,3102,2976,1255,2858,2386,2167,464,2756,1006,1551,1633,1780,3525,1021,3207,1635,2104,3250,4863,1748,797,1762,1059,1596,2165,3410,2309,349,1957,2532,2146,792,1824,1345,2540,1957,2456,4604,309,3452,913,9229
60,3162,736,1833,3168,1671,3165,27,2277,2694,1539,866,1410,5640,120,5978,2770,4110,2821,3945,2226,180,4367,1558,2118,829,2147,5911,442,4360,432,1833,3428,2054,2426,754,5346,2467,5028,3576,3552,1245,103,3102,2976,1255,2858,2386,2167,464,2756,1006,1551,1633,1780,3525,1021,3207,1635,2104,3250,4863,1748,797,1762,1059,1596,2165,3410,2309,349,1957,2532,2146,792,1821,1305,2540,1957,2456,4604,309,3456,911,9251
60,3162,736,1833,3168,1671,3165,27,2277,2694,1539,866,1410,5640,120,5978,2770,4110,2821,3945,2226,180,4367,1558,2118,829,2150,5935,442,4382,443,1847,3440,2041,2426,754,5331,2467,5028,3576,3539,1243,103,3102,2987,1257,2858,2383,2167,464,2756,1006,1537,1633,1783,3534,1021,3207,1634,2104,3254,4863,1748,797,1777,1060,1596,2165,3410,2309,349,1957,2532,2146,792,1821,1305,2540,1957,2456,4604,309,3456,911,9266
60,3167,746,1836,3168,1671,3161,27,2274,2681,1551,878,1410,5640,120,5993,2773,4110,2834,3936,2231,180,4367,1558,2118,829,2150,5935,442,4382,443,1847,3440,2041,2426,754,5331,2467,5028,3576,3539,1243,103,3102,2987,1257,2858,2383,2167,464,2756,1006,1537,1633,1783,3534,1021,3207,1634,2104,3254,4863,1748,797,1777,1060,1593,2165,3397,2389,355,1957,2532,2143,792,1821,1305,2540,1957,2456,4604,309,3438,911,9281
60,3167,746,1836,3168,1671,3161,27,2274,2681,1551,878,1410,5640,120,5993,2773,4110,2834,3936,2231,180,4382,1556,2115,840,2164,5935,442,4397,443,1864,3440,2041,2426,754,5331,2467,5028,3576,3539,1243,103,3102,2987,1257,2858,2383,2167,464,2756,1006,1537,1633,1783,3534,1021,3207,1634,2104,3254,4863,1748,797,1777,1060,1593,2165,3397,2389,355,1957,2532,2143,792,1821,1305,2540,1957,2456,4604,309,3438,911,9300
60,3167,746,1836,3168,1671,3161,27,2274,2681,1551,878,1410,5640,120,5993,2773,4110,2834,3936,2231,180,4382,1556,2115,840,2164,5935,442,4397,443,1864,3440,2041,2426,754,5331,2467,5021,3589,3539,1233,98,3102,2987,1257,2871,2386,2170,464,2756,1006,1539,1633,1783,3551,1021,3207,1635,2118,3254,4863,1761,798,1777,1072,1596,2165,3397,2389,355,1942,2535,2146,804,1821,1331,2546,1957,2456,4604,309,3438,911,9314
60,3167,736,1836,3180,1673,3172,27,2277,2697,1553,878,1424,5622,120,5993,2770,4110,2837,3950,2222,185,4367,1560,2118,842,2164,5930,448,4397,444,1847,3440,2041,2416,754,5331,2467,5021,3589,3539,1233,98,3102,2987,1257,2871,2386,2170,464,2756,1006,1539,1633,1783,3551,1021,3207,1635,2118,3254,4863,1761,798,1777,1072,1596,2165,3397,2389,355,1942,2535,2146,804,1821,1331,2546,1954,2459,4598,309,3456,912,9339
60,3167,736,1836,3180,1673,3172,27,2277,2697,1553,878,1424,5622,120,5993,2770,4110,2837,3950,2222,185,4367,1560,2118,842,2164,5930,448,4397,444,1847,3440,2041,2416,754,5331,2467,5014,3584,3534,1234,98,3102,2976,1257,2858,2383,2157,464,2756,1006,1551,1621,1780,3530,1021,3207,1634,2104,3238,4849,1750,792,1774,1071,1593,2165,3392,2404,355,1957,2532,2146,792,1821,1333,2540,1954,2459,4598,309,3456,912,9354
60,3147,735,1833,3168,1657,3172,27,2274,2694,1551,878,1412,5628,120,5993,2770,4124,2834,3945,2219,185,4367,1558,2101,829,2164,5930,442,4382,444,1850,3423,2041,2416,754,5331,2467,5014,3584,3534,1234,98,3102,2976,1257,2858,2383,2157,464,2756,1006,1551,1621,1780,3530,1021,3207,1634,2104,3238,4849,1750,792,1774,1071,1593,2165,3392,2404,355,1957,2532,2146,792,1821,1333,2540,1957,2459,4604,309,3452,913,9384
60,3147,735,1836,3168,1657,3168,27,2274,2694,1553,878,1424,5622,120,5993,2770,4110,2834,3945,2216,185,4367,1558,2118,841,2164,5930,442,4382,444,1850,3423,2041,2426,754,5331,2481,5021,3589,3539,1231,103,3087,2993,1257,2858,2383,2172,464,2751,1007,1553,1635,1794,3530,1016,3207,1634,2104,3254,4849,1755,797,1777,1060,1596,2163,3397,2407,349,1957,2535,2146,792,1824,1359,2540,1957,2459,4598,297,3456,913,9410
60,3147,735,1836,3168,1657,3168,27,2274,2694,1553,878,1424,5622,120,5993,2770,4110,2834,3945,2216,185,4367,1558,2118,841,2150,5940,448,4382,433,1850,3444,2057,2426,754,5346,2467,5014,3589,3534,1234,103,3087,2993,1257,2858,2383,2172,464,2751,1007,1553,1635,1794,3530,1016,3207,1634,2104,3254,4849,1755,797,1777,1060,1596,2163,3397,2407,349,1957,2535,2146,792,1824,1359,2540,1957,2459,4598,297,3456,913,9424
60,3147,735,1836,3168,1657,3168,27,2274,2694,1553,878,1424,5622,120,5993,2770,4110,2834,3945,2216,185,4367,1558,2118,841,2150,5940,448,4382,433,1850,3444,2057,2426,754,5346,2467,5014,3589,3534,1234,103,3087,2987,1269,2858,2383,2160,464,2756,1006,1553,1621,1780,3538,1021,3207,1623,2104,3254,4849,1763,792,1777,1060,1596,2153,3383,2379,349,1957,2535,2146,792,1824,1359,2540,1957,2459,4598,297,3456,913,9435
60,3162,735,1836,3168,1657,3168,27,2274,2689,1553,878,1424,5622,120,5993,2770,4110,2834,3945,2222,185,4374,1560,2104,841,2167,5930,442,4375,444,1850,3440,2041,2413,754,5331,2478,5014,3589,3534,1234,103,3087,2987,1269,2858,2383,2160,464,2756,1006,1553,1621,1780,3538,1021,3207,1623,2104,3254,4849,1763,792,1777,1060,1596,2153,3383,2379,355,1957,2532,2143,792,1824,1358,2540,1957,2462,4604,309,3438,913,9464
60,3162,735,1836,3168,1657,3168,27,2274,2689,1553,878,1424,5622,120,5993,2770,4110,2834,3945,2222,185,4374,1560,2104,841,2167,5930,442,4375,444,1850,3440,2041,2413,754,5331,2478,5007,3589,3534,1233,98,3082,2976,1257,2858,2383,2167,464,2756,1006,1553,1633,1794,3538,1021,3207,1623,2104,3267,4863,1746,792,1777,1072,1596,2153,3383,2379,355,1957,2532,2143,792,1824,1358,2540,1957,2462,4604,309,3438,913,9481
54,3142,724,1819,3164,1657,3152,21,2255,2673,1537,865,1409,5629,114,5969,2770,4090,2818,3912,2209,180,4360,1547,2101,828,2136,5945,442,4360,432,1833,3423,2038,2404,748,5308,2478,4985,3572,3515,1222,98,3067,2976,1255,2858,2383,2167,464,2756,1006,1553,1633,1794,3538,1021,3207,1623,2104,3267,4863,1746,792,1777,1072,1593,2165,3397,2379,355,1957,2532,2161,804,1821,1331,2547,1954,2443,4583,296,3438,900,9513
60,3147,736,1847,3172,1659,3172,27,2274,2686,1551,879,1410,5641,120,5993,2773,4096,2837,3945,2219,180,4367,1560,2118,831,2136,5945,442,4360,432,1833,3423,2038,2404,748,5308,2478,4985,3572,3515,1222,98,3067,2976,1255,2843,2366,2160,458,2721,1006,1537,1619,1767,3518,1015,3187,1612,2084,3238,4829,1740,792,1777,1060,1596,2165,3397,2407,355,1957,2529,2146,793,1821,1347,2540,1957,2456,4604,309,3438,914,9547
60,3147,736,1847,3172,1659,3172,27,2274,2686,1551,879,1410,5641,120,5993,2773,4096,2837,3945,2219,180,4367,1560,2118,831,2150,5943,448,4382,444,1850,3432,2041,2419,754,5331,2481,5007,3581,3534,1233,98,3102,2990,1257,2858,2383,2170,464,2771,1007,1537,1623,1780,3543,1021,3212,1635,2104,3271,4855,1740,792,1777,1060,1596,2165,3397,2407,355,1957,2529,2146,793,1821,1347,2540,1957,2456,4604,309,3438,914,9562
60,3147,736,1850,3168,1657,3164,27,2274,2686,1551,879,1410,5636,125,5978,2773,4096,2850,3950,2224,185,4367,1560,2118,831,2150,5943,448,4382,444,1850,3432,2041,2419,754,5331,2481,5007,3581,3534,1233,98,3102,2990,1257,2858,2383,2170,464,2771,1007,1537,1623,1780,3543,1021,3212,1635,2104,3271,4855,1750,792,1777,1073,1593,2168,3388,2407,349,1957,2524,2161,793,1821,1345,2540,1957,2459,4604,309,3452,913,9581
60,3147,736,1850,3168,1657,3164,27,2274,2686,1551,879,1410,5636,125,5978,2773,4096,2850,3950,2224,185,4367,1560,2101,842,2167,5945,442,4397,444,1850,3428,2043,2422,754,5346,2481,5021,3593,3534,1222,98,3102,2990,1257,2858,2383,2170,464,2771,1007,1537,1623,1780,3543,1021,3212,1635,2104,3271,4855,1750,792,1777,1073,1593,2168,3388,2407,349,1957,2524,2161,793,1821,1345,2540,1957,2459,4604,309,3452,913,9592
60,3147,736,1850,3168,1657,3164,27,2274,2686,1551,879,1410,5636,125,5978,2773,4096,2850,3950,2224,185,4367,1560,2101,842,2167,5945,442,4397,444,1850,3428,2043,2422,754,5346,2481,5021,3593,3534,1222,103,3087,2990,1271,2862,2383,2178,464,2756,1007,1553,1621,1780,3539,1021,3207,1635,2104,3242,4849,1767,791,1779,1061,1598,2168,3383,2435,349,1957,2535,2146,793,1821,1331,2540,1957,2459,4598,309,3452,914,9614
60,3147,736,1836,3172,1659,3164,32,2274,2689,1551,878,1426,5636,120,5969,2773,4096,2850,3936,2222,185,4375,1560,2118,829,2181,5955,442,4382,444,1850,3436,2041,2419,754,5331,2481,5007,3581,3534,1236,98,3087,2990,1255,2862,2386,2175,464,2756,1008,1553,1623,1780,3539,1021,3207,1635,2104,3242,4849,1767,791,1779,1061,1598,2168,3383,2435,349,1957,2535,2146,793,1821,1331,2540,1957,2459,4598,309,3452,914,9648
60,3162,737,1836,3172,1659,3176,27,2274,2700,1553,878,1426,5636,120,5969,2773,4096,2850,3936,2222,185,4375,1560,2118,829,2181,5955,442,4382,444,1850,3436,2041,2419,754,5331,2481,5007,3581,3534,1236,98,3087,2990,1255,2862,2386,2175,464,2756,1008,1553,1623,1780,3543,1021,3207,1625,2104,3267,4849,1765,792,1792,1072,1596,2168,3383,2410,355,1957,2535,2143,792,1824,1333,2540,1957,2459,4604,309,3438,913,9664
60,3162,737,1836,3172,1659,3176,27,2274,2700,1553,878,1426,5636,120,5978,2773,4096,2834,3931,2224,185,4382,1560,2101,830,2164,5945,442,4404,444,1850,3432,2043,2422,754,5331,2481,5014,3589,3534,1223,98,3087,2990,1255,2862,2386,2175,464,2756,1008,1553,1623,1780,3543,1021,3207,1625,2104,3267,4849,1765,792,1792,1072,1596,2168,3383,2410,355,1957,2535,2143,792,1824,1333,2540,1957,2459,4604,309,3438,913,9672
60,3162,737,1836,3172,1659,3176,27,2274,2700,1553,878,1426,5636,120,5978,2773,4096,2834,3931,2224,185,4382,1560,2101,830,2164,5945,442,4404,444,1850,3432,2043,2422,754,5331,2481,5014,3589,3534,1223,98,3087,2990,1257,2862,2383,2160,464,2756,1007,1553,1623,1783,3535,1021,3207,1635,2104,3271,4849,1755,797,1777,1073,1596,2171,3388,2435,354,1957,2535,2146,792,1824,1333,2540,1957,2459,4604,309,3438,913,9698
60,3147,737,1850,3188,1673,3165,27,2274,2697,1553,879,1412,5647,120,5993,2773,4096,2846,3936,2229,185,4382,1560,2104,830,2164,5945,442,4404,444,1850,3432,2043,2422,754,5331,2481,5014,3589,3534,1223,98,3087,2990,1257,2862,2383,2160,464,2756,1007,1553,1623,1783,3535,1021,3207,1635,2104,3271,4849,1755,797,1777,1073,1596,2171,3388,2435,354,1957,2535,2146,805,1824,1319,2540,1942,2459,4604,309,3443,912,9714
60,3147,737,1850,3188,1673,3165,27,2274,2697,1553,879,1412,5647,120,5993,2773,4096,2846,3936,2229,185,4382,1560,2104,830,2167,5955,442,4397,444,1850,3432,2054,2416,754,5331,2491,5014,3581,3534,1231,98,3087,2993,1257,2862,2386,2177,464,2756,1008,1567,1621,1783,3530,1021,3207,1625,2104,3258,4855,1746,797,1777,1062,1596,2168,3415,2349,354,1957,2535,2146,805,1824,1319,2540,1942,2459,4604,309,3443,912,9731
60,3162,736,1836,3180,1673,3156,27,2274,2689,1553,878,1426,5641,120,5978,2776,4104,2834,3945,2219,191,4382,1560,2118,831,2167,5950,442,4382,444,1850,3440,2057,2416,754,5331,2491,5014,3581,3534,1231,98,3087,2993,1257,2862,2386,2177,464,2756,1008,1567,1621,1783,3530,1021,3207,1625,2104,3258,4855,1746,797,1777,1062,1596,2168,3415,2349,349,1957,2535,2143,792,1821,1291,2546,1957,2462,4604,309,3438,912,9764
60,3147,737,1836,3168,1673,3161,27,2259,2689,1551,866,1412,5638,114,5978,2776,4090,2834,3945,2219,191,4382,1560,2118,831,2167,5950,442,4382,444,1850,3440,2057,2416,748,5331,2481,5014,3576,3534,1246,103,3102,2993,1257,2862,2386,2170,464,2756,1008,1551,1623,1783,3538,1021,3207,1637,2104,3258,4855,1763,792,1777,1072,1610,2168,3397,2389,355,1957,2537,2161,792,1824,1333,2540,1957,2451,4604,309,3456,910,9797
60,3147,737,1836,3168,1673,3161,27,2259,2689,1551,866,1412,5638,114,5978,2776,4090,2834,3931,2238,180,4382,1561,2104,841,2167,5980,442,4382,444,1850,3440,2057,2432,759,5339,2494,5014,3593,3539,1245,103,3087,2979,1271,2862,2373,2170,464,2756,1008,1567,1635,1783,3543,1021,3207,1626,2104,3271,4869,1750,792,1777,1073,1610,2165,3401,2367,349,1957,2535,2146,793,1824,1305,2546,1942,2462,4604,309,3456,910,9829
60,3147,748,1850,3180,1673,3168,27,2274,2700,1553,878,1428,5673,120,5978,2776,4110,2834,3936,2249,185,4382,1561,2104,829,2167,5975,442,4382,444,1864,3440,2054,2432,759,5339,2494,5014,3593,3539,1245,103,3087,2979,1271,2862,2373,2170,464,2756,1008,1567,1635,1783,3543,1021,3207,1626,2104,3271,4869,1750,792,1777,1073,1610,2165,3401,2367,349,1957,2535,2146,793,1824,1305,2546,1942,2462,4604,309,3443,900,9851
60,3147,737,1836,3180,1673,3172,27,2274,2700,1553,878,1414,5672,120,5993,2776,4110,2834,3936,2249,185,4382,1561,2104,829,2167,5975,442,4382,444,1864,3440,2054,2432,754,5339,2494,5014,3589,3539,1246,103,3087,2993,1271,2858,2386,2175,464,2756,1008,1553,1623,1783,3543,1021,3207,1637,2118,3254,4869,1753,792,1777,1072,1596,2165,3401,2370,349,1957,2537,2161,793,1824,1320,2540,1957,2462,4604,309,3456,913,9880
60,3147,737,1836,3180,1673,3172,27,2274,2700,1553,878,1414,5672,120,5993,2776,4110,2834,3936,2246,185,4382,1560,2118,842,2167,5970,442,4397,444,1850,3428,2043,2435,754,5346,2494,5028,3589,3534,1237,103,3087,2990,1257,2858,2386,2175,464,2756,1008,1553,1623,1783,3543,1021,3207,1637,2118,3254,4869,1753,792,1777,1072,1596,2165,3401,2370,349,1957,2537,2161,793,1824,1320,2540,1957,2462,4604,309,3456,913,9897
60,3162,748,1850,3172,1659,3180,27,2274,2689,1555,879,1410,5668,120,5978,2776,4096,2850,3942,2249,185,4389,1561,2118,830,2153,5962,442,4397,444,1850,3428,2043,2435,754,5346,2494,5028,3589,3534,1237,103,3087,2990,1257,2858,2383,2178,464,2756,1008,1553,1621,1783,3539,1021,3207,1635,2104,3254,4855,1769,792,1777,1072,1593,2165,3388,2422,355,1957,2527,2146,792,1824,1363,2547,1960,2462,4604,309,3456,916,9929
60,3162,748,1850,3172,1659,3180,27,2274,2689,1555,879,1410,5668,120,5978,2776,4096,2850,3942,2249,185,4389,1561,2118,830,2153,5962,442,4397,444,1850,3440,2057,2429,754,5331,2494,5014,3593,3539,1233,98,3102,2993,1257,2862,2386,2172,464,2756,1008,1567,1623,1783,3543,1021,3207,1637,2104,3267,4869,1769,792,1777,1072,1593,2165,3388,2422,355,1957,2527,2146,792,1824,1363,2547,1960,2462,4604,309,3456,916,9947
60,3162,737,1836,3184,1659,3173,27,2259,2686,1553,879,1412,5659,120,5978,2776,4110,2850,3936,2234,185,4382,1561,2104,842,2164,5962,442,4404,444,1850,3444,2043,2432,754,5331,2481,5014,3593,3539,1234,98,3102,2993,1257,2862,2386,2172,464,2756,1008,1567,1623,1783,3543,1021,3207,1637,2104,3267,4869,1748,792,1779,1062,1610,2165,3397,2370,355,1957,2537,2161,792,1824,1345,2540,1957,2459,4604,309,3456,912,9981
60,3162,737,1836,3184,1659,3173,27,2259,2686,1553,879,1412,5659,120,5978,2776,4110,2850,3936,2234,185,4382,1561,2104,842,2164,5962,442,4404,444,1850,3444,2043,2432,754,5331,2481,5014,3593,3539,1234,103,3087,2993,1269,2862,2373,2170,464,2756,1007,1567,1623,1769,3556,1021,3207,1626,2104,3258,4855,1753,792,1792,1062,1610,2156,3401,2385,349,1957,2527,2146,792,1821,1345,2540,1957,2459,4604,309,3456,912,9997
60,3162,748,1850,3184,1659,3189,27,2259,2689,1553,879,1424,5666,120,5978,2776,4110,2850,3950,2231,185,4404,1561,2104,830,2164,5962,442,4404,444,1850,3444,2043,2432,754,5331,2481,5014,3593,3539,1234,103,3087,2993,1269,2862,2373,2170,464,2756,1007,1567,1623,1769,3556,1021,3207,1626,2104,3258,4855,1753,792,1792,1062,1610,2156,3401,2385,349,1957,2527,2146,792,1821,1345,2540,1957,2451,4618,309,3443,913,10013
60,3147,736,1836,3172,1659,3172,27,2274,2678,1553,879,1424,5666,120,5978,2776,4110,2850,3950,2231,185,4404,1561,2104,830,2164,5975,442,4397,444,1850,3432,2057,2432,754,5331,2494,5014,3593,3539,1234,103,3087,2993,1257,2862,2386,2167,464,2756,1019,1553,1623,1783,3551,1015,3187,1635,2090,3254,4855,1750,792,1777,1073,1596,2168,3401,2382,349,1957,2527,2146,793,1824,1319,2540,1957,2451,4604,309,3456,911,10048
60,3162,736,1836,3172,1659,3172,27,2274,2678,1551,867,1424,5659,120,5993,2776,4110,2850,3936,2229,185,4397,1560,2104,842,2167,5972,442,4382,444,1850,3432,2043,2426,754,5346,2505,5014,3593,3539,1231,103,3087,2993,1271,2862,2386,2179,464,2756,1007,1553,1621,1783,3555,1021,3207,1625,2101,3267,4855,1753,792,1777,1061,1593,2165,3383,2367,349,1942,2524,2146,792,1824,1307,2540,1957,2459,4604,309,3438,901,10084
60,3162,736,1836,3168,1673,3181,21,2259,2689,1539,879,1414,5654,120,6003,2776,4110,2850,3936,2226,185,4382,1560,2104,842,2153,5962,442,4382,433,1847,3432,2043,2432,754,5331,2505,5014,3589,3539,1234,103,3102,2993,1257,2858,2373,2185,464,2756,1007,1553,1621,1783,3534,1021,3207,1637,2104,3258,4855,1753,792,1777,1061,1593,2165,3383,2367,349,1942,2524,2146,792,1824,1307,2540,1957,2459,4604,309,3438,901,10115
60,3162,737,1847,3172,1659,3172,27,2274,2678,1553,878,1412,5668,120,5978,2776,4110,2846,3936,2197,185,4397,1560,2104,830,2167,5962,448,4397,444,1864,3444,2043,2429,754,5346,2516,5014,3589,3539,1234,103,3102,2993,1257,2858,2373,2185,464,2756,1007,1553,1621,1783,3534,1021,3207,1637,2104,3258,4855,1750,792,1777,1073,1596,2168,3401,2382,355,1954,2537,2146,792,1826,1317,2540,1942,2462,4618,309,3443,913,10146
60,3147,736,1836,3168,1673,3172,27,2274,2678,1553,879,1428,5654,120,5993,2776,4110,2846,3936,2197,185,4397,1560,2104,830,2167,5962,448,4397,444,1864,3444,2043,2429,754,5346,2516,5014,3593,3539,1233,103,3107,3004,1257,2862,2390,2185,464,2756,1019,1553,1635,1769,3538,1021,3207,1637,2104,3258,4855,1753,792,1777,1062,1596,2156,3406,2392,349,1942,2524,2146,792,1826,1308,2542,1957,2462,4604,310,3443,913,10180
60,3147,736,1836,3168,1673,3172,27,2274,2678,1553,879,1428,5654,120,5993,2776,4110,2846,3936,2222,185,4397,1549,2104,841,2153,5975,448,4389,444,1850,3428,2043,2432,748,5316,2502,5014,3581,3539,1234,103,3102,3004,1257,2850,2386,2170,464,2756,1019,1553,1635,1783,3543,1021,3212,1626,2104,3258,4855,1753,792,1777,1062,1610,2168,3420,2300,349,1960,2537,2146,793,1824,1266,2546,1960,2459,4604,309,3438,911,10214
60,3147,736,1850,3184,1659,3177,27,2274,2689,1553,879,1426,5659,114,5978,2765,4110,2837,3936,2216,185,4397,1561,2104,830,2153,5955,448,4382,444,1850,3444,2057,2429,754,5331,2502,5014,3581,3539,1233,103,3102,2993,1257,2862,2386,2172,464,2756,1018,1553,1621,1771,3530,1027,3207,1626,2118,3258,4855,1748,797,1777,1062,1596,2165,3401,2398,349,1960,2537,2146,793,1824,1266,2546,1960,2459,4604,309,3438,911,10246
65,3147,737,1850,3188,1675,3164,27,2274,2689,1553,879,1412,5641,120,5978,2776,4130,2837,3936,2216,185,4397,1561,2104,830,2153,5955,448,4382,444,1850,3444,2057,2429,754,5331,2502,5014,3581,3539,1233,103,3102,2993,1257,2862,2386,2172,464,2756,1018,1553,1621,1771,3530,1027,3207,1626,2118,3258,4855,1748,797,1777,1062,1596,2165,3401,2398,355,1957,2537,2143,793,1826,1334,2540,1957,2462,4604,309,3443,914,10263
65,3147,737,1850,3188,1675,3164,27,2274,2689,1553,879,1412,5641,120,5978,2776,4130,2846,3936,2222,185,4397,1561,2104,841,2153,5938,442,4382,444,1850,3428,2057,2419,754,5331,2494,5014,3589,3539,1220,98,3082,2993,1271,2862,2373,2177,464,2756,1018,1553,1621,1771,3530,1027,3207,1626,2118,3258,4855,1748,797,1777,1062,1596,2165,3401,2398,355,1957,2537,2143,793,1826,1334,2540,1957,2462,4604,309,3443,914,10280
60,3147,736,1838,3176,1673,3177,27,2274,2689,1555,879,1426,5652,120,5993,2776,4110,2846,3936,2214,185,4397,1550,2104,842,2153,5953,442,4389,444,1850,3440,2043,2419,754,5331,2494,5014,3589,3539,1220,98,3082,2993,1271,2862,2373,2177,464,2756,1007,1553,1623,1769,3530,1021,3207,1626,2104,3254,4855,1746,792,1779,1062,1596,2165,3415,2327,349,1942,2537,2146,793,1824,1280,2546,1957,2462,4604,309,3443,911,10314
60,3147,737,1850,3184,1673,3168,27,2277,2689,1553,878,1426,5645,120,5993,2776,4110,2846,3936,2214,185,4397,1550,2104,842,2153,5953,442,4389,444,1850,3440,2043,2413,754,5331,2502,5014,3593,3539,1233,98,3087,2990,1257,2862,2386,2179,464,2756,1019,1553,1623,1783,3546,1021,3207,1626,2104,3254,4869,1750,792,1777,1062,1612,2168,3401,2367,355,1957,2537,2146,792,1826,1279,2542,1957,2462,4604,309,3438,923,10346
60,3147,737,1850,3184,1673,3168,27,2277,2689,1553,878,1426,5645,120,5978,2776,4110,2834,3936,2216,191,4412,1561,2104,842,2153,5972,442,4382,444,1850,3432,2043,2423,748,5339,2505,5014,3593,3539,1236,103,3087,3004,1271,2862,2386,2187,464,2756,1008,1539,1621,1769,3535,1021,3212,1626,2104,3258,4869,1769,792,1777,1062,1596,2165,3388,2382,355,1957,2537,2146,793,1824,1334,2546,1957,2462,4604,309,3438,923,10380
60,3162,737,1850,3184,1675,3168,27,2274,2678,1553,879,1426,5648,120,5978,2773,4110,2837,3936,2207,191,4434,1561,2104,842,2167,5965,442,4397,444,1867,3428,2041,2410,748,5324,2494,5021,3581,3539,1237,98,3102,2993,1257,2862,2373,2175,464,2760,1019,1553,1623,1783,3531,1021,3207,1637,2101,3258,4862,1757,792,1762,1072,1596,2165,3388,2382,355,1957,2537,2146,793,1824,1334,2546,1957,2462,4604,309,3443,915,10414
60,3147,736,1850,3172,1687,3180,27,2274,2686,1539,879,1412,5648,120,5987,2776,4110,2834,3936,2224,191,4434,1560,2107,830,2167,5977,442,4389,444,1850,3432,2057,2410,748,5324,2494,5021,3581,3539,1237,98,3102,2993,1257,2862,2373,2175,464,2760,1019,1553,1623,1783,3531,1021,3207,1637,2101,3258,4862,1757,792,1762,1072,1607,2168,3401,2388,349,1957,2537,2161,793,1824,1350,2540,1957,2462,4604,309,3461,916,10440
60,3147,736,1850,3172,1687,3180,27,2274,2686,1539,879,1412,5648,120,5987,2776,4110,2834,3936,2224,191,4434,1560,2107,830,2167,5977,442,4389,444,1850,3432,2057,2425,748,5339,2505,5014,3598,3552,1237,103,3107,2993,1271,2862,2386,2187,464,2756,1019,1567,1623,1769,3530,1021,3212,1637,2104,3271,4869,1755,792,1779,1073,1607,2168,3401,2388,349,1957,2537,2161,793,1824,1350,2540,1957,2462,4604,309,3461,916,10451
60,3167,737,1836,3176,1673,3172,27,2274,2686,1553,880,1426,5648,120,5987,2776,4110,2850,3956,2215,191,4442,1560,2104,830,2170,5977,442,4382,444,1864,3444,2043,2425,748,5339,2505,5014,3598,3552,1237,103,3107,2993,1271,2862,2386,2187,464,2756,1019,1567,1623,1769,3530,1021,3212,1637,2104,3271,4869,1755,792,1779,1073,1610,2183,3392,2400,355,1960,2537,2161,793,1826,1349,2546,1957,2472,4604,310,3443,914,10481
60,3167,737,1836,3176,1673,3172,27,2274,2686,1553,880,1426,5648,120,5987,2776,4110,2850,3956,2215,191,4442,1560,2104,830,2170,5977,442,4382,444,1864,3444,2043,2432,754,5331,2505,5028,3589,3539,1236,103,3107,3004,1272,2858,2400,2190,464,2760,1019,1567,1621,1783,3547,1021,3207,1626,2104,3267,4862,1755,792,1779,1073,1610,2183,3392,2400,355,1960,2537,2161,793,1826,1349,2546,1957,2472,4604,310,3443,914,10490
60,3152,736,1836,3172,1659,3165,27,2274,2689,1553,878,1426,5645,120,5978,2776,4110,2837,3931,2201,191,4442,1561,2118,842,2170,5977,442,4382,444,1864,3444,2043,2432,754,5331,2505,5028,3589,3539,1236,103,3107,3004,1272,2858,2400,2190,464,2760,1019,1567,1621,1783,3547,1021,3207,1626,2104,3267,4862,1746,792,1777,1062,1610,2168,3401,2382,355,1957,2524,2146,793,1824,1334,2546,1957,2459,4604,309,3456,913,10514
60,3152,736,1836,3172,1659,3165,27,2274,2689,1553,878,1426,5645,120,5978,2776,4110,2837,3931,2201,191,4442,1561,2118,842,2167,5972,448,4382,444,1864,3449,2057,2426,749,5331,2491,5014,3576,3539,1230,98,3102,3001,1257,2866,2386,2170,464,2756,1018,1553,1621,1783,3547,1021,3207,1626,2104,3267,4862,1746,792,1777,1062,1610,2168,3401,2382,355,1957,2524,2146,793,1824,1334,2546,1957,2459,4604,309,3456,913,10531
60,3167,736,1836,3184,1673,3165,27,2277,2686,1553,879,1426,5635,120,5993,2762,4110,2837,3956,2219,191,4442,1561,2118,842,2167,5972,448,4382,444,1864,3449,2057,2426,749,5331,2491,5014,3576,3539,1230,98,3102,3001,1257,2866,2386,2170,464,2756,1018,1553,1621,1769,3542,1022,3207,1625,2104,3258,4855,1748,792,1779,1073,1596,2168,3401,2379,349,1957,2537,2146,793,1826,1320,2540,1957,2462,4604,310,3456,912,10564
60,3152,737,1836,3188,1673,3165,27,2277,2686,1553,879,1426,5635,120,5993,2762,4110,2837,3956,2219,191,4442,1560,2118,830,2167,5960,442,4382,444,1850,3432,2057,2429,754,5339,2491,5014,3585,3539,1233,98,3102,2990,1257,2853,2376,2182,464,2760,1007,1553,1623,1783,3538,1021,3207,1637,2104,3258,4876,1748,797,1777,1072,1610,2168,3406,2339,349,1960,2537,2146,793,1838,1293,2540,1960,2462,4604,309,3443,911,10597
60,3152,737,1836,3188,1673,3165,27,2274,2686,1553,880,1428,5640,114,5978,2773,4110,2850,3936,2229,191,4442,1550,2118,829,2167,5980,442,4374,444,1850,3432,2046,2426,754,5316,2489,5014,3589,3539,1245,98,3102,2990,1271,2858,2386,2179,464,2760,1007,1553,1623,1783,3551,1021,3207,1626,2104,3258,4855,1748,792,1777,1061,1596,2168,3401,2364,349,1960,2537,2146,793,1838,1293,2540,1960,2462,4604,309,3443,911,10628
65,3152,736,1850,3176,1673,3165,27,2274,2686,1539,880,1426,5640,120,5978,2773,4115,2850,3936,2229,191,4442,1550,2118,829,2167,5980,442,4374,444,1850,3432,2046,2426,754,5316,2489,5014,3589,3539,1245,98,3102,2990,1271,2858,2386,2179,464,2760,1007,1553,1623,1783,3551,1021,3207,1626,2104,3258,4855,1748,792,1777,1061,1596,2168,3401,2364,355,1960,2535,2146,805,1838,1293,2540,1957,2459,4604,321,3470,911,10646
65,3152,736,1850,3176,1673,3165,27,2274,2686,1539,880,1426,5640,120,5978,2773,4115,2846,3942,2216,191,4442,1549,2104,842,2181,5980,442,4382,444,1850,3432,2057,2426,754,5331,2494,5014,3593,3539,1231,103,3087,2990,1257,2862,2373,2182,464,2756,1018,1567,1637,1783,3551,1021,3207,1626,2104,3258,4855,1748,792,1777,1061,1596,2168,3401,2364,355,1960,2535,2146,805,1838,1293,2540,1957,2459,4604,321,3470,911,10662
60,3147,736,1850,3176,1673,3165,27,2274,2686,1539,880,1426,5640,120,5978,2773,4115,2846,3942,2216,191,4442,1549,2104,842,2181,5980,442,4382,444,1850,3432,2057,2426,754,5331,2494,5014,3593,3539,1231,103,3087,2990,1257,2862,2373,2182,464,2756,1018,1567,1637,1783,3546,1027,3207,1637,2104,3263,4869,1748,792,1777,1073,1596,2168,3392,2379,349,1960,2535,2161,794,1824,1293,2547,1957,2448,4618,309,3443,911,10680
60,3147,736,1836,3172,1673,3168,27,2274,2686,1539,879,1412,5647,120,5978,2773,4110,2837,3936,2229,191,4434,1560,2104,843,2167,5972,442,4389,444,1850,3444,2046,2426,754,5331,2494,5014,3593,3539,1231,103,3087,2990,1257,2862,2373,2182,464,2756,1018,1567,1637,1783,3546,1027,3207,1637,2104,3263,4869,1748,792,1777,1073,1596,2168,3392,2379,349,1960,2535,2161,794,1824,1293,2547,1957,2448,4618,309,3443,911,10697
60,3147,736,1836,3172,1673,3168,27,2274,2686,1539,879,1412,5647,120,5978,2773,4110,2837,3936,2229,191,4434,1560,2104,843,2167,5972,442,4389,444,1850,3444,2046,2426,754,5331,2491,5014,3593,3539,1233,98,3102,2990,1257,2850,2373,2182,459,2740,1007,1553,1623,1769,3538,1021,3207,1635,2104,3271,4869,1750,792,1777,1061,1596,2171,3401,2376,349,1960,2535,2161,794,1824,1293,2547,1957,2448,4618,309,3443,911,10715
60,3147,736,1836,3172,1659,3168,27,2274,2686,1539,879,1426,5647,120,5978,2773,4124,2837,3950,2231,196,4434,1549,2104,831,2167,5980,442,4382,444,1850,3444,2057,2426,748,5331,2481,5028,3576,3539,1233,103,3087,2990,1257,2862,2386,2185,459,2740,1007,1553,1623,1769,3538,1021,3207,1635,2104,3271,4869,1750,792,1777,1061,1596,2171,3401,2376,355,1957,2535,2146,792,1824,1305,2546,1957,2459,4618,309,3456,912,10746
60,3147,736,1836,3172,1659,3168,27,2274,2686,1539,879,1426,5647,120,5978,2773,4124,2837,3950,2231,196,4434,1549,2104,831,2167,5980,442,4382,444,1850,3444,2057,2426,748,5331,2481,5028,3576,3539,1233,103,3087,2990,1257,2862,2386,2185,459,2756,1007,1551,1621,1769,3551,1022,3212,1625,2101,3258,4849,1750,792,1779,1072,1610,2165,3406,2392,349,1957,2535,2146,806,1824,1307,2545,1960,2459,4590,309,3456,912,10763
60,3147,736,1836,3172,1659,3168,27,2274,2678,1553,879,1412,5647,120,5987,2773,4110,2837,3956,2231,196,4427,1547,2104,842,2167,5960,442,4367,444,1850,3440,2043,2429,754,5339,2478,5028,3593,3539,1233,103,3102,2990,1271,2862,2386,2185,464,2760,1007,1553,1623,1783,3538,1021,3207,1635,2104,3254,4855,1750,792,1779,1061,1610,2165,3406,2392,349,1957,2535,2146,806,1824,1307,2545,1960,2459,4590,309,3438,912,10796
60,3167,736,1836,3180,1675,3168,27,2274,2676,1553,878,1426,5647,120,5987,2773,4110,2837,3956,2231,196,4427,1547,2104,842,2167,5960,442,4367,444,1850,3440,2043,2429,754,5339,2478,5028,3593,3539,1233,103,3102,2990,1271,2862,2386,2185,464,2760,1007,1553,1623,1783,3538,1021,3207,1635,2104,3254,4855,1750,792,1779,1061,1610,2168,3392,2382,355,1957,2524,2161,793,1824,1317,2546,1957,2462,4604,309,3456,912,10811
60,3167,736,1836,3180,1675,3168,27,2274,2676,1553,878,1426,5647,120,5978,2773,4110,2834,3936,2219,196,4442,1561,2104,830,2167,5967,442,4389,444,1850,3449,2060,2429,748,5331,2491,5014,3593,3539,1233,98,3107,2990,1257,2858,2390,2182,459,2740,1007,1539,1635,1785,3555,1027,3207,1635,2104,3267,4862,1753,792,1779,1072,1610,2168,3397,2379,355,1957,2524,2146,793,1824,1317,2546,1957,2462,4604,309,3456,912,10846
60,3167,737,1850,3172,1659,3168,27,2292,2700,1567,879,1428,5659,120,5978,2773,4110,2834,3942,2231,196,4479,1560,2104,830,2170,5980,442,4374,444,1850,3449,2060,2429,748,5331,2491,5014,3593,3539,1233,98,3107,2990,1257,2858,2390,2182,459,2740,1007,1539,1635,1785,3555,1027,3207,1635,2104,3267,4862,1753,792,1779,1072,1610,2168,3397,2379,355,1957,2524,2146,793,1824,1319,2540,1945,2459,4618,309,3443,900,10862
60,3167,737,1850,3172,1659,3168,27,2292,2700,1567,879,1428,5659,120,5978,2773,4110,2834,3942,2231,196,4479,1560,2104,830,2170,5980,442,4374,444,1864,3444,2043,2419,754,5339,2505,5014,3598,3557,1245,103,3107,2990,1257,2866,2390,2182,464,2756,1008,1551,1621,1769,3551,1021,3197,1635,2104,3267,4862,1753,792,1779,1072,1610,2168,3397,2379,355,1957,2524,2146,793,1824,1319,2540,1945,2459,4618,309,3443,900,10880
60,3147,737,1838,3180,1673,3168,27,2274,2689,1551,879,1412,5647,114,5978,2773,4110,2837,3936,2231,196,4457,1561,2118,843,2167,5980,442,4374,444,1850,3432,2057,2432,754,5339,2491,5014,3593,3539,1233,103,3107,2990,1257,2866,2390,2182,464,2756,1008,1551,1621,1769,3551,1021,3197,1625,2104,3275,4855,1763,792,1779,1061,1610,2165,3401,2379,355,1960,2527,2146,792,1824,1319,2546,1957,2462,4604,309,3443,912,10913
60,3147,737,1838,3180,1673,3168,27,2274,2689,1551,879,1412,5647,114,5978,2773,4110,2837,3936,2231,196,4457,1561,2118,843,2167,5980,442,4374,444,1850,3432,2057,2432,754,5339,2491,5014,3593,3539,1233,103,3102,2990,1257,2862,2386,2185,464,2775,1008,1553,1621,1783,3555,1027,3212,1635,2104,3271,4869,1753,792,1779,1072,1596,2168,3401,2382,355,1957,2535,2146,805,1826,1320,2546,1957,2462,4604,309,3443,912,10930
60,3167,737,1836,3180,1673,3172,27,2262,2689,1539,892,1426,5654,120,5978,2773,4110,2837,3950,2234,196,4464,1561,2104,830,2167,5987,442,4367,444,1850,3444,2043,2419,748,5331,2505,5007,3581,3539,1222,98,3102,3001,1257,2871,2386,2185,464,2756,1007,1539,1621,1783,3526,1021,3192,1635,2104,3271,4869,1753,792,1779,1072,1596,2168,3401,2382,355,1957,2535,2146,805,1826,1320,2546,1957,2448,4604,309,3461,913,10962
60,3162,737,1836,3180,1662,3172,27,2259,2678,1553,878,1412,5666,120,5987,2773,4124,2837,3942,2246,196,4457,1550,2118,842,2167,5987,442,4374,444,1850,3444,2043,2435,748,5316,2505,5007,3581,3539,1222,98,3102,3001,1257,2871,2386,2185,464,2756,1007,1539,1621,1783,3526,1021,3192,1625,2104,3254,4855,1750,792,1762,1062,1596,2165,3388,2382,355,1957,2524,2146,793,1824,1320,2546,1957,2462,4604,309,3443,913,10994
60,3167,737,1838,3168,1673,3176,27,2274,2678,1553,866,1412,5654,120,5987,2773,4124,2837,3942,2246,196,4457,1550,2118,842,2167,5987,442,4374,444,1850,3444,2043,2435,748,5316,2505,5007,3593,3539,1234,103,3102,2990,1255,2850,2386,2185,464,2760,1008,1553,1623,1769,3543,1027,3207,1628,2107,3271,4869,1765,792,1779,1073,1598,2165,3388,2382,349,1957,2537,2161,792,1824,1320,2546,1945,2462,4618,309,3461,924,11014
60,3167,737,1838,3168,1673,3176,27,2274,2678,1553,866,1412,5654,114,5978,2776,4144,2850,3956,2234,196,4464,1561,2104,829,2167,5980,442,4374,444,1850,3440,2046,2432,748,5339,2505,5014,3589,3543,1234,103,3087,2993,1258,2858,2400,2185,464,2756,1008,1539,1623,1769,3543,1027,3207,1628,2107,3271,4869,1765,792,1779,1073,1598,2165,3388,2382,349,1957,2537,2161,792,1824,1320,2546,1945,2462,4618,309,3461,924,11046
60,3147,737,1836,3168,1675,3176,27,2274,2678,1553,866,1412,5654,114,5978,2776,4144,2850,3956,2234,196,4464,1561,2104,829,2167,5980,442,4374,444,1850,3440,2046,2432,748,5339,2505,5014,3589,3543,1234,103,3087,2993,1258,2858,2400,2185,464,2756,1008,1539,1623,1783,3543,1021,3212,1626,2104,3254,4855,1765,792,1777,1062,1593,2165,3392,2382,355,1960,2540,2161,792,1824,1320,2546,1960,2462,4604,309,3456,913,11063
60,3147,737,1836,3168,1675,3172,27,2274,2689,1553,867,1412,5666,120,5987,2787,4152,2846,3950,2219,196,4457,1550,2104,829,2170,5987,442,4382,445,1850,3444,2057,2432,748,5324,2505,5014,3589,3543,1233,103,3102,3004,1271,2871,2403,2182,464,2760,1019,1553,1608,1785,3543,1027,3212,1626,2104,3267,4869,1765,792,1777,1062,1596,2165,3388,2382,355,1960,2540,2161,792,1824,1320,2546,1960,2462,4604,309,3456,913,11097
60,3152,737,1836,3184,1675,3168,27,2274,2689,1539,879,1414,5666,114,5987,2776,4152,2850,3942,2222,196,4464,1561,2104,841,2167,6000,442,4367,444,1850,3440,2043,2432,748,5331,2505,5014,3593,3539,1234,103,3107,3004,1257,2866,2386,2187,464,2756,1008,1567,1623,1785,3543,1027,3212,1626,2104,3267,4869,1765,792,1777,1062,1596,2165,3388,2382,355,1960,2527,2146,792,1824,1320,2539,1960,2448,4604,309,3443,913,11129
60,3147,737,1836,3184,1659,3168,27,2274,2689,1539,879,1414,5666,114,5987,2776,4152,2850,3942,2222,196,4464,1561,2104,841,2167,6000,442,4367,444,1850,3440,2043,2432,748,5331,2505,5014,3593,3539,1234,103,3107,3004,1257,2866,2386,2187,464,2756,1008,1567,1623,1767,3547,1021,3207,1616,2107,3271,4869,1755,792,1777,1062,1596,2165,3388,2367,355,1945,2527,2146,792,1824,1320,2540,1960,2453,4618,309,3456,913,11147
60,3147,737,1836,3184,1659,3164,27,2274,2689,1539,879,1426,5666,120,5978,2776,4152,2834,3936,2237,196,4457,1550,2104,830,2170,5987,442,4374,444,1864,3432,2043,2432,748,5331,2505,5014,3593,3539,1234,103,3107,3004,1257,2866,2386,2187,464,2756,1008,1567,1623,1767,3547,1021,3207,1616,2107,3271,4869,1755,792,1777,1062,1596,2165,3388,2367,355,1945,2527,2146,792,1824,1320,2540,1960,2453,4618,309,3456,913,11162
54,3147,737,1836,3168,1662,3160,27,2262,2689,1553,879,1412,5654,120,5987,2787,4138,2834,3936,2237,196,4457,1550,2104,830,2170,5987,442,4374,444,1864,3432,2043,2432,748,5316,2519,5000,3581,3539,1234,98,3092,2993,1257,2858,2386,2185,464,2740,1008,1565,1623,1785,3543,1021,3207,1626,2090,3254,4855,1740,792,1779,1073,1593,2168,3388,2355,349,1942,2527,2146,793,1826,1308,2539,1957,2462,4604,309,3443,901,11196
54,3147,737,1836,3168,1662,3160,27,2262,2689,1553,879,1412,5654,120,5987,2787,4138,2850,3950,2209,196,4479,1550,2104,830,2153,6000,442,4382,444,1850,3444,2043,2422,754,5339,2505,5000,3593,3543,1234,103,3107,3004,1258,2858,2386,2185,464,2740,1008,1565,1623,1785,3543,1021,3207,1626,2090,3254,4855,1740,792,1779,1073,1593,2168,3388,2355,349,1942,2527,2146,793,1826,1308,2539,1957,2462,4604,309,3443,901,11213
60,3152,737,1836,3168,1659,3160,27,2274,2678,1539,878,1426,5666,114,5978,2787,4152,2850,3936,2224,191,4464,1550,2104,842,2153,5995,442,4367,444,1850,3444,2043,2422,754,5339,2505,5000,3593,3543,1234,103,3107,3004,1258,2874,2386,2187,464,2756,1008,1567,1625,1769,3539,1021,3192,1626,2104,3271,4855,1753,791,1762,1061,1596,2180,3388,2373,349,1960,2537,2161,793,1824,1308,2540,1960,2462,4604,309,3456,913,11247
60,3152,737,1836,3168,1659,3160,27,2274,2678,1539,878,1426,5666,114,5978,2787,4152,2850,3936,2224,191,4464,1550,2104,842,2153,5995,442,4367,444,1850,3440,2057,2435,754,5316,2505,5014,3593,3539,1236,98,3092,2993,1257,2862,2390,2187,464,2760,1019,1567,1623,1769,3543,1021,3207,1626,2104,3271,4869,1767,786,1777,1062,1596,2180,3388,2373,349,1960,2537,2161,793,1824,1308,2540,1960,2462,4604,309,3456,913,11263
60,3147,737,1836,3184,1675,3176,27,2274,2681,1539,878,1414,5661,120,5978,2790,4166,2850,3956,2234,196,4472,1550,2104,842,2170,5995,442,4382,455,1850,3444,2043,2435,754,5331,2516,5000,3593,3543,1236,103,3087,3004,1271,2862,2390,2187,464,2760,1019,1567,1623,1769,3543,1021,3207,1626,2104,3271,4869,1767,786,1777,1062,1612,2171,3388,2385,355,1975,2527,2149,794,1824,1320,2540,1957,2451,4604,309,3456,914,11296
60,3147,737,1836,3184,1675,3176,27,2274,2681,1539,878,1414,5661,120,5978,2790,4166,2850,3956,2234,196,4472,1550,2104,842,2170,5995,442,4382,455,1850,3444,2043,2435,754,5331,2516,5000,3593,3543,1236,103,3087,3004,1271,2862,2390,2185,464,2756,1019,1567,1623,1785,3535,1021,3207,1626,2104,3271,4855,1757,792,1779,1073,1598,2180,3392,2385,355,1960,2529,2164,806,1824,1310,2546,1957,2451,4604,309,3456,914,11313
60,3147,748,1836,3184,1675,3180,27,2274,2678,1539,879,1414,5655,120,5996,2787,4180,2850,3950,2224,196,4479,1561,2104,830,2167,5995,442,4374,455,1850,3444,2043,2435,754,5331,2516,5000,3593,3543,1236,103,3087,3004,1271,2862,2390,2185,464,2756,1019,1567,1623,1785,3535,1021,3207,1626,2104,3271,4855,1757,792,1779,1073,1598,2180,3392,2385,355,1960,2529,2164,806,1824,1310,2546,1957,2462,4604,309,3456,902,11329
60,3147,748,1836,3184,1675,3180,27,2274,2678,1539,879,1414,5655,120,5996,2787,4180,2850,3950,2224,196,4479,1561,2104,830,2167,5995,442,4374,444,1864,3444,2043,2425,754,5339,2519,5014,3598,3557,1237,98,3107,2993,1271,2862,2403,2190,464,2740,1008,1567,1623,1769,3539,1021,3212,1626,2104,3254,4869,1757,792,1779,1073,1598,2180,3392,2385,355,1960,2529,2164,806,1824,1310,2546,1957,2462,4604,309,3456,902,11346
60,3162,738,1836,3176,1673,3164,27,2277,2689,1539,879,1414,5655,120,5996,2787,4180,2850,3950,2224,196,4479,1561,2104,830,2167,5995,442,4374,444,1864,3444,2043,2425,754,5339,2519,5014,3598,3557,1237,98,3107,2993,1271,2862,2403,2190,464,2740,1008,1567,1623,1769,3539,1021,3212,1626,2104,3254,4869,1767,792,1779,1062,1598,2180,3388,2388,355,1960,2527,2132,792,1826,1308,2546,1960,2462,4604,309,3461,901,11363
60,3162,738,1836,3176,1673,3164,27,2277,2689,1553,879,1428,5680,120,5987,2790,4172,2846,3928,2227,196,4479,1550,2104,842,2170,6002,442,4374,444,1850,3444,2046,2422,749,5339,2516,5014,3593,3543,1236,103,3092,3004,1257,2866,2390,2190,464,2760,1018,1567,1623,1771,3551,1022,3212,1637,2104,3271,4855,1757,792,1782,1064,1596,2168,3388,2395,355,1960,2540,2164,792,1826,1308,2546,1960,2462,4604,309,3461,901,11396
60,3152,737,1836,3168,1675,3168,27,2277,2678,1555,879,1428,5655,114,5972,2790,4166,2837,3950,2230,196,4494,1550,2104,829,2170,6002,442,4374,444,1850,3444,2046,2422,749,5339,2516,5014,3593,3543,1236,103,3092,3004,1257,2866,2390,2190,464,2760,1018,1567,1623,1771,3551,1022,3212,1637,2104,3271,4855,1757,792,1782,1064,1596,2168,3388,2395,355,1960,2540,2164,792,1824,1308,2540,1963,2462,4611,309,3456,915,11413
60,3152,737,1836,3168,1675,3168,27,2277,2678,1555,879,1428,5655,114,5972,2790,4166,2837,3950,2230,196,4494,1550,2104,829,2170,5997,442,4367,444,1850,3432,2046,2428,748,5324,2516,5014,3589,3525,1226,98,3092,3004,1257,2858,2390,2190,459,2760,1008,1570,1623,1769,3543,1021,3207,1637,2104,3271,4855,1757,792,1782,1064,1596,2168,3388,2395,355,1960,2540,2164,792,1824,1308,2540,1963,2462,4611,309,3456,915,11430
60,3167,737,1838,3184,1673,3168,27,2277,2689,1553,879,1426,5668,120,5996,2787,4166,2850,3936,2202,196,4494,1550,2107,829,2170,6002,442,4374,444,1850,3440,2043,2428,748,5316,2505,5014,3589,3525,1226,98,3092,3004,1257,2858,2390,2190,459,2760,1008,1570,1623,1769,3543,1021,3207,1626,2107,3271,4862,1771,792,1779,1062,1596,2180,3392,2413,349,1960,2527,2146,793,1824,1308,2551,1960,2462,4611,309,3456,927,11463
60,3147,738,1836,3168,1675,3163,27,2259,2678,1541,878,1412,5662,114,5972,2790,4166,2850,3956,2205,196,4494,1550,2107,829,2170,6002,442,4374,444,1850,3440,2043,2428,748,5316,2505,5014,3589,3539,1225,103,3092,3004,1257,2858,2390,2193,464,2760,1020,1570,1623,1783,3543,1021,3212,1628,2104,3267,4855,1759,791,1777,1064,1596,2168,3392,2416,349,1960,2527,2161,793,1824,1336,2546,1960,2453,4604,310,3447,904,11496
60,3147,738,1836,3168,1675,3163,27,2259,2678,1541,878,1412,5662,114,5972,2790,4166,2850,3956,2205,196,4487,1540,2104,842,2170,5997,442,4367,445,1852,3432,2043,2431,748,5324,2529,5021,3581,3539,1228,98,3092,3007,1257,2858,2386,2180,464,2760,1020,1567,1608,1783,3543,1021,3212,1628,2104,3267,4855,1759,791,1777,1064,1596,2168,3392,2416,349,1960,2527,2161,793,1824,1336,2546,1960,2453,4604,310,3447,904,11513
60,3147,737,1836,3168,1662,3172,27,2274,2681,1553,879,1412,5662,120,5987,2790,4166,2850,3942,2220,196,4472,1552,2104,843,2170,5997,442,4367,444,1850,3432,2041,2431,748,5324,2529,5021,3581,3539,1228,98,3092,3007,1257,2858,2386,2180,464,2760,1020,1567,1608,1767,3548,1021,3197,1626,2104,3263,4855,1759,792,1762,1064,1598,2165,3388,2413,349,1957,2527,2149,793,1824,1349,2546,1960,2464,4604,309,3461,918,11546
60,3147,737,1836,3168,1662,3172,27,2274,2681,1553,879,1412,5662,120,5987,2790,4166,2850,3942,2220,196,4472,1552,2104,843,2170,5997,442,4367,444,1850,3432,2041,2416,748,5316,2527,5000,3593,3539,1240,98,3087,2993,1271,2862,2390,2180,464,2756,1020,1567,1621,1769,3535,1021,3212,1616,2090,3271,4862,1776,792,1779,1064,1612,2168,3388,2444,349,1957,2527,2149,793,1824,1349,2546,1960,2464,4604,309,3461,918,11562
60,3152,738,1836,3168,1673,3176,27,2262,2678,1539,867,1426,5662,114,5963,2790,4166,2850,3942,2220,196,4472,1552,2104,843,2170,5997,442,4367,444,1850,3432,2041,2416,748,5316,2527,5000,3593,3539,1240,98,3087,2993,1271,2862,2390,2180,464,2756,1020,1567,1621,1769,3535,1021,3212,1616,2090,3271,4862,1776,792,1779,1064,1612,2168,3388,2444,349,1960,2527,2146,793,1826,1349,2546,1960,2453,4604,309,3447,918,11578
60,3152,738,1836,3168,1673,3176,27,2262,2678,1539,867,1426,5662,114,5963,2790,4166,2846,3936,2233,196,4479,1550,2104,830,2170,6004,436,4374,444,1867,3428,2046,2419,749,5324,2519,5007,3576,3539,1240,98,3102,3007,1257,2862,2390,2180,464,2756,1020,1567,1621,1769,3535,1021,3212,1616,2090,3271,4862,1776,792,1779,1064,1612,2168,3388,2444,349,1960,2527,2146,793,1826,1349,2546,1960,2453,4604,309,3447,918,11593
60,3147,738,1836,3180,1659,3159,27,2274,2678,1539,867,1412,5669,114,5972,2790,4166,2834,3936,2205,196,4487,1540,2107,829,2167,5997,442,4367,445,1850,3428,2057,2419,749,5324,2519,5007,3576,3539,1240,98,3102,3007,1257,2862,2376,2183,464,2756,1020,1567,1623,1771,3535,1021,3212,1626,2107,3258,4855,1761,791,1764,1064,1596,2165,3388,2444,349,1942,2529,2146,793,1810,1363,2540,1945,2451,4604,297,3443,905,11630
60,3167,738,1838,3168,1659,3159,27,2277,2678,1539,878,1412,5650,114,5972,2790,4166,2834,3936,2205,196,4487,1540,2107,829,2167,5997,442,4367,445,1850,3428,2057,2428,748,5324,2529,5007,3576,3543,1226,98,3107,3004,1258,2862,2390,2193,464,2760,1031,1581,1623,1783,3548,1021,3212,1628,2104,3271,4855,1761,792,1779,1064,1596,2156,3392,2441,349,1960,2529,2146,792,1824,1363,2540,1957,2464,4604,309,3447,904,11663
60,3167,738,1838,3168,1659,3159,27,2277,2678,1539,878,1412,5650,114,5987,2787,4166,2834,3936,2208,196,4487,1541,2104,830,2153,5992,442,4352,445,1852,3444,2043,2419,748,5316,2529,5000,3581,3539,1228,98,3087,3007,1257,2858,2373,2196,464,2756,1020,1567,1621,1783,3535,1021,3212,1617,2090,3254,4855,1776,792,1764,1062,1596,2165,3388,2444,349,1957,2527,2146,792,1813,1364,2540,1942,2451,4590,309,3447,904,11697
60,3147,738,1838,3172,1659,3176,27,2274,2681,1541,879,1428,5657,120,5972,2779,4166,2834,3942,2220,196,4487,1552,2107,830,2167,5992,442,4374,445,1852,3444,2043,2419,748,5316,2529,5000,3581,3539,1228,98,3087,3007,1257,2858,2373,2196,464,2756,1020,1567,1621,1783,3535,1021,3212,1617,2090,3254,4855,1776,792,1764,1062,1596,2165,3388,2444,349,1957,2527,2146,792,1813,1364,2540,1942,2451,4590,309,3443,905,11712
60,3167,738,1824,3172,1673,3163,27,2274,2681,1541,878,1428,5664,120,5972,2779,4166,2834,3942,2220,196,4487,1552,2107,830,2167,5992,442,4374,444,1836,3432,2046,2431,748,5309,2529,5014,3581,3539,1226,98,3087,3007,1258,2858,2400,2196,464,2760,1030,1581,1623,1783,3535,1021,3212,1628,2104,3258,4862,1776,792,1762,1064,1596,2180,3388,2444,349,1945,2529,2146,793,1810,1352,2539,1960,2453,4590,309,3447,919,11747
60,3167,738,1824,3172,1673,3163,27,2274,2681,1541,878,1428,5664,114,5948,2787,4166,2834,3936,2223,196,4487,1541,2104,829,2153,6004,436,4367,445,1850,3428,2043,2419,748,5324,2529,5000,3581,3539,1229,98,3092,3007,1257,2858,2400,2196,464,2760,1030,1581,1623,1783,3535,1021,3212,1628,2104,3258,4862,1776,792,1762,1064,1596,2180,3388,2444,349,1945,2529,2146,793,1810,1352,2539,1960,2453,4590,309,3447,919,11763
60,3167,738,1824,3172,1673,3163,27,2274,2681,1541,878,1428,5664,114,5948,2787,4166,2834,3936,2223,196,4487,1541,2104,829,2153,6004,436,4367,445,1850,3428,2043,2419,748,5324,2529,5000,3581,3539,1229,98,3092,3007,1257,2858,2400,2196,464,2740,1031,1567,1610,1769,3535,1021,3207,1628,2093,3254,4848,1776,786,1779,1064,1596,2165,3379,2459,349,1957,2529,2146,793,1826,1350,2546,1960,2453,4590,309,3447,919,11780
60,3152,738,1836,3172,1675,3180,27,2274,2681,1539,867,1414,5657,114,5987,2790,4166,2834,3936,2223,202,4487,1550,2104,830,2167,6012,442,4380,445,1850,3432,2057,2419,748,5316,2529,5021,3581,3539,1229,98,3087,3007,1258,2862,2386,2196,464,2760,1031,1567,1635,1769,3535,1021,3197,1617,2093,3254,4855,1776,786,1779,1064,1596,2165,3379,2459,349,1957,2529,2146,793,1826,1350,2546,1957,2453,4590,309,3456,905,11813
60,3147,727,1836,3172,1675,3180,27,2277,2681,1539,867,1414,5657,114,5987,2790,4166,2834,3936,2223,202,4487,1550,2104,830,2167,6012,442,4380,445,1850,3432,2057,2419,748,5316,2529,5021,3581,3539,1229,98,3087,3007,1258,2862,2386,2196,464,2760,1031,1567,1635,1769,3535,1021,3197,1617,2093,3254,4855,1761,786,1779,1064,1596,2168,3392,2456,355,1960,2529,2132,792,1826,1377,2546,1960,2453,4604,309,3456,919,11830
60,3147,727,1836,3172,1675,3180,27,2277,2681,1539,867,1412,5677,114,5963,2790,4172,2834,3936,2223,202,4494,1552,2107,843,2184,6017,442,4374,445,1852,3440,2057,2425,754,5316,2529,5000,3593,3557,1228,103,3107,3007,1258,2858,2390,2183,464,2760,1020,1570,1623,1783,3552,1021,3212,1628,2104,3271,4862,1761,786,1764,1074,1596,2171,3388,2444,349,1957,2527,2146,793,1813,1378,2546,1960,2453,4604,309,3456,919,11863
60,3147,737,1836,3168,1675,3167,27,2274,2681,1541,879,1414,5677,114,5987,2790,4166,2846,3950,2223,196,4487,1540,2104,831,2184,6012,442,4352,445,1850,3432,2046,2422,748,5324,2529,5000,3576,3539,1242,103,3102,3007,1257,2850,2386,2196,459,2760,1030,1581,1623,1769,3548,1021,3207,1628,2104,3271,4862,1761,786,1764,1074,1596,2171,3388,2444,349,1957,2527,2146,793,1813,1378,2546,1957,2453,4604,309,3443,906,11898
60,3147,738,1836,3168,1673,3163,27,2277,2681,1539,879,1426,5677,114,5972,2790,4166,2846,3950,2223,196,4487,1540,2104,831,2184,6012,442,4352,445,1850,3432,2046,2422,748,5324,2529,5000,3576,3539,1242,103,3102,3007,1257,2850,2386,2196,459,2760,1030,1581,1623,1769,3548,1021,3207,1626,2104,3254,4855,1761,786,1762,1064,1596,2165,3388,2444,349,1960,2529,2146,793,1810,1378,2540,1942,2453,4590,297,3443,918,11914
60,3147,738,1836,3168,1673,3163,27,2277,2681,1539,879,1426,5677,114,5972,2790,4166,2837,3936,2208,196,4509,1552,2107,842,2167,6024,442,4374,445,1852,3449,2060,2434,754,5316,2529,5000,3581,3543,1228,103,3107,3007,1258,2862,2386,2196,464,2760,1031,1612,1635,1771,3535,1021,3197,1628,2096,3263,4862,1774,792,1779,1064,1598,2168,3388,2459,354,1945,2529,2146,793,1810,1378,2540,1942,2453,4590,297,3443,918,11946
60,3147,727,1836,3168,1673,3176,27,2277,2681,1539,878,1414,5675,114,5972,2790,4172,2850,3942,2171,202,4487,1563,2104,842,2184,6054,442,4374,445,1852,3444,2046,2419,748,5324,2529,5000,3581,3525,1228,103,3102,3007,1257,2858,2386,2196,464,2760,1042,1612,1635,1771,3535,1021,3197,1628,2096,3263,4862,1774,792,1779,1064,1598,2168,3388,2459,354,1945,2529,2146,793,1824,1377,2540,1945,2453,4611,309,3461,905,11972
60,3152,739,1838,3188,1662,3172,27,2280,2681,1541,879,1428,5694,120,5972,2790,4172,2837,3936,2205,196,4487,1563,2104,842,2184,6054,442,4374,445,1852,3444,2046,2419,748,5324,2529,5000,3581,3525,1228,103,3102,3007,1257,2858,2386,2196,464,2760,1042,1612,1635,1769,3535,1021,3212,1617,2093,3271,4855,1761,786,1762,1064,1598,2183,3388,2456,349,1942,2529,2149,792,1826,1377,2540,1960,2453,4604,297,3447,905,11997
60,3152,739,1838,3188,1662,3172,27,2280,2681,1541,879,1428,5694,120,5972,2790,4172,2837,3936,2205,196,4494,1552,2107,829,2167,6017,442,4374,445,1836,3436,2043,2422,748,5301,2532,5021,3581,3543,1229,98,3102,3007,1257,2862,2390,2196,464,2760,1042,1610,1623,1769,3535,1021,3192,1616,2090,3254,4862,1763,792,1764,1064,1598,2165,3392,2447,349,1942,2529,2149,792,1826,1377,2540,1960,2453,4604,297,3447,905,12031
60,3152,738,1838,3184,1675,3163,27,2277,2681,1539,867,1428,5669,120,5972,2790,4172,2846,3942,2208,196,4494,1552,2104,842,2181,6024,442,4367,445,1852,3444,2043,2422,754,5324,2529,5007,3593,3543,1228,103,3092,3007,1272,2862,2386,2196,464,2760,1042,1612,1635,1783,3552,1021,3212,1616,2090,3254,4862,1763,792,1764,1064,1598,2165,3392,2447,349,1945,2529,2146,792,1810,1378,2540,1960,2453,4611,309,3443,919,12064
54,3152,738,1838,3184,1675,3163,27,2277,2681,1539,867,1428,5669,120,5972,2790,4172,2846,3942,2208,196,4494,1552,2104,842,2181,6024,442,4367,445,1852,3444,2043,2422,754,5324,2529,5007,3593,3543,1228,103,3092,3007,1272,2862,2386,2196,464,2760,1042,1612,1635,1783,3552,1021,3212,1628,2107,3258,4862,1761,792,1777,1064,1596,2180,3392,2444,349,1960,2529,2149,792,1813,1366,2546,1957,2453,4596,309,3443,906,12081
54,3152,737,1836,3172,1662,3163,27,2274,2681,1541,866,1426,5677,120,5978,2790,4172,2846,3956,2220,196,4479,1552,2107,841,2181,6037,442,4367,445,1852,3432,2060,2422,754,5324,2529,5007,3593,3543,1228,103,3092,3007,1272,2862,2386,2196,464,2760,1042,1612,1635,1783,3552,1021,3212,1628,2107,3258,4862,1761,792,1777,1064,1596,2180,3392,2444,349,1960,2529,2149,792,1813,1366,2546,1957,2453,4596,309,3443,906,12097
54,3152,737,1836,3172,1662,3163,27,2274,2681,1541,866,1426,5677,120,5978,2790,4172,2846,3956,2220,196,4479,1552,2107,841,2181,6037,442,4367,445,1852,3432,2060,2419,754,5316,2529,5021,3589,3539,1229,103,3087,3004,1257,2862,2390,2196,464,2756,1042,1612,1635,1771,3552,1021,3212,1628,2104,3254,4855,1761,786,1777,1064,1596,2168,3392,2447,349,1960,2532,2146,792,1813,1366,2546,1957,2453,4596,309,3443,906,12114
60,3152,738,1838,3168,1662,3167,27,2274,2681,1539,878,1426,5669,120,5987,2779,4172,2846,3956,2220,196,4479,1552,2107,841,2181,6037,442,4367,445,1852,3432,2060,2419,754,5316,2529,5021,3589,3539,1229,103,3087,3004,1257,2862,2390,2196,464,2756,1042,1612,1635,1771,3552,1021,3212,1628,2104,3254,4855,1761,786,1777,1064,1596,2168,3392,2447,349,1960,2532,2146,792,1824,1378,2546,1957,2453,4604,297,3447,919,12124
60,3152,738,1838,3168,1662,3167,27,2274,2681,1539,878,1426,5669,120,5987,2779,4172,2846,3956,2220,196,4487,1541,2110,841,2184,6037,442,4374,445,1852,3444,2043,2431,748,5324,2529,5000,3581,3543,1228,98,3092,3007,1258,2858,2390,2198,464,2756,1042,1612,1635,1771,3552,1021,3212,1628,2104,3254,4855,1761,786,1777,1064,1596,2168,3392,2447,349,1960,2532,2146,792,1824,1378,2546,1957,2453,4604,297,3447,919,12146
60,3147,738,1838,3172,1675,3167,27,2274,2681,1539,878,1426,5669,120,5987,2779,4172,2846,3956,2220,196,4487,1541,2110,841,2184,6037,442,4374,445,1852,3444,2043,2431,748,5324,2529,5000,3581,3543,1228,98,3092,3007,1258,2858,2390,2198,464,2760,1043,1612,1635,1785,3540,1022,3197,1617,2090,3271,4862,1763,786,1779,1064,1598,2168,3392,2450,355,1960,2532,2149,793,1826,1378,2546,1960,2453,4611,309,3456,906,12164
60,3147,738,1838,3172,1675,3167,27,2277,2678,1541,879,1412,5696,114,5972,2790,4172,2850,3956,2236,196,4494,1541,2107,829,2170,6042,442,4374,445,1852,3444,2043,2431,748,5324,2529,5000,3581,3543,1228,98,3092,3007,1258,2858,2390,2198,464,2760,1043,1612,1635,1785,3540,1022,3197,1617,2090,3271,4862,1763,786,1779,1064,1598,2168,3392,2450,355,1960,2532,2149,793,1826,1378,2546,1960,2453,4611,309,3456,906,12181
60,3147,738,1838,3172,1675,3167,27,2277,2678,1541,879,1412,5696,114,5972,2790,4172,2850,3956,2236,196,4494,1541,2107,829,2170,6042,442,4374,444,1850,3432,2043,2422,748,5324,2529,5000,3576,3539,1242,103,3102,3007,1258,2862,2390,2198,464,2775,1053,1626,1635,1783,3535,1021,3212,1628,2107,3271,4855,1763,792,1779,1065,1598,2168,3392,2450,355,1960,2532,2149,793,1826,1378,2546,1960,2453,4611,309,3456,906,12198
60,3152,738,1838,3172,1673,3155,27,2274,2681,1541,880,1428,5669,114,5987,2790,4172,2850,3936,2211,196,4479,1541,2107,830,2184,6049,442,4374,444,1850,3432,2043,2422,748,5324,2529,5000,3576,3539,1242,103,3102,3007,1258,2862,2390,2198,464,2775,1053,1626,1635,1783,3535,1021,3212,1628,2107,3271,4855,1763,792,1779,1065,1598,2165,3388,2447,349,1960,2529,2149,793,1826,1378,2546,1957,2453,4611,309,3443,919,12214
60,3152,738,1838,3172,1673,3155,27,2274,2681,1541,880,1428,5669,114,5987,2790,4172,2850,3936,2211,196,4479,1541,2107,830,2184,6049,442,4374,445,1852,3444,2043,2422,754,5324,2529,5000,3593,3543,1229,98,3107,3007,1258,2858,2386,2198,464,2760,1053,1628,1637,1771,3540,1021,3212,1628,2107,3271,4855,1763,792,1779,1065,1598,2165,3388,2447,349,1960,2529,2149,793,1826,1378,2546,1957,2453,4611,309,3443,919,12231
60,3152,739,1838,3176,1675,3180,27,2274,2681,1543,879,1428,5684,120,5987,2790,4186,2853,3956,2223,196,4479,1554,2107,843,2184,6057,442,4374,445,1855,3449,2060,2422,754,5324,2529,5000,3593,3543,1229,98,3107,3007,1258,2858,2386,2198,464,2760,1053,1628,1637,1771,3540,1021,3212,1628,2093,3263,4862,1776,792,1764,1064,1598,2168,3392,2447,349,1960,2529,2149,793,1826,1366,2546,1960,2453,4611,310,3461,919,12264
60,3152,739,1838,3176,1675,3180,27,2274,2681,1543,879,1428,5684,120,5987,2790,4186,2853,3956,2223,196,4479,1554,2107,843,2184,6057,442,4374,445,1855,3449,2060,2419,748,5324,2532,5007,3581,3543,1229,103,3107,3010,1258,2858,2390,2211,464,2760,1054,1626,1623,1785,3540,1021,3212,1628,2090,3267,4862,1776,792,1764,1064,1598,2168,3392,2447,349,1960,2529,2149,793,1826,1366,2546,1960,2453,4611,310,3461,919,12279
60,3147,738,1838,3184,1662,3167,27,2277,2692,1553,880,1428,5677,120,5987,2790,4172,2846,3942,2211,191,4479,1554,2107,843,2184,6057,442,4374,445,1855,3449,2060,2419,748,5324,2532,5007,3581,3543,1229,103,3107,3010,1258,2858,2390,2211,464,2760,1054,1626,1623,1785,3540,1021,3212,1628,2090,3267,4862,1761,786,1764,1065,1600,2183,3392,2447,355,1960,2529,2152,806,1826,1366,2546,1960,2467,4611,310,3447,906,12301
60,3147,738,1838,3184,1662,3167,27,2277,2692,1553,880,1428,5677,120,5987,2790,4172,2846,3942,2211,191,4464,1552,2110,842,2167,6049,442,4389,445,1852,3436,2060,2422,754,5324,2532,5007,3581,3539,1229,98,3107,3007,1258,2878,2390,2201,464,2760,1053,1626,1623,1771,3540,1021,3212,1626,2076,3275,4862,1776,792,1764,1064,1598,2183,3392,2447,349,1957,2529,2149,806,1826,1366,2546,1960,2467,4611,310,3447,906,12329
60,3152,738,1841,3172,1662,3167,27,2277,2681,1541,880,1428,5677,120,5978,2790,4172,2866,3942,2211,191,4464,1541,2107,842,2167,6049,442,4389,445,1852,3436,2060,2422,754,5324,2532,5007,3581,3539,1229,98,3107,3007,1258,2878,2390,2201,464,2760,1053,1626,1623,1771,3540,1021,3212,1626,2076,3275,4862,1776,792,1764,1064,1598,2183,3392,2447,349,1957,2529,2149,793,1826,1366,2546,1957,2464,4617,310,3447,919,12347
60,3152,738,1841,3172,1662,3167,27,2277,2681,1541,880,1428,5677,120,5978,2790,4172,2866,3942,2211,191,4464,1541,2107,842,2170,6062,442,4374,445,1852,3432,2046,2422,748,5324,2532,5007,3593,3543,1229,103,3122,3010,1258,2862,2403,2198,464,2756,1054,1624,1623,1785,3540,1021,3212,1626,2076,3275,4862,1776,792,1764,1064,1598,2183,3392,2447,349,1957,2529,2149,793,1826,1366,2546,1957,2464,4617,310,3447,919,12356
60,3147,739,1838,3176,1675,3167,27,2277,2684,1555,879,1426,5677,120,5987,2790,4172,2850,3950,2211,196,4464,1541,2107,842,2170,6062,442,4374,445,1852,3432,2046,2422,748,5324,2532,5007,3593,3543,1229,103,3122,3010,1258,2862,2403,2198,464,2756,1054,1624,1623,1785,3540,1021,3212,1617,2093,3263,4862,1763,786,1764,1065,1600,2168,3388,2447,355,1957,2529,2152,794,1813,1380,2546,1945,2456,4631,310,3461,919,12381
60,3147,739,1838,3176,1675,3167,27,2277,2684,1555,879,1426,5677,120,5987,2790,4172,2850,3950,2211,196,4457,1541,2107,842,2170,6049,442,4374,456,1852,3432,2046,2422,748,5316,2540,5007,3593,3543,1229,103,3122,3010,1258,2862,2403,2198,464,2756,1054,1624,1623,1785,3540,1021,3212,1617,2093,3263,4862,1763,786,1764,1065,1600,2168,3388,2447,355,1957,2529,2152,794,1813,1380,2546,1945,2456,4631,310,3461,919,12395
60,3147,739,1841,3172,1675,3167,27,2274,2684,1541,878,1428,5677,120,5987,2793,4172,2853,3942,2211,196,4457,1541,2107,842,2170,6049,442,4374,456,1852,3432,2046,2422,748,5316,2540,5007,3581,3543,1229,103,3122,3014,1258,2866,2403,2198,464,2756,1054,1628,1635,1771,3540,1021,3217,1630,2110,3263,4862,1763,792,1779,1065,1598,2168,3392,2444,355,1960,2532,2149,793,1824,1364,2546,1957,2453,4617,310,3447,919,12430
60,3152,739,1841,3172,1675,3167,27,2274,2684,1541,878,1428,5677,120,5987,2793,4172,2853,3942,2211,196,4464,1554,2107,843,2170,6069,442,4389,456,1852,3444,2057,2425,748,5339,2529,5000,3581,3543,1229,98,3107,2996,1260,2874,2386,2211,464,2756,1054,1626,1623,1771,3552,1021,3212,1630,2107,3254,4862,1763,786,1764,1064,1598,2165,3392,2447,355,1960,2529,2149,792,1826,1364,2546,1960,2456,4611,309,3461,906,12463
60,3152,738,1838,3180,1673,3167,27,2277,2692,1541,878,1428,5677,120,5978,2804,4178,2850,3956,2223,196,4472,1541,2107,842,2170,6062,442,4367,445,1852,3440,2043,2425,748,5339,2529,5000,3581,3543,1229,98,3107,2996,1260,2874,2386,2211,464,2756,1054,1626,1623,1771,3552,1021,3212,1630,2107,3254,4862,1763,786,1764,1064,1598,2165,3392,2447,355,1960,2529,2149,792,1826,1364,2546,1960,2456,4611,309,3461,906,12479
60,3152,738,1838,3180,1673,3167,27,2277,2692,1541,878,1428,5677,120,5978,2804,4178,2850,3956,2223,196,4472,1541,2107,842,2170,6062,442,4367,445,1852,3440,2043,2422,748,5316,2529,4985,3589,3543,1228,98,3107,3007,1258,2874,2390,2211,464,2756,1053,1626,1633,1769,3540,1021,3207,1628,2093,3271,4862,1763,786,1762,1064,1598,2165,3392,2447,355,1960,2529,2149,792,1826,1364,2546,1960,2456,4611,309,3461,906,12496
60,3167,739,1838,3168,1673,3167,27,2274,2684,1543,879,1428,5677,120,5987,2793,4178,2850,3956,2223,196,4472,1541,2107,842,2170,6062,442,4367,445,1852,3440,2043,2422,748,5316,2529,4985,3589,3543,1228,98,3107,3007,1258,2874,2390,2211,464,2756,1053,1626,1633,1769,3540,1021,3207,1628,2093,3271,4862,1763,786,1762,1064,1596,2153,3388,2444,349,1942,2519,2149,792,1824,1364,2546,1960,2456,4611,309,3461,919,12513
60,3167,739,1838,3168,1673,3167,27,2274,2684,1543,879,1428,5677,120,5987,2793,4178,2846,3950,2213,196,4442,1541,2104,831,2184,6069,442,4389,456,1852,3432,2057,2422,754,5316,2540,5007,3576,3543,1229,103,3102,3010,1258,2874,2403,2211,464,2756,1054,1612,1637,1771,3552,1021,3212,1630,2093,3263,4862,1763,786,1779,1065,1598,2168,3379,2444,355,1960,2532,2152,793,1826,1364,2546,1960,2456,4617,309,3461,919,12547
60,3147,739,1838,3180,1659,3142,27,2274,2681,1541,866,1426,5669,114,5978,2790,4172,2846,3936,2208,191,4442,1541,2107,829,2156,6054,442,4352,445,1838,3432,2060,2422,754,5316,2543,5007,3576,3543,1229,103,3117,3010,1258,2871,2403,2211,464,2760,1054,1626,1637,1771,3552,1027,3197,1619,2096,3267,4855,1763,792,1764,1064,1598,2168,3379,2444,355,1960,2532,2152,793,1826,1364,2546,1960,2456,4617,309,3456,918,12580
60,3167,739,1852,3188,1675,3180,27,2277,2695,1541,879,1428,5677,114,5978,2790,4172,2846,3936,2208,191,4442,1541,2107,829,2156,6054,442,4352,445,1838,3432,2060,2422,754,5316,2543,5007,3576,3543,1229,103,3117,3010,1258,2871,2403,2211,464,2760,1054,1626,1637,1771,3552,1027,3197,1619,2096,3267,4855,1763,792,1764,1064,1598,2168,3392,2447,355,1960,2532,2152,805,1826,1366,2546,1960,2456,4611,309,3456,920,12595
60,3167,739,1852,3188,1675,3180,27,2277,2695,1541,879,1428,5677,120,5978,2793,4186,2850,3956,2211,196,4449,1552,2124,843,2197,6082,442,4374,445,1852,3444,2060,2422,754,5316,2543,5007,3589,3539,1229,103,3107,3010,1258,2871,2403,2211,464,2760,1054,1626,1637,1771,3552,1027,3197,1619,2096,3267,4855,1763,792,1764,1064,1598,2168,3392,2447,355,1960,2532,2152,805,1826,1366,2546,1960,2456,4611,309,3456,920,12611
60,3147,739,1838,3172,1659,3180,27,2277,2684,1541,879,1428,5677,120,5978,2793,4186,2850,3956,2211,196,4449,1552,2124,843,2197,6082,442,4374,445,1852,3444,2060,2422,754,5316,2543,5007,3589,3539,1229,103,3107,3010,1258,2862,2390,2198,464,2760,1054,1626,1635,1785,3557,1021,3192,1619,2093,3258,4876,1763,792,1764,1065,1598,2156,3388,2444,349,1942,2532,2146,793,1810,1366,2546,1957,2456,4625,309,3475,920,12631
60,3147,739,1838,3172,1659,3180,27,2277,2684,1539,878,1426,5689,114,5987,2793,4172,2846,3942,2223,196,4449,1543,2107,842,2184,6069,442,4382,445,1855,3444,2057,2425,748,5324,2543,5007,3581,3543,1231,98,3107,3007,1260,2862,2390,2198,464,2756,1054,1628,1635,1785,3540,1021,3197,1619,2093,3258,4862,1763,786,1779,1065,1612,2168,3392,2459,349,1942,2532,2146,793,1810,1366,2546,1957,2456,4625,309,3475,920,12664
60,3167,738,1838,3172,1675,3171,27,2274,2684,1558,879,1428,5696,114,5987,2793,4172,2850,3956,2226,191,4464,1543,2110,830,2181,6069,442,4367,445,1855,3444,2057,2425,748,5324,2543,5007,3581,3543,1231,98,3107,3007,1260,2862,2390,2198,464,2756,1054,1628,1635,1785,3540,1021,3197,1619,2093,3258,4862,1763,786,1779,1065,1612,2168,3392,2459,355,1960,2532,2149,792,1813,1391,2546,1960,2456,4611,310,3461,920,12681
60,3162,738,1838,3172,1675,3171,27,2274,2684,1558,879,1428,5696,114,5987,2793,4172,2850,3956,2226,191,4464,1543,2110,830,2181,6069,442,4367,456,1855,3444,2046,2425,754,5339,2543,5014,3581,3543,1217,103,3107,3010,1246,2862,2403,2198,464,2760,1043,1612,1635,1769,3552,1027,3192,1619,2096,3254,4876,1766,786,1762,1065,1598,2165,3392,2450,355,1960,2532,2152,792,1813,1366,2546,1942,2456,4617,309,3461,907,12714
60,3162,739,1841,3172,1675,3167,27,2274,2684,1543,879,1428,5689,120,5987,2793,4178,2850,3942,2211,191,4464,1543,2110,830,2181,6069,442,4367,456,1855,3444,2046,2425,754,5339,2543,5014,3581,3543,1217,103,3107,3010,1246,2862,2403,2198,464,2760,1043,1612,1635,1769,3552,1027,3192,1619,2096,3254,4876,1766,786,1762,1065,1598,2165,3392,2450,355,1960,2532,2152,792,1813,1366,2546,1942,2456,4617,309,3461,907,12729
60,3162,739,1841,3172,1675,3167,27,2274,2684,1543,879,1428,5689,120,5987,2793,4178,2850,3942,2211,191,4464,1543,2110,830,2170,6082,442,4389,456,1852,3444,2046,2425,754,5316,2543,5007,3593,3543,1231,103,3102,3007,1260,2862,2403,2211,464,2756,1055,1628,1635,1785,3544,1021,3207,1619,2096,3254,4876,1766,786,1762,1065,1598,2165,3392,2450,355,1960,2532,2152,792,1813,1366,2546,1942,2456,4617,309,3461,907,12747
60,3162,739,1841,3184,1689,3171,27,2274,2695,1543,879,1428,5689,120,5987,2793,4178,2850,3942,2211,191,4464,1543,2110,830,2170,6082,442,4389,456,1852,3444,2046,2425,754,5316,2543,5007,3593,3543,1231,103,3102,3007,1260,2862,2403,2211,464,2756,1055,1628,1635,1785,3544,1021,3207,1630,2107,3271,4862,1766,792,1779,1076,1600,2168,3388,2462,349,1960,2532,2149,793,1824,1380,2546,1960,2456,4625,309,3461,907,12756
60,3162,739,1841,3184,1689,3171,27,2274,2695,1541,879,1428,5696,120,5978,2793,4178,2853,3956,2213,196,4457,1543,2107,843,2184,6074,442,4389,456,1852,3444,2046,2425,748,5316,2554,5014,3598,3543,1231,103,3102,3007,1260,2862,2403,2211,464,2756,1055,1628,1635,1785,3544,1021,3207,1630,2107,3271,4862,1766,792,1779,1076,1600,2168,3388,2462,349,1960,2532,2149,793,1824,1380,2546,1960,2456,4625,309,3461,907,12781
65,3167,739,1838,3180,1662,3188,27,2274,2695,1541,879,1428,5696,114,5978,2793,4172,2846,3956,2226,191,4457,1543,2107,843,2184,6074,442,4389,456,1852,3444,2046,2425,748,5316,2554,5014,3598,3543,1231,103,3122,3010,1257,2858,2386,2201,464,2760,1043,1628,1633,1771,3544,1027,3207,1630,2093,3271,4848,1766,792,1777,1065,1600,2168,3392,2459,349,1960,2532,2152,793,1813,1380,2546,1942,2456,4611,309,3447,920,12813
65,3167,739,1838,3180,1662,3188,27,2274,2695,1541,879,1428,5696,114,5978,2793,4172,2846,3956,2226,191,4464,1543,2107,842,2170,6057,442,4389,456,1852,3444,2046,2425,754,5331,2543,5007,3589,3543,1231,98,3107,3010,1258,2874,2393,2213,464,2756,1043,1612,1633,1785,3544,1021,3207,1632,2093,3267,4862,1753,792,1762,1066,1598,2168,3392,2450,349,1960,2532,2152,793,1813,1380,2546,1942,2456,4611,309,3447,920,12831
60,3152,739,1841,3172,1662,3171,27,2277,2684,1541,867,1428,5684,120,5993,2793,4186,2834,3942,2226,191,4464,1543,2107,842,2170,6057,442,4389,456,1852,3444,2046,2425,754,5331,2543,5007,3589,3543,1231,98,3107,3010,1258,2874,2393,2213,464,2756,1043,1612,1633,1785,3544,1021,3207,1632,2093,3267,4862,1753,792,1762,1066,1598,2168,3392,2450,349,1945,2543,2149,804,1824,1380,2540,1960,2456,4617,309,3447,920,12847
60,3152,739,1841,3172,1662,3171,27,2277,2684,1541,867,1428,5684,120,5993,2793,4186,2834,3942,2226,191,4442,1543,2110,842,2184,6069,442,4389,445,1852,3444,2046,2425,754,5339,2554,5014,3581,3543,1229,103,3117,3010,1260,2862,2390,2204,464,2775,1054,1626,1623,1771,3544,1021,3207,1619,2096,3258,4862,1763,792,1764,1065,1598,2168,3392,2450,349,1945,2543,2149,804,1824,1380,2540,1960,2456,4617,309,3447,920,12882
60,3172,739,1838,3172,1662,3167,27,2274,2684,1541,879,1428,5721,120,5978,2793,4186,2834,3942,2213,191,4464,1543,2107,841,2173,6062,442,4389,445,1850,3444,2043,2422,748,5316,2543,5007,3593,3543,1229,103,3107,3010,1258,2862,2403,2198,464,2756,1043,1626,1635,1771,3544,1021,3207,1619,2096,3258,4862,1763,792,1764,1065,1598,2168,3392,2462,355,1942,2535,2146,794,1813,1380,2540,1945,2456,4617,309,3447,920,12917
60,3167,738,1838,3184,1689,3167,27,2274,2684,1541,879,1428,5721,120,5978,2793,4186,2834,3942,2213,191,4464,1543,2107,841,2173,6062,442,4389,445,1850,3444,2043,2422,748,5316,2543,5007,3593,3543,1229,103,3107,3010,1258,2862,2403,2198,464,2756,1043,1626,1635,1783,3540,1021,3207,1619,2110,3271,4876,1763,792,1762,1065,1598,2168,3392,2434,355,1957,2532,2152,793,1826,1378,2547,1957,2456,4631,310,3443,919,12931
60,3167,738,1838,3184,1689,3180,27,2277,2706,1558,893,1442,5701,120,5987,2793,4192,2862,3956,2213,196,4449,1543,2107,842,2170,6074,442,4389,456,1855,3449,2046,2434,754,5324,2543,5007,3585,3543,1229,103,3102,3010,1258,2878,2390,2198,464,2756,1044,1626,1637,1785,3552,1021,3207,1619,2107,3263,4862,1766,786,1764,1077,1600,2171,3388,2459,355,1957,2532,2152,793,1826,1378,2547,1957,2456,4631,310,3443,919,12963
60,3167,739,1838,3184,1675,3155,27,2274,2684,1541,879,1428,5684,120,6003,2793,4172,2850,3956,2211,191,4449,1543,2107,842,2184,6074,442,4382,445,1855,3444,2060,2422,754,5324,2554,5007,3576,3543,1243,103,3102,3010,1258,2858,2390,2201,464,2756,1043,1626,1633,1771,3552,1021,3207,1619,2107,3263,4862,1766,786,1764,1077,1600,2171,3388,2459,355,1960,2532,2149,793,1813,1378,2546,1957,2456,4611,309,3456,905,13001
60,3167,739,1841,3184,1675,3171,27,2280,2695,1555,879,1428,5689,120,5993,2793,4178,2850,3956,2226,191,4427,1543,2110,842,2184,6082,442,4382,445,1852,3444,2046,2422,754,5324,2554,5007,3576,3543,1243,103,3102,3010,1258,2858,2390,2201,464,2756,1043,1626,1633,1771,3552,1021,3207,1630,2107,3258,4862,1766,792,1779,1065,1598,2156,3392,2462,354,1957,2532,2149,792,1826,1393,2546,1957,2456,4611,310,3447,919,13030
60,3167,739,1841,3184,1675,3171,27,2280,2695,1555,879,1428,5689,120,5993,2793,4178,2850,3956,2226,191,4427,1543,2110,842,2184,6082,442,4382,445,1852,3444,2046,2422,754,5316,2543,5007,3576,3543,1231,103,3102,3010,1260,2874,2407,2201,464,2756,1054,1626,1635,1785,3557,1021,3207,1630,2093,3258,4862,1766,792,1779,1065,1598,2156,3392,2462,354,1957,2532,2149,792,1826,1393,2546,1957,2456,4611,310,3447,919,13046
60,3162,739,1838,3172,1675,3171,27,2274,2692,1541,879,1428,5696,114,5987,2793,4172,2850,3956,2226,191,4434,1543,2107,842,2184,6082,442,4382,445,1838,3428,2046,2422,748,5331,2543,5007,3585,3543,1231,103,3102,3010,1258,2874,2407,2201,464,2756,1054,1626,1635,1785,3557,1021,3207,1630,2093,3258,4862,1763,786,1762,1064,1598,2168,3392,2462,354,1945,2532,2167,793,1813,1380,2546,1960,2456,4625,309,3461,919,13080
60,3162,739,1838,3168,1675,3171,27,2277,2695,1539,866,1428,5696,120,5993,2793,4192,2866,3956,2226,191,4434,1543,2107,842,2184,6082,442,4382,445,1838,3428,2046,2422,748,5331,2543,5007,3585,3543,1231,103,3102,3010,1258,2862,2390,2198,464,2756,1043,1628,1633,1771,3540,1021,3192,1619,2110,3254,4862,1766,786,1762,1065,1598,2168,3379,2462,354,1945,2532,2135,792,1815,1393,2540,1960,2456,4617,297,3456,920,13114
60,3152,750,1838,3172,1678,3155,27,2292,2684,1539,866,1428,5696,120,5993,2793,4192,2866,3956,2226,191,4427,1543,2121,842,2184,6069,442,4382,456,1852,3449,2049,2434,753,5316,2540,5014,3585,3543,1231,103,3102,3010,1260,2862,2403,2201,464,2756,1043,1626,1635,1771,3552,1021,3212,1619,2093,3271,4862,1776,792,1777,1076,1598,2168,3392,2447,355,1960,2543,2149,793,1813,1366,2546,1957,2456,4611,309,3461,919,13139
60,3152,750,1838,3172,1678,3155,27,2292,2684,1541,878,1428,5689,120,6003,2793,4192,2850,3956,2201,191,4412,1545,2110,842,2197,6062,442,4382,445,1855,3440,2046,2419,748,5339,2543,5007,3581,3539,1240,103,3102,3010,1258,2862,2403,2201,464,2756,1043,1626,1635,1771,3552,1021,3212,1619,2093,3271,4862,1776,792,1777,1076,1598,2168,3392,2447,355,1960,2543,2149,793,1813,1366,2546,1957,2456,4611,309,3461,919,13166
60,3152,739,1838,3168,1675,3163,27,2277,2695,1541,879,1428,5701,120,6003,2793,4172,2850,3950,2198,191,4434,1532,2107,830,2197,6062,442,4382,445,1855,3440,2046,2419,748,5339,2543,5007,3581,3539,1240,103,3102,3010,1258,2858,2386,2198,464,2771,1055,1628,1648,1785,3552,1027,3212,1630,2107,3271,4855,1763,786,1779,1065,1598,2180,3392,2447,355,1957,2529,2149,794,1826,1366,2546,1957,2456,4625,309,3461,919,13188
60,3152,739,1838,3168,1675,3163,27,2277,2695,1541,879,1428,5701,120,6003,2793,4172,2850,3950,2198,191,4434,1532,2107,830,2167,6082,442,4382,445,1855,3440,2046,2422,748,5339,2543,5007,3593,3543,1217,103,3122,3010,1258,2862,2390,2198,464,2760,1053,1628,1635,1785,3540,1021,3212,1630,2107,3271,4855,1763,786,1779,1065,1598,2180,3392,2447,355,1957,2529,2149,794,1826,1366,2546,1957,2456,4625,309,3461,919,13204
60,3147,739,1838,3168,1659,3167,27,2274,2692,1541,867,1428,5689,114,5978,2793,4192,2850,3950,2198,191,4434,1532,2107,830,2167,6082,442,4382,445,1855,3440,2046,2422,748,5339,2543,5007,3593,3543,1217,103,3122,3010,1258,2862,2390,2198,464,2760,1053,1628,1635,1785,3540,1021,3212,1630,2107,3258,4855,1763,792,1764,1065,1598,2171,3392,2447,349,1957,2529,2149,793,1813,1364,2540,1945,2453,4604,309,3447,906,13231
60,3147,739,1838,3168,1659,3167,27,2274,2692,1541,867,1428,5689,114,5978,2793,4192,2834,3942,2213,196,4427,1532,2107,841,2170,6069,442,4375,445,1850,3428,2046,2422,754,5316,2543,5014,3585,3530,1231,103,3117,3007,1258,2862,2390,2198,464,2756,1054,1626,1635,1785,3557,1026,3212,1630,2110,3254,4862,1763,780,1762,1064,1598,2165,3379,2462,354,1957,2532,2149,793,1813,1364,2540,1945,2453,4604,309,3447,906,13264
54,3147,728,1838,3172,1662,3171,27,2274,2695,1541,879,1428,5701,114,5978,2793,4186,2850,3950,2201,191,4427,1532,2110,830,2170,6069,442,4389,456,1852,3440,2043,2425,748,5316,2543,5007,3581,3530,1231,98,3102,3000,1258,2858,2390,2204,464,2751,1043,1624,1635,1785,3561,1021,3207,1619,2104,3271,4862,1763,780,1762,1064,1598,2165,3379,2462,354,1957,2532,2149,792,1813,1378,2545,1957,2456,4625,309,3447,906,13297
60,3162,739,1838,3172,1662,3171,27,2277,2692,1541,879,1428,5701,114,5978,2793,4186,2850,3950,2201,191,4427,1532,2110,830,2170,6069,442,4389,456,1852,3440,2043,2425,748,5316,2543,5007,3581,3530,1231,98,3102,3000,1258,2858,2390,2204,464,2751,1043,1624,1635,1785,3561,1021,3207,1619,2104,3271,4862,1766,786,1764,1065,1598,2168,3392,2484,354,1945,2532,2149,792,1813,1394,2546,1957,2456,4617,309,3447,920,13314
60,3162,739,1838,3172,1662,3171,27,2277,2692,1541,866,1428,5696,114,5993,2793,4186,2834,3956,2198,180,4406,1521,2110,829,2197,6082,442,4382,445,1855,3444,2043,2425,754,5331,2543,5014,3576,3543,1245,98,3102,3000,1260,2846,2373,2201,459,2771,1054,1626,1635,1769,3557,1021,3207,1619,2107,3271,4848,1766,786,1764,1065,1600,2168,3392,2478,354,1945,2532,2149,792,1813,1394,2546,1957,2456,4617,309,3447,920,13340
60,3162,739,1838,3168,1662,3155,27,2274,2681,1541,866,1428,5677,114,5978,2793,4186,2846,3956,2198,191,4434,1520,2107,829,2170,6074,442,4374,445,1852,3428,2046,2425,754,5331,2543,5014,3576,3543,1245,98,3102,3000,1260,2846,2373,2201,459,2771,1054,1626,1635,1769,3557,1021,3207,1619,2107,3271,4848,1766,786,1764,1065,1600,2168,3392,2478,355,1960,2529,2149,792,1813,1380,2545,1957,2456,4617,309,3461,906,13364
60,3162,739,1838,3168,1662,3155,27,2274,2681,1541,866,1428,5677,114,5978,2793,4186,2846,3956,2198,191,4434,1520,2107,829,2170,6074,442,4374,445,1852,3428,2046,2422,748,5324,2529,5000,3576,3530,1231,103,3102,3010,1258,2874,2390,2201,464,2756,1054,1626,1648,1785,3552,1021,3207,1630,2104,3254,4862,1763,786,1762,1065,1600,2168,3392,2478,355,1960,2529,2149,792,1813,1380,2545,1957,2456,4617,309,3461,906,13381
60,3147,739,1838,3168,1662,3155,27,2274,2681,1541,866,1428,5677,114,5978,2793,4186,2846,3956,2198,191,4434,1520,2107,829,2170,6074,442,4374,445,1852,3428,2046,2422,748,5324,2529,5000,3576,3530,1231,103,3102,3010,1258,2874,2390,2201,464,2756,1054,1626,1648,1785,3552,1021,3207,1630,2104,3254,4862,1763,786,1762,1065,1612,2165,3392,2475,349,1942,2532,2149,793,1813,1391,2540,1945,2456,4611,309,3447,919,13397
60,3147,727,1824,3176,1662,3171,27,2277,2695,1541,893,1428,5689,120,5987,2793,4192,2866,3956,2201,191,4412,1532,2107,842,2170,6086,442,4382,445,1852,3444,2046,2422,748,5316,2543,5007,3585,3543,1229,103,3107,3007,1258,2874,2390,2201,464,2756,1054,1626,1648,1785,3552,1021,3207,1630,2104,3254,4862,1763,786,1762,1065,1612,2165,3392,2475,349,1942,2532,2149,793,1813,1391,2540,1945,2456,4611,309,3447,919,13414
60,3147,727,1824,3176,1662,3171,27,2277,2695,1541,893,1428,5689,120,5987,2793,4192,2866,3956,2201,191,4412,1532,2107,842,2170,6086,442,4382,445,1852,3444,2046,2422,748,5316,2543,5007,3585,3543,1229,103,3107,3007,1258,2850,2390,2198,464,2760,1054,1626,1637,1783,3552,1027,3207,1619,2093,3258,4862,1763,786,1762,1065,1598,2171,3388,2484,349,1957,2532,2149,794,1813,1393,2546,1945,2456,4625,310,3447,919,13431
54,3162,727,1822,3176,1662,3167,27,2274,2684,1541,879,1428,5696,120,5978,2790,4178,2866,3956,2201,191,4412,1532,2107,842,2170,6086,442,4382,445,1852,3444,2046,2422,748,5316,2543,5007,3585,3543,1229,103,3107,3007,1258,2850,2390,2198,464,2760,1054,1626,1637,1783,3552,1027,3207,1619,2093,3258,4862,1763,786,1762,1065,1598,2171,3388,2484,349,1957,2532,2149,794,1813,1393,2546,1945,2456,4625,310,3461,907,13446
54,3162,727,1822,3176,1662,3167,27,2274,2684,1541,879,1428,5696,120,5978,2790,4178,2862,3942,2189,191,4449,1530,2110,843,2184,6082,442,4374,445,1855,3436,2046,2434,748,5324,2540,4992,3593,3543,1231,103,3117,3010,1258,2850,2390,2198,464,2760,1054,1626,1637,1783,3552,1027,3207,1619,2093,3258,4862,1763,786,1762,1065,1598,2171,3388,2484,349,1957,2532,2149,794,1813,1393,2546,1945,2456,4625,310,3461,907,13464
60,3162,739,1841,3172,1662,3180,27,2274,2695,1541,880,1428,5677,120,5978,2793,4178,2866,3956,2201,196,4457,1532,2107,831,2170,6074,442,4367,445,1852,3449,2046,2434,748,5324,2540,4992,3593,3543,1231,103,3117,3010,1258,2862,2390,2201,459,2771,1043,1628,1637,1771,3557,1021,3212,1630,2107,3258,4862,1766,786,1762,1065,1598,2171,3379,2459,355,1942,2532,2135,793,1813,1378,2546,1945,2453,4611,309,3461,919,13498
60,3162,739,1841,3172,1662,3180,27,2274,2695,1541,880,1428,5677,120,5978,2793,4178,2866,3956,2201,196,4457,1532,2107,831,2170,6074,442,4367,445,1852,3449,2046,2422,754,5316,2540,4992,3585,3530,1231,98,3122,3010,1260,2866,2390,2201,464,2756,1054,1612,1625,1771,3552,1021,3207,1617,2093,3263,4862,1763,786,1762,1065,1598,2171,3379,2459,355,1942,2532,2135,793,1813,1378,2546,1945,2453,4611,309,3461,919,13506
60,3147,739,1841,3176,1662,3167,27,2274,2684,1543,880,1428,5689,120,5978,2793,4186,2866,3942,2189,196,4457,1532,2107,842,2184,6074,442,4374,445,1852,3449,2046,2422,754,5316,2540,4992,3585,3530,1231,98,3122,3010,1260,2866,2390,2201,464,2756,1054,1612,1625,1771,3552,1021,3207,1617,2093,3263,4862,1763,786,1762,1065,1612,2158,3379,2462,349,1960,2529,2146,794,1813,1393,2546,1957,2456,4611,310,3447,919,13531
60,3147,739,1841,3176,1662,3167,27,2274,2684,1543,880,1428,5689,120,5978,2793,4186,2866,3942,2189,196,4457,1532,2107,842,2184,6074,442,4374,445,1855,3449,2046,2437,753,5316,2543,5007,3585,3543,1229,103,3117,3010,1258,2866,2390,2201,464,2756,1054,1612,1625,1771,3552,1021,3207,1617,2093,3263,4862,1763,786,1762,1065,1612,2158,3379,2462,349,1960,2529,2146,794,1813,1393,2546,1957,2456,4611,310,3447,919,13549
60,3147,739,1838,3188,1662,3167,27,2277,2695,1541,879,1428,5708,120,5978,2793,4172,2878,3942,2211,191,4479,1530,2107,843,2184,6074,442,4374,445,1855,3449,2046,2437,753,5316,2543,5007,3585,3543,1229,103,3117,3010,1258,2862,2376,2198,464,2760,1043,1626,1637,1785,3552,1021,3212,1630,2107,3271,4862,1763,786,1764,1065,1600,2171,3379,2475,349,1942,2532,2152,795,1826,1393,2546,1942,2456,4625,310,3461,919,13581
60,3147,727,1824,3176,1662,3167,27,2277,2695,1541,879,1428,5708,120,5978,2793,4172,2878,3942,2211,191,4479,1530,2107,843,2170,6082,442,4367,445,1852,3436,2046,2422,754,5324,2543,4992,3585,3530,1229,103,3102,2996,1258,2866,2376,2198,464,2760,1054,1626,1625,1774,3552,1021,3207,1619,2093,3263,4862,1763,786,1762,1065,1598,2171,3392,2462,355,1957,2529,2149,794,1813,1378,2540,1957,2456,4611,310,3461,919,13613
60,3147,727,1824,3176,1662,3167,27,2277,2695,1541,880,1430,5694,120,5987,2793,4172,2890,3942,2196,196,4503,1532,2107,831,2170,6086,442,4374,445,1852,3449,2060,2434,748,5316,2543,5014,3585,3530,1229,103,3107,3010,1258,2853,2390,2198,464,2760,1042,1612,1625,1771,3552,1021,3212,1619,2107,3263,4869,1763,786,1762,1065,1600,2158,3397,2444,349,1960,2532,2167,794,1813,1378,2540,1957,2456,4611,310,3461,919,13647
60,3152,739,1838,3176,1659,3163,27,2277,2695,1541,880,1428,5694,114,5972,2790,4178,2878,3942,2223,196,4503,1532,2107,831,2170,6086,442,4374,445,1852,3449,2060,2434,748,5316,2543,5014,3585,3530,1229,103,3107,3010,1258,2853,2390,2198,464,2760,1042,1612,1625,1771,3552,1021,3212,1619,2107,3263,4869,1763,786,1762,1065,1600,2158,3397,2444,349,1960,2532,2167,793,1826,1378,2546,1960,2453,4631,310,3447,919,13662
60,3152,739,1838,3176,1659,3163,27,2277,2695,1541,880,1428,5694,114,5972,2790,4178,2878,3942,2223,196,4509,1530,2107,830,2184,6074,442,4358,445,1838,3449,2060,2422,748,5324,2554,5014,3590,3543,1229,98,3087,3010,1260,2869,2390,2198,464,2760,1042,1626,1637,1771,3552,1021,3212,1619,2107,3263,4869,1763,786,1762,1065,1600,2158,3397,2444,349,1960,2532,2167,793,1826,1378,2546,1960,2453,4631,310,3447,919,13680
60,3152,739,1827,3176,1662,3163,27,2277,2695,1541,880,1428,5694,114,5972,2790,4178,2878,3942,2223,196,4509,1530,2107,830,2184,6074,442,4358,445,1838,3449,2060,2422,748,5324,2554,5014,3590,3543,1229,98,3087,3010,1260,2869,2390,2198,464,2760,1042,1626,1637,1771,3552,1021,3207,1628,2104,3263,4862,1763,786,1762,1076,1600,2158,3392,2447,355,1957,2529,2149,794,1826,1391,2546,1960,2456,4611,310,3447,906,13698
60,3152,739,1827,3176,1662,3155,27,2259,2692,1541,880,1428,5689,114,5978,2790,4172,2890,3928,2211,196,4503,1532,2110,832,2184,6074,442,4358,456,1855,3436,2049,2422,748,5324,2543,5007,3585,3543,1229,98,3087,3010,1260,2869,2390,2198,464,2760,1042,1626,1637,1771,3552,1021,3207,1628,2104,3263,4862,1763,786,1762,1076,1600,2158,3392,2447,355,1957,2529,2149,794,1826,1391,2546,1960,2456,4611,310,3447,906,13714
60,3152,738,1841,3176,1675,3167,27,2277,2684,1543,893,1430,5689,114,5972,2793,4186,2890,3928,2211,196,4503,1532,2110,832,2184,6074,442,4358,456,1855,3436,2049,2422,748,5324,2543,5007,3585,3543,1229,103,3102,2996,1246,2869,2390,2186,464,2756,1043,1626,1625,1771,3569,1021,3192,1630,2093,3263,4862,1763,786,1764,1064,1600,2171,3388,2447,355,1945,2532,2138,794,1826,1391,2546,1960,2456,4631,310,3447,907,13751
60,3152,738,1841,3176,1675,3167,27,2277,2684,1543,893,1430,5689,114,5972,2793,4186,2878,3942,2223,202,4509,1530,2107,843,2170,6062,442,4367,446,1855,3436,2046,2422,748,5324,2543,5007,3585,3530,1229,103,3117,2996,1258,2866,2390,2198,464,2760,1042,1614,1637,1785,3552,1021,3212,1617,2093,3263,4848,1763,786,1764,1064,1600,2171,3388,2447,355,1945,2532,2138,794,1826,1391,2546,1960,2456,4631,310,3447,907,13764
60,3152,738,1841,3176,1675,3167,27,2277,2684,1543,893,1430,5689,114,5972,2793,4186,2878,3942,2223,202,4509,1530,2107,843,2170,6062,442,4367,446,1855,3436,2046,2422,748,5324,2543,5007,3585,3530,1229,103,3117,2996,1258,2866,2390,2198,464,2760,1042,1614,1637,1785,3552,1021,3212,1617,2093,3263,4848,1763,786,1762,1053,1598,2158,3379,2459,349,1945,2532,2135,794,1813,1377,2540,1960,2456,4611,310,3447,919,13780
60,3152,738,1841,3176,1662,3180,27,2259,2681,1541,880,1412,5696,114,5948,2779,4178,2878,3942,2223,196,4524,1509,2107,832,2170,6074,442,4374,445,1855,3436,2043,2422,748,5324,2543,5007,3585,3530,1229,103,3117,2996,1258,2866,2390,2198,464,2760,1042,1614,1637,1785,3552,1021,3212,1617,2093,3263,4848,1763,786,1762,1053,1598,2158,3379,2459,349,1945,2532,2135,794,1813,1377,2540,1960,2456,4611,310,3447,919,13797
60,3152,738,1838,3188,1678,3167,27,2262,2681,1541,880,1430,5701,114,5948,2779,4178,2878,3942,2223,196,4524,1509,2107,832,2170,6074,442,4374,445,1855,3436,2043,2409,754,5316,2540,5007,3590,3530,1229,98,3107,3007,1260,2866,2390,2201,464,2771,1053,1626,1637,1771,3552,1021,3207,1617,2110,3267,4869,1761,786,1762,1064,1612,2158,3379,2459,355,1957,2529,2149,795,1826,1366,2546,1960,2453,4625,310,3461,906,13828
60,3152,738,1838,3188,1678,3167,27,2262,2681,1541,880,1430,5701,120,5972,2779,4180,2874,3942,2211,202,4533,1509,2110,843,2170,6074,442,4358,445,1852,3449,2046,2434,754,5332,2540,5007,3585,3548,1229,103,3087,3007,1260,2866,2390,2201,464,2771,1053,1626,1637,1771,3552,1021,3207,1617,2110,3267,4869,1761,786,1762,1064,1612,2158,3379,2459,355,1957,2529,2149,795,1826,1366,2546,1960,2453,4625,310,3461,906,13846
