channel1,channel2,channel3,channel4,channel5,channel6,channel7,channel8,channel9,channel10,channel11,channel12,channel13,channel14,channel15,channel16,channel17,channel18,channel19,channel20,channel21,channel22,channel23,channel24,channel25,channel26,channel27,channel28,channel29,channel30,channel31,channel32,channel33,channel34,channel35,channel36,channel37,channel38,channel39,channel40,channel41,channel42,channel43,channel44,channel45,channel46,channel47,channel48,channel49,channel50,channel51,channel52,channel53,channel54,channel55,channel56,channel57,channel58,channel59,channel60,channel61,channel62,channel63,channel64,channel65,channel66,channel67,channel68,channel69,channel70,channel71,channel72,channel73,channel74,channel75,channel76,channel77,channel78,channel79,channel80,channel81,channel82,channel83,channel84,dts
0,0,0,0,0,0,0,0,0,0,0,0,0,0,0,0,0,0,0,0,0,0,0,0,0,0,0,0,0,0,0,0,0,0,0,0,0,0,0,0,0,0,0,0,0,0,0,0,0,0,0,0,0,0,0,0,0,0,0,0,0,0,0,0,0,0,0,0,0,0,0,0,0,0,0,0,0,0,0,0,0,0,0,0,22
0,0,0,0,0,0,0,0,0,0,0,0,0,0,0,0,0,0,0,0,0,0,0,0,0,0,0,0,0,0,0,0,0,0,0,0,0,0,0,0,0,0,0,0,0,0,0,0,0,0,0,0,0,0,0,0,0,0,0,0,0,0,0,0,0,0,0,0,0,0,0,0,0,0,0,0,0,0,0,0,0,0,0,0,39
0,0,0,0,0,0,0,0,0,0,0,0,0,0,0,0,0,0,0,0,0,0,0,0,0,0,0,0,0,0,0,0,0,0,0,0,0,0,0,0,0,0,0,0,0,0,0,0,0,0,0,0,0,0,0,0,0,0,0,0,0,0,0,0,0,0,0,0,0,0,0,0,0,0,0,0,0,0,0,0,0,0,0,0,49
0,0,0,0,0,0,0,0,0,0,0,0,0,0,0,0,0,0,0,0,0,0,0,0,0,0,0,0,0,0,0,0,0,0,0,0,0,0,0,0,0,0,0,0,0,0,0,0,0,0,0,0,0,0,0,0,0,0,0,0,0,0,0,0,0,0,0,0,0,0,0,0,0,0,0,0,0,0,0,0,0,0,0,0,64
0,0,0,0,0,0,0,0,0,0,0,0,0,0,0,0,0,0,0,0,0,0,0,0,0,0,0,0,0,0,0,0,0,0,0,0,0,0,0,0,0,0,0,0,0,0,0,0,0,0,0,0,0,0,0,0,0,0,0,0,0,0,0,0,0,0,0,0,0,0,0,0,0,0,0,0,0,0,0,0,0,0,0,0,90
0,0,0,0,0,0,0,0,0,0,0,0,0,0,0,0,0,0,0,0,0,0,0,0,0,0,0,0,0,0,0,0,0,0,0,0,0,0,0,0,0,0,0,0,0,0,0,0,0,0,0,0,0,0,0,0,0,0,0,0,0,0,0,0,0,0,0,0,0,0,0,0,0,0,0,0,0,0,0,0,0,0,0,0,106
0,0,0,0,0,0,0,0,0,0,0,0,0,0,0,0,0,0,0,0,0,0,0,0,0,0,0,0,0,0,0,0,0,0,0,0,0,0,0,0,0,0,0,0,0,0,0,0,0,0,0,0,0,0,0,0,0,0,0,0,0,0,0,0,0,0,0,0,0,0,0,0,0,0,0,0,0,0,0,0,0,0,0,0,123
0,0,0,0,0,0,0,0,0,0,0,0,0,0,0,0,0,0,0,0,0,0,0,0,0,0,0,0,0,0,0,0,0,0,0,0,0,0,0,0,0,0,0,0,0,0,0,0,0,0,0,0,0,0,0,0,0,0,0,0,0,0,0,0,0,0,0,0,0,0,0,0,0,0,0,0,0,0,0,0,0,0,0,0,306
0,0,0,0,0,0,0,0,0,0,0,0,0,0,0,0,0,0,0,0,0,0,0,0,0,0,0,0,0,0,0,0,0,0,0,0,0,0,0,0,0,0,0,0,0,0,0,0,0,0,0,0,0,0,0,0,0,0,0,0,0,0,0,0,0,0,0,0,0,0,0,0,0,0,0,0,0,0,0,0,0,0,0,0,337
0,0,0,0,0,0,0,0,0,0,0,0,0,0,0,0,0,0,0,0,0,0,0,0,0,0,0,0,0,0,0,0,0,0,0,0,0,0,0,0,0,0,0,0,0,0,0,0,0,0,0,0,0,0,0,0,0,0,0,0,0,0,0,0,0,0,0,0,0,0,0,0,0,0,0,0,0,0,0,0,0,0,0,0,356
0,0,0,0,0,0,0,0,0,0,0,0,0,0,0,0,0,0,0,0,0,0,0,0,0,0,0,0,0,0,0,0,0,0,0,0,0,0,0,0,0,0,0,0,0,0,0,0,0,0,0,0,0,0,0,0,0,0,0,0,0,0,0,0,0,0,0,0,0,0,0,0,0,0,0,0,0,0,0,0,0,0,0,0,372
0,0,0,0,0,0,0,0,0,0,0,0,0,0,0,0,0,0,0,0,0,0,0,0,0,0,0,0,0,0,0,0,0,0,0,0,0,0,0,0,0,0,0,0,0,0,0,0,0,0,0,0,0,0,0,0,0,0,0,0,0,0,0,0,0,0,0,0,0,0,0,0,0,0,0,0,0,0,0,0,0,0,0,0,406
0,0,0,0,0,0,0,0,0,0,0,0,0,0,0,0,0,0,0,0,0,0,0,0,0,0,0,0,0,0,0,0,0,0,0,0,0,0,0,0,0,0,0,0,0,0,0,0,0,0,0,0,0,0,0,0,0,0,0,0,0,0,0,0,0,0,0,0,0,0,0,0,0,0,0,0,0,0,0,0,0,0,0,0,438
0,0,0,0,0,0,0,0,0,0,0,0,0,0,0,0,0,0,0,0,0,0,0,0,0,0,0,0,0,0,0,0,0,0,0,0,0,0,0,0,0,0,0,0,0,0,0,0,0,0,0,0,0,0,0,0,0,0,0,0,0,0,0,0,0,0,0,0,0,0,0,0,0,0,0,0,0,0,0,0,0,0,0,0,456
0,0,0,0,0,0,0,0,0,0,0,0,0,0,0,0,0,0,0,0,0,0,0,0,0,0,0,0,0,0,0,0,0,0,0,0,0,0,0,0,0,0,0,0,0,0,0,0,0,0,0,0,0,0,0,0,0,0,0,0,0,0,0,0,0,0,0,0,0,0,0,0,0,0,0,0,0,0,0,0,0,0,0,0,488
0,0,0,0,0,0,0,0,0,0,0,0,0,0,0,0,0,0,0,0,0,0,0,0,0,0,0,0,0,0,0,0,0,0,0,0,0,0,0,0,0,0,0,0,0,0,0,0,0,0,0,0,0,0,0,0,0,0,0,0,0,0,0,0,0,0,0,0,0,0,0,0,0,0,0,0,0,0,0,0,0,0,0,0,506
0,0,0,0,0,0,0,0,0,0,0,0,0,0,0,0,0,0,0,0,0,0,0,0,0,0,0,0,0,0,0,0,0,0,0,0,0,0,0,0,0,0,0,0,0,0,0,0,0,0,0,0,0,0,0,0,0,0,0,0,0,0,0,0,0,0,0,0,0,0,0,0,0,0,0,0,0,0,0,0,0,0,0,0,522
0,0,0,0,0,0,0,0,0,0,0,0,0,0,0,0,0,0,0,0,0,0,0,0,0,0,0,0,0,0,0,0,0,0,0,0,0,0,0,0,0,0,0,0,0,0,0,0,0,0,0,0,0,0,0,0,0,0,0,0,0,0,0,0,0,0,0,0,0,0,0,0,0,0,0,0,0,0,0,0,0,0,0,0,538
0,0,0,0,0,0,0,0,0,0,0,0,0,0,0,0,0,0,0,0,0,0,0,0,0,0,0,0,0,0,0,0,0,0,0,0,0,0,0,0,0,0,0,0,0,0,0,0,0,0,0,0,0,0,0,0,0,0,0,0,0,0,0,0,0,0,0,0,0,0,0,0,0,0,0,0,0,0,0,0,0,0,0,0,553
0,0,0,0,0,0,0,0,0,0,0,0,0,0,0,0,0,0,0,0,0,0,0,0,0,0,0,0,0,0,0,0,0,0,0,0,0,0,0,0,0,0,0,0,0,0,0,0,0,0,0,0,0,0,0,0,0,0,0,0,0,0,0,0,0,0,0,0,0,0,0,0,0,0,0,0,0,0,0,0,0,0,0,0,589
0,0,0,0,0,0,0,0,0,0,0,0,0,0,0,0,0,0,0,0,0,0,0,0,0,0,0,0,0,0,0,0,0,0,0,0,0,0,0,0,0,0,0,0,0,0,0,0,0,0,0,0,0,0,0,0,0,0,0,0,0,0,0,0,0,0,0,0,0,0,0,0,0,0,0,0,0,0,0,0,0,0,0,0,606
0,0,0,0,0,0,0,0,0,0,0,0,0,0,0,0,0,0,0,0,0,0,0,0,0,0,0,0,0,0,0,0,0,0,0,0,0,0,0,0,0,0,0,0,0,0,0,0,0,0,0,0,0,0,0,0,0,0,0,0,0,0,0,0,0,0,0,0,0,0,0,0,0,0,0,0,0,0,0,0,0,0,0,0,639
0,0,0,0,0,0,0,0,0,0,0,0,0,0,0,0,0,0,0,0,0,0,0,0,0,0,0,0,0,0,0,0,0,0,0,0,0,0,0,0,0,0,0,0,0,0,0,0,0,0,0,0,0,0,0,0,0,0,0,0,0,0,0,0,0,0,0,0,0,0,0,0,0,0,0,0,0,0,0,0,0,0,0,0,656
0,0,0,0,0,0,0,0,0,0,0,0,0,0,0,0,0,0,0,0,0,0,0,0,0,0,0,0,0,0,0,0,0,0,0,0,0,0,0,0,0,0,0,0,0,0,0,0,0,0,0,0,0,0,0,0,0,0,0,0,0,0,0,0,0,0,0,0,0,0,0,0,0,0,0,0,0,0,0,0,0,0,0,0,672
0,0,0,0,0,0,0,0,0,0,0,0,0,0,0,0,0,0,0,0,0,0,0,0,0,0,0,0,0,0,0,0,0,0,0,0,0,0,0,0,0,0,0,0,0,0,0,0,0,0,0,0,0,0,0,0,0,0,0,0,0,0,0,0,0,0,0,0,0,0,0,0,0,0,0,0,0,0,0,0,0,0,0,0,689
0,0,0,0,0,0,0,0,0,0,0,0,0,0,0,0,0,0,0,0,0,0,0,0,0,0,0,0,0,0,0,0,0,0,0,0,0,0,0,0,0,0,0,0,0,0,0,0,0,0,0,0,0,0,0,0,0,0,0,0,0,0,0,0,0,0,0,0,0,0,0,0,0,0,0,0,0,0,0,0,0,0,0,0,723
0,0,0,0,0,0,0,0,0,0,0,0,0,0,0,0,0,0,0,0,0,0,0,0,0,0,0,0,0,0,0,0,0,0,0,0,0,0,0,0,0,0,0,0,0,0,0,0,0,0,0,0,0,0,0,0,0,0,0,0,0,0,0,0,0,0,0,0,0,0,0,0,0,0,0,0,0,0,0,0,0,0,0,0,739
0,0,0,0,0,0,0,0,0,0,0,0,0,0,0,0,0,0,0,0,0,0,0,0,0,0,0,0,0,0,0,0,0,0,0,0,0,0,0,0,0,0,0,0,0,0,0,0,0,0,0,0,0,0,0,0,0,0,0,0,0,0,0,0,0,0,0,0,0,0,0,0,0,0,0,0,0,0,0,0,0,0,0,0,756
0,0,0,0,0,0,0,0,0,0,0,0,0,0,0,0,0,0,0,0,0,0,0,0,0,0,0,0,0,0,0,0,0,0,0,0,0,0,0,0,0,0,0,0,0,0,0,0,0,0,0,0,0,0,0,0,0,0,0,0,0,0,0,0,0,0,0,0,0,0,0,0,0,0,0,0,0,0,0,0,0,0,0,0,789
0,0,0,0,0,0,0,0,0,0,0,0,0,0,0,0,0,0,0,0,0,0,0,0,0,0,0,0,0,0,0,0,0,0,0,0,0,0,0,0,0,0,0,0,0,0,0,0,0,0,0,0,0,0,0,0,0,0,0,0,0,0,0,0,0,0,0,0,0,0,0,0,0,0,0,0,0,0,0,0,0,0,0,0,805
0,0,0,0,0,0,0,0,0,0,0,0,0,0,0,0,0,0,0,0,0,0,0,0,0,0,0,0,0,0,0,0,0,0,0,0,0,0,0,0,0,0,0,0,0,0,0,0,0,0,0,0,0,0,0,0,0,0,0,0,0,0,0,0,0,0,0,0,0,0,0,0,0,0,0,0,0,0,0,0,0,0,0,0,836
0,0,0,0,0,0,0,0,0,0,0,0,0,0,0,0,0,0,0,0,0,0,0,0,0,0,0,0,0,0,0,0,0,0,0,0,0,0,0,0,0,0,0,0,0,0,0,0,0,0,0,0,0,0,0,0,0,0,0,0,0,0,0,0,0,0,0,0,0,0,0,0,0,0,0,0,0,0,0,0,0,0,0,0,852
0,0,0,0,0,0,0,0,0,0,0,0,0,0,0,0,0,0,0,0,0,0,0,0,0,0,0,0,0,0,0,0,0,0,0,0,0,0,0,0,0,0,0,0,0,0,0,0,0,0,0,0,0,0,0,0,0,0,0,0,0,0,0,0,0,0,0,0,0,0,0,0,0,0,0,0,0,0,0,0,0,0,0,0,872
0,0,0,0,0,0,0,0,0,0,0,0,0,0,0,0,0,0,0,0,0,0,0,0,0,0,0,0,0,0,0,0,0,0,0,0,0,0,0,0,0,0,0,0,0,0,0,0,0,0,0,0,0,0,0,0,0,0,0,0,0,0,0,0,0,0,0,0,0,0,0,0,0,0,0,0,0,0,0,0,0,0,0,0,903
0,0,0,0,0,0,0,0,0,0,0,0,0,0,0,0,0,0,0,0,0,0,0,0,0,0,0,0,0,0,0,0,0,0,0,0,0,0,0,0,0,0,0,0,0,0,0,0,0,0,0,0,0,0,0,0,0,0,0,0,0,0,0,0,0,0,0,0,0,0,0,0,0,0,0,0,0,0,0,0,0,0,0,0,922
0,0,0,0,0,0,0,0,0,0,0,0,0,0,0,0,0,0,0,0,0,0,0,0,0,0,0,0,0,0,0,0,0,0,0,0,0,0,0,0,0,0,0,0,0,0,0,0,0,0,0,0,0,0,0,0,0,0,0,0,0,0,0,0,0,0,0,0,0,0,0,0,0,0,0,0,0,0,0,0,0,0,0,0,939
0,0,0,0,0,0,0,0,0,0,0,0,0,0,0,0,0,0,0,0,0,0,0,0,0,0,0,0,0,0,0,0,0,0,0,0,0,0,0,0,0,0,0,0,0,0,0,0,0,0,0,0,0,0,0,0,0,0,0,0,0,0,0,0,0,0,0,0,0,0,0,0,0,0,0,0,0,0,0,0,0,0,0,0,956
0,0,0,0,0,0,0,0,0,0,0,0,0,0,0,0,0,0,0,0,0,0,0,0,0,0,0,0,0,0,0,0,0,0,0,0,0,0,0,0,0,0,0,0,0,0,0,0,0,0,0,0,0,0,0,0,0,0,0,0,0,0,0,0,0,0,0,0,0,0,0,0,0,0,0,0,0,0,0,0,0,0,0,0,988
0,0,0,0,0,0,0,0,0,0,0,0,0,0,0,0,0,0,0,0,0,0,0,0,0,0,0,0,0,0,0,0,0,0,0,0,0,0,0,0,0,0,0,0,0,0,0,0,0,0,0,0,0,0,0,0,0,0,0,0,0,0,0,0,0,0,0,0,0,0,0,0,0,0,0,0,0,0,0,0,0,0,0,0,1006
0,0,0,0,0,0,0,0,0,0,0,0,0,0,0,0,0,0,0,0,0,0,0,0,0,0,0,0,0,0,0,0,0,0,0,0,0,0,0,0,0,0,0,0,0,0,0,0,0,0,0,0,0,0,0,0,0,0,0,0,0,0,0,0,0,0,0,0,0,0,0,0,0,0,0,0,0,0,0,0,0,0,0,0,1038
0,0,0,0,0,0,0,0,0,0,0,0,0,0,0,0,0,0,0,0,0,0,0,0,0,0,0,0,0,0,0,0,0,0,0,0,0,0,0,0,0,0,0,0,0,0,0,0,0,0,0,0,0,0,0,0,0,0,0,0,0,0,0,0,0,0,0,0,0,0,0,0,0,0,0,0,0,0,0,0,0,0,0,0,1056
0,0,0,0,0,0,0,0,0,0,0,0,0,0,0,0,0,0,0,0,0,0,0,0,0,0,0,0,0,0,0,0,0,0,0,0,0,0,0,0,0,0,0,0,0,0,0,0,0,0,0,0,0,0,0,0,0,0,0,0,0,0,0,0,0,0,0,0,0,0,0,0,0,0,0,0,0,0,0,0,0,0,0,0,1072
0,0,0,0,0,0,0,0,0,0,0,0,0,0,0,0,0,0,0,0,0,0,0,0,0,0,0,0,0,0,0,0,0,0,0,0,0,0,0,0,0,0,0,0,0,0,0,0,0,0,0,0,0,0,0,0,0,0,0,0,0,0,0,0,0,0,0,0,0,0,0,0,0,0,0,0,0,0,0,0,0,0,0,0,1105
0,0,0,0,0,0,0,0,0,0,0,0,0,0,0,0,0,0,0,0,0,0,0,0,0,0,0,0,0,0,0,0,0,0,0,0,0,0,0,0,0,0,0,0,0,0,0,0,0,0,0,0,0,0,0,0,0,0,0,0,0,0,0,0,0,0,0,0,0,0,0,0,0,0,0,0,0,0,0,0,0,0,0,0,1138
0,0,0,0,0,0,0,0,0,0,0,0,0,0,0,0,0,0,0,0,0,0,0,0,0,0,0,0,0,0,0,0,0,0,0,0,0,0,0,0,0,0,0,0,0,0,0,0,0,0,0,0,0,0,0,0,0,0,0,0,0,0,0,0,0,0,0,0,0,0,0,0,0,0,0,0,0,0,0,0,0,0,0,0,1170
0,0,0,0,0,0,0,0,0,0,0,0,0,0,0,0,0,0,0,0,0,0,0,0,0,0,0,0,0,0,0,0,0,0,0,0,0,0,0,0,0,0,0,0,0,0,0,0,0,0,0,0,0,0,0,0,0,0,0,0,0,0,0,0,0,0,0,0,0,0,0,0,0,0,0,0,0,0,0,0,0,0,0,0,1185
0,0,0,0,0,0,0,0,0,0,0,0,0,0,0,0,0,0,0,0,0,0,0,0,0,0,0,0,0,0,0,0,0,0,0,0,0,0,0,0,0,0,0,0,0,0,0,0,0,0,0,0,0,0,0,0,0,0,0,0,0,0,0,0,0,0,0,0,0,0,0,0,0,0,0,0,0,0,0,0,0,0,0,0,1206
0,0,0,0,0,0,0,0,0,0,0,0,0,0,0,0,0,0,0,0,0,0,0,0,0,0,0,0,0,0,0,0,0,0,0,0,0,0,0,0,0,0,0,0,0,0,0,0,0,0,0,0,0,0,0,0,0,0,0,0,0,0,0,0,0,0,0,0,0,0,0,0,0,0,0,0,0,0,0,0,0,0,0,0,1238
0,0,0,0,0,0,0,0,0,0,0,0,0,0,0,0,0,0,0,0,0,0,0,0,0,0,0,0,0,0,0,0,0,0,0,0,0,0,0,0,0,0,0,0,0,0,0,0,0,0,0,0,0,0,0,0,0,0,0,0,0,0,0,0,0,0,0,0,0,0,0,0,0,0,0,0,0,0,0,0,0,0,0,0,1256
0,0,0,0,0,0,0,0,0,0,0,0,0,0,0,0,0,0,0,0,0,0,0,0,0,0,0,0,0,0,0,0,0,0,0,0,0,0,0,0,0,0,0,0,0,0,0,0,0,0,0,0,0,0,0,0,0,0,0,0,0,0,0,0,0,0,0,0,0,0,0,0,0,0,0,0,0,0,0,0,0,0,0,0,1272
0,0,0,0,0,0,0,0,0,0,0,0,0,0,0,0,0,0,0,0,0,0,0,0,0,0,0,0,0,0,0,0,0,0,0,0,0,0,0,0,0,0,0,0,0,0,0,0,0,0,0,0,0,0,0,0,0,0,0,0,0,0,0,0,0,0,0,0,0,0,0,0,0,0,0,0,0,0,0,0,0,0,0,0,1305
0,0,0,0,0,0,0,0,0,0,0,0,0,0,0,0,0,0,0,0,0,0,0,0,0,0,0,0,0,0,0,0,0,0,0,0,0,0,0,0,0,0,0,0,0,0,0,0,0,0,0,0,0,0,0,0,0,0,0,0,0,0,0,0,0,0,0,0,0,0,0,0,0,0,0,0,0,0,0,0,0,0,0,0,1338
0,0,0,0,0,0,0,0,0,0,0,0,0,0,0,0,0,0,0,0,0,0,0,0,0,0,0,0,0,0,0,0,0,0,0,0,0,0,0,0,0,0,0,0,0,0,0,0,0,0,0,0,0,0,0,0,0,0,0,0,0,0,0,0,0,0,0,0,0,0,0,0,0,0,0,0,0,0,0,0,0,0,0,0,1356
0,0,0,0,0,0,0,0,0,0,0,0,0,0,0,0,0,0,0,0,0,0,0,0,0,0,0,0,0,0,0,0,0,0,0,0,0,0,0,0,0,0,0,0,0,0,0,0,0,0,0,0,0,0,0,0,0,0,0,0,0,0,0,0,0,0,0,0,0,0,0,0,0,0,0,0,0,0,0,0,0,0,0,0,1388
0,0,0,0,0,0,0,0,0,0,0,0,0,0,0,0,0,0,0,0,0,0,0,0,0,0,0,0,0,0,0,0,0,0,0,0,0,0,0,0,0,0,0,0,0,0,0,0,0,0,0,0,0,0,0,0,0,0,0,0,0,0,0,0,0,0,0,0,0,0,0,0,0,0,0,0,0,0,0,0,0,0,0,0,1406
0,0,0,0,0,0,0,0,0,0,0,0,0,0,0,0,0,0,0,0,0,0,0,0,0,0,0,0,0,0,0,0,0,0,0,0,0,0,0,0,0,0,0,0,0,0,0,0,0,0,0,0,0,0,0,0,0,0,0,0,0,0,0,0,0,0,0,0,0,0,0,0,0,0,0,0,0,0,0,0,0,0,0,0,1440
0,0,0,0,0,0,0,0,0,0,0,0,0,0,0,0,0,0,0,0,0,0,0,0,0,0,0,0,0,0,0,0,0,0,0,0,0,0,0,0,0,0,0,0,0,0,0,0,0,0,0,0,0,0,0,0,0,0,0,0,0,0,0,0,0,0,0,0,0,0,0,0,0,0,0,0,0,0,0,0,0,0,0,0,1456
0,0,0,0,0,0,0,0,0,0,0,0,0,0,0,0,0,0,0,0,0,0,0,0,0,0,0,0,0,0,0,0,0,0,0,0,0,0,0,0,0,0,0,0,0,0,0,0,0,0,0,0,0,0,0,0,0,0,0,0,0,0,0,0,0,0,0,0,0,0,0,0,0,0,0,0,0,0,0,0,0,0,0,0,1487
0,0,0,0,0,0,0,0,0,0,0,0,0,0,0,0,0,0,0,0,0,0,0,0,0,0,0,0,0,0,0,0,0,0,0,0,0,0,0,0,0,0,0,0,0,0,0,0,0,0,0,0,0,0,0,0,0,0,0,0,0,0,0,0,0,0,0,0,0,0,0,0,0,0,0,0,0,0,0,0,0,0,0,0,1523
0,0,0,0,0,0,0,0,0,0,0,0,0,0,0,0,0,0,0,0,0,0,0,0,0,0,0,0,0,0,0,0,0,0,0,0,0,0,0,0,0,0,0,0,0,0,0,0,0,0,0,0,0,0,0,0,0,0,0,0,0,0,0,0,0,0,0,0,0,0,0,0,0,0,0,0,0,0,0,0,0,0,0,0,1539
0,0,0,0,0,0,0,0,0,0,0,0,0,0,0,0,0,0,0,0,0,0,0,0,0,0,0,0,0,0,0,0,0,0,0,0,0,0,0,0,0,0,0,0,0,0,0,0,0,0,0,0,0,0,0,0,0,0,0,0,0,0,0,0,0,0,0,0,0,0,0,0,0,0,0,0,0,0,0,0,0,0,0,0,1556
0,0,0,0,0,0,0,0,0,0,0,0,0,0,0,0,0,0,0,0,0,0,0,0,0,0,0,0,0,0,0,0,0,0,0,0,0,0,0,0,0,0,0,0,0,0,0,0,0,0,0,0,0,0,0,0,0,0,0,0,0,0,0,0,0,0,0,0,0,0,0,0,0,0,0,0,0,0,0,0,0,0,0,0,1588
0,0,0,0,0,0,0,0,0,0,0,0,0,0,0,0,0,0,0,0,0,0,0,0,0,0,0,0,0,0,0,0,0,0,0,0,0,0,0,0,0,0,0,0,0,0,0,0,0,0,0,0,0,0,0,0,0,0,0,0,0,0,0,0,0,0,0,0,0,0,0,0,0,0,0,0,0,0,0,0,0,0,0,0,1606
0,0,0,0,0,0,0,0,0,0,0,0,0,0,0,0,0,0,0,0,0,0,0,0,0,0,0,0,0,0,0,0,0,0,0,0,0,0,0,0,0,0,0,0,0,0,0,0,0,0,0,0,0,0,0,0,0,0,0,0,0,0,0,0,0,0,0,0,0,0,0,0,0,0,0,0,0,0,0,0,0,0,0,0,1638
0,0,0,0,0,0,0,0,0,0,0,0,0,0,0,0,0,0,0,0,0,0,0,0,0,0,0,0,0,0,0,0,0,0,0,0,0,0,0,0,0,0,0,0,0,0,0,0,0,0,0,0,0,0,0,0,0,0,0,0,0,0,0,0,0,0,0,0,0,0,0,0,0,0,0,0,0,0,0,0,0,0,0,0,1656
0,0,0,0,0,0,0,0,0,0,0,0,0,0,0,0,0,0,0,0,0,0,0,0,0,0,0,0,0,0,0,0,0,0,0,0,0,0,0,0,0,0,0,0,0,0,0,0,0,0,0,0,0,0,0,0,0,0,0,0,0,0,0,0,0,0,0,0,0,0,0,0,0,0,0,0,0,0,0,0,0,0,0,0,1689
0,0,0,0,0,0,0,0,0,0,0,0,0,0,0,0,0,0,0,0,0,0,0,0,0,0,0,0,0,0,0,0,0,0,0,0,0,0,0,0,0,0,0,0,0,0,0,0,0,0,0,0,0,0,0,0,0,0,0,0,0,0,0,0,0,0,0,0,0,0,0,0,0,0,0,0,0,0,0,0,0,0,0,0,1721
0,0,0,0,0,0,0,0,0,0,0,0,0,0,0,0,0,0,0,0,0,0,0,0,0,0,0,0,0,0,0,0,0,0,0,0,0,0,0,0,0,0,0,0,0,0,0,0,0,0,0,0,0,0,0,0,0,0,0,0,0,0,0,0,0,0,0,0,0,0,0,0,0,0,0,0,0,0,0,0,0,0,0,0,1739
0,0,0,0,0,0,0,0,0,0,0,0,0,0,0,0,0,0,0,0,0,0,0,0,0,0,0,0,0,0,0,0,0,0,0,0,0,0,0,0,0,0,0,0,0,0,0,0,0,0,0,0,0,0,0,0,0,0,0,0,0,0,0,0,0,0,0,0,0,0,0,0,0,0,0,0,0,0,0,0,0,0,0,0,1755
0,0,0,0,0,0,0,0,0,0,0,0,0,0,0,0,0,0,0,0,0,0,0,0,0,0,0,0,0,0,0,0,0,0,0,0,0,0,0,0,0,0,0,0,0,0,0,0,0,0,0,0,0,0,0,0,0,0,0,0,0,0,0,0,0,0,0,0,0,0,0,0,0,0,0,0,0,0,0,0,0,0,0,0,1789
0,0,0,0,0,0,0,0,0,0,0,0,0,0,0,0,0,0,0,0,0,0,0,0,0,0,0,0,0,0,0,0,0,0,0,0,0,0,0,0,0,0,0,0,0,0,0,0,0,0,0,0,0,0,0,0,0,0,0,0,0,0,0,0,0,0,0,0,0,0,0,0,0,0,0,0,0,0,0,0,0,0,0,0,1821
0,0,0,0,0,0,0,0,0,0,0,0,0,0,0,0,0,0,0,0,0,0,0,0,0,0,0,0,0,0,0,0,0,0,0,0,0,0,0,0,0,0,0,0,0,0,0,0,0,0,0,0,0,0,0,0,0,0,0,0,0,0,0,0,0,0,0,0,0,0,0,0,0,0,0,0,0,0,0,0,0,0,0,0,1856
0,0,0,0,0,0,0,0,0,0,0,0,0,0,0,0,0,0,0,0,0,0,0,0,0,0,0,0,0,0,0,0,0,0,0,0,0,0,0,0,0,0,0,0,0,0,0,0,0,0,0,0,0,0,0,0,0,0,0,0,0,0,0,0,0,0,0,0,0,0,0,0,0,0,0,0,0,0,0,0,0,0,0,0,1889
0,0,0,0,0,0,0,0,0,0,0,0,0,0,0,0,0,0,0,0,0,0,0,0,0,0,0,0,0,0,0,0,0,0,0,0,0,0,0,0,0,0,0,0,0,0,0,0,0,0,0,0,0,0,0,0,0,0,0,0,0,0,0,0,0,0,0,0,0,0,0,0,0,0,0,0,0,0,0,0,0,0,0,0,1906
0,0,0,0,0,0,0,0,0,0,0,0,0,0,0,0,0,0,0,0,0,0,0,0,0,0,0,0,0,0,0,0,0,0,0,0,0,0,0,0,0,0,0,0,0,0,0,0,0,0,0,0,0,0,0,0,0,0,0,0,0,0,0,0,0,0,0,0,0,0,0,0,0,0,0,0,0,0,0,0,0,0,0,0,1922
0,0,0,0,0,0,0,0,0,0,0,0,0,0,0,0,0,0,0,0,0,0,0,0,0,0,0,0,0,0,0,0,0,0,0,0,0,0,0,0,0,0,0,0,0,0,0,0,0,0,0,0,0,0,0,0,0,0,0,0,0,0,0,0,0,0,0,0,0,0,0,0,0,0,0,0,0,0,0,0,0,0,0,0,1938
0,0,0,0,0,0,0,0,0,0,0,0,0,0,0,0,0,0,0,0,0,0,0,0,0,0,0,0,0,0,0,0,0,0,0,0,0,0,0,0,0,0,0,0,0,0,0,0,0,0,0,0,0,0,0,0,0,0,0,0,0,0,0,0,0,0,0,0,0,0,0,0,0,0,0,0,0,0,0,0,0,0,0,0,1971
0,0,0,0,0,0,0,0,0,0,0,0,0,0,0,0,0,0,0,0,0,0,0,0,0,0,0,0,0,0,0,0,0,0,0,0,0,0,0,0,0,0,0,0,0,0,0,0,0,0,0,0,0,0,0,0,0,0,0,0,0,0,0,0,0,0,0,0,0,0,0,0,0,0,0,0,0,0,0,0,0,0,0,0,1989
0,0,0,0,0,0,0,0,0,0,0,0,0,0,0,0,0,0,0,0,0,0,0,0,0,0,0,0,0,0,0,0,0,0,0,0,0,0,0,0,0,0,0,0,0,0,0,0,0,0,0,0,0,0,0,0,0,0,0,0,0,0,0,0,0,0,0,0,0,0,0,0,0,0,0,0,0,0,0,0,0,0,0,0,2005
0,0,0,0,0,0,0,0,0,0,0,0,0,0,0,0,0,0,0,0,0,0,0,0,0,0,0,0,0,0,0,0,0,0,0,0,0,0,0,0,0,0,0,0,0,0,0,0,0,0,0,0,0,0,0,0,0,0,0,0,0,0,0,0,0,0,0,0,0,0,0,0,0,0,0,0,0,0,0,0,0,0,0,0,2042
0,0,0,0,0,0,0,0,0,0,0,0,0,0,0,0,0,0,0,0,0,0,0,0,0,0,0,0,0,0,0,0,0,0,0,0,0,0,0,0,0,0,0,0,0,0,0,0,0,0,0,0,0,0,0,0,0,0,0,0,0,0,0,0,0,0,0,0,0,0,0,0,0,0,0,0,0,0,0,0,0,0,0,0,2073
0,0,0,0,0,0,0,0,0,0,0,0,0,0,0,0,0,0,0,0,0,0,0,0,0,0,0,0,0,0,0,0,0,0,0,0,0,0,0,0,0,0,0,0,0,0,0,0,0,0,0,0,0,0,0,0,0,0,0,0,0,0,0,0,0,0,0,0,0,0,0,0,0,0,0,0,0,0,0,0,0,0,0,0,2106
0,0,0,0,0,0,0,0,0,0,0,0,0,0,0,0,0,0,0,0,0,0,0,0,0,0,0,0,0,0,0,0,0,0,0,0,0,0,0,0,0,0,0,0,0,0,0,0,0,0,0,0,0,0,0,0,0,0,0,0,0,0,0,0,0,0,0,0,0,0,0,0,0,0,0,0,0,0,0,0,0,0,0,0,2139
0,0,0,0,0,0,0,0,0,0,0,0,0,0,0,0,0,0,0,0,0,0,0,0,0,0,0,0,0,0,0,0,0,0,0,0,0,0,0,0,0,0,0,0,0,0,0,0,0,0,0,0,0,0,0,0,0,0,0,0,0,0,0,0,0,0,0,0,0,0,0,0,0,0,0,0,0,0,0,0,0,0,0,0,2171
0,0,0,0,0,0,0,0,0,0,0,0,0,0,0,0,0,0,0,0,0,0,0,0,0,0,0,0,0,0,0,0,0,0,0,0,0,0,0,0,0,0,0,0,0,0,0,0,0,0,0,0,0,0,0,0,0,0,0,0,0,0,0,0,0,0,0,0,0,0,0,0,0,0,0,0,0,0,0,0,0,0,0,0,2189
0,0,0,0,0,0,0,0,0,0,0,0,0,0,0,0,0,0,0,0,0,0,0,0,0,0,0,0,0,0,0,0,0,0,0,0,0,0,0,0,0,0,0,0,0,0,0,0,0,0,0,0,0,0,0,0,0,0,0,0,0,0,0,0,0,0,0,0,0,0,0,0,0,0,0,0,0,0,0,0,0,0,0,0,2205
0,0,0,0,0,0,0,0,0,0,0,0,0,0,0,0,0,0,0,0,0,0,0,0,0,0,0,0,0,0,0,0,0,0,0,0,0,0,0,0,0,0,0,0,0,0,0,0,0,0,0,0,0,0,0,0,0,0,0,0,0,0,0,0,0,0,0,0,0,0,0,0,0,0,0,0,0,0,0,0,0,0,0,0,2238
0,0,0,0,0,0,0,0,0,0,0,0,0,0,0,0,0,0,0,0,0,0,0,0,0,0,0,0,0,0,0,0,0,0,0,0,0,0,0,0,0,0,0,0,0,0,0,0,0,0,0,0,0,0,0,0,0,0,0,0,0,0,0,0,0,0,0,0,0,0,0,0,0,0,0,0,0,0,0,0,0,0,0,0,2254
0,0,0,0,0,0,0,0,0,0,0,0,0,0,0,0,0,0,0,0,0,0,0,0,0,0,0,0,0,0,0,0,0,0,0,0,0,0,0,0,0,0,0,0,0,0,0,0,0,0,0,0,0,0,0,0,0,0,0,0,0,0,0,0,0,0,0,0,0,0,0,0,0,0,0,0,0,0,0,0,0,0,0,0,2272
0,0,0,0,0,0,0,0,0,0,0,0,0,0,0,0,0,0,0,0,0,0,0,0,0,0,0,0,0,0,0,0,0,0,0,0,0,0,0,0,0,0,0,0,0,0,0,0,0,0,0,0,0,0,0,0,0,0,0,0,0,0,0,0,0,0,0,0,0,0,0,0,0,0,0,0,0,0,0,0,0,0,0,0,2289
0,0,0,0,0,0,0,0,0,0,0,0,0,0,0,0,0,0,0,0,0,0,0,0,0,0,0,0,0,0,0,0,0,0,0,0,0,0,0,0,0,0,0,0,0,0,0,0,0,0,0,0,0,0,0,0,0,0,0,0,0,0,0,0,0,0,0,0,0,0,0,0,0,0,0,0,0,0,0,0,0,0,0,0,2323
0,0,0,0,0,0,0,0,0,0,0,0,0,0,0,0,0,0,0,0,0,0,0,0,0,0,0,0,0,0,0,0,0,0,0,0,0,0,0,0,0,0,0,0,0,0,0,0,0,0,0,0,0,0,0,0,0,0,0,0,0,0,0,0,0,0,0,0,0,0,0,0,0,0,0,0,0,0,0,0,0,0,0,0,2356
0,0,0,0,0,0,0,0,0,0,0,0,0,0,0,0,0,0,0,0,0,0,0,0,0,0,0,0,0,0,0,0,0,0,0,0,0,0,0,0,0,0,0,0,0,0,0,0,0,0,0,0,0,0,0,0,0,0,0,0,0,0,0,0,0,0,0,0,0,0,0,0,0,0,0,0,0,0,0,0,0,0,0,0,2388
0,0,0,0,0,0,0,0,0,0,0,0,0,0,0,0,0,0,0,0,0,0,0,0,0,0,0,0,0,0,0,0,0,0,0,0,0,0,0,0,0,0,0,0,0,0,0,0,0,0,0,0,0,0,0,0,0,0,0,0,0,0,0,0,0,0,0,0,0,0,0,0,0,0,0,0,0,0,0,0,0,0,0,0,2406
0,0,0,0,0,0,0,0,0,0,0,0,0,0,0,0,0,0,0,0,0,0,0,0,0,0,0,0,0,0,0,0,0,0,0,0,0,0,0,0,0,0,0,0,0,0,0,0,0,0,0,0,0,0,0,0,0,0,0,0,0,0,0,0,0,0,0,0,0,0,0,0,0,0,0,0,0,0,0,0,0,0,0,0,2423
0,0,0,0,0,0,0,0,0,0,0,0,0,0,0,0,0,0,0,0,0,0,0,0,0,0,0,0,0,0,0,0,0,0,0,0,0,0,0,0,0,0,0,0,0,0,0,0,0,0,0,0,0,0,0,0,0,0,0,0,0,0,0,0,0,0,0,0,0,0,0,0,0,0,0,0,0,0,0,0,0,0,0,0,2439
0,0,0,0,0,0,0,0,0,0,0,0,0,0,0,0,0,0,0,0,0,0,0,0,0,0,0,0,0,0,0,0,0,0,0,0,0,0,0,0,0,0,0,0,0,0,0,0,0,0,0,0,0,0,0,0,0,0,0,0,0,0,0,0,0,0,0,0,0,0,0,0,0,0,0,0,0,0,0,0,0,0,0,0,2455
0,0,0,0,0,0,0,0,0,0,0,0,0,0,0,0,0,0,0,0,0,0,0,0,0,0,0,0,0,0,0,0,0,0,0,0,0,0,0,0,0,0,0,0,0,0,0,0,0,0,0,0,0,0,0,0,0,0,0,0,0,0,0,0,0,0,0,0,0,0,0,0,0,0,0,0,0,0,0,0,0,0,0,0,2488
0,0,0,0,0,0,0,0,0,0,0,0,0,0,0,0,0,0,0,0,0,0,0,0,0,0,0,0,0,0,0,0,0,0,0,0,0,0,0,0,0,0,0,0,0,0,0,0,0,0,0,0,0,0,0,0,0,0,0,0,0,0,0,0,0,0,0,0,0,0,0,0,0,0,0,0,0,0,0,0,0,0,0,0,2504
0,0,0,0,0,0,0,0,0,0,0,0,0,0,0,0,0,0,0,0,0,0,0,0,0,0,0,0,0,0,0,0,0,0,0,0,0,0,0,0,0,0,0,0,0,0,0,0,0,0,0,0,0,0,0,0,0,0,0,0,0,0,0,0,0,0,0,0,0,0,0,0,0,0,0,0,0,0,0,0,0,0,0,0,2523
0,0,0,0,0,0,0,0,0,0,0,0,0,0,0,0,0,0,0,0,0,0,0,0,0,0,0,0,0,0,0,0,0,0,0,0,0,0,0,0,0,0,0,0,0,0,0,0,0,0,0,0,0,0,0,0,0,0,0,0,0,0,0,0,0,0,0,0,0,0,0,0,0,0,0,0,0,0,0,0,0,0,0,0,2538
0,0,0,0,0,0,0,0,0,0,0,0,0,0,0,0,0,0,0,0,0,0,0,0,0,0,0,0,0,0,0,0,0,0,0,0,0,0,0,0,0,0,0,0,0,0,0,0,0,0,0,0,0,0,0,0,0,0,0,0,0,0,0,0,0,0,0,0,0,0,0,0,0,0,0,0,0,0,0,0,0,0,0,0,2573
0,0,0,0,0,0,0,0,0,0,0,0,0,0,0,0,0,0,0,0,0,0,0,0,0,0,0,0,0,0,0,0,0,0,0,0,0,0,0,0,0,0,0,0,0,0,0,0,0,0,0,0,0,0,0,0,0,0,0,0,0,0,0,0,0,0,0,0,0,0,0,0,0,0,0,0,0,0,0,0,0,0,0,0,2605
0,0,0,0,0,0,0,0,0,0,0,0,0,0,0,0,0,0,0,0,0,0,0,0,0,0,0,0,0,0,0,0,0,0,0,0,0,0,0,0,0,0,0,0,0,0,0,0,0,0,0,0,0,0,0,0,0,0,0,0,0,0,0,0,0,0,0,0,0,0,0,0,0,0,0,0,0,0,0,0,0,0,0,0,2639
0,0,0,0,0,0,0,0,0,0,0,0,0,0,0,0,0,0,0,0,0,0,0,0,0,0,0,0,0,0,0,0,0,0,0,0,0,0,0,0,0,0,0,0,0,0,0,0,0,0,0,0,0,0,0,0,0,0,0,0,0,0,0,0,0,0,0,0,0,0,0,0,0,0,0,0,0,0,0,0,0,0,0,0,2673
0,0,0,0,0,0,0,0,0,0,0,0,0,0,0,0,0,0,0,0,0,0,0,0,0,0,0,0,0,0,0,0,0,0,0,0,0,0,0,0,0,0,0,0,0,0,0,0,0,0,0,0,0,0,0,0,0,0,0,0,0,0,0,0,0,0,0,0,0,0,0,0,0,0,0,0,0,0,0,0,0,0,0,0,2689
0,0,0,0,0,0,0,0,0,0,0,0,0,0,0,0,0,0,0,0,0,0,0,0,0,0,0,0,0,0,0,0,0,0,0,0,0,0,0,0,0,0,0,0,0,0,0,0,0,0,0,0,0,0,0,0,0,0,0,0,0,0,0,0,0,0,0,0,0,0,0,0,0,0,0,0,0,0,0,0,0,0,0,0,2723
0,0,0,0,0,0,0,0,0,0,0,0,0,0,0,0,0,0,0,0,0,0,0,0,0,0,0,0,0,0,0,0,0,0,0,0,0,0,0,0,0,0,0,0,0,0,0,0,0,0,0,0,0,0,0,0,0,0,0,0,0,0,0,0,0,0,0,0,0,0,0,0,0,0,0,0,0,0,0,0,0,0,0,0,2756
0,0,0,0,0,0,0,0,0,0,0,0,0,0,0,0,0,0,0,0,0,0,0,0,0,0,0,0,0,0,0,0,0,0,0,0,0,0,0,0,0,0,0,0,0,0,0,0,0,0,0,0,0,0,0,0,0,0,0,0,0,0,0,0,0,0,0,0,0,0,0,0,0,0,0,0,0,0,0,0,0,0,0,0,2772
0,0,0,0,0,0,0,0,0,0,0,0,0,0,0,0,0,0,0,0,0,0,0,0,0,0,0,0,0,0,0,0,0,0,0,0,0,0,0,0,0,0,0,0,0,0,0,0,0,0,0,0,0,0,0,0,0,0,0,0,0,0,0,0,0,0,0,0,0,0,0,0,0,0,0,0,0,0,0,0,0,0,0,0,2789
0,0,0,0,0,0,0,0,0,0,0,0,0,0,0,0,0,0,0,0,0,0,0,0,0,0,0,0,0,0,0,0,0,0,0,0,0,0,0,0,0,0,0,0,0,0,0,0,0,0,0,0,0,0,0,0,0,0,0,0,0,0,0,0,0,0,0,0,0,0,0,0,0,0,0,0,0,0,0,0,0,0,0,0,2822
0,0,0,0,0,0,0,0,0,0,0,0,0,0,0,0,0,0,0,0,0,0,0,0,0,0,0,0,0,0,0,0,0,0,0,0,0,0,0,0,0,0,0,0,0,0,0,0,0,0,0,0,0,0,0,0,0,0,0,0,0,0,0,0,0,0,0,0,0,0,0,0,0,0,0,0,0,0,0,0,0,0,0,0,2855
0,0,0,0,0,0,0,0,0,0,0,0,0,0,0,0,0,0,0,0,0,0,0,0,0,0,0,0,0,0,0,0,0,0,0,0,0,0,0,0,0,0,0,0,0,0,0,0,0,0,0,0,0,0,0,0,0,0,0,0,0,0,0,0,0,0,0,0,0,0,0,0,0,0,0,0,0,0,0,0,0,0,0,0,2889
0,0,0,0,0,0,0,0,0,0,0,0,0,0,0,0,0,0,0,0,0,0,0,0,0,0,0,0,0,0,0,0,0,0,0,0,0,0,0,0,0,0,0,0,0,0,0,0,0,0,0,0,0,0,0,0,0,0,0,0,0,0,0,0,0,0,0,0,0,0,0,0,0,0,0,0,0,0,0,0,0,0,0,0,2905
0,0,0,0,0,0,0,0,0,0,0,0,0,0,0,0,0,0,0,0,0,0,0,0,0,0,0,0,0,0,0,0,0,0,0,0,0,0,0,0,0,0,0,0,0,0,0,0,0,0,0,0,0,0,0,0,0,0,0,0,0,0,0,0,0,0,0,0,0,0,0,0,0,0,0,0,0,0,0,0,0,0,0,0,2939
0,0,0,0,0,0,0,0,0,0,0,0,0,0,0,0,0,0,0,0,0,0,0,0,0,0,0,0,0,0,0,0,0,0,0,0,0,0,0,0,0,0,0,0,0,0,0,0,0,0,0,0,0,0,0,0,0,0,0,0,0,0,0,0,0,0,0,0,0,0,0,0,0,0,0,0,0,0,0,0,0,0,0,0,2971
0,0,0,0,0,0,0,0,0,0,0,0,0,0,0,0,0,0,0,0,0,0,0,0,0,0,0,0,0,0,0,0,0,0,0,0,0,0,0,0,0,0,0,0,0,0,0,0,0,0,0,0,0,0,0,0,0,0,0,0,0,0,0,0,0,0,0,0,0,0,0,0,0,0,0,0,0,0,0,0,0,0,0,0,3005
0,0,0,0,0,0,0,0,0,0,0,0,0,0,0,0,0,0,0,0,0,0,0,0,0,0,0,0,0,0,0,0,0,0,0,0,0,0,0,0,0,0,0,0,0,0,0,0,0,0,0,0,0,0,0,0,0,0,0,0,0,0,0,0,0,0,0,0,0,0,0,0,0,0,0,0,0,0,0,0,0,0,0,0,3039
0,0,0,0,0,0,0,0,0,0,0,0,0,0,0,0,0,0,0,0,0,0,0,0,0,0,0,0,0,0,0,0,0,0,0,0,0,0,0,0,0,0,0,0,0,0,0,0,0,0,0,0,0,0,0,0,0,0,0,0,0,0,0,0,0,0,0,0,0,0,0,0,0,0,0,0,0,0,0,0,0,0,0,0,3072
0,0,0,0,0,0,0,0,0,0,0,0,0,0,0,0,0,0,0,0,0,0,0,0,0,0,0,0,0,0,0,0,0,0,0,0,0,0,0,0,0,0,0,0,0,0,0,0,0,0,0,0,0,0,0,0,0,0,0,0,0,0,0,0,0,0,0,0,0,0,0,0,0,0,0,0,0,0,0,0,0,0,0,0,3088
0,0,0,0,0,0,0,0,0,0,0,0,0,0,0,0,0,0,0,0,0,0,0,0,0,0,0,0,0,0,0,0,0,0,0,0,0,0,0,0,0,0,0,0,0,0,0,0,0,0,0,0,0,0,0,0,0,0,0,0,0,0,0,0,0,0,0,0,0,0,0,0,0,0,0,0,0,0,0,0,0,0,0,0,3106
0,0,0,0,0,0,0,0,0,0,0,0,0,0,0,0,0,0,0,0,0,0,0,0,0,0,0,0,0,0,0,0,0,0,0,0,0,0,0,0,0,0,0,0,0,0,0,0,0,0,0,0,0,0,0,0,0,0,0,0,0,0,0,0,0,0,0,0,0,0,0,0,0,0,0,0,0,0,0,0,0,0,0,0,3138
0,0,0,0,0,0,0,0,0,0,0,0,0,0,0,0,0,0,0,0,0,0,0,0,0,0,0,0,0,0,0,0,0,0,0,0,0,0,0,0,0,0,0,0,0,0,0,0,0,0,0,0,0,0,0,0,0,0,0,0,0,0,0,0,0,0,0,0,0,0,0,0,0,0,0,0,0,0,0,0,0,0,0,0,3173
0,0,0,0,0,0,0,0,0,0,0,0,0,0,0,0,0,0,0,0,0,0,0,0,0,0,0,0,0,0,0,0,0,0,0,0,0,0,0,0,0,0,0,0,0,0,0,0,0,0,0,0,0,0,0,0,0,0,0,0,0,0,0,0,0,0,0,0,0,0,0,0,0,0,0,0,0,0,0,0,0,0,0,0,3206
0,0,0,0,0,0,0,0,0,0,0,0,0,0,0,0,0,0,0,0,0,0,0,0,0,0,0,0,0,0,0,0,0,0,0,0,0,0,0,0,0,0,0,0,0,0,0,0,0,0,0,0,0,0,0,0,0,0,0,0,0,0,0,0,0,0,0,0,0,0,0,0,0,0,0,0,0,0,0,0,0,0,0,0,3238
0,0,0,0,0,0,0,0,0,0,0,0,0,0,0,0,0,0,0,0,0,0,0,0,0,0,0,0,0,0,0,0,0,0,0,0,0,0,0,0,0,0,0,0,0,0,0,0,0,0,0,0,0,0,0,0,0,0,0,0,0,0,0,0,0,0,0,0,0,0,0,0,0,0,0,0,0,0,0,0,0,0,0,0,3272
0,0,0,0,0,0,0,0,0,0,0,0,0,0,0,0,0,0,0,0,0,0,0,0,0,0,0,0,0,0,0,0,0,0,0,0,0,0,0,0,0,0,0,0,0,0,0,0,0,0,0,0,0,0,0,0,0,0,0,0,0,0,0,0,0,0,0,0,0,0,0,0,0,0,0,0,0,0,0,0,0,0,0,0,3305
0,0,0,0,0,0,0,0,0,0,0,0,0,0,0,0,0,0,0,0,0,0,0,0,0,0,0,0,0,0,0,0,0,0,0,0,0,0,0,0,0,0,0,0,0,0,0,0,0,0,0,0,0,0,0,0,0,0,0,0,0,0,0,0,0,0,0,0,0,0,0,0,0,0,0,0,0,0,0,0,0,0,0,0,3339
0,0,0,0,0,0,0,0,0,0,0,0,0,0,0,0,0,0,0,0,0,0,0,0,0,0,0,0,0,0,0,0,0,0,0,0,0,0,0,0,0,0,0,0,0,0,0,0,0,0,0,0,0,0,0,0,0,0,0,0,0,0,0,0,0,0,0,0,0,0,0,0,0,0,0,0,0,0,0,0,0,0,0,0,3356
0,0,0,0,0,0,0,0,0,0,0,0,0,0,0,0,0,0,0,0,0,0,0,0,0,0,0,0,0,0,0,0,0,0,0,0,0,0,0,0,0,0,0,0,0,0,0,0,0,0,0,0,0,0,0,0,0,0,0,0,0,0,0,0,0,0,0,0,0,0,0,0,0,0,0,0,0,0,0,0,0,0,0,0,3389
0,0,0,0,0,0,0,0,0,0,0,0,0,0,0,0,0,0,0,0,0,0,0,0,0,0,0,0,0,0,0,0,0,0,0,0,0,0,0,0,0,0,0,0,0,0,0,0,0,0,0,0,0,0,0,0,0,0,0,0,0,0,0,0,0,0,0,0,0,0,0,0,0,0,0,0,0,0,0,0,0,0,0,0,3406
0,0,0,0,0,0,0,0,0,0,0,0,0,0,0,0,0,0,0,0,0,0,0,0,0,0,0,0,0,0,0,0,0,0,0,0,0,0,0,0,0,0,0,0,0,0,0,0,0,0,0,0,0,0,0,0,0,0,0,0,0,0,0,0,0,0,0,0,0,0,0,0,0,0,0,0,0,0,0,0,0,0,0,0,3423
0,0,0,0,0,0,0,0,0,0,0,0,0,0,0,0,0,0,0,0,0,0,0,0,0,0,0,0,0,0,0,0,0,0,0,0,0,0,0,0,0,0,0,0,0,0,0,0,0,0,0,0,0,0,0,0,0,0,0,0,0,0,0,0,0,0,0,0,0,0,0,0,0,0,0,0,0,0,0,0,0,0,0,0,3438
0,0,0,0,0,0,0,0,0,0,0,0,0,0,0,0,0,0,0,0,0,0,0,0,0,0,0,0,0,0,0,0,0,0,0,0,0,0,0,0,0,0,0,0,0,0,0,0,0,0,0,0,0,0,0,0,0,0,0,0,0,0,0,0,0,0,0,0,0,0,0,0,0,0,0,0,0,0,0,0,0,0,0,0,3456
0,0,0,0,0,0,0,0,0,0,0,0,0,0,0,0,0,0,0,0,0,0,0,0,0,0,0,0,0,0,0,0,0,0,0,0,0,0,0,0,0,0,0,0,0,0,0,0,0,0,0,0,0,0,0,0,0,0,0,0,0,0,0,0,0,0,0,0,0,0,0,0,0,0,0,0,0,0,0,0,0,0,0,0,3472
0,0,0,0,0,0,0,0,0,0,0,0,0,0,0,0,0,0,0,0,0,0,0,0,0,0,0,0,0,0,0,0,0,0,0,0,0,0,0,0,0,0,0,0,0,0,0,0,0,0,0,0,0,0,0,0,0,0,0,0,0,0,0,0,0,0,0,0,0,0,0,0,0,0,0,0,0,0,0,0,0,0,0,0,3505
0,0,0,0,0,0,0,0,0,0,0,0,0,0,0,0,0,0,0,0,0,0,0,0,0,0,0,0,0,0,0,0,0,0,0,0,0,0,0,0,0,0,0,0,0,0,0,0,0,0,0,0,0,0,0,0,0,0,0,0,0,0,0,0,0,0,0,0,0,0,0,0,0,0,0,0,0,0,0,0,0,0,0,0,3539
0,0,0,0,0,0,0,0,0,0,0,0,0,0,0,0,0,0,0,0,0,0,0,0,0,0,0,0,0,0,0,0,0,0,0,0,0,0,0,0,0,0,0,0,0,0,0,0,0,0,0,0,0,0,0,0,0,0,0,0,0,0,0,0,0,0,0,0,0,0,0,0,0,0,0,0,0,0,0,0,0,0,0,0,3571
0,0,0,0,0,0,0,0,0,0,0,0,0,0,0,0,0,0,0,0,0,0,0,0,0,0,0,0,0,0,0,0,0,0,0,0,0,0,0,0,0,0,0,0,0,0,0,0,0,0,0,0,0,0,0,0,0,0,0,0,0,0,0,0,0,0,0,0,0,0,0,0,0,0,0,0,0,0,0,0,0,0,0,0,3605
0,0,0,0,0,0,0,0,0,0,0,0,0,0,0,0,0,0,0,0,0,0,0,0,0,0,0,0,0,0,0,0,0,0,0,0,0,0,0,0,0,0,0,0,0,0,0,0,0,0,0,0,0,0,0,0,0,0,0,0,0,0,0,0,0,0,0,0,0,0,0,0,0,0,0,0,0,0,0,0,0,0,0,0,3639
0,0,0,0,0,0,0,0,0,0,0,0,0,0,0,0,0,0,0,0,0,0,0,0,0,0,0,0,0,0,0,0,0,0,0,0,0,0,0,0,0,0,0,0,0,0,0,0,0,0,0,0,0,0,0,0,0,0,0,0,0,0,0,0,0,0,0,0,0,0,0,0,0,0,0,0,0,0,0,0,0,0,0,0,3672
0,0,0,0,0,0,0,0,0,0,0,0,0,0,0,0,0,0,0,0,0,0,0,0,0,0,0,0,0,0,0,0,0,0,0,0,0,0,0,0,0,0,0,0,0,0,0,0,0,0,0,0,0,0,0,0,0,0,0,0,0,0,0,0,0,0,0,0,0,0,0,0,0,0,0,0,0,0,0,0,0,0,0,0,3688
0,0,0,0,0,0,0,0,0,0,0,0,0,0,0,0,0,0,0,0,0,0,0,0,0,0,0,0,0,0,0,0,0,0,0,0,0,0,0,0,0,0,0,0,0,0,0,0,0,0,0,0,0,0,0,0,0,0,0,0,0,0,0,0,0,0,0,0,0,0,0,0,0,0,0,0,0,0,0,0,0,0,0,0,3706
0,0,0,0,0,0,0,0,0,0,0,0,0,0,0,0,0,0,0,0,0,0,0,0,0,0,0,0,0,0,0,0,0,0,0,0,0,0,0,0,0,0,0,0,0,0,0,0,0,0,0,0,0,0,0,0,0,0,0,0,0,0,0,0,0,0,0,0,0,0,0,0,0,0,0,0,0,0,0,0,0,0,0,0,3739
0,0,0,0,0,0,0,0,0,0,0,0,0,0,0,0,0,0,0,0,0,0,0,0,0,0,0,0,0,0,0,0,0,0,0,0,0,0,0,0,0,0,0,0,0,0,0,0,0,0,0,0,0,0,0,0,0,0,0,0,0,0,0,0,0,0,0,0,0,0,0,0,0,0,0,0,0,0,0,0,0,0,0,0,3773
0,0,0,0,0,0,0,0,0,0,0,0,0,0,0,0,0,0,0,0,0,0,0,0,0,0,0,0,0,0,0,0,0,0,0,0,0,0,0,0,0,0,0,0,0,0,0,0,0,0,0,0,0,0,0,0,0,0,0,0,0,0,0,0,0,0,0,0,0,0,0,0,0,0,0,0,0,0,0,0,0,0,0,0,3789
0,0,0,0,0,0,0,0,0,0,0,0,0,0,0,0,0,0,0,0,0,0,0,0,0,0,0,0,0,0,0,0,0,0,0,0,0,0,0,0,0,0,0,0,0,0,0,0,0,0,0,0,0,0,0,0,0,0,0,0,0,0,0,0,0,0,0,0,0,0,0,0,0,0,0,0,0,0,0,0,0,0,0,0,3806
0,0,0,0,0,0,0,0,0,0,0,0,0,0,0,0,0,0,0,0,0,0,0,0,0,0,0,0,0,0,0,0,0,0,0,0,0,0,0,0,0,0,0,0,0,0,0,0,0,0,0,0,0,0,0,0,0,0,0,0,0,0,0,0,0,0,0,0,0,0,0,0,0,0,0,0,0,0,0,0,0,0,0,0,3839
0,0,0,0,0,0,0,0,0,0,0,0,0,0,0,0,0,0,0,0,0,0,0,0,0,0,0,0,0,0,0,0,0,0,0,0,0,0,0,0,0,0,0,0,0,0,0,0,0,0,0,0,0,0,0,0,0,0,0,0,0,0,0,0,0,0,0,0,0,0,0,0,0,0,0,0,0,0,0,0,0,0,0,0,3856
0,0,0,0,0,0,0,0,0,0,0,0,0,0,0,0,0,0,0,0,0,0,0,0,0,0,0,0,0,0,0,0,0,0,0,0,0,0,0,0,0,0,0,0,0,0,0,0,0,0,0,0,0,0,0,0,0,0,0,0,0,0,0,0,0,0,0,0,0,0,0,0,0,0,0,0,0,0,0,0,0,0,0,0,3890
0,0,0,0,0,0,0,0,0,0,0,0,0,0,0,0,0,0,0,0,0,0,0,0,0,0,0,0,0,0,0,0,0,0,0,0,0,0,0,0,0,0,0,0,0,0,0,0,0,0,0,0,0,0,0,0,0,0,0,0,0,0,0,0,0,0,0,0,0,0,0,0,0,0,0,0,0,0,0,0,0,0,0,0,3906
0,0,0,0,0,0,0,0,0,0,0,0,0,0,0,0,0,0,0,0,0,0,0,0,0,0,0,0,0,0,0,0,0,0,0,0,0,0,0,0,0,0,0,0,0,0,0,0,0,0,0,0,0,0,0,0,0,0,0,0,0,0,0,0,0,0,0,0,0,0,0,0,0,0,0,0,0,0,0,0,0,0,0,0,3922
0,0,0,0,0,0,0,0,0,0,0,0,0,0,0,0,0,0,0,0,0,0,0,0,0,0,0,0,0,0,0,0,0,0,0,0,0,0,0,0,0,0,0,0,0,0,0,0,0,0,0,0,0,0,0,0,0,0,0,0,0,0,0,0,0,0,0,0,0,0,0,0,0,0,0,0,0,0,0,0,0,0,0,0,3954
0,0,0,0,0,0,0,0,0,0,0,0,0,0,0,0,0,0,0,0,0,0,0,0,0,0,0,0,0,0,0,0,0,0,0,0,0,0,0,0,0,0,0,0,0,0,0,0,0,0,0,0,0,0,0,0,0,0,0,0,0,0,0,0,0,0,0,0,0,0,0,0,0,0,0,0,0,0,0,0,0,0,0,0,3989
0,0,0,0,0,0,0,0,0,0,0,0,0,0,0,0,0,0,0,0,0,0,0,0,0,0,0,0,0,0,0,0,0,0,0,0,0,0,0,0,0,0,0,0,0,0,0,0,0,0,0,0,0,0,0,0,0,0,0,0,0,0,0,0,0,0,0,0,0,0,0,0,0,0,0,0,0,0,0,0,0,0,0,0,4005
0,0,0,0,0,0,0,0,0,0,0,0,0,0,0,0,0,0,0,0,0,0,0,0,0,0,0,0,0,0,0,0,0,0,0,0,0,0,0,0,0,0,0,0,0,0,0,0,0,0,0,0,0,0,0,0,0,0,0,0,0,0,0,0,0,0,0,0,0,0,0,0,0,0,0,0,0,0,0,0,0,0,0,0,4039
0,0,0,0,0,0,0,0,0,0,0,0,0,0,0,0,0,0,0,0,0,0,0,0,0,0,0,0,0,0,0,0,0,0,0,0,0,0,0,0,0,0,0,0,0,0,0,0,0,0,0,0,0,0,0,0,0,0,0,0,0,0,0,0,0,0,0,0,0,0,0,0,0,0,0,0,0,0,0,0,0,0,0,0,4071
0,0,0,0,0,0,0,0,0,0,0,0,0,0,0,0,0,0,0,0,0,0,0,0,0,0,0,0,0,0,0,0,0,0,0,0,0,0,0,0,0,0,0,0,0,0,0,0,0,0,0,0,0,0,0,0,0,0,0,0,0,0,0,0,0,0,0,0,0,0,0,0,0,0,0,0,0,0,0,0,0,0,0,0,4106
0,0,0,0,0,0,0,0,0,0,0,0,0,0,0,0,0,0,0,0,0,0,0,0,0,0,0,0,0,0,0,0,0,0,0,0,0,0,0,0,0,0,0,0,0,0,0,0,0,0,0,0,0,0,0,0,0,0,0,0,0,0,0,0,0,0,0,0,0,0,0,0,0,0,0,0,0,0,0,0,0,0,0,0,4139
0,0,0,0,0,0,0,0,0,0,0,0,0,0,0,0,0,0,0,0,0,0,0,0,0,0,0,0,0,0,0,0,0,0,0,0,0,0,0,0,0,0,0,0,0,0,0,0,0,0,0,0,0,0,0,0,0,0,0,0,0,0,0,0,0,0,0,0,0,0,0,0,0,0,0,0,0,0,0,0,0,0,0,0,4156
0,0,0,0,0,0,0,0,0,0,0,0,0,0,0,0,0,0,0,0,0,0,0,0,0,0,0,0,0,0,0,0,0,0,0,0,0,0,0,0,0,0,0,0,0,0,0,0,0,0,0,0,0,0,0,0,0,0,0,0,0,0,0,0,0,0,0,0,0,0,0,0,0,0,0,0,0,0,0,0,0,0,0,0,4188
0,0,0,0,0,0,0,0,0,0,0,0,0,0,0,0,0,0,0,0,0,0,0,0,0,0,0,0,0,0,0,0,0,0,0,0,0,0,0,0,0,0,0,0,0,0,0,0,0,0,0,0,0,0,0,0,0,0,0,0,0,0,0,0,0,0,0,0,0,0,0,0,0,0,0,0,0,0,0,0,0,0,0,0,4206
0,0,0,0,0,0,0,0,0,0,0,0,0,0,0,0,0,0,0,0,0,0,0,0,0,0,0,0,0,0,0,0,0,0,0,0,0,0,0,0,0,0,0,0,0,0,0,0,0,0,0,0,0,0,0,0,0,0,0,0,0,0,0,0,0,0,0,0,0,0,0,0,0,0,0,0,0,0,0,0,0,0,0,0,4222
0,0,0,0,0,0,0,0,0,0,0,0,0,0,0,0,0,0,0,0,0,0,0,0,0,0,0,0,0,0,0,0,0,0,0,0,0,0,0,0,0,0,0,0,0,0,0,0,0,0,0,0,0,0,0,0,0,0,0,0,0,0,0,0,0,0,0,0,0,0,0,0,0,0,0,0,0,0,0,0,0,0,0,0,4255
0,0,0,0,0,0,0,0,0,0,0,0,0,0,0,0,0,0,0,0,0,0,0,0,0,0,0,0,0,0,0,0,0,0,0,0,0,0,0,0,0,0,0,0,0,0,0,0,0,0,0,0,0,0,0,0,0,0,0,0,0,0,0,0,0,0,0,0,0,0,0,0,0,0,0,0,0,0,0,0,0,0,0,0,4288
0,0,0,0,0,0,0,0,0,0,0,0,0,0,0,0,0,0,0,0,0,0,0,0,0,0,0,0,0,0,0,0,0,0,0,0,0,0,0,0,0,0,0,0,0,0,0,0,0,0,0,0,0,0,0,0,0,0,0,0,0,0,0,0,0,0,0,0,0,0,0,0,0,0,0,0,0,0,0,0,0,0,0,0,4306
0,0,0,0,0,0,0,0,0,0,0,0,0,0,0,0,0,0,0,0,0,0,0,0,0,0,0,0,0,0,0,0,0,0,0,0,0,0,0,0,0,0,0,0,0,0,0,0,0,0,0,0,0,0,0,0,0,0,0,0,0,0,0,0,0,0,0,0,0,0,0,0,0,0,0,0,0,0,0,0,0,0,0,0,4339
0,0,0,0,0,0,0,0,0,0,0,0,0,0,0,0,0,0,0,0,0,0,0,0,0,0,0,0,0,0,0,0,0,0,0,0,0,0,0,0,0,0,0,0,0,0,0,0,0,0,0,0,0,0,0,0,0,0,0,0,0,0,0,0,0,0,0,0,0,0,0,0,0,0,0,0,0,0,0,0,0,0,0,0,4356
0,0,0,0,0,0,0,0,0,0,0,0,0,0,0,0,0,0,0,0,0,0,0,0,0,0,0,0,0,0,0,0,0,0,0,0,0,0,0,0,0,0,0,0,0,0,0,0,0,0,0,0,0,0,0,0,0,0,0,0,0,0,0,0,0,0,0,0,0,0,0,0,0,0,0,0,0,0,0,0,0,0,0,0,4372
0,0,0,0,0,0,0,0,0,0,0,0,0,0,0,0,0,0,0,0,0,0,0,0,0,0,0,0,0,0,0,0,0,0,0,0,0,0,0,0,0,0,0,0,0,0,0,0,0,0,0,0,0,0,0,0,0,0,0,0,0,0,0,0,0,0,0,0,0,0,0,0,0,0,0,0,0,0,0,0,0,0,0,0,4388
0,0,0,0,0,0,0,0,0,0,0,0,0,0,0,0,0,0,0,0,0,0,0,0,0,0,0,0,0,0,0,0,0,0,0,0,0,0,0,0,0,0,0,0,0,0,0,0,0,0,0,0,0,0,0,0,0,0,0,0,0,0,0,0,0,0,0,0,0,0,0,0,0,0,0,0,0,0,0,0,0,0,0,0,4419
0,0,0,0,0,0,0,0,0,0,0,0,0,0,0,0,0,0,0,0,0,0,0,0,0,0,0,0,0,0,0,0,0,0,0,0,0,0,0,0,0,0,0,0,0,0,0,0,0,0,0,0,0,0,0,0,0,0,0,0,0,0,0,0,0,0,0,0,0,0,0,0,0,0,0,0,0,0,0,0,0,0,0,0,4440
0,0,0,0,0,0,0,0,0,0,0,0,0,0,0,0,0,0,0,0,0,0,0,0,0,0,0,0,0,0,0,0,0,0,0,0,0,0,0,0,0,0,0,0,0,0,0,0,0,0,0,0,0,0,0,0,0,0,0,0,0,0,0,0,0,0,0,0,0,0,0,0,0,0,0,0,0,0,0,0,0,0,0,0,4471
0,0,0,0,0,0,0,0,0,0,0,0,0,0,0,0,0,0,0,0,0,0,0,0,0,0,0,0,0,0,0,0,0,0,0,0,0,0,0,0,0,0,0,0,0,0,0,0,0,0,0,0,0,0,0,0,0,0,0,0,0,0,0,0,0,0,0,0,0,0,0,0,0,0,0,0,0,0,0,0,0,0,0,0,4489
0,0,0,0,0,0,0,0,0,0,0,0,0,0,0,0,0,0,0,0,0,0,0,0,0,0,0,0,0,0,0,0,0,0,0,0,0,0,0,0,0,0,0,0,0,0,0,0,0,0,0,0,0,0,0,0,0,0,0,0,0,0,0,0,0,0,0,0,0,0,0,0,0,0,0,0,0,0,0,0,0,0,0,0,4506
0,0,0,0,0,0,0,0,0,0,0,0,0,0,0,0,0,0,0,0,0,0,0,0,0,0,0,0,0,0,0,0,0,0,0,0,0,0,0,0,0,0,0,0,0,0,0,0,0,0,0,0,0,0,0,0,0,0,0,0,0,0,0,0,0,0,0,0,0,0,0,0,0,0,0,0,0,0,0,0,0,0,0,0,4537
0,0,0,0,0,0,0,0,0,0,0,0,0,0,0,0,0,0,0,0,0,0,0,0,0,0,0,0,0,0,0,0,0,0,0,0,0,0,0,0,0,0,0,0,0,0,0,0,0,0,0,0,0,0,0,0,0,0,0,0,0,0,0,0,0,0,0,0,0,0,0,0,0,0,0,0,0,0,0,0,0,0,0,0,4556
0,0,0,0,0,0,0,0,0,0,0,0,0,0,0,0,0,0,0,0,0,0,0,0,0,0,0,0,0,0,0,0,0,0,0,0,0,0,0,0,0,0,0,0,0,0,0,0,0,0,0,0,0,0,0,0,0,0,0,0,0,0,0,0,0,0,0,0,0,0,0,0,0,0,0,0,0,0,0,0,0,0,0,0,4588
0,0,0,0,0,0,0,0,0,0,0,0,0,0,0,0,0,0,0,0,0,0,0,0,0,0,0,0,0,0,0,0,0,0,0,0,0,0,0,0,0,0,0,0,0,0,0,0,0,0,0,0,0,0,0,0,0,0,0,0,0,0,0,0,0,0,0,0,0,0,0,0,0,0,0,0,0,0,0,0,0,0,0,0,4605
0,0,0,0,0,0,0,0,0,0,0,0,0,0,0,0,0,0,0,0,0,0,0,0,0,0,0,0,0,0,0,0,0,0,0,0,0,0,0,0,0,0,0,0,0,0,0,0,0,0,0,0,0,0,0,0,0,0,0,0,0,0,0,0,0,0,0,0,0,0,0,0,0,0,0,0,0,0,0,0,0,0,0,0,4639
0,0,0,0,0,0,0,0,0,0,0,0,0,0,0,0,0,0,0,0,0,0,0,0,0,0,0,0,0,0,0,0,0,0,0,0,0,0,0,0,0,0,0,0,0,0,0,0,0,0,0,0,0,0,0,0,0,0,0,0,0,0,0,0,0,0,0,0,0,0,0,0,0,0,0,0,0,0,0,0,0,0,0,0,4670
0,0,0,0,0,0,0,0,0,0,0,0,0,0,0,0,0,0,0,0,0,0,0,0,0,0,0,0,0,0,0,0,0,0,0,0,0,0,0,0,0,0,0,0,0,0,0,0,0,0,0,0,0,0,0,0,0,0,0,0,0,0,0,0,0,0,0,0,0,0,0,0,0,0,0,0,0,0,0,0,0,0,0,0,4689
0,0,0,0,0,0,0,0,0,0,0,0,0,0,0,0,0,0,0,0,0,0,0,0,0,0,0,0,0,0,0,0,0,0,0,0,0,0,0,0,0,0,0,0,0,0,0,0,0,0,0,0,0,0,0,0,0,0,0,0,0,0,0,0,0,0,0,0,0,0,0,0,0,0,0,0,0,0,0,0,0,0,0,0,4705
0,0,0,0,0,0,0,0,0,0,0,0,0,0,0,0,0,0,0,0,0,0,0,0,0,0,0,0,0,0,0,0,0,0,0,0,0,0,0,0,0,0,0,0,0,0,0,0,0,0,0,0,0,0,0,0,0,0,0,0,0,0,0,0,0,0,0,0,0,0,0,0,0,0,0,0,0,0,0,0,0,0,0,0,4736
0,0,0,0,0,0,0,0,0,0,0,0,0,0,0,0,0,0,0,0,0,0,0,0,0,0,0,0,0,0,0,0,0,0,0,0,0,0,0,0,0,0,0,0,0,0,0,0,0,0,0,0,0,0,0,0,0,0,0,0,0,0,0,0,0,0,0,0,0,0,0,0,0,0,0,0,0,0,0,0,0,0,0,0,4772
0,0,0,0,0,0,0,0,0,0,0,0,0,0,0,0,0,0,0,0,0,0,0,0,0,0,0,0,0,0,0,0,0,0,0,0,0,0,0,0,0,0,0,0,0,0,0,0,0,0,0,0,0,0,0,0,0,0,0,0,0,0,0,0,0,0,0,0,0,0,0,0,0,0,0,0,0,0,0,0,0,0,0,0,4788
0,0,0,0,0,0,0,0,0,0,0,0,0,0,0,0,0,0,0,0,0,0,0,0,0,0,0,0,0,0,0,0,0,0,0,0,0,0,0,0,0,0,0,0,0,0,0,0,0,0,0,0,0,0,0,0,0,0,0,0,0,0,0,0,0,0,0,0,0,0,0,0,0,0,0,0,0,0,0,0,0,0,0,0,4804
0,0,0,0,0,0,0,0,0,0,0,0,0,0,0,0,0,0,0,0,0,0,0,0,0,0,0,0,0,0,0,0,0,0,0,0,0,0,0,0,0,0,0,0,0,0,0,0,0,0,0,0,0,0,0,0,0,0,0,0,0,0,0,0,0,0,0,0,0,0,0,0,0,0,0,0,0,0,0,0,0,0,0,0,4819
0,0,0,0,0,0,0,0,0,0,0,0,0,0,0,0,0,0,0,0,0,0,0,0,0,0,0,0,0,0,0,0,0,0,0,0,0,0,0,0,0,0,0,0,0,0,0,0,0,0,0,0,0,0,0,0,0,0,0,0,0,0,0,0,0,0,0,0,0,0,0,0,0,0,0,0,0,0,0,0,0,0,0,0,4839
0,0,0,0,0,0,0,0,0,0,0,0,0,0,0,0,0,0,0,0,0,0,0,0,0,0,0,0,0,0,0,0,0,0,0,0,0,0,0,0,0,0,0,0,0,0,0,0,0,0,0,0,0,0,0,0,0,0,0,0,0,0,0,0,0,0,0,0,0,0,0,0,0,0,0,0,0,0,0,0,0,0,0,0,4856
0,0,0,0,0,0,0,0,0,0,0,0,0,0,0,0,0,0,0,0,0,0,0,0,0,0,0,0,0,0,0,0,0,0,0,0,0,0,0,0,0,0,0,0,0,0,0,0,0,0,0,0,0,0,0,0,0,0,0,0,0,0,0,0,0,0,0,0,0,0,0,0,0,0,0,0,0,0,0,0,0,0,0,0,4889
0,0,0,0,0,0,0,0,0,0,0,0,0,0,0,0,0,0,0,0,0,0,0,0,0,0,0,0,0,0,0,0,0,0,0,0,0,0,0,0,0,0,0,0,0,0,0,0,0,0,0,0,0,0,0,0,0,0,0,0,0,0,0,0,0,0,0,0,0,0,0,0,0,0,0,0,0,0,0,0,0,0,0,0,4906
0,0,0,0,0,0,0,0,0,0,0,0,0,0,0,0,0,0,0,0,0,0,0,0,0,0,0,0,0,0,0,0,0,0,0,0,0,0,0,0,0,0,0,0,0,0,0,0,0,0,0,0,0,0,0,0,0,0,0,0,0,0,0,0,0,0,0,0,0,0,0,0,0,0,0,0,0,0,0,0,0,0,0,0,4937
0,0,0,0,0,0,0,0,0,0,0,0,0,0,0,0,0,0,0,0,0,0,0,0,0,0,0,0,0,0,0,0,0,0,0,0,0,0,0,0,0,0,0,0,0,0,0,0,0,0,0,0,0,0,0,0,0,0,0,0,0,0,0,0,0,0,0,0,0,0,0,0,0,0,0,0,0,0,0,0,0,0,0,0,4956
0,0,0,0,0,0,0,0,0,0,0,0,0,0,0,0,0,0,0,0,0,0,0,0,0,0,0,0,0,0,0,0,0,0,0,0,0,0,0,0,0,0,0,0,0,0,0,0,0,0,0,0,0,0,0,0,0,0,0,0,0,0,0,0,0,0,0,0,0,0,0,0,0,0,0,0,0,0,0,0,0,0,0,0,4989
0,0,0,0,0,0,0,0,0,0,0,0,0,0,0,0,0,0,0,0,0,0,0,0,0,0,0,0,0,0,0,0,0,0,0,0,0,0,0,0,0,0,0,0,0,0,0,0,0,0,0,0,0,0,0,0,0,0,0,0,0,0,0,0,0,0,0,0,0,0,0,0,0,0,0,0,0,0,0,0,0,0,0,0,5005
0,0,0,0,0,0,0,0,0,0,0,0,0,0,0,0,0,0,0,0,0,0,0,0,0,0,0,0,0,0,0,0,0,0,0,0,0,0,0,0,0,0,0,0,0,0,0,0,0,0,0,0,0,0,0,0,0,0,0,0,0,0,0,0,0,0,0,0,0,0,0,0,0,0,0,0,0,0,0,0,0,0,0,0,5038
0,0,0,0,0,0,0,0,0,0,0,0,0,0,0,0,0,0,0,0,0,0,0,0,0,0,0,0,0,0,0,0,0,0,0,0,0,0,0,0,0,0,0,0,0,0,0,0,0,0,0,0,0,0,0,0,0,0,0,0,0,0,0,0,0,0,0,0,0,0,0,0,0,0,0,0,0,0,0,0,0,0,0,0,5056
0,0,0,0,0,0,0,0,0,0,0,0,0,0,0,0,0,0,0,0,0,0,0,0,0,0,0,0,0,0,0,0,0,0,0,0,0,0,0,0,0,0,0,0,0,0,0,0,0,0,0,0,0,0,0,0,0,0,0,0,0,0,0,0,0,0,0,0,0,0,0,0,0,0,0,0,0,0,0,0,0,0,0,0,5073
0,0,0,0,0,0,0,0,0,0,0,0,0,0,0,0,0,0,0,0,0,0,0,0,0,0,0,0,0,0,0,0,0,0,0,0,0,0,0,0,0,0,0,0,0,0,0,0,0,0,0,0,0,0,0,0,0,0,0,0,0,0,0,0,0,0,0,0,0,0,0,0,0,0,0,0,0,0,0,0,0,0,0,0,5105
0,0,0,0,0,0,0,0,0,0,0,0,0,0,0,0,0,0,0,0,0,0,0,0,0,0,0,0,0,0,0,0,0,0,0,0,0,0,0,0,0,0,0,0,0,0,0,0,0,0,0,0,0,0,0,0,0,0,0,0,0,0,0,0,0,0,0,0,0,0,0,0,0,0,0,0,0,0,0,0,0,0,0,0,5138
0,0,0,0,0,0,0,0,0,0,0,0,0,0,0,0,0,0,0,0,0,0,0,0,0,0,0,0,0,0,0,0,0,0,0,0,0,0,0,0,0,0,0,0,0,0,0,0,0,0,0,0,0,0,0,0,0,0,0,0,0,0,0,0,0,0,0,0,0,0,0,0,0,0,0,0,0,0,0,0,0,0,0,0,5173
0,0,0,0,0,0,0,0,0,0,0,0,0,0,0,0,0,0,0,0,0,0,0,0,0,0,0,0,0,0,0,0,0,0,0,0,0,0,0,0,0,0,0,0,0,0,0,0,0,0,0,0,0,0,0,0,0,0,0,0,0,0,0,0,0,0,0,0,0,0,0,0,0,0,0,0,0,0,0,0,0,0,0,0,5204
0,0,0,0,0,0,0,0,0,0,0,0,0,0,0,0,0,0,0,0,0,0,0,0,0,0,0,0,0,0,0,0,0,0,0,0,0,0,0,0,0,0,0,0,0,0,0,0,0,0,0,0,0,0,0,0,0,0,0,0,0,0,0,0,0,0,0,0,0,0,0,0,0,0,0,0,0,0,0,0,0,0,0,0,5239
0,0,0,0,0,0,0,0,0,0,0,0,0,0,0,0,0,0,0,0,0,0,0,0,0,0,0,0,0,0,0,0,0,0,0,0,0,0,0,0,0,0,0,0,0,0,0,0,0,0,0,0,0,0,0,0,0,0,0,0,0,0,0,0,0,0,0,0,0,0,0,0,0,0,0,0,0,0,0,0,0,0,0,0,5256
0,0,0,0,0,0,0,0,0,0,0,0,0,0,0,0,0,0,0,0,0,0,0,0,0,0,0,0,0,0,0,0,0,0,0,0,0,0,0,0,0,0,0,0,0,0,0,0,0,0,0,0,0,0,0,0,0,0,0,0,0,0,0,0,0,0,0,0,0,0,0,0,0,0,0,0,0,0,0,0,0,0,0,0,5290
0,0,0,0,0,0,0,0,0,0,0,0,0,0,0,0,0,0,0,0,0,0,0,0,0,0,0,0,0,0,0,0,0,0,0,0,0,0,0,0,0,0,0,0,0,0,0,0,0,0,0,0,0,0,0,0,0,0,0,0,0,0,0,0,0,0,0,0,0,0,0,0,0,0,0,0,0,0,0,0,0,0,0,0,5306
0,0,0,0,0,0,0,0,0,0,0,0,0,0,0,0,0,0,0,0,0,0,0,0,0,0,0,0,0,0,0,0,0,0,0,0,0,0,0,0,0,0,0,0,0,0,0,0,0,0,0,0,0,0,0,0,0,0,0,0,0,0,0,0,0,0,0,0,0,0,0,0,0,0,0,0,0,0,0,0,0,0,0,0,5323
0,0,0,0,0,0,0,0,0,0,0,0,0,0,0,0,0,0,0,0,0,0,0,0,0,0,0,0,0,0,0,0,0,0,0,0,0,0,0,0,0,0,0,0,0,0,0,0,0,0,0,0,0,0,0,0,0,0,0,0,0,0,0,0,0,0,0,0,0,0,0,0,0,0,0,0,0,0,0,0,0,0,0,0,5354
0,0,0,0,0,0,0,0,0,0,0,0,0,0,0,0,0,0,0,0,0,0,0,0,0,0,0,0,0,0,0,0,0,0,0,0,0,0,0,0,0,0,0,0,0,0,0,0,0,0,0,0,0,0,0,0,0,0,0,0,0,0,0,0,0,0,0,0,0,0,0,0,0,0,0,0,0,0,0,0,0,0,0,0,5389
0,0,0,0,0,0,0,0,0,0,0,0,0,0,0,0,0,0,0,0,0,0,0,0,0,0,0,0,0,0,0,0,0,0,0,0,0,0,0,0,0,0,0,0,0,0,0,0,0,0,0,0,0,0,0,0,0,0,0,0,0,0,0,0,0,0,0,0,0,0,0,0,0,0,0,0,0,0,0,0,0,0,0,0,5406
0,0,0,0,0,0,0,0,0,0,0,0,0,0,0,0,0,0,0,0,0,0,0,0,0,0,0,0,0,0,0,0,0,0,0,0,0,0,0,0,0,0,0,0,0,0,0,0,0,0,0,0,0,0,0,0,0,0,0,0,0,0,0,0,0,0,0,0,0,0,0,0,0,0,0,0,0,0,0,0,0,0,0,0,5440
0,0,0,0,0,0,0,0,0,0,0,0,0,0,0,0,0,0,0,0,0,0,0,0,0,0,0,0,0,0,0,0,0,0,0,0,0,0,0,0,0,0,0,0,0,0,0,0,0,0,0,0,0,0,0,0,0,0,0,0,0,0,0,0,0,0,0,0,0,0,0,0,0,0,0,0,0,0,0,0,0,0,0,0,5473
0,0,0,0,0,0,0,0,0,0,0,0,0,0,0,0,0,0,0,0,0,0,0,0,0,0,0,0,0,0,0,0,0,0,0,0,0,0,0,0,0,0,0,0,0,0,0,0,0,0,0,0,0,0,0,0,0,0,0,0,0,0,0,0,0,0,0,0,0,0,0,0,0,0,0,0,0,0,0,0,0,0,0,0,5489
0,0,0,0,0,0,0,0,0,0,0,0,0,0,0,0,0,0,0,0,0,0,0,0,0,0,0,0,0,0,0,0,0,0,0,0,0,0,0,0,0,0,0,0,0,0,0,0,0,0,0,0,0,0,0,0,0,0,0,0,0,0,0,0,0,0,0,0,0,0,0,0,0,0,0,0,0,0,0,0,0,0,0,0,5506
0,0,0,0,0,0,0,0,0,0,0,0,0,0,0,0,0,0,0,0,0,0,0,0,0,0,0,0,0,0,0,0,0,0,0,0,0,0,0,0,0,0,0,0,0,0,0,0,0,0,0,0,0,0,0,0,0,0,0,0,0,0,0,0,0,0,0,0,0,0,0,0,0,0,0,0,0,0,0,0,0,0,0,0,5522
0,0,0,0,0,0,0,0,0,0,0,0,0,0,0,0,0,0,0,0,0,0,0,0,0,0,0,0,0,0,0,0,0,0,0,0,0,0,0,0,0,0,0,0,0,0,0,0,0,0,0,0,0,0,0,0,0,0,0,0,0,0,0,0,0,0,0,0,0,0,0,0,0,0,0,0,0,0,0,0,0,0,0,0,5556
0,0,0,0,0,0,0,0,0,0,0,0,0,0,0,0,0,0,0,0,0,0,0,0,0,0,0,0,0,0,0,0,0,0,0,0,0,0,0,0,0,0,0,0,0,0,0,0,0,0,0,0,0,0,0,0,0,0,0,0,0,0,0,0,0,0,0,0,0,0,0,0,0,0,0,0,0,0,0,0,0,0,0,0,5572
0,0,0,0,0,0,0,0,0,0,0,0,0,0,0,0,0,0,0,0,0,0,0,0,0,0,0,0,0,0,0,0,0,0,0,0,0,0,0,0,0,0,0,0,0,0,0,0,0,0,0,0,0,0,0,0,0,0,0,0,0,0,0,0,0,0,0,0,0,0,0,0,0,0,0,0,0,0,0,0,0,0,0,0,5603
0,0,0,0,0,0,0,0,0,0,0,0,0,0,0,0,0,0,0,0,0,0,0,0,0,0,0,0,0,0,0,0,0,0,0,0,0,0,0,0,0,0,0,0,0,0,0,0,0,0,0,0,0,0,0,0,0,0,0,0,0,0,0,0,0,0,0,0,0,0,0,0,0,0,0,0,0,0,0,0,0,0,0,0,5639
0,0,0,0,0,0,0,0,0,0,0,0,0,0,0,0,0,0,0,0,0,0,0,0,0,0,0,0,0,0,0,0,0,0,0,0,0,0,0,0,0,0,0,0,0,0,0,0,0,0,0,0,0,0,0,0,0,0,0,0,0,0,0,0,0,0,0,0,0,0,0,0,0,0,0,0,0,0,0,0,0,0,0,0,5656
0,0,0,0,0,0,0,0,0,0,0,0,0,0,0,0,0,0,0,0,0,0,0,0,0,0,0,0,0,0,0,0,0,0,0,0,0,0,0,0,0,0,0,0,0,0,0,0,0,0,0,0,0,0,0,0,0,0,0,0,0,0,0,0,0,0,0,0,0,0,0,0,0,0,0,0,0,0,0,0,0,0,0,0,5671
0,0,0,0,0,0,0,0,0,0,0,0,0,0,0,0,0,0,0,0,0,0,0,0,0,0,0,0,0,0,0,0,0,0,0,0,0,0,0,0,0,0,0,0,0,0,0,0,0,0,0,0,0,0,0,0,0,0,0,0,0,0,0,0,0,0,0,0,0,0,0,0,0,0,0,0,0,0,0,0,0,0,0,0,5689
0,0,0,0,0,0,0,0,0,0,0,0,0,0,0,0,0,0,0,0,0,0,0,0,0,0,0,0,0,0,0,0,0,0,0,0,0,0,0,0,0,0,0,0,0,0,0,0,0,0,0,0,0,0,0,0,0,0,0,0,0,0,0,0,0,0,0,0,0,0,0,0,0,0,0,0,0,0,0,0,0,0,0,0,5706
0,0,0,0,0,0,0,0,0,0,0,0,0,0,0,0,0,0,0,0,0,0,0,0,0,0,0,0,0,0,0,0,0,0,0,0,0,0,0,0,0,0,0,0,0,0,0,0,0,0,0,0,0,0,0,0,0,0,0,0,0,0,0,0,0,0,0,0,0,0,0,0,0,0,0,0,0,0,0,0,0,0,0,0,5740
0,0,0,0,0,0,0,0,0,0,0,0,0,0,0,0,0,0,0,0,0,0,0,0,0,0,0,0,0,0,0,0,0,0,0,0,0,0,0,0,0,0,0,0,0,0,0,0,0,0,0,0,0,0,0,0,0,0,0,0,0,0,0,0,0,0,0,0,0,0,0,0,0,0,0,0,0,0,0,0,0,0,0,0,5756
0,0,0,0,0,0,0,0,0,0,0,0,0,0,0,0,0,0,0,0,0,0,0,0,0,0,0,0,0,0,0,0,0,0,0,0,0,0,0,0,0,0,0,0,0,0,0,0,0,0,0,0,0,0,0,0,0,0,0,0,0,0,0,0,0,0,0,0,0,0,0,0,0,0,0,0,0,0,0,0,0,0,0,0,5787
0,0,0,0,0,0,0,0,0,0,0,0,0,0,0,0,0,0,0,0,0,0,0,0,0,0,0,0,0,0,0,0,0,0,0,0,0,0,0,0,0,0,0,0,0,0,0,0,0,0,0,0,0,0,0,0,0,0,0,0,0,0,0,0,0,0,0,0,0,0,0,0,0,0,0,0,0,0,0,0,0,0,0,0,5822
0,0,0,0,0,0,0,0,0,0,0,0,0,0,0,0,0,0,0,0,0,0,0,0,0,0,0,0,0,0,0,0,0,0,0,0,0,0,0,0,0,0,0,0,0,0,0,0,0,0,0,0,0,0,0,0,0,0,0,0,0,0,0,0,0,0,0,0,0,0,0,0,0,0,0,0,0,0,0,0,0,0,0,0,5856
0,0,0,0,0,0,0,0,0,0,0,0,0,0,0,0,0,0,0,0,0,0,0,0,0,0,0,0,0,0,0,0,0,0,0,0,0,0,0,0,0,0,0,0,0,0,0,0,0,0,0,0,0,0,0,0,0,0,0,0,0,0,0,0,0,0,0,0,0,0,0,0,0,0,0,0,0,0,0,0,0,0,0,0,5889
0,0,0,0,0,0,0,0,0,0,0,0,0,0,0,0,0,0,0,0,0,0,0,0,0,0,0,0,0,0,0,0,0,0,0,0,0,0,0,0,0,0,0,0,0,0,0,0,0,0,0,0,0,0,0,0,0,0,0,0,0,0,0,0,0,0,0,0,0,0,0,0,0,0,0,0,0,0,0,0,0,0,0,0,5921
0,0,0,0,0,0,0,0,0,0,0,0,0,0,0,0,0,0,0,0,0,0,0,0,0,0,0,0,0,0,0,0,0,0,0,0,0,0,0,0,0,0,0,0,0,0,0,0,0,0,0,0,0,0,0,0,0,0,0,0,0,0,0,0,0,0,0,0,0,0,0,0,0,0,0,0,0,0,0,0,0,0,0,0,5955
0,0,0,0,0,0,0,0,0,0,0,0,0,0,0,0,0,0,0,0,0,0,0,0,0,0,0,0,0,0,0,0,0,0,0,0,0,0,0,0,0,0,0,0,0,0,0,0,0,0,0,0,0,0,0,0,0,0,0,0,0,0,0,0,0,0,0,0,0,0,0,0,0,0,0,0,0,0,0,0,0,0,0,0,5988
0,0,0,0,0,0,0,0,0,0,0,0,0,0,0,0,0,0,0,0,0,0,0,0,0,0,0,0,0,0,0,0,0,0,0,0,0,0,0,0,0,0,0,0,0,0,0,0,0,0,0,0,0,0,0,0,0,0,0,0,0,0,0,0,0,0,0,0,0,0,0,0,0,0,0,0,0,0,0,0,0,0,0,0,6021
0,0,0,0,0,0,0,0,0,0,0,0,0,0,0,0,0,0,0,0,0,0,0,0,0,0,0,0,0,0,0,0,0,0,0,0,0,0,0,0,0,0,0,0,0,0,0,0,0,0,0,0,0,0,0,0,0,0,0,0,0,0,0,0,0,0,0,0,0,0,0,0,0,0,0,0,0,0,0,0,0,0,0,0,6039
0,0,0,0,0,0,0,0,0,0,0,0,0,0,0,0,0,0,0,0,0,0,0,0,0,0,0,0,0,0,0,0,0,0,0,0,0,0,0,0,0,0,0,0,0,0,0,0,0,0,0,0,0,0,0,0,0,0,0,0,0,0,0,0,0,0,0,0,0,0,0,0,0,0,0,0,0,0,0,0,0,0,0,0,6191
0,0,0,0,0,0,0,0,0,0,0,0,0,0,0,0,0,0,0,0,0,0,0,0,0,0,0,0,0,0,0,0,0,0,0,0,0,0,0,0,0,0,0,0,0,0,0,0,0,0,0,0,0,0,0,0,0,0,0,0,0,0,0,0,0,0,0,0,0,0,0,0,0,0,0,0,0,0,0,0,0,0,0,0,6207
0,0,0,0,0,0,0,0,0,0,0,0,0,0,0,0,0,0,0,0,0,0,0,0,0,0,0,0,0,0,0,0,0,0,0,0,0,0,0,0,0,0,0,0,0,0,0,0,0,0,0,0,0,0,0,0,0,0,0,0,0,0,0,0,0,0,0,0,0,0,0,0,0,0,0,0,0,0,0,0,0,0,0,0,6222
0,0,0,0,0,0,0,0,0,0,0,0,0,0,0,0,0,0,0,0,0,0,0,0,0,0,0,0,0,0,0,0,0,0,0,0,0,0,0,0,0,0,0,0,0,0,0,0,0,0,0,0,0,0,0,0,0,0,0,0,0,0,0,0,0,0,0,0,0,0,0,0,0,0,0,0,0,0,0,0,0,0,0,0,6239
0,0,0,0,0,0,0,0,0,0,0,0,0,0,0,0,0,0,0,0,0,0,0,0,0,0,0,0,0,0,0,0,0,0,0,0,0,0,0,0,0,0,0,0,0,0,0,0,0,0,0,0,0,0,0,0,0,0,0,0,0,0,0,0,0,0,0,0,0,0,0,0,0,0,0,0,0,0,0,0,0,0,0,0,6256
0,0,0,0,0,0,0,0,0,0,0,0,0,0,0,0,0,0,0,0,0,0,0,0,0,0,0,0,0,0,0,0,0,0,0,0,0,0,0,0,0,0,0,0,0,0,0,0,0,0,0,0,0,0,0,0,0,0,0,0,0,0,0,0,0,0,0,0,0,0,0,0,0,0,0,0,0,0,0,0,0,0,0,0,6287
0,0,0,0,0,0,0,0,0,0,0,0,0,0,0,0,0,0,0,0,0,0,0,0,0,0,0,0,0,0,0,0,0,0,0,0,0,0,0,0,0,0,0,0,0,0,0,0,0,0,0,0,0,0,0,0,0,0,0,0,0,0,0,0,0,0,0,0,0,0,0,0,0,0,0,0,0,0,0,0,0,0,0,0,6318
0,0,0,0,0,0,0,0,0,0,0,0,0,0,0,0,0,0,0,0,0,0,0,0,0,0,0,0,0,0,0,0,0,0,0,0,0,0,0,0,0,0,0,0,0,0,0,0,0,0,0,0,0,0,0,0,0,0,0,0,0,0,0,0,0,0,0,0,0,0,0,0,0,0,0,0,0,0,0,0,0,0,0,0,6334
4197,7084,5322,3979,5117,2676,4049,274,2840,3427,1895,1705,2741,4767,422,5474,2256,1713,2451,3730,261,0,0,0,0,0,0,0,0,0,0,0,0,0,0,0,0,0,0,0,0,0,0,0,0,0,0,0,0,0,0,0,488,171,185,0,0,0,2290,1173,3068,5381,2513,979,4621,4298,2003,5221,4557,7673,1747,3781,5805,5874,5593,5111,7494,7075,8391,6606,5802,7907,5388,1293,6372
0,0,5322,3979,5117,2676,4049,274,2840,3427,1895,1705,2741,4767,422,5474,2256,1713,2451,3730,261,0,0,0,0,0,0,0,0,0,0,0,1327,442,0,0,0,0,0,0,0,0,0,0,0,0,0,0,0,0,0,0,0,0,0,0,0,0,0,774,1634,992,0,0,0,0,0,0,0,0,0,0,0,0,16,0,0,0,0,0,0,16,0,0,6404
0,0,0,302,1501,480,448,30,1905,2274,1153,1127,1412,3440,103,6343,2835,4283,3643,4154,1997,2934,5581,4578,3148,4103,4585,4002,2043,4037,1686,3605,4762,3512,0,0,0,0,0,0,0,0,0,0,0,0,0,0,0,0,0,0,0,0,0,0,0,0,0,774,1634,992,0,0,0,0,0,0,0,0,0,0,0,0,16,0,0,0,0,0,0,16,0,0,6422
21,558,557,457,2786,1114,2466,22,2149,2473,1306,697,1020,2451,56,6448,2732,4351,3643,4154,1997,2934,5581,4578,3148,4103,4585,4002,2043,4037,1686,3605,4762,3512,2714,4780,4476,3967,5362,5519,4265,1309,4709,6191,3693,1205,3474,3119,2655,704,3398,1666,1722,1556,1558,2536,967,3067,1518,1575,2246,4176,962,221,836,679,422,1312,3367,56,758,970,1397,272,91,204,0,203,300,412,793,175,1627,19,6455
29,2887,557,457,2786,1114,2466,22,2149,2473,1306,697,1020,2451,56,6448,2732,4351,2696,4100,2050,176,4660,3713,2500,1691,3521,3989,548,4317,1361,3476,4110,3080,2746,1136,4538,3815,5643,5214,4146,1562,3009,5426,3687,1157,3153,3804,2824,860,4136,1898,2695,2608,2696,3637,1557,2808,2421,1904,4164,4706,1731,279,1059,1306,1163,2150,3129,1814,329,2134,2494,2150,856,2039,1347,2442,2532,2422,2076,259,3398,920,6489
29,2887,929,1791,3300,745,3311,26,2169,2691,1497,870,1215,4505,136,6021,2863,4476,3259,3980,2126,175,4706,1728,2288,642,2821,4047,549,4244,941,2072,3202,3001,2523,839,4771,3620,5939,3669,3731,1344,467,4566,3562,1107,2871,2829,2537,887,3524,1859,2208,2164,2689,3583,1723,2826,2405,1936,4344,4724,1839,718,1351,2208,1268,2573,3467,3886,329,2134,2494,2150,856,2039,1347,2442,2532,2422,2076,259,3398,920,6522
713,2931,1182,2069,3370,1605,3216,144,2131,2746,1541,1000,1557,6041,554,6006,3069,4562,3259,3980,2126,175,4706,1728,2288,642,2821,4047,549,4244,941,2072,3202,3001,2523,839,4771,3620,5939,3669,3731,1344,467,4566,3562,1107,2871,2829,2537,887,3524,1859,2208,2164,2689,3583,1723,2826,2405,1936,4344,4724,1839,718,1351,2208,1268,2573,3467,3886,284,2213,2660,2571,1444,1696,2189,2631,2593,2530,4662,1484,3883,1241,6539
713,2931,1182,2069,3370,1605,3216,144,2131,2746,1541,1000,1557,6041,554,6006,3069,4562,3493,4049,2050,413,5203,4172,2449,953,3066,4056,572,4203,984,2108,3187,3092,2602,852,4757,3792,6155,3688,3740,1368,495,4760,3596,1130,2836,2811,2585,900,3524,1859,2208,2164,2689,3583,1723,2826,2405,1936,4344,4724,1839,718,1351,2208,1268,2573,3467,3886,284,2213,2660,2571,1444,1696,2189,2631,2593,2530,4662,1484,3883,1241,6556
713,2931,1182,2069,3370,1605,3216,144,2131,2746,1541,1000,1557,6041,554,6006,3069,4562,3493,4049,2050,413,5203,4172,2449,953,3066,4056,572,4203,984,2108,3187,3092,2602,852,4757,3792,6155,3688,3740,1368,495,4760,3596,1130,2836,2811,2585,900,3536,1861,2312,2250,2633,3617,1737,2754,2411,1905,4232,4711,1843,724,1374,2309,1428,2855,3495,3965,286,2229,2649,2584,1479,1659,2264,2625,2573,2520,4915,1735,3883,1241,6572
851,2845,844,2122,3314,1605,3214,151,2138,2761,1537,1011,1598,6065,584,5980,3093,4687,3508,4109,2044,407,5082,4149,2118,592,3009,4071,584,4183,975,2039,3187,3034,2664,868,4754,3836,5951,3709,3729,1496,480,4572,3578,1102,2851,2876,2741,902,3504,1923,2622,2478,2568,3620,1754,2814,2425,1935,4306,4908,2000,773,1452,2291,1428,2855,3495,3965,286,2229,2649,2584,1479,1659,2264,2625,2573,2520,4915,1735,3871,1216,6606
840,2859,846,2140,3328,1623,3262,147,2161,2755,1572,994,1565,6130,574,5940,3069,4709,3541,4027,2063,399,5082,4180,2125,610,2957,4072,584,4176,986,2089,3189,3047,2812,868,4831,3887,6193,3668,3672,1491,503,4898,3618,1111,2851,2876,2741,902,3504,1923,2622,2478,2568,3620,1754,2814,2425,1935,4306,4908,2000,773,1452,2291,1386,2846,3393,4851,273,2247,2622,2692,1500,1681,2291,2659,2644,2564,4823,1614,3596,941,6638
846,2878,848,2179,3304,1699,3259,154,2183,2780,1563,985,1610,6152,570,6037,3104,4743,3536,4138,2055,516,5619,4244,2152,600,2957,4072,584,4176,986,2089,3189,3047,2812,868,4831,3887,6193,3668,3672,1491,503,4898,3618,1111,2914,3034,2815,912,3539,1950,2725,2441,2646,3717,1785,2950,2551,2000,4426,4732,2240,745,1428,2328,1435,2879,3374,5607,273,2287,2653,2696,1514,1669,2396,2629,2657,2589,4876,1642,3522,955,6669
846,2878,848,2179,3304,1699,3259,154,2183,2780,1563,985,1610,6152,570,6037,3104,4743,3536,4138,2055,516,5619,4244,2152,600,3035,4063,566,4108,973,2109,3177,3066,2805,860,4831,3887,6137,3683,3707,1500,482,4899,3607,1102,2826,2883,2769,867,3595,2000,2925,2707,2646,3717,1785,2950,2551,2000,4426,4732,2240,745,1428,2328,1435,2879,3374,5607,273,2287,2653,2696,1514,1669,2396,2629,2657,2589,4876,1642,3522,955,6685
861,2874,851,2171,3304,1725,3245,154,2193,2778,1562,1011,1617,6276,567,6000,3081,4734,3507,4138,2061,511,5600,4250,2156,606,3046,4088,566,4148,989,2090,3175,3036,2805,860,4831,3887,6137,3683,3707,1500,482,4899,3607,1102,2826,2883,2769,867,3595,2000,2925,2707,2603,3648,1623,2888,2427,1904,4275,4747,1880,737,1474,2328,1475,2959,3491,4040,258,2327,2651,2710,1553,1676,2402,2627,3061,2527,5054,1941,3559,961,6707
861,2874,851,2171,3304,1725,3245,154,2193,2778,1562,1011,1617,6276,567,6000,3081,4734,3507,4138,2061,511,5600,4250,2156,606,3046,4088,566,4148,989,2090,3175,3036,2790,857,4890,3895,6111,3678,3650,1495,459,4740,3598,1104,2830,2898,2786,842,3647,2005,3006,2729,2638,3649,1646,3008,2527,1996,4394,4769,2000,761,1481,2338,1468,2979,3369,5672,254,2337,2644,2671,1763,1622,2408,2648,3061,2527,5054,1941,3559,961,6738
869,2864,840,2175,3304,1725,3240,155,2195,2792,1609,992,1617,6335,577,6033,3090,4750,3515,4147,2067,461,5600,4250,2156,606,3046,4088,566,4148,989,2090,3175,3036,2790,857,4890,3895,6111,3678,3650,1495,459,4740,3598,1104,2830,2898,2786,842,3647,2005,3006,2729,2638,3649,1646,3008,2527,1996,4394,4769,2000,761,1481,2338,1468,2979,3369,5672,254,2337,2644,2671,1763,1622,2408,2648,2808,2517,5141,1904,3786,1176,6753
867,2871,840,2175,3304,1725,3240,155,2195,2792,1609,992,1617,6335,577,6033,3090,4750,3515,4147,2067,461,5443,4244,2137,604,3041,4066,573,4141,989,2093,3184,3076,2803,869,4865,3892,6134,3694,3688,1494,477,4864,3617,1114,2921,3044,2825,847,3571,1997,3034,2725,2662,3748,1717,2971,2503,2012,4387,4845,2268,788,1503,2352,1507,2976,3353,5664,262,2297,2654,2742,1544,1666,2419,2666,2787,2544,5117,1789,3615,926,6785
867,2871,837,2206,3299,1743,3245,156,2203,2778,1567,995,1617,6364,576,6061,3108,4749,3511,4144,2055,513,5665,4256,2150,599,3075,4326,549,4102,991,2087,3196,3085,2816,798,4795,3898,6163,3685,3782,1493,962,5153,3636,1116,2909,3038,2820,839,3542,1997,3029,2715,2612,3760,1788,2961,2517,2009,4393,4790,2521,765,1503,2341,1475,2943,3385,5652,262,2310,2658,2715,1544,1666,2419,2666,2787,2544,5117,1789,3615,926,6822
871,2849,840,2169,3304,1725,3239,155,2192,2796,1619,1054,1682,6390,572,6020,3103,4740,3526,4126,2065,530,5692,4256,2154,606,3153,4835,573,4125,977,2110,3193,3075,2792,838,4821,3911,6173,3719,3782,1495,881,5136,3650,1118,2913,3054,2832,826,3532,1997,3055,2719,2628,3766,1764,2935,2517,2009,4393,4790,2521,765,1503,2341,1475,2943,3385,5652,262,2310,2658,2715,1544,1651,2419,2655,2816,2544,5149,1789,3647,965,6855
864,2866,840,2216,3308,1762,3198,157,2201,2800,1588,1010,1632,6316,557,6034,3099,4748,3528,4130,2025,515,5692,4256,2157,615,3188,5670,551,4085,977,2094,3191,3084,2792,838,4821,3911,6173,3719,3782,1495,881,5136,3650,1118,2913,3054,2832,826,3532,1997,3055,2719,2628,3766,1764,2935,2506,2015,4413,4851,2525,779,1484,2344,1477,3054,3338,5899,257,2354,2630,2708,1774,1604,2435,2623,3088,2493,5165,2005,3582,964,6886
862,2864,841,2334,3294,1765,3196,149,2182,2778,1627,1056,1674,6311,557,6034,3099,4748,3528,4130,2025,515,5692,4256,2157,615,3188,5670,551,4085,977,2094,3191,3084,2731,780,4769,3898,6173,3661,3921,1463,1080,5393,3668,1121,2897,3291,2768,801,3510,2013,3080,2731,2648,3768,1759,2957,2510,2025,4413,4882,2547,771,1487,2344,1500,2998,3322,6049,257,2342,2648,2744,1548,1643,2410,2644,2813,2537,5236,1806,3625,953,6918
862,2864,841,2334,3294,1765,3196,149,2182,2778,1627,1056,1674,6311,563,6058,3117,4747,3550,4137,2031,521,5699,4256,2164,623,3181,5549,542,4092,979,2101,3206,3108,2760,786,4760,3903,6176,3704,3996,1459,1065,5376,3668,1121,2897,3291,2768,801,3510,2013,3080,2731,2648,3768,1759,2957,2510,2025,4413,4882,2547,771,1487,2344,1500,2998,3322,6049,257,2342,2648,2744,1548,1643,2410,2644,2813,2537,5236,1806,3625,953,6939
866,2854,841,2334,3294,1765,3196,149,2182,2778,1627,1056,1674,6311,563,6058,3117,4747,3550,4137,2031,521,5699,4256,2164,623,3181,5549,542,4092,979,2101,3206,3108,2760,786,4760,3903,6176,3704,3996,1459,1065,5376,3668,1121,2892,3312,2757,808,3510,2013,3080,2735,2648,3750,1759,2928,2493,2022,4405,4843,2543,780,1492,2358,1514,3083,3317,6055,250,2380,2634,2712,1823,1609,2430,2627,3167,2524,5189,2041,3562,960,6955
866,2854,840,2381,3289,1768,3192,157,2191,2786,1577,1044,1674,6277,564,6044,3103,4755,3538,4147,2000,522,5702,4262,2145,631,3244,6335,544,4075,979,2101,3191,3087,2723,787,4743,3903,6186,3669,3965,1436,1103,5410,3668,1123,2900,3328,2756,802,3510,2013,3085,2729,2648,3773,1760,2928,2510,2025,4404,4858,2540,765,1489,2344,1514,3083,3317,6055,250,2380,2634,2712,1823,1609,2430,2627,3167,2524,5189,2041,3562,960,6986
865,2820,826,2432,3275,1765,3421,150,2174,2768,1577,1044,1674,6277,564,6044,3103,4755,3538,4147,2000,522,5702,4262,2145,631,3244,6335,544,4075,979,2101,3191,3087,2723,787,4743,3903,6186,3669,3965,1436,1103,5410,3668,1123,2900,3328,2756,802,3510,2013,3085,2729,2648,3773,1760,2928,2510,2025,4404,4858,2540,765,1489,2344,1503,2994,3322,6055,250,2376,2634,2737,1656,1645,2448,2598,3099,2496,5205,1886,3599,951,7006
865,2820,826,2432,3275,1765,3421,150,2174,2768,1568,1005,1645,6167,550,6000,3085,4738,3528,4122,1985,515,5684,4242,2155,602,3239,6598,536,4051,964,2104,3176,3082,2683,773,4726,3884,6164,3647,3981,1453,1109,5420,3668,1126,2911,3307,2756,794,3510,2013,3084,2735,2648,3759,1753,2915,2496,2015,4411,4866,2544,780,1506,2355,1523,3102,3338,6035,250,2384,2651,2714,1838,1598,2437,2591,3133,2496,5230,2044,3599,951,7039
866,2842,841,2619,3279,1786,3323,157,2191,2786,1603,1000,1630,6211,566,6020,3103,4746,3544,4160,1997,530,5711,4262,2178,616,3265,6661,545,4089,979,2117,3196,3087,2703,781,4751,3917,6184,3665,3981,1447,1119,5420,3674,1128,2917,3343,2743,796,3493,2013,3105,2737,2653,3781,1756,2933,2500,2019,4407,4858,2551,774,1526,2344,1523,3102,3338,6035,250,2384,2651,2714,1838,1598,2437,2591,3133,2496,5230,2044,3583,970,7072
881,2852,842,2670,3313,1821,3737,157,2199,2786,1605,997,1616,6124,565,6013,3103,4753,3538,4144,1994,522,5694,4275,2162,632,3265,6646,544,4089,980,2114,3195,3092,2688,773,4743,3903,6168,3672,3977,1449,1125,5428,3674,1128,2917,3343,2743,796,3493,2013,3105,2737,2653,3781,1756,2933,2500,2019,4407,4858,2551,774,1526,2344,1507,3055,3322,6070,250,2388,2634,2734,1725,1614,2437,2585,3178,2500,5254,2005,3620,976,7096
881,2852,842,2670,3313,1821,3737,157,2199,2786,1605,997,1616,6124,565,6013,3103,4753,3538,4144,1994,522,5694,4275,2162,632,3265,6646,544,4089,980,2114,3195,3092,2688,773,4743,3903,6168,3672,3977,1449,1125,5428,3674,1128,2897,3349,2751,795,3516,2013,3084,2735,2657,3781,1756,2933,2496,2003,4397,4874,2540,773,1512,2361,1526,3102,3317,6070,250,2384,2634,2718,1808,1588,2440,2580,3178,2500,5254,2073,3620,976,7122
874,2847,841,2675,3298,1868,3772,157,2199,2790,1605,1001,1603,6109,573,6030,3093,4761,3558,4150,1985,523,5721,4262,2181,630,3270,6656,544,4089,994,2114,3196,3097,2711,781,4759,3908,6194,3709,4025,1437,1132,5446,3668,1114,2907,3343,2751,795,3505,2030,3105,2741,2657,3792,1756,2938,2500,2022,4413,4866,2592,767,1512,2361,1526,3102,3317,6070,250,2384,2634,2718,1808,1588,2440,2580,3178,2500,5254,2073,3600,976,7156
874,2847,842,2691,3303,1836,3777,157,2195,2790,1605,1001,1603,6109,573,6030,3093,4761,3558,4150,1985,523,5721,4262,2181,630,3270,6656,544,4089,994,2114,3196,3097,2711,781,4759,3908,6194,3709,4025,1437,1132,5446,3668,1114,2907,3343,2751,795,3505,2030,3105,2741,2657,3792,1756,2938,2500,2022,4413,4866,2592,767,1512,2361,1512,3069,3317,6118,250,2384,2638,2722,1759,1603,2440,2580,3167,2500,5238,2023,3616,976,7173
874,2847,842,2691,3303,1836,3777,157,2195,2790,1608,1000,1603,6127,566,6003,3107,4761,3544,4150,1985,530,5721,4267,2169,632,3270,6661,544,4082,979,2117,3181,3097,2681,780,4751,3903,6188,3705,4025,1439,1139,5446,3674,1130,2907,3343,2751,795,3505,2030,3105,2741,2657,3792,1756,2938,2500,2022,4413,4866,2592,767,1512,2361,1512,3069,3317,6118,250,2384,2638,2722,1759,1603,2440,2580,3167,2500,5238,2023,3616,976,7189
881,2852,842,2707,3308,1871,3967,157,2199,2790,1610,1002,1603,6077,566,6013,3107,4761,3549,4150,1976,523,5704,4262,2165,634,3270,6661,544,4082,979,2117,3181,3097,2681,780,4751,3903,6188,3705,4025,1439,1139,5446,3674,1130,2897,3333,2744,795,3510,2030,3105,2750,2641,3783,1763,2933,2496,2022,4388,4858,2566,759,1492,2358,1528,3092,3317,6121,250,2388,2638,2727,1811,1588,2448,2582,3178,2482,5254,2058,3594,965,7223
881,2852,842,2707,3308,1871,3967,157,2199,2790,1610,1002,1603,6077,566,6013,3107,4761,3549,4150,1976,523,5704,4262,2165,634,3270,6661,544,4089,980,2121,3200,3092,2685,781,4759,3922,6204,3705,4025,1456,1140,5437,3674,1130,2903,3349,2763,796,3522,2030,3105,2745,2657,3774,1763,2938,2500,2009,4405,4858,2566,759,1492,2358,1528,3092,3317,6121,250,2388,2638,2727,1811,1588,2448,2582,3178,2482,5254,2058,3594,965,7238
881,2847,842,2722,3303,1871,3967,157,2199,2790,1610,1002,1603,6077,566,6013,3107,4761,3549,4150,1976,523,5704,4262,2165,634,3270,6661,544,4089,980,2121,3200,3092,2685,781,4759,3922,6204,3705,4025,1456,1140,5437,3674,1130,2903,3349,2763,796,3522,2030,3105,2745,2657,3774,1763,2938,2500,2009,4405,4858,2581,759,1494,2361,1528,3098,3317,6121,250,2384,2651,2722,1759,1616,2448,2589,3195,2496,5238,2026,3616,979,7256
881,2847,842,2722,3303,1871,3967,157,2195,2790,1624,998,1603,6068,566,6003,3107,4768,3538,4150,1973,523,5704,4267,2185,632,3275,6671,544,4089,994,2121,3176,3097,2689,781,4759,3922,6194,3711,4025,1456,1139,5471,3687,1130,2901,3349,2759,796,3516,2030,3105,2739,2657,3783,1763,2920,2513,2009,4403,4874,2581,759,1494,2361,1528,3098,3317,6121,250,2384,2651,2722,1759,1616,2448,2589,3195,2496,5238,2026,3616,979,7273
882,2847,842,2691,3303,1874,3967,157,2195,2790,1624,998,1603,6068,566,6003,3107,4768,3538,4150,1973,523,5704,4267,2185,632,3275,6671,544,4089,994,2121,3176,3097,2689,781,4759,3922,6194,3711,4025,1456,1139,5471,3687,1130,2901,3349,2759,796,3516,2030,3105,2739,2657,3783,1763,2920,2513,2009,4403,4874,2581,759,1509,2361,1531,3112,3317,6136,251,2384,2638,2722,1811,1606,2451,2582,3195,2486,5247,2061,3606,965,7290
882,2847,842,2691,3303,1874,3967,157,2199,2803,1624,1001,1603,6077,573,6013,3107,4761,3558,4135,1991,530,5704,4267,2165,617,3270,6671,552,4089,980,2117,3191,3097,2693,781,4751,3908,6194,3711,4025,1456,1139,5471,3687,1130,2901,3349,2759,796,3516,2030,3105,2739,2657,3783,1763,2920,2513,2009,4403,4874,2581,759,1509,2361,1531,3112,3317,6136,251,2384,2638,2722,1811,1606,2451,2582,3195,2486,5247,2061,3606,965,7307
882,2847,842,2691,3303,1874,3967,157,2199,2803,1624,1001,1603,6077,573,6013,3107,4761,3558,4135,1991,530,5704,4267,2165,617,3270,6671,552,4089,980,2117,3191,3097,2693,781,4751,3908,6178,3700,4025,1441,1140,5463,3687,1114,2897,3349,2763,796,3516,2030,3105,2750,2657,3803,1757,2933,2496,2022,4403,4889,2585,753,1494,2361,1547,3092,3317,6136,251,2388,2651,2727,1814,1603,2451,2589,3178,2496,5238,2061,3594,965,7332
882,2847,841,2711,3308,1852,3967,150,2191,2803,1642,998,1603,6077,566,6030,3103,4768,3558,4135,1976,530,5704,4267,2169,632,3270,6671,545,4082,980,2101,3176,3081,2689,774,4751,3908,6188,3705,4025,1441,1154,5463,3674,1132,2897,3333,2763,796,3516,2044,3125,2750,2657,3803,1757,2933,2496,2022,4403,4889,2585,753,1494,2361,1547,3092,3317,6136,251,2388,2651,2727,1814,1603,2451,2589,3178,2496,5238,2061,3594,965,7356
882,2847,841,2711,3308,1852,3967,150,2191,2803,1642,998,1603,6077,566,6030,3103,4768,3558,4135,1976,530,5704,4267,2169,632,3270,6671,545,4082,980,2101,3176,3081,2689,774,4751,3908,6188,3705,4025,1441,1154,5463,3674,1132,2897,3333,2763,796,3516,2044,3125,2750,2657,3774,1756,2933,2500,2022,4432,4889,2600,760,1494,2358,1547,3107,3317,6121,251,2388,2638,2707,1811,1588,2451,2589,3173,2500,5238,2061,3594,965,7373
875,2847,842,2727,3308,1855,3967,157,2195,2803,1624,986,1606,6092,566,5993,3089,4752,3549,4135,1976,523,5704,4262,2169,633,3270,6671,545,4089,979,2101,3185,3102,2689,781,4751,3903,6178,3705,4018,1443,1154,5437,3674,1132,2897,3333,2748,789,3516,2027,3110,2758,2641,3803,1757,2938,2500,2022,4432,4889,2600,760,1494,2358,1547,3107,3317,6121,251,2388,2638,2707,1811,1588,2451,2589,3173,2500,5238,2061,3594,965,7406
882,2830,842,2727,3308,1855,3967,157,2195,2803,1624,986,1606,6092,566,5993,3089,4752,3549,4135,1976,523,5704,4262,2169,633,3270,6671,545,4089,979,2101,3185,3102,2689,781,4751,3903,6178,3705,4018,1443,1154,5437,3674,1132,2897,3333,2748,789,3516,2027,3110,2758,2641,3803,1757,2938,2496,2022,4418,4889,2585,753,1494,2358,1549,3107,3317,6121,251,2388,2638,2727,1811,1606,2451,2589,3173,2486,5247,2061,3616,965,7421
882,2830,827,2759,3313,1871,3967,150,2195,2800,1642,1001,1603,6077,566,6030,3107,4768,3564,4150,1976,523,5694,4267,2169,633,3270,6671,545,4089,980,2121,3200,3097,2704,782,4759,3903,6204,3696,4031,1441,1154,5437,3674,1116,2901,3349,2763,789,3522,2030,3110,2739,2641,3789,1757,2933,2510,2025,4418,4889,2585,746,1477,2361,1547,3102,3317,6130,251,2388,2638,2727,1811,1606,2451,2589,3173,2486,5247,2061,3616,965,7457
882,2847,842,2747,3313,1871,3982,157,2191,2803,1642,1001,1606,6092,567,6013,3107,4752,3564,4150,1976,523,5694,4267,2169,633,3270,6671,545,4089,980,2121,3200,3097,2704,782,4759,3903,6204,3696,4031,1441,1154,5437,3674,1116,2901,3349,2763,789,3522,2030,3110,2739,2641,3789,1757,2933,2510,2025,4418,4889,2585,746,1477,2361,1547,3102,3317,6130,251,2384,2634,2727,1796,1603,2451,2596,3156,2486,5247,2050,3622,980,7473
882,2847,842,2747,3313,1871,3982,157,2191,2803,1642,1001,1606,6092,567,6013,3107,4752,3549,4135,1979,523,5694,4267,2169,634,3275,6671,545,4065,980,2108,3181,3102,2693,781,4751,3903,6198,3711,4025,1443,1154,5437,3674,1132,2901,3349,2748,789,3510,2027,3125,2750,2641,3789,1757,2915,2500,2025,4403,4897,2589,753,1475,2358,1549,3102,3317,6116,251,2384,2638,2727,1779,1590,2436,2589,3138,2482,5247,2044,3622,980,7497
882,2847,841,2743,3313,1886,3988,157,2199,2817,1642,1001,1588,6101,566,6020,3103,4768,3564,4141,1976,523,5711,4267,2169,617,3270,6671,545,4075,979,2124,3181,3086,2693,781,4751,3903,6198,3711,4025,1443,1154,5437,3674,1132,2901,3349,2748,789,3510,2027,3125,2750,2641,3789,1757,2915,2500,2025,4403,4897,2589,753,1475,2358,1549,3102,3317,6116,251,2384,2638,2727,1779,1590,2436,2589,3138,2482,5247,2044,3600,965,7513
882,2847,841,2743,3313,1886,3988,157,2199,2817,1642,1001,1588,6101,566,6020,3103,4768,3564,4141,1976,523,5711,4267,2169,617,3270,6671,545,4075,979,2124,3181,3086,2693,774,4751,3922,6204,3696,4025,1443,1162,5445,3674,1134,2901,3349,2767,789,3516,2030,3130,2754,2657,3794,1758,2933,2500,2028,4397,4874,2589,753,1457,2361,1549,3102,3317,6116,251,2384,2638,2727,1779,1590,2436,2589,3138,2482,5247,2044,3600,965,7530
875,2830,842,2827,3294,1871,3973,157,2191,2803,1645,1000,1590,6092,566,6020,3103,4768,3564,4141,1976,523,5711,4267,2169,617,3270,6671,545,4075,979,2124,3181,3086,2693,774,4751,3922,6204,3696,4025,1443,1162,5445,3674,1134,2901,3349,2767,789,3516,2030,3130,2754,2657,3794,1758,2933,2500,2028,4397,4874,2589,753,1457,2361,1531,3107,3317,6130,251,2401,2638,2715,1796,1590,2440,2598,3133,2496,5255,2044,3622,967,7556
875,2830,842,2827,3294,1871,3973,157,2191,2803,1645,1000,1590,6092,574,6020,3107,4760,3558,4135,1964,531,5684,4267,2172,633,3270,6681,545,4075,980,2108,3176,3097,2693,775,4743,3908,6182,3711,4025,1441,1154,5437,3674,1118,2901,3349,2767,789,3516,2030,3130,2754,2657,3794,1758,2933,2500,2028,4397,4874,2589,753,1457,2361,1531,3107,3317,6130,251,2401,2638,2715,1796,1590,2440,2598,3133,2496,5255,2044,3622,967,7563
875,2830,842,2827,3294,1871,3973,157,2191,2803,1645,1000,1590,6092,574,6020,3107,4760,3558,4135,1964,531,5684,4267,2172,633,3270,6681,545,4075,980,2108,3176,3097,2693,775,4743,3908,6182,3711,4025,1441,1154,5437,3674,1118,2897,3354,2767,790,3516,2027,3130,2739,2657,3789,1758,2910,2500,2028,4403,4874,2589,753,1475,2375,1533,3102,3317,6130,251,2384,2638,2715,1794,1588,2440,2600,3138,2486,5255,2047,3622,967,7590
875,2842,842,2843,3313,1892,4002,158,2199,2803,1664,1001,1590,6101,567,6030,3107,4768,3558,4141,1979,524,5694,4267,2176,618,3275,6681,545,4082,966,2112,3185,3102,2693,775,4751,3922,6208,3711,4031,1443,1156,5437,3674,1136,2905,3354,2767,796,3510,2030,3136,2743,2657,3809,1758,2910,2500,2032,4418,4874,2589,753,1475,2375,1533,3102,3317,6130,251,2384,2638,2715,1794,1588,2440,2600,3138,2486,5255,2047,3622,967,7623
884,2842,842,2843,3298,1874,3973,158,2191,2803,1648,1017,1590,6116,567,6020,3107,4768,3578,4135,1976,524,5694,4267,2160,618,3270,6681,545,4075,980,2128,3185,3102,2689,775,4743,3922,6208,3696,4031,1443,1155,5462,3668,1120,2901,3354,2767,789,3510,2030,3136,2743,2657,3809,1758,2910,2500,2032,4418,4874,2589,747,1492,2361,1552,3107,3317,6130,258,2380,2638,2720,1782,1588,2440,2598,3133,2486,5255,2047,3600,967,7649
884,2842,842,2843,3298,1874,3973,158,2191,2803,1648,1017,1590,6116,567,6020,3107,4768,3578,4135,1976,524,5694,4267,2160,618,3270,6681,545,4075,980,2128,3185,3102,2689,775,4743,3922,6208,3696,4031,1443,1155,5462,3668,1120,2901,3354,2767,789,3510,2030,3136,2754,2661,3809,1765,2933,2500,2032,4403,4881,2589,710,1421,2361,1536,3097,3317,6130,251,2380,2638,2724,1799,1590,2440,2605,3133,2486,5255,2047,3600,967,7673
875,2830,841,2891,3318,1871,3973,150,2195,2803,1650,1002,1606,6110,567,5993,3107,4775,3578,4141,1982,531,5702,4267,2163,618,3270,6681,545,4075,980,2112,3181,3102,2693,782,4743,3903,6217,3716,4031,1445,1156,5445,3674,1136,2901,3354,2771,790,3510,2041,3125,2739,2645,3794,1758,2910,2500,2032,4403,4881,2589,710,1421,2361,1536,3097,3317,6130,251,2380,2638,2724,1799,1590,2440,2605,3133,2486,5248,2050,3606,967,7705
876,2825,828,2896,3298,1874,3973,150,2191,2803,1650,1001,1588,6101,567,6010,3093,4752,3578,4135,1976,524,5684,4248,2160,617,3270,6681,545,4075,980,2112,3181,3102,2693,782,4743,3903,6217,3716,4031,1445,1156,5445,3674,1136,2901,3354,2771,790,3510,2041,3125,2739,2645,3794,1758,2910,2500,2032,4403,4874,2589,718,1438,2348,1536,3097,3301,6140,251,2380,2638,2724,1796,1590,2444,2607,3116,2500,5256,2029,3606,982,7723
876,2825,828,2896,3298,1874,3973,150,2191,2803,1650,1001,1588,6101,567,6010,3093,4752,3578,4135,1976,524,5684,4248,2160,617,3254,6681,545,4075,980,2115,3176,3086,2678,775,4743,3903,6201,3696,4031,1443,1155,5445,3674,1121,2897,3354,2752,789,3527,2030,3157,2754,2661,3815,1760,2928,2500,2032,4403,4874,2589,718,1438,2348,1536,3097,3301,6140,251,2380,2638,2724,1796,1590,2444,2607,3116,2500,5256,2029,3606,982,7740
883,2847,842,2912,3298,1889,3988,150,2195,2803,1650,1001,1606,6101,574,5993,3107,4775,3578,4135,1976,524,5684,4248,2160,617,3254,6681,545,4075,980,2115,3176,3086,2678,775,4743,3903,6201,3696,4031,1443,1155,5445,3674,1121,2897,3354,2752,789,3527,2030,3157,2754,2661,3815,1760,2928,2500,2051,4410,4889,2608,718,1440,2358,1536,3092,3307,6140,251,2384,2638,2720,1782,1590,2444,2607,3133,2500,5264,2032,3600,968,7772
883,2847,842,2912,3298,1889,3988,150,2195,2803,1650,1001,1606,6101,574,5993,3107,4775,3578,4135,1967,531,5684,4267,2163,634,3275,6691,545,4075,980,2115,3195,3102,2697,783,4743,3908,6201,3702,4031,1445,1163,5445,3687,1121,2905,3354,2767,782,3510,2027,3141,2758,2661,3815,1760,2928,2500,2051,4410,4889,2608,718,1440,2358,1536,3092,3307,6140,251,2384,2638,2720,1782,1590,2444,2607,3133,2500,5264,2032,3600,968,7793
876,2825,842,2932,3303,1871,4008,150,2191,2803,1634,1001,1606,6116,574,6010,3107,4775,3578,4141,1982,524,5684,4267,2163,633,3270,6691,545,4099,980,2115,3195,3102,2701,783,4743,3922,6201,3711,4031,1462,1163,5445,3687,1121,2905,3354,2767,782,3510,2027,3141,2758,2657,3800,1761,2933,2503,2038,4410,4881,2611,718,1438,2361,1538,3092,3307,6125,251,2380,2624,2708,1782,1590,2455,2607,3121,2500,5272,2032,3600,967,7823
876,2842,842,2969,3313,1858,4014,150,2191,2803,1637,1001,1590,6119,567,6020,3107,4783,3578,4141,1982,524,5684,4267,2163,633,3270,6691,545,4099,980,2115,3195,3102,2701,783,4743,3922,6201,3711,4031,1462,1163,5462,3674,1121,2901,3364,2761,790,3516,2030,3130,2754,2661,3805,1760,2910,2500,2019,4382,4874,2626,717,1421,2361,1538,3097,3301,6179,251,2384,2638,2728,1782,1590,2451,2607,3133,2500,5256,2047,3600,970,7856
876,2842,842,2969,3313,1858,4014,150,2191,2803,1637,1001,1590,6119,567,6020,3107,4783,3593,4148,1973,524,5694,4267,2166,619,3270,6681,553,4075,980,2118,3181,3086,2694,775,4743,3908,6211,3716,4031,1449,1163,5445,3674,1107,2901,3349,2769,790,3510,2027,3130,2754,2665,3802,1768,2910,2500,2054,4403,4905,2884,718,1438,2361,1556,3092,3307,6158,251,2380,2638,2712,1784,1590,2451,2607,3116,2500,5264,2032,3600,970,7887
876,2820,842,2980,3298,1889,4005,150,2191,2790,1637,1000,1590,6128,567,5993,3103,4799,3593,4141,1973,531,5702,4267,2166,632,3275,6681,539,4092,980,2118,3181,3086,2694,775,4743,3908,6211,3716,4031,1449,1163,5445,3674,1107,2901,3349,2769,790,3510,2027,3130,2754,2665,3802,1768,2910,2500,2054,4403,4905,2884,718,1438,2361,1556,3092,3307,6158,251,2380,2638,2712,1784,1590,2451,2607,3116,2500,5264,2032,3622,971,7906
877,2825,828,3017,3294,1889,4005,151,2191,2803,1637,1016,1603,6137,567,5993,3103,4799,3593,4141,1973,531,5702,4267,2166,632,3275,6681,539,4092,980,2134,3181,3086,2686,768,4743,3922,6205,3702,4031,1449,1163,5445,3687,1123,2905,3354,2765,790,3510,2030,3151,2758,2645,3781,1761,2928,2500,2038,4403,4897,2899,711,1438,2361,1556,3097,3301,6173,251,2380,2638,2728,1782,1590,2455,2609,3116,2500,5264,2032,3622,971,7939
877,2825,828,3017,3294,1889,4005,151,2191,2803,1637,1016,1603,6137,567,6010,3093,4790,3593,4135,1973,531,5694,4267,2166,618,3275,6681,546,4075,980,2134,3185,3102,2694,783,4751,3922,6195,3716,4025,1452,1164,5471,3674,1123,2901,3354,2769,790,3510,2030,3151,2758,2645,3781,1761,2928,2500,2038,4403,4897,2899,711,1438,2361,1556,3097,3301,6173,251,2380,2638,2728,1782,1590,2455,2609,3116,2500,5264,2032,3622,971,7956
877,2830,842,3017,3303,1886,4005,158,2191,2803,1655,1000,1606,6152,575,6020,3107,4798,3593,4141,1976,524,5684,4267,2170,632,3270,6681,546,4075,980,2134,3185,3102,2694,783,4751,3922,6195,3716,4025,1452,1164,5471,3674,1123,2901,3354,2769,790,3504,2044,3146,2754,2641,3796,1760,2910,2500,2038,4403,4913,2989,718,1438,2361,1543,3073,3307,6143,251,2363,2638,2712,1764,1588,2455,2609,3116,2500,5257,2014,3616,973,7989
877,2830,842,3017,3303,1886,4005,158,2191,2803,1655,1000,1606,6152,575,6020,3107,4798,3593,4141,1976,524,5684,4267,2170,632,3270,6681,546,4075,966,2122,3191,3097,2690,783,4751,3917,6205,3720,4025,1452,1164,5445,3674,1109,2892,3354,2765,783,3516,2047,3151,2754,2657,3781,1761,2928,2486,2038,4403,4929,3124,711,1438,2361,1543,3073,3307,6143,251,2363,2638,2712,1764,1588,2455,2609,3116,2500,5257,2014,3616,973,8005
869,2830,842,3038,3308,1889,4011,150,2191,2803,1655,1000,1606,6152,575,6020,3107,4798,3593,4141,1976,524,5684,4267,2170,632,3270,6681,546,4075,966,2122,3191,3097,2690,783,4751,3917,6205,3720,4025,1452,1164,5445,3674,1109,2892,3354,2765,783,3516,2047,3151,2754,2657,3781,1761,2928,2486,2038,4403,4929,3124,711,1438,2361,1543,3083,3301,6143,258,2380,2638,2717,1732,1606,2466,2616,3116,2500,5273,2011,3606,971,8023
869,2830,842,3038,3308,1889,4011,150,2191,2803,1669,1000,1590,6152,567,6010,3107,4790,3582,4141,1976,531,5684,4267,2154,616,3254,6681,546,4075,965,2138,3186,3097,2690,776,4743,3922,6205,3715,4025,1452,1171,5445,3674,1125,2897,3354,2765,790,3510,2030,3135,2760,2661,3802,1761,2910,2496,2028,4405,4921,3143,711,1438,2361,1545,3083,3307,6143,251,2380,2638,2737,1732,1606,2451,2616,3116,2500,5273,2011,3606,971,8056
869,2825,828,3140,3294,1889,4011,151,2191,2800,1658,1000,1606,6143,567,6010,3125,4798,3588,4141,1991,524,5684,4267,2173,616,3270,6691,546,4092,965,2122,3186,3102,2690,776,4743,3936,6215,3715,4031,1452,1171,5445,3674,1129,2897,3349,2765,783,3510,2030,3140,2760,2645,3796,1760,2928,2500,2028,4419,4944,3143,711,1438,2361,1545,3083,3307,6143,251,2380,2638,2737,1732,1606,2451,2616,3116,2500,5257,2011,3616,973,8089
869,2825,842,3177,3289,1889,3991,150,2191,2803,1658,1013,1603,6152,568,6010,3107,4782,3588,4141,1973,531,5702,4267,2177,617,3275,6691,546,4075,980,2129,3191,3086,2709,776,4743,3922,6199,3720,4025,1454,1171,5445,3674,1129,2897,3349,2765,783,3510,2030,3140,2760,2645,3796,1760,2928,2500,2028,4419,4944,3158,719,1438,2375,1545,3088,3307,6152,258,2380,2638,2725,1750,1606,2466,2614,3099,2486,5274,2014,3622,973,8122
869,2825,842,3193,3289,1905,4011,151,2191,2803,1674,1013,1606,6152,575,6010,3107,4806,3582,4125,1973,532,5702,4267,2177,617,3275,6691,546,4075,980,2129,3191,3086,2709,776,4743,3922,6199,3720,4025,1454,1172,5462,3687,1127,2907,3349,2769,790,3510,2030,3140,2745,2661,3802,1761,2928,2500,2045,4426,4929,3173,726,1438,2378,1545,3102,3322,6152,258,2380,2651,2737,1732,1606,2466,2616,3099,2500,5290,1997,3627,973,8156
869,2825,842,3193,3289,1905,4011,151,2191,2803,1674,1013,1606,6152,575,6010,3107,4806,3582,4125,1973,532,5702,4267,2173,616,3275,6691,546,4075,980,2125,3186,3102,2690,776,4743,3922,6199,3715,4031,1452,1165,5445,3674,1127,2892,3354,2769,790,3527,2030,3140,2745,2645,3802,1762,2928,2500,2045,4426,4929,3173,726,1438,2378,1545,3102,3322,6152,258,2380,2651,2737,1732,1606,2466,2616,3099,2500,5290,1997,3627,973,8172
877,2825,828,3172,3289,1908,4011,151,2191,2803,1658,1014,1608,6152,568,6010,3107,4798,3602,4132,1994,525,5702,4267,2173,617,3275,6681,546,4092,980,2125,3186,3097,2702,776,4743,3922,6209,3715,4037,1452,1165,5445,3674,1127,2892,3354,2769,790,3527,2030,3140,2745,2645,3802,1762,2928,2500,2045,4405,4936,3183,726,1438,2375,1545,3083,3296,6152,258,2380,2638,2721,1747,1608,2451,2618,3099,2500,5290,1997,3627,973,8205
870,2808,828,3188,3289,1905,4009,151,2191,2790,1677,1013,1606,6165,568,6010,3107,4806,3602,4132,1994,525,5702,4267,2173,617,3275,6681,546,4092,980,2125,3186,3097,2702,776,4743,3922,6209,3715,4037,1452,1164,5462,3692,1127,2892,3359,2758,790,3510,2030,3140,2745,2649,3798,1762,2928,2500,2045,4405,4936,3263,719,1438,2361,1545,3098,3307,6231,258,2380,2638,2737,1732,1593,2443,2618,3099,2500,5265,1979,3611,975,8239
870,2808,828,3188,3289,1905,4009,151,2191,2790,1677,1013,1606,6165,568,6010,3107,4806,3597,4141,1996,532,5702,4267,2173,632,3280,6681,546,4075,980,2141,3186,3107,2702,777,4743,3936,6215,3715,4031,1458,1166,5462,3687,1111,2897,3359,2781,784,3533,2047,3145,2750,2665,3798,1762,2928,2500,2045,4405,4936,3263,719,1438,2361,1545,3098,3307,6231,258,2380,2638,2737,1732,1593,2443,2618,3099,2500,5265,1979,3611,975,8256
870,2825,842,3193,3303,1905,3993,151,2191,2803,1677,1013,1606,6165,568,6010,3107,4790,3597,4141,2000,532,5702,4273,2161,631,3275,6691,553,4092,982,2129,3186,3102,2706,776,4743,3941,6215,3715,4031,1458,1166,5462,3687,1111,2897,3359,2781,784,3533,2047,3145,2750,2665,3798,1762,2928,2500,2045,4419,4936,3243,726,1438,2361,1545,3088,3312,6246,251,2363,2638,2737,1732,1608,2466,2625,3099,2486,5281,1997,3622,975,8288
870,2825,843,3225,3289,1908,4009,158,2208,2803,1661,1014,1608,6165,575,6010,3112,4806,3597,4141,2000,532,5702,4273,2161,631,3275,6691,553,4092,982,2129,3186,3102,2706,776,4743,3941,6199,3715,4037,1458,1171,5445,3674,1129,2892,3349,2777,790,3521,2033,3140,2750,2665,3819,1769,2928,2503,2045,4405,4913,3293,719,1438,2361,1548,3083,3291,6255,258,2363,2638,2725,1732,1606,2462,2618,3099,2486,5274,1997,3611,977,8323
873,2847,829,3225,3294,1927,4009,158,2208,2803,1661,1014,1608,6165,575,6010,3112,4806,3597,4148,2000,532,5702,4267,2161,631,3275,6666,546,4075,980,2112,3191,3107,2687,784,4743,3936,6193,3715,4037,1441,1165,5479,3692,1129,2907,3354,2781,791,3510,2044,3145,2760,2649,3798,1765,2928,2503,2048,4405,4936,3293,719,1438,2361,1548,3083,3296,6255,259,2380,2651,2725,1732,1624,2462,2615,3099,2500,5290,2000,3627,977,8357
873,2847,829,3225,3294,1927,4015,158,2195,2790,1674,1014,1608,6156,583,6010,3112,4790,3597,4148,2012,561,5702,4267,2177,632,3280,6691,547,4075,980,2125,3186,3107,2702,778,4743,3922,6193,3715,4037,1441,1165,5479,3692,1129,2907,3354,2781,791,3510,2044,3145,2760,2649,3798,1765,2928,2503,2048,4405,4936,3293,719,1438,2361,1548,3083,3296,6255,259,2380,2651,2725,1732,1624,2462,2615,3099,2500,5290,2000,3627,977,8376
873,2847,829,3225,3294,1927,4015,158,2195,2790,1674,1014,1608,6156,583,6010,3112,4790,3597,4148,2012,561,5702,4267,2177,632,3280,6691,547,4075,980,2125,3186,3107,2702,778,4743,3922,6199,3700,4031,1456,1173,5454,3687,1127,2897,3375,2762,792,3510,2030,3145,2760,2661,3804,1766,2933,2500,2045,4419,4929,3303,714,1438,2361,1548,3083,3296,6255,259,2380,2638,2725,1732,1624,2462,2615,3099,2500,5290,2000,3627,977,8390
872,2825,828,3225,3289,1924,4015,151,2195,2803,1661,1013,1593,6141,583,6020,3107,4790,3582,4141,2012,562,5684,4267,2177,617,3275,6666,547,4075,980,2129,3191,3091,2691,786,4743,3936,6209,3715,4031,1456,1176,5471,3674,1129,2897,3375,2762,792,3510,2030,3145,2760,2661,3804,1766,2933,2500,2045,4419,4929,3303,714,1438,2361,1548,3083,3296,6255,259,2380,2638,2725,1715,1622,2462,2617,3116,2503,5281,2000,3622,977,8420
872,2825,828,3225,3289,1924,4015,151,2195,2803,1661,1013,1593,6141,583,6020,3107,4790,3582,4141,2012,562,5684,4267,2177,617,3275,6666,547,4075,980,2129,3191,3091,2691,786,4743,3936,6209,3715,4031,1456,1176,5471,3674,1129,2892,3359,2777,794,3510,2044,3145,2760,2629,3793,1760,2910,2486,2012,4384,4913,3273,714,1421,2358,1527,3064,3291,6216,252,2363,2620,2721,1715,1590,2443,2619,3116,2503,5281,2000,3622,977,8438
865,2808,814,3204,3269,1921,3993,151,2170,2786,1642,997,1590,6131,592,5982,3089,4766,3582,4125,2015,585,5684,4267,2161,616,3275,6666,555,4075,980,2112,3186,3107,2702,779,4743,3936,6209,3700,4037,1456,1176,5462,3692,1129,2911,3359,2781,794,3510,2033,3123,2745,2634,3798,1768,2933,2500,2016,4419,4921,3308,722,1440,2361,1527,3064,3291,6216,252,2363,2620,2721,1715,1590,2443,2619,3076,2486,5249,1979,3606,960,8472
874,2808,828,3225,3303,1908,4015,159,2212,2803,1661,1013,1608,6165,607,6010,3098,4790,3597,4141,2000,607,5684,4273,2161,616,3275,6676,557,4075,980,2129,3186,3102,2691,781,4751,3936,6209,3715,4037,1458,1179,5462,3679,1130,2911,3359,2781,794,3510,2033,3123,2745,2634,3798,1768,2933,2500,2016,4419,4921,3308,722,1440,2361,1545,3083,3296,6255,252,2380,2624,2725,1718,1608,2462,2624,3099,2486,5274,1997,3611,960,8506
876,2825,843,3241,3289,1908,4009,152,2191,2803,1677,1013,1608,6180,608,5993,3107,4798,3597,4148,1996,630,5667,4267,2161,616,3275,6676,557,4075,980,2129,3186,3102,2691,781,4751,3936,6209,3715,4037,1458,1179,5462,3679,1130,2907,3375,2781,796,3533,2033,3145,2760,2665,3798,1772,2933,2503,2051,4419,4913,3278,724,1438,2361,1548,3083,3296,6246,253,2380,2655,2725,1732,1608,2451,2626,3116,2486,5290,1997,3606,975,8539
876,2825,842,3225,3289,1921,4015,159,2191,2790,1677,1013,1608,6180,608,5993,3107,4798,3597,4148,1996,630,5667,4267,2161,616,3275,6666,557,4075,980,2109,3186,3107,2702,782,4743,3936,6193,3715,4037,1441,1181,5462,3687,1129,2911,3359,2781,789,3516,2033,3145,2760,2665,3813,1768,2910,2503,2048,4413,4936,3323,724,1440,2365,1548,3083,3296,6231,253,2380,2638,2725,1715,1624,2462,2628,3099,2500,5290,1967,3611,975,8572
876,2825,842,3225,3289,1921,4015,159,2191,2790,1677,1011,1593,6156,624,5976,3107,4790,3597,4148,2000,622,5694,4267,2177,616,3280,6691,550,4075,980,2129,3181,3107,2691,782,4751,3936,6209,3709,4037,1441,1181,5462,3687,1129,2911,3359,2781,789,3516,2033,3145,2760,2665,3813,1768,2910,2503,2048,4413,4936,3323,724,1440,2365,1548,3083,3296,6231,253,2380,2638,2725,1715,1624,2462,2628,3099,2500,5290,1967,3611,975,8589
877,2825,828,3241,3299,1924,4015,152,2208,2803,1677,1011,1608,6156,616,5993,3112,4790,3592,4148,2012,638,5702,4267,2180,615,3280,6691,550,4075,980,2129,3181,3107,2691,782,4751,3936,6209,3709,4037,1441,1181,5462,3687,1129,2903,3359,2777,798,3527,2033,3145,2771,2665,3819,1775,2910,2500,2048,4413,4936,3323,724,1438,2365,1548,3079,3296,6231,261,2363,2638,2725,1703,1624,2462,2630,3116,2500,5290,1964,3627,975,8621
878,2825,828,3258,3284,1924,4015,152,2208,2803,1677,1011,1608,6156,616,5993,3112,4790,3592,4148,2012,638,5702,4267,2180,615,3275,6681,559,4058,982,2132,3181,3107,2706,783,4743,3936,6209,3709,4037,1443,1182,5471,3692,1129,2917,3375,2781,790,3510,2033,3145,2771,2665,3819,1777,2933,2503,2048,4413,4929,3338,732,1438,2365,1548,3074,3312,6231,253,2384,2638,2741,1700,1624,2466,2636,3121,2486,5290,1964,3611,975,8654
878,2825,828,3258,3284,1924,4009,152,2195,2790,1661,1010,1608,6165,617,5993,3112,4774,3592,4148,2000,653,5694,4267,2177,615,3259,6691,531,4058,980,2112,3181,3091,2687,1025,4828,3936,6209,3709,4031,1441,1183,5462,3687,1112,2903,3354,2762,792,3510,2016,3129,2756,2649,3819,1780,2915,2500,2048,4413,4936,3353,719,1438,2361,1567,3098,3312,6240,254,2384,2655,2730,1700,1624,2466,2636,3121,2486,5290,1964,3611,975,8689
880,2830,828,3258,3284,1924,4015,160,2199,2807,1661,1011,1608,6165,625,6013,3107,4790,3592,4148,2015,662,5694,4267,2177,615,3259,6691,531,4058,980,2112,3181,3091,2687,1025,4828,3936,6209,3709,4031,1441,1183,5462,3687,1112,2903,3354,2762,792,3510,2016,3129,2756,2649,3819,1780,2915,2500,2048,4413,4936,3353,719,1438,2361,1567,3098,3312,6240,254,2384,2655,2730,1700,1608,2466,2632,3109,2500,5290,1964,3627,977,8706
880,2830,828,3258,3284,1924,4015,160,2199,2807,1661,1011,1608,6165,625,6013,3107,4790,3592,4148,2015,662,5677,4273,2180,630,3280,6706,546,4065,982,2132,3201,3107,2706,1004,4854,3936,6219,3709,4037,1458,1186,5462,3687,1130,2903,3375,2781,793,3510,2030,3145,2771,2665,3804,1769,2915,2500,2048,4413,4936,3353,719,1438,2361,1567,3098,3312,6240,254,2384,2655,2730,1700,1608,2466,2632,3109,2500,5290,1964,3627,977,8722
873,2813,828,3241,3284,1924,4015,160,2199,2807,1661,1011,1608,6165,625,6013,3107,4790,3592,4148,2015,662,5677,4273,2180,630,3280,6706,546,4065,982,2132,3201,3107,2706,1004,4854,3936,6219,3709,4037,1458,1186,5462,3687,1130,2903,3375,2781,793,3510,2030,3145,2771,2665,3804,1769,2915,2503,2048,4413,4921,3368,728,1421,2365,1532,3083,3296,6210,262,2384,2641,2730,1700,1608,2451,2638,3121,2500,5290,1950,3627,975,8739
873,2813,828,3241,3284,1924,4009,153,2195,2807,1677,1011,1606,6171,619,5986,3112,4798,3577,4132,2012,670,5694,4267,2161,615,3280,6666,539,4058,982,2129,3181,3107,2706,997,4888,3955,6209,3715,4031,1456,1143,5410,3679,1112,2898,3359,2762,787,3516,2030,3145,2756,2665,3804,1772,2915,2500,2048,4413,4913,3348,728,1440,2361,1548,3079,3312,6186,262,2384,2641,2730,1700,1608,2451,2638,3121,2500,5290,1950,3627,975,8773
875,2813,828,3274,3269,1940,4015,153,2199,2790,1677,1011,1593,6180,635,5996,3093,4790,3592,4148,2027,678,5677,4273,2180,615,3264,6676,533,4065,979,2129,3186,3091,2702,1058,4939,3936,6209,3715,4037,1456,1102,5403,3692,1130,2903,3359,2781,788,3516,2030,3145,2756,2665,3804,1772,2915,2500,2048,4413,4913,3348,728,1440,2361,1548,3079,3312,6186,255,2384,2638,2741,1715,1608,2462,2636,3104,2500,5290,1967,3611,977,8804
875,2813,828,3274,3269,1940,4015,153,2199,2790,1677,1011,1593,6180,635,5996,3093,4790,3592,4148,2027,678,5677,4273,2180,615,3264,6676,533,4065,979,2129,3186,3091,2702,1058,4939,3936,6209,3715,4037,1456,1102,5403,3692,1130,2903,3359,2781,788,3516,2030,3129,2771,2665,3819,1766,2915,2486,2048,4413,4921,3353,722,1423,2361,1548,3079,3301,6141,255,2367,2638,2730,1718,1608,2451,2636,3104,2486,5274,1967,3611,977,8816
869,2835,828,3274,3289,1924,4030,160,2195,2793,1661,1011,1608,6171,635,5969,3093,4774,3577,4141,2027,678,5687,4267,2177,615,3264,6691,532,4048,966,2132,3201,3102,2706,1094,4957,3950,6209,3715,4037,1456,1102,5403,3692,1130,2903,3359,2781,788,3516,2030,3129,2771,2665,3819,1766,2915,2486,2048,4413,4921,3353,722,1423,2361,1548,3079,3301,6141,255,2367,2638,2730,1718,1608,2451,2636,3104,2486,5274,1967,3606,975,8832
869,2835,828,3274,3289,1924,4030,160,2195,2793,1661,1011,1608,6171,635,5969,3093,4774,3577,4141,2027,678,5687,4267,2177,615,3264,6691,532,4048,966,2132,3201,3102,2706,1094,4957,3950,6209,3715,4037,1439,1089,5376,3674,1129,2903,3359,2777,782,3499,2030,3145,2745,2649,3798,1776,2915,2503,2051,4413,4936,3348,730,1423,2361,1532,3083,3296,6126,255,2363,2638,2721,1718,1608,2451,2636,3104,2486,5274,1967,3606,975,8856
877,2813,828,3258,3289,1924,4009,153,2195,2803,1677,1011,1590,6171,643,5969,3093,4789,3592,4148,2023,694,5687,4267,2177,615,3264,6671,519,4048,966,2132,3201,3102,2706,1094,4957,3950,6209,3715,4037,1439,1089,5376,3674,1129,2903,3359,2777,782,3499,2030,3145,2745,2649,3798,1776,2915,2503,2051,4413,4936,3348,730,1423,2361,1532,3083,3296,6126,255,2363,2638,2721,1700,1608,2443,2638,3104,2486,5298,1979,3611,975,8873
877,2813,828,3258,3289,1924,4009,153,2195,2803,1677,1011,1590,6171,643,5969,3093,4789,3592,4148,2023,694,5687,4267,2177,615,3264,6671,519,4048,980,2132,3186,3086,2686,1133,4974,3950,6209,3715,4037,1447,1076,5385,3674,1112,2907,3370,2759,783,3510,2030,3145,2756,2661,3781,1772,2915,2500,2048,4413,4944,3099,724,1423,2361,1548,3093,3375,4934,256,2371,2638,2725,1700,1624,2397,2642,3115,2500,5315,1964,3611,975,8896
871,2820,843,3290,3289,1921,4020,161,2193,2790,1663,1011,1606,6184,652,5961,3093,4781,3577,4148,2029,718,5657,4267,2161,616,3275,6671,520,4055,966,2132,3181,3107,2686,1133,4974,3950,6209,3715,4037,1447,1076,5385,3674,1112,2907,3370,2759,783,3510,2030,3145,2756,2661,3781,1772,2915,2500,2048,4413,4944,3099,724,1423,2361,1548,3093,3375,4934,256,2371,2638,2725,1700,1624,2397,2642,3115,2500,5315,1964,3622,978,8923
872,2817,829,3274,3284,1940,4014,153,2208,2807,1663,997,1606,6175,659,5982,3107,4774,3592,4148,2029,725,5657,4267,2161,616,3275,6671,520,4055,966,2132,3181,3107,2686,1142,4991,3936,6209,3715,4037,1445,1069,5441,3660,1112,2903,3370,2759,761,3726,1988,3134,2771,2645,3781,1750,3114,2444,2032,4413,4929,3080,725,1438,2361,1550,3093,3370,4919,256,2378,2624,2725,1715,1624,2379,2639,3125,2500,5290,1979,3627,963,8957
872,2817,829,3274,3284,1940,4014,153,2208,2807,1663,997,1606,6175,659,5982,3107,4774,3592,4148,2029,725,5642,4273,2180,615,3280,6671,520,4045,966,2132,3181,3091,2686,1144,4991,3936,6219,3715,4037,1447,1071,5434,3660,1114,2903,3354,2763,755,3750,1988,3107,2741,2665,3781,1747,3154,2444,2032,4398,4952,3099,726,1440,2348,1548,3079,3375,4956,256,2378,2638,2730,1718,1624,2397,2641,3142,2503,5298,1979,3627,963,8990
872,2812,829,3274,3289,1924,4020,154,2187,2793,1663,1011,1608,6184,668,5972,3112,4781,3582,4132,2032,733,5642,4273,2180,631,3280,6681,521,4052,969,2135,3186,3107,2690,1151,5000,3936,6229,3709,4031,1447,1065,5443,3665,1130,2892,3354,2763,756,3773,1991,3134,2775,2665,3795,1756,3177,2448,2035,4419,4952,3099,726,1440,2348,1548,3079,3375,4956,256,2378,2638,2730,1718,1624,2397,2641,3142,2503,5298,1979,3622,950,9023
875,2817,829,3295,3274,1940,4020,161,2204,2807,1663,1013,1608,6184,676,5972,3107,4765,3582,4148,2029,750,5669,4273,2164,616,3280,6681,522,4062,982,2119,3186,3107,2686,1161,5034,3955,6235,3715,4037,1445,1066,5434,3665,1114,2892,3354,2763,756,3773,1991,3134,2775,2665,3795,1756,3177,2448,2035,4419,4952,3099,727,1443,2365,1550,3083,3370,4934,257,2357,2624,2730,1718,1608,2394,2639,3125,2503,5298,1982,3611,964,9056
869,2812,828,3279,3284,1940,4020,154,2187,2803,1663,1013,1608,6198,676,5954,3107,4781,3582,4148,2032,765,5649,4267,2164,616,3280,6681,522,4062,982,2119,3186,3107,2686,1161,5034,3955,6235,3715,4037,1445,1066,5434,3665,1114,2888,3359,2763,757,3773,1988,3134,2775,2649,3786,1745,3159,2448,2032,4405,4952,3094,727,1458,2361,1537,3093,3375,4941,257,2382,2641,2730,1703,1624,2397,2650,3130,2500,5315,1967,3627,963,9089
877,2807,843,3295,3284,1940,4020,154,2187,2803,1663,1013,1608,6198,676,5954,3107,4781,3582,4148,2032,765,5649,4267,2164,616,3264,6656,529,4038,966,2132,3186,3091,2675,1172,5017,3936,6219,3715,4037,1447,1067,5424,3665,1114,2907,3359,2763,752,3732,2005,3134,2756,2649,3786,1746,3142,2444,2035,4405,4960,3114,729,1458,2361,1550,3098,3391,4956,257,2378,2641,2730,1718,1608,2397,2644,3142,2500,5298,1964,3633,964,9120
877,2807,843,3295,3284,1940,4020,155,2204,2803,1680,1013,1608,6184,757,5972,3112,4765,3597,4154,2032,880,5649,4267,2180,616,3285,6681,533,4055,980,2119,3181,3107,2690,1214,5034,3955,6219,3715,4037,1447,1067,5424,3665,1114,2907,3359,2763,752,3732,2005,3134,2756,2649,3786,1746,3142,2444,2035,4405,4960,3114,729,1458,2361,1550,3098,3391,4956,257,2378,2641,2730,1718,1608,2397,2644,3142,2500,5298,1964,3633,964,9139
877,2807,843,3295,3284,1940,4020,155,2204,2803,1680,1013,1608,6184,757,5972,3112,4765,3597,4154,2032,880,5649,4267,2180,616,3285,6681,533,4055,980,2119,3181,3107,2690,1214,5034,3955,6219,3715,4037,1447,1065,5416,3674,1116,2892,3359,2748,747,3732,1988,3139,2760,2649,3786,1754,3136,2458,2032,4419,4952,3114,725,1438,2365,1553,3098,3375,4941,258,2378,2627,2730,1718,1608,2397,2644,3142,2500,5298,1964,3633,964,9156
880,2829,829,3295,3289,1940,4020,162,2187,2803,1682,1013,1608,6193,726,5972,3093,4773,3597,4148,2032,836,5659,4273,2168,616,3264,6676,533,4045,968,2135,3186,3091,2704,1209,5034,3955,6229,3715,4037,1447,1064,5424,3660,1116,2907,3375,2763,754,3732,1988,3139,2745,2649,3786,1754,3136,2458,2032,4419,4952,3114,725,1438,2365,1553,3098,3375,4941,258,2378,2627,2730,1718,1608,2383,2642,3125,2503,5315,1982,3627,964,9188
888,2812,829,3311,3289,1940,4020,164,2201,2807,1682,1013,1608,6193,726,5972,3093,4773,3597,4148,2032,836,5659,4273,2168,616,3264,6676,533,4045,968,2135,3186,3091,2704,1209,5034,3955,6229,3715,4037,1447,1064,5424,3660,1116,2907,3375,2763,754,3732,1988,3139,2745,2649,3801,1752,3159,2461,2019,4419,4952,3128,724,1440,2365,1553,3102,3375,4956,253,2378,2641,2734,1718,1608,2397,2641,3142,2503,5307,1982,3627,964,9199
888,2812,829,3311,3289,1940,4020,164,2201,2807,1663,1013,1608,6184,783,5954,3112,4781,3597,4154,2020,917,5632,4273,2168,616,3280,6681,544,4045,966,2135,3186,3096,2693,1222,5034,3950,6229,3715,4037,1447,1064,5424,3660,1116,2907,3375,2763,754,3732,1988,3139,2745,2649,3801,1752,3159,2461,2019,4419,4952,3128,724,1440,2365,1553,3102,3375,4956,253,2378,2641,2734,1718,1608,2397,2641,3142,2503,5307,1982,3627,964,9213
888,2812,829,3311,3289,1940,4020,164,2201,2807,1663,1013,1608,6184,783,5954,3112,4781,3597,4154,2020,917,5632,4273,2168,616,3280,6681,544,4045,966,2135,3186,3096,2693,1222,5034,3950,6219,3715,4037,1434,1067,5434,3679,1132,2907,3375,2748,754,3726,1991,3139,2745,2649,3792,1758,3154,2461,2038,4426,4952,3128,726,1458,2365,1534,3098,3375,4948,262,2378,2641,2734,1718,1608,2397,2641,3142,2503,5307,1982,3627,964,9240
892,2817,829,3311,3289,1940,4035,164,2204,2807,1666,1013,1608,6184,793,5920,3107,4789,3592,4148,2035,957,5625,4267,2168,631,3280,6681,547,4038,982,2119,3186,3091,2708,1236,5052,3961,6229,3715,4037,1447,1072,5434,3665,1116,2907,3380,2763,764,3726,1991,3139,2745,2649,3792,1758,3154,2461,2038,4426,4952,3128,726,1458,2365,1534,3098,3375,4948,262,2378,2641,2734,1718,1624,2412,2653,3130,2503,5323,1982,3627,966,9277
891,2812,829,3317,3269,1943,4020,157,2187,2793,1682,1011,1593,6193,801,5927,3102,4789,3597,4148,2035,981,5625,4260,2168,632,3264,6666,539,4062,983,2135,3201,3091,2675,1228,5051,3955,6229,3715,4037,1447,1072,5434,3665,1116,2907,3380,2763,764,3750,1991,3139,2745,2649,3792,1752,3159,2461,2038,4419,4960,3133,719,1440,2365,1553,3098,3364,4941,261,2378,2641,2734,1718,1627,2397,2653,3125,2503,5307,1964,3611,966,9306
888,2820,831,3317,3289,1955,4040,156,2197,2811,1666,1014,1627,6193,828,5916,3098,4789,3597,4148,2035,981,5625,4260,2168,632,3264,6666,539,4062,983,2135,3201,3091,2675,1228,5051,3955,6219,3709,4037,1449,1073,5432,3679,1116,2922,3380,2767,768,3737,1994,3139,2760,2649,3806,1780,3200,2448,2035,4411,4960,3133,97,778,2337,1553,3098,3375,4956,261,2383,2641,2734,1715,1608,2397,2660,3148,2503,5307,1967,3633,964,9339
888,2820,831,3317,3289,1955,4040,156,2197,2811,1666,1014,1627,6193,828,5916,3098,4789,3597,4139,2035,999,5622,4273,2164,615,3280,6676,544,4048,982,2135,3186,3091,2675,1246,5034,3969,6219,3700,4053,1449,1073,5432,3665,1116,2907,3370,2763,761,3754,1991,3139,2760,2634,3792,1783,3200,2451,2038,4419,4952,3133,96,778,2323,1537,3102,3380,4963,268,2370,2641,2734,1718,1608,2401,2666,3131,2506,5323,1982,3633,964,9372
888,2802,829,3333,3289,1955,4026,156,2214,2797,1682,1013,1611,6193,835,5916,3112,4789,3602,4148,2038,1016,5605,4260,2168,631,3264,6681,545,4048,968,2119,3186,3107,2683,1248,5034,3969,6229,3720,4053,1449,1076,5432,3665,1116,2907,3380,2767,770,3754,1991,3139,2760,2638,3792,1780,3195,2448,2042,4419,4960,3157,89,778,2337,1537,3102,3380,4963,268,2370,2641,2734,1718,1608,2401,2666,3131,2506,5323,1982,3627,967,9406
890,2820,829,3349,3289,1943,4026,164,2197,2807,1666,1013,1595,6193,845,5916,3098,4797,3597,4148,2035,1047,5605,4260,2168,632,3280,6676,553,4031,966,2135,3201,3091,2693,1258,5034,3961,6229,3720,4037,1449,1078,5432,3665,1116,2907,3380,2767,770,3754,1991,3139,2760,2638,3792,1780,3195,2448,2042,4419,4960,3157,89,778,2337,1537,3098,3380,4948,261,2387,2641,2734,1735,1627,2401,2662,3131,2503,5307,1985,3611,966,9437
890,2820,829,3349,3289,1943,4026,164,2197,2807,1666,1013,1595,6193,845,5916,3098,4797,3597,4148,2035,1047,5605,4260,2168,632,3280,6676,553,4031,966,2135,3201,3091,2693,1258,5034,3961,6229,3720,4037,1449,1078,5432,3665,1116,2892,3380,2767,772,3737,2005,3155,2760,2649,3792,1788,3177,2461,2022,4426,4952,3162,97,778,2323,1537,3102,3375,4948,262,2387,2627,2734,1718,1608,2386,2665,3131,2503,5307,1985,3611,966,9456
895,2802,829,3333,3274,1940,4040,165,2179,2811,1685,1014,1608,6193,896,5899,3116,4789,3588,4148,2035,1121,5588,4273,2168,631,3280,6666,564,4031,982,2135,3191,3107,2683,1264,5043,3955,6213,3720,4053,1449,1076,5424,3665,1116,2926,3391,2767,759,3778,1994,3139,2745,2634,3782,1778,3263,2448,2038,4419,4952,3162,97,778,2323,1537,3102,3375,4948,262,2387,2627,2734,1718,1608,2386,2665,3131,2503,5307,1982,3611,966,9489
896,2807,831,3317,3274,1940,4026,158,2179,2793,1685,1014,1608,6193,896,5899,3116,4789,3588,4148,2035,1121,5588,4273,2168,631,3280,6666,564,4031,982,2135,3191,3107,2683,1264,5043,3955,6213,3720,4053,1449,1076,5424,3665,1116,2926,3391,2767,759,3778,1994,3139,2745,2634,3782,1778,3263,2448,2038,4419,4952,3162,90,781,2337,1537,3102,3375,4948,263,2391,2645,2739,1732,1611,2401,2662,3136,2506,5316,1997,3627,966,9505
896,2807,831,3317,3274,1940,4026,158,2179,2793,1682,1014,1608,6207,904,5916,3102,4773,3602,4148,2035,1113,5580,4273,2168,617,3280,6691,557,4031,968,2119,3191,3107,2693,1271,5043,3955,6229,3720,4037,1464,1075,5441,3679,1116,2911,3375,2767,766,3760,2005,3160,2764,2665,3786,1784,3206,2448,2038,4426,4960,3177,97,779,2340,1553,3102,3380,4963,263,2391,2641,2734,1720,1611,2401,2671,3136,2506,5316,1997,3627,966,9539
895,2829,829,3333,3274,1940,4026,165,2183,2793,1682,1014,1608,6193,896,5927,3116,4773,3582,4148,2035,1114,5580,4279,2168,617,3280,6691,557,4031,968,2119,3191,3107,2693,1271,5043,3955,6229,3720,4037,1464,1075,5441,3679,1116,2911,3375,2767,766,3760,2005,3160,2764,2665,3786,1784,3206,2448,2038,4426,4960,3177,97,779,2340,1553,3102,3380,4963,263,2391,2641,2734,1720,1611,2401,2671,3136,2503,5307,1982,3611,966,9556
896,2812,831,3333,3289,1940,4026,158,2201,2811,1682,1014,1608,6193,896,5927,3116,4773,3582,4148,2035,1114,5580,4279,2168,617,3280,6691,557,4038,995,2139,3191,3091,2693,1281,5052,3988,6229,3720,4044,1451,1076,5451,3665,1118,2911,3375,2767,761,3795,1994,3155,2760,2654,3797,1784,3200,2444,2038,4426,4968,3177,97,781,2340,1553,3098,3375,4948,263,2374,2627,2734,1720,1627,2404,2675,3136,2503,5307,1985,3627,966,9588
896,2812,831,3333,3289,1940,4026,158,2201,2811,1682,1014,1611,6193,888,5909,3102,4781,3597,4148,2035,1106,5563,4260,2155,617,3280,6681,549,4020,983,2139,3191,3096,2693,1273,5052,3969,6239,3720,4044,1447,1075,5451,3665,1118,2926,3375,2767,761,3778,1994,3144,2760,2654,3792,1777,3223,2461,2022,4411,4952,3177,90,782,2340,1537,3102,3364,4948,263,2378,2645,2734,1720,1627,2404,2675,3136,2503,5307,1985,3627,966,9621
896,2804,817,3333,3289,1958,4040,165,2187,2811,1685,1014,1611,6193,896,5930,3102,4781,3597,4148,2035,1106,5563,4260,2155,617,3280,6681,549,4020,983,2139,3191,3096,2693,1273,5052,3969,6239,3720,4044,1447,1075,5451,3665,1118,2926,3375,2767,761,3778,1994,3144,2760,2654,3792,1777,3223,2461,2022,4411,4952,3177,90,782,2340,1537,3102,3364,4948,263,2378,2645,2734,1718,1608,2386,2671,3147,2506,5316,1985,3633,966,9639
896,2804,817,3333,3289,1958,4040,165,2187,2811,1685,1014,1611,6193,896,5930,3102,4781,3597,4148,2035,1106,5582,4279,2171,631,3264,6691,556,4034,983,2139,3191,3107,2693,1280,5043,3975,6229,3715,4053,1449,1077,5460,3670,1116,2911,3380,2767,759,3832,1994,3160,2760,2669,3792,1778,3269,2461,2022,4411,4952,3177,90,782,2340,1537,3102,3364,4948,263,2378,2645,2734,1718,1608,2386,2671,3147,2506,5316,1985,3633,966,9656
897,2822,831,3333,3279,1955,4026,158,2191,2811,1666,1014,1611,6202,912,5913,3102,4781,3602,4148,2032,1139,5592,4279,2168,617,3280,6691,558,4024,983,2135,3201,3112,2679,1274,5043,3969,6229,3715,4053,1449,1077,5460,3670,1116,2911,3380,2767,759,3832,1994,3160,2760,2669,3792,1778,3269,2434,2025,4419,4952,3172,82,781,2337,1537,3098,3375,4948,263,2386,2631,2734,1735,1608,2401,2654,3135,2506,5307,2000,3627,966,9688
898,2822,844,3333,3279,1974,4040,166,2191,2793,1685,1014,1611,6193,913,5923,3112,4773,3602,4154,2035,1156,5592,4279,2168,617,3280,6691,558,4024,983,2135,3201,3112,2679,1274,5043,3969,6229,3720,4037,1451,1071,5452,3670,1132,2892,3380,2767,762,3850,1980,3139,2764,2654,3792,1774,3292,2448,2025,4426,4960,3172,83,782,2340,1539,3102,3380,4956,256,2386,2645,2739,1732,1611,2401,2666,3153,2506,5316,1997,3611,966,9723
898,2822,844,3333,3279,1974,4040,166,2191,2793,1685,1014,1611,6193,913,5923,3112,4773,3602,4154,2035,1156,5592,4279,2171,633,3285,6691,567,4041,982,2139,3191,3096,2683,1285,5052,3969,6239,3720,4037,1451,1074,5443,3665,1134,2911,3396,2771,755,3808,1994,3144,2750,2654,3792,1774,3292,2448,2025,4426,4960,3172,83,782,2340,1539,3102,3380,4956,256,2386,2645,2739,1732,1611,2401,2666,3153,2506,5316,1997,3611,966,9738
900,2822,831,3349,3279,1958,4040,166,2191,2793,1685,1014,1611,6193,913,5923,3112,4773,3602,4154,2035,1156,5592,4279,2171,633,3285,6691,567,4041,982,2139,3191,3096,2683,1285,5052,3969,6239,3720,4037,1451,1074,5443,3665,1134,2911,3396,2771,755,3808,1994,3144,2750,2649,3810,1776,3252,2448,2022,4426,4944,3463,90,782,2340,1539,3088,3296,6159,264,2382,2627,2734,1735,1611,2469,2672,3147,2506,5332,2000,3617,978,9756
900,2822,831,3349,3279,1958,4027,158,2187,2811,1682,1000,1611,6189,922,5913,3084,4773,3582,4139,2033,1172,5565,4273,2168,616,3270,6696,567,4010,968,2119,3191,3096,2699,1288,5043,3969,6239,3720,4044,1463,1068,5443,3670,1118,2911,3380,2775,757,3808,1977,3144,2764,2654,3815,1781,3252,2451,2042,4426,4944,3463,90,782,2337,1539,3088,3296,6159,264,2382,2627,2734,1735,1611,2469,2672,3147,2506,5332,2000,3617,978,9787
903,2817,831,3354,3279,1977,4042,167,2191,2793,1685,1000,1611,6184,922,5913,3084,4773,3582,4139,2033,1172,5565,4273,2168,616,3270,6696,567,4010,968,2119,3191,3096,2699,1288,5043,3969,6239,3720,4044,1463,1068,5443,3670,1118,2911,3380,2775,757,3808,1977,3144,2764,2654,3815,1781,3252,2451,2042,4426,4944,3463,90,782,2337,1539,3102,3301,6208,265,2382,2631,2734,1720,1611,2454,2659,3147,2503,5307,1997,3617,978,9806
903,2817,831,3354,3279,1977,4042,167,2191,2793,1685,1000,1611,6184,965,5902,3116,4773,3588,4148,2033,1238,5555,4265,2171,632,3270,6696,577,4034,969,2123,3195,3101,2699,1292,5060,3961,6229,3720,4050,1465,1073,5452,3670,1118,2930,3401,2775,761,3832,1980,3144,2768,2654,3810,1762,3275,2448,2058,4426,4968,3484,92,782,2320,1539,3092,3301,6189,261,2382,2645,2739,1735,1595,2473,2651,3147,2503,5299,2002,3617,978,9838
906,2804,829,3371,3279,1977,4042,169,2191,2807,1682,1014,1611,6189,1067,5905,3116,4805,3602,4154,2048,1368,5557,4279,2171,617,3285,6671,591,4024,969,2123,3195,3101,2699,1292,5060,3961,6229,3720,4050,1465,1073,5452,3670,1118,2930,3401,2775,761,3832,1980,3144,2768,2654,3810,1762,3275,2448,2058,4426,4968,3484,92,782,2320,1539,3092,3301,6189,261,2382,2645,2739,1735,1595,2473,2651,3147,2503,5299,2002,3611,978,9856
907,2804,817,3354,3284,1977,4042,169,2195,2807,1666,1016,1611,6199,1067,5905,3116,4805,3602,4154,2048,1368,5557,4279,2171,617,3285,6671,591,4024,982,2123,3195,3096,2695,1306,5052,3961,6239,3711,4044,1463,1076,5452,3670,1118,2916,3380,2786,753,3856,1980,3144,2754,2654,3825,1766,3292,2434,2025,4418,4944,3478,99,783,2340,1539,3088,3306,6189,253,2386,2631,2739,1737,1595,2458,2655,3141,2503,5316,2000,3617,980,9889
907,2804,817,3354,3284,1977,4042,169,2195,2807,1666,1016,1611,6199,1068,5888,3116,4781,3588,4132,2036,1384,5522,4273,2171,617,3270,6681,600,4024,980,2135,3191,3096,2680,1307,5052,3955,6223,3716,4060,1463,1077,5443,3665,1118,2916,3380,2786,753,3856,1980,3144,2754,2654,3825,1766,3292,2434,2025,4418,4944,3478,99,783,2340,1539,3088,3306,6189,253,2386,2631,2739,1737,1595,2458,2655,3141,2503,5316,2000,3617,980,9905
907,2804,816,3354,3279,1974,4042,169,2191,2793,1672,1014,1611,6214,1069,5888,3098,4781,3602,4139,2051,1369,5540,4265,2171,618,3270,6681,592,4024,980,2135,3191,3096,2680,1307,5052,3955,6223,3716,4060,1463,1077,5443,3665,1118,2911,3380,2775,753,3850,1977,3144,2750,2638,3815,1761,3275,2434,2025,4426,4936,3484,92,783,2340,1539,3088,3301,6214,261,2404,2645,2743,1737,1613,2473,2653,3135,2493,5316,2000,3617,980,9939
907,2804,816,3354,3279,1974,4042,169,2191,2793,1672,1014,1611,6214,1069,5888,3098,4781,3602,4139,2051,1369,5540,4265,2171,618,3270,6681,592,4024,982,2139,3191,3096,2684,1316,5052,3983,6239,3705,4044,1447,1077,5452,3665,1118,2916,3380,2775,755,3850,1977,3144,2764,2638,3815,1756,3292,2448,2042,4426,4936,3484,92,783,2340,1539,3088,3301,6214,261,2404,2645,2743,1737,1613,2473,2653,3135,2493,5316,2000,3617,980,9956
909,2809,829,3371,3264,1974,4048,161,2177,2811,1669,1016,1611,6202,1095,5860,3098,4797,3602,4154,2042,1393,5522,4279,2171,618,3280,6686,601,4024,982,2123,3200,3096,2677,1310,5061,3955,6223,3711,4044,1437,1071,5452,3665,1116,2916,3380,2775,755,3850,1977,3144,2764,2638,3815,1756,3292,2448,2042,4426,4936,3499,100,782,2323,1537,3092,3296,6214,261,2382,2627,2734,1735,1595,2462,2640,3135,2503,5307,2017,3617,981,9988
911,2800,843,3349,3284,1974,4039,162,2195,2793,1685,1014,1611,6212,1105,5898,3102,4781,3608,4139,2045,1421,5522,4260,2171,632,3280,6686,601,4024,982,2123,3200,3096,2677,1310,5061,3955,6223,3711,4044,1437,1071,5452,3665,1116,2897,3375,2757,748,3850,1980,3144,2764,2654,3803,1768,3292,2434,2038,4432,4960,3721,84,783,2323,1537,3107,3285,6172,262,2386,2645,2718,1767,1611,2465,2646,3141,2503,5316,2002,3617,984,10021
911,2800,843,3349,3284,1974,4039,162,2195,2793,1685,1014,1611,6212,1105,5898,3102,4781,3608,4139,2045,1421,5522,4260,2171,632,3270,6696,602,4024,980,2123,3195,3112,2692,1321,5034,3955,6239,3711,4060,1452,1073,5452,3679,1118,2890,3380,2772,749,3850,1980,3139,2754,2654,3797,1763,3292,2434,2038,4432,4960,3721,84,783,2323,1537,3107,3285,6172,262,2386,2645,2718,1767,1611,2465,2646,3141,2503,5316,2002,3617,984,10039
911,2804,829,3354,3284,1974,4045,162,2195,2790,1685,1014,1611,6212,1105,5898,3102,4781,3608,4139,2045,1421,5522,4260,2171,632,3270,6696,602,4024,980,2123,3195,3112,2692,1321,5034,3955,6239,3711,4060,1452,1073,5452,3679,1118,2890,3380,2772,749,3850,1980,3139,2754,2654,3797,1763,3292,2434,2038,4432,4960,3772,92,783,2326,1539,3092,3285,6166,262,2390,2645,2739,1752,1613,2469,2652,3135,2503,5316,2014,3617,969,10056
911,2804,829,3354,3284,1974,4045,162,2195,2790,1669,1000,1611,6196,1112,5878,3098,4781,3613,4154,2045,1437,5522,4267,2188,633,3291,6681,602,4024,968,2139,3195,3101,2681,1330,5034,3955,6239,3726,4060,1439,1082,5452,3670,1134,2901,3396,2757,757,3850,1977,3144,2772,2654,3803,1771,3292,2448,2042,4418,4960,3787,92,785,2337,1539,3092,3285,6166,263,2386,2659,2739,1752,1613,2469,2652,3135,2503,5316,2014,3617,969,10089
920,2804,829,3371,3284,1974,4045,170,2177,2807,1669,1002,1611,6196,1122,5881,3102,4781,3593,4161,2045,1455,5522,4273,2171,633,3285,6681,603,4024,983,2123,3195,3112,2681,1323,5052,3975,6223,3726,4060,1439,1083,5452,3665,1118,2901,3396,2757,750,3850,1977,3139,2754,2654,3803,1771,3292,2448,2042,4418,4960,3787,92,785,2337,1539,3092,3285,6166,263,2386,2659,2739,1752,1595,2454,2652,3135,2503,5316,2017,3617,984,10122
913,2809,816,3371,3284,1971,4045,170,2177,2807,1669,1002,1611,6196,1122,5881,3102,4781,3593,4161,2045,1455,5522,4273,2171,633,3285,6681,603,4024,983,2123,3195,3112,2681,1323,5052,3975,6223,3726,4060,1439,1083,5452,3665,1118,2901,3396,2757,750,3850,1977,3139,2754,2654,3803,1764,3292,2437,2025,4432,4960,3803,92,785,2337,1539,3097,3285,6151,263,2386,2645,2734,1752,1595,2454,2654,3153,2503,5324,2017,3617,969,10139
913,2809,816,3371,3284,1971,4039,170,2177,2807,1682,1002,1611,6212,1123,5881,3093,4781,3598,4154,2045,1456,5505,4279,2171,618,3270,6671,604,4024,982,2123,3200,3112,2658,1324,5052,3969,6223,3716,4060,1406,1083,5452,3665,1118,2901,3396,2757,750,3850,1977,3139,2754,2654,3803,1764,3292,2437,2025,4432,4960,3803,92,785,2337,1539,3097,3285,6151,263,2386,2645,2734,1752,1595,2454,2654,3153,2503,5324,2017,3617,969,10156
913,2809,816,3371,3284,1971,4039,170,2177,2807,1682,1002,1611,6212,1123,5881,3093,4781,3598,4154,2045,1456,5505,4279,2171,618,3270,6671,604,4024,982,2123,3200,3112,2658,1324,5052,3969,6223,3716,4060,1406,1076,5452,3665,1116,2901,3396,2719,751,3850,1964,3144,2754,2654,3806,1767,3292,2434,2042,4418,4952,3800,93,783,2323,1537,3097,3280,6153,263,2386,2645,2734,1752,1595,2454,2654,3153,2503,5324,2017,3617,969,10172
914,2804,829,3371,3269,1971,4042,162,2195,2793,1666,1001,1608,6199,1124,5881,3098,4797,3613,4154,2036,1472,5514,4273,2171,633,3280,6651,604,4031,982,2139,3195,3127,2609,1325,5061,3955,6233,3726,4075,1359,1077,5462,3665,1118,2920,3396,2719,752,3874,1977,3128,2758,2654,3806,1767,3292,2434,2042,4418,4952,3800,93,783,2323,1537,3097,3280,6153,255,2404,2627,2734,1752,1595,2473,2643,3135,2506,5316,2017,3617,980,10206
915,2809,831,3354,3289,1974,4057,170,2177,2807,1685,1016,1611,6208,1140,5871,3098,4781,3598,4154,2039,1490,5532,4265,2171,619,3285,6661,606,4024,982,2135,3200,3112,2609,1325,5061,3955,6233,3726,4075,1359,1077,5462,3665,1118,2920,3396,2719,752,3874,1977,3128,2758,2654,3800,1767,3292,2434,2042,4424,4976,3821,93,785,2337,1537,3107,3301,6153,263,2386,2641,2739,1769,1595,2458,2653,3118,2503,5299,2017,3617,980,10239
916,2804,831,3371,3284,1977,4057,163,2181,2807,1669,1017,1608,6199,1140,5871,3098,4781,3598,4154,2039,1490,5532,4265,2171,619,3285,6661,606,4024,982,2135,3200,3112,2609,1335,5061,3964,6239,3711,4075,1357,1080,5462,3665,1116,2905,3396,2714,753,3850,1980,3144,2768,2669,3791,1762,3310,2448,2042,4424,4976,3815,93,785,2337,1539,3097,3285,6168,263,2390,2641,2739,1769,1595,2469,2647,3141,2503,5316,2035,3617,980,10272
916,2804,831,3371,3284,1977,4057,163,2181,2807,1669,1017,1608,6199,1157,5881,3098,4773,3613,4154,2036,1500,5505,4260,2175,619,3280,6666,606,4031,982,2126,3200,3112,2605,1327,5061,3955,6207,3702,4075,1342,1080,5452,3665,1118,2905,3391,2714,754,3850,1980,3144,2768,2669,3791,1762,3310,2448,2042,4424,4976,3815,93,785,2337,1539,3097,3285,6168,263,2390,2641,2739,1769,1595,2469,2647,3141,2503,5316,2035,3617,980,10289
919,2809,829,3387,3274,1974,4057,171,2198,2811,1685,1002,1611,6199,1160,5871,3098,4772,3598,4139,2036,1534,5505,4260,2175,619,3301,6641,615,4031,982,2126,3200,3112,2605,1327,5061,3955,6207,3702,4075,1342,1080,5452,3665,1118,2905,3391,2714,754,3867,1966,3128,2758,2654,3800,1765,3292,2434,2029,4418,4976,3815,85,783,2337,1525,3112,3280,6178,264,2408,2645,2739,1767,1595,2469,2655,3135,2493,5308,2035,3617,980,10323
919,2804,831,3376,3274,1990,4063,171,2198,2807,1669,1017,1613,6208,1160,5871,3098,4772,3598,4139,2036,1534,5505,4260,2175,619,3301,6641,615,4031,982,2139,3200,3127,2609,1331,5052,3955,6223,3716,4060,1342,1082,5452,3665,1118,2901,3396,2710,755,3850,1964,3133,2768,2649,3785,1766,3315,2451,2045,4439,4976,3851,93,785,2337,1542,3112,3285,6163,264,2390,2641,2739,1769,1595,2473,2655,3141,2506,5316,2020,3611,981,10355
919,2804,831,3376,3274,1990,4063,171,2198,2807,1669,1017,1613,6208,1168,5871,3116,4797,3598,4139,2036,1534,5505,4265,2171,619,3291,6651,615,4024,968,2139,3185,3112,2613,1347,5052,3955,6239,3716,4075,1342,1081,5462,3665,1120,2905,3396,2719,755,3856,1964,3144,2754,2654,3791,1767,3310,2448,2025,4424,4968,3851,93,785,2337,1539,3112,3285,6178,264,2390,2641,2722,1769,1598,2458,2655,3135,2489,5316,2035,3611,981,10388
918,2809,831,3371,3274,1990,4063,163,2177,2797,1685,1017,1611,6208,1159,5871,3098,4781,3598,4154,2039,1533,5514,4265,2171,634,3291,6651,615,4024,968,2139,3185,3112,2613,1347,5052,3955,6239,3716,4075,1342,1081,5462,3665,1120,2905,3396,2719,755,3856,1964,3144,2754,2654,3791,1767,3310,2448,2025,4424,4968,3851,93,785,2337,1539,3112,3285,6178,264,2390,2641,2722,1769,1598,2458,2655,3135,2489,5316,2035,3611,980,10406
926,2809,831,3371,3289,1974,4063,163,2216,2807,1685,1017,1611,6208,1159,5871,3098,4781,3598,4154,2039,1533,5514,4265,2171,634,3285,6661,614,4031,982,2139,3200,3127,2609,1338,5052,3955,6239,3731,4069,1342,1081,5462,3679,1118,2924,3391,2714,754,3874,1977,3144,2758,2654,3785,1766,3333,2437,2042,4424,4968,3851,93,802,2337,1539,3112,3291,6178,264,2408,2641,2722,1784,1611,2477,2653,3158,2503,5316,2038,3617,980,10439
926,2809,831,3371,3289,1974,4063,163,2216,2807,1685,1017,1611,6208,1168,5881,3098,4797,3598,4154,2036,1533,5514,4273,2171,619,3291,6661,607,4031,982,2139,3205,3127,2613,1346,5061,3969,6239,3702,4075,1359,1081,5462,3684,1118,2905,3396,2719,754,3874,1964,3144,2758,2649,3800,1766,3315,2437,2025,4439,4976,3851,93,785,2326,1539,3112,3285,6163,264,2390,2631,2739,1769,1595,2473,2659,3158,2503,5316,2038,3617,980,10471
918,2827,831,3387,3274,1974,4057,163,2177,2807,1669,1016,1611,6208,1159,5881,3102,4797,3598,4154,2036,1524,5497,4260,2175,619,3285,6661,607,4024,982,2139,3200,3132,2613,1346,5061,3961,6239,3716,4082,1357,1081,5435,3670,1134,2905,3396,2714,754,3867,1966,3149,2772,2654,3791,1766,3333,2434,2025,4439,4976,3851,93,785,2326,1539,3112,3285,6163,264,2390,2631,2739,1769,1595,2473,2659,3135,2503,5316,2035,3617,966,10506
919,2809,831,3387,3289,1974,4063,163,2198,2811,1688,1017,1629,6223,1160,5881,3102,4797,3598,4154,2039,1534,5514,4265,2175,634,3306,6661,615,4024,983,2139,3205,3127,2613,1348,5061,3975,6223,3731,4075,1357,1081,5435,3670,1134,2905,3396,2714,754,3867,1966,3149,2772,2654,3791,1766,3333,2434,2025,4439,4976,3861,93,783,2323,1542,3112,3291,6153,264,2386,2641,2743,1769,1595,2462,2655,3141,2493,5316,2032,3617,965,10539
919,2809,831,3387,3289,1974,4063,163,2198,2811,1688,1017,1629,6223,1160,5881,3102,4797,3598,4154,2039,1534,5514,4265,2175,634,3306,6661,615,4024,983,2139,3205,3127,2613,1348,5061,3975,6223,3731,4075,1357,1082,5445,3670,1118,2901,3401,2719,755,3874,1980,3165,2772,2658,3791,1767,3315,2451,2029,4424,4976,3867,93,785,2326,1539,3112,3306,6163,257,2390,2645,2739,1769,1595,2462,2655,3141,2493,5316,2032,3617,965,10555
911,2809,829,3387,3289,1987,4057,163,2181,2807,1669,1017,1611,6199,1169,5863,3102,4781,3598,4154,2039,1543,5497,4260,2155,634,3285,6666,615,4031,983,2139,3205,3112,2613,1347,5061,3975,6233,3711,4075,1344,1083,5462,3670,1118,2920,3401,2719,755,3874,1980,3144,2772,2654,3791,1761,3333,2451,2029,4424,4976,3867,93,785,2326,1539,3112,3306,6163,257,2390,2645,2739,1769,1595,2462,2653,3141,2506,5324,2035,3617,980,10589
919,2809,829,3365,3254,1990,4057,163,2181,2807,1669,1017,1611,6199,1169,5863,3102,4781,3598,4154,2039,1543,5497,4260,2155,634,3285,6666,615,4031,983,2139,3205,3112,2613,1347,5061,3975,6233,3711,4075,1344,1083,5462,3670,1118,2920,3401,2719,755,3874,1980,3144,2772,2654,3791,1761,3333,2451,2045,4424,4976,3861,93,783,2340,1539,3097,3291,6178,264,2386,2641,2739,1787,1595,2462,2655,3141,2506,5299,2035,3617,966,10605
919,2809,829,3365,3254,1990,4057,163,2195,2793,1669,1017,1611,6223,1168,5871,3098,4805,3598,4154,2039,1542,5505,4260,2171,619,3285,6661,615,4031,983,2139,3185,3117,2609,1355,5052,3955,6239,3716,4075,1359,1082,5462,3665,1118,2905,3396,2719,756,3850,1977,3144,2772,2654,3791,1760,3315,2437,2042,4424,4976,3867,93,785,2340,1539,3112,3285,6163,264,2386,2641,2739,1787,1595,2462,2655,3141,2506,5299,2035,3617,966,10639
919,2827,843,3376,3279,2009,4063,171,2185,2811,1688,1019,1611,6208,1169,5891,3102,4805,3604,4177,2039,1535,5506,4273,2171,620,3285,6661,608,4013,969,2139,3190,3132,2613,1365,5078,3975,6239,3702,4075,1359,1083,5462,3670,1120,2909,3401,2738,748,3850,1977,3144,2772,2654,3791,1760,3315,2437,2042,4424,4976,3867,93,785,2340,1539,3112,3285,6163,257,2390,2645,2722,1784,1598,2462,2657,3141,2506,5316,2035,3623,981,10672
920,2809,843,3376,3279,2009,4063,171,2185,2811,1688,1019,1611,6208,1169,5891,3102,4805,3604,4177,2039,1535,5506,4273,2171,620,3285,6661,608,4013,969,2139,3190,3132,2613,1365,5078,3975,6239,3702,4075,1359,1083,5462,3670,1120,2909,3401,2738,748,3881,1977,3144,2762,2674,3785,1762,3333,2434,2045,4431,4960,3846,93,785,2326,1542,3101,3291,6178,265,2390,2641,2722,1787,1595,2477,2661,3146,2506,5324,2053,3623,966,10689
920,2809,829,3387,3274,2009,4063,171,2181,2811,1688,1019,1611,6223,1178,5881,3116,4781,3604,4170,2036,1553,5487,4260,2175,634,3285,6661,608,4031,983,2126,3190,3132,2613,1365,5078,3975,6239,3702,4075,1359,1083,5462,3670,1120,2909,3401,2738,748,3881,1977,3144,2762,2674,3785,1762,3333,2434,2045,4431,4960,3846,93,785,2326,1542,3101,3291,6178,265,2390,2641,2722,1787,1595,2477,2661,3146,2506,5324,2053,3623,966,10706
920,2809,831,3376,3293,2006,4057,163,2181,2811,1672,1019,1611,6208,1178,5874,3098,4788,3604,4170,2036,1553,5487,4260,2175,634,3285,6661,608,4031,983,2126,3190,3132,2609,1372,5078,3988,6256,3722,4082,1359,1068,5462,3670,1118,2909,3396,2734,748,3881,1966,3160,2762,2669,3791,1762,3315,2448,2045,4431,4960,3851,93,802,2340,1542,3116,3291,6178,265,2404,2627,2743,1787,1595,2458,2659,3141,2489,5299,2038,3617,965,10739
920,2809,831,3376,3293,2006,4057,163,2181,2811,1672,1019,1611,6208,1178,5874,3098,4788,3598,4161,2036,1552,5487,4265,2175,620,3291,6661,616,4038,969,2139,3205,3117,2628,1373,5078,3988,6250,3707,4075,1359,1070,5462,3670,1118,2920,3396,2719,749,3874,1966,3165,2776,2658,3791,1764,3315,2434,2025,4424,4968,3851,85,785,2323,1539,3097,3285,6178,265,2412,2645,2727,1787,1595,2462,2664,3158,2489,5299,2035,3617,965,10770
918,2809,831,3387,3279,2022,4063,172,2202,2797,1685,1017,1613,6223,1233,5856,3102,4781,3613,4139,2039,1641,5479,4265,2175,619,3285,6661,627,4020,969,2139,3205,3117,2628,1391,5087,3988,6250,3716,4082,1359,1076,5472,3665,1120,2924,3401,2719,738,3898,1980,3144,2776,2658,3791,1753,3356,2434,2025,4431,4960,3851,94,786,2340,1539,3097,3285,6178,265,2412,2645,2727,1787,1595,2462,2664,3158,2489,5299,2035,3617,966,10805
927,2814,831,3409,3279,2006,4063,165,2206,2811,1688,1019,1629,6223,1233,5856,3116,4788,3618,4161,2039,1633,5489,4260,2175,619,3291,6651,628,4013,983,2142,3205,3132,2613,1391,5069,3983,6239,3722,4075,1359,1068,5454,3670,1120,2924,3401,2719,738,3898,1980,3144,2776,2658,3791,1753,3356,2434,2025,4431,4960,3851,94,786,2340,1542,3116,3285,6163,259,2390,2631,2743,1784,1598,2462,2645,3146,2506,5308,2038,3623,983,10839
919,2797,831,3392,3279,2025,4078,172,2185,2811,1688,1019,1627,6208,1249,5856,3102,4788,3604,4154,2039,1650,5472,4265,2175,619,3280,6676,629,4028,983,2142,3205,3132,2613,1391,5069,3983,6239,3722,4075,1359,1068,5454,3670,1120,2905,3396,2719,746,3891,1950,3149,2772,2674,3806,1751,3368,2420,2045,4416,4968,3846,94,805,2340,1542,3116,3291,6178,267,2412,2645,2727,1787,1598,2477,2645,3146,2489,5308,2038,3623,981,10870
919,2797,831,3392,3279,2025,4078,172,2185,2811,1688,1019,1627,6208,1249,5856,3102,4788,3604,4154,2039,1650,5472,4265,2175,619,3280,6676,629,4028,982,2142,3205,3117,2628,1390,5078,3988,6250,3722,4060,1359,1077,5464,3670,1120,2909,3401,2719,738,3940,1966,3149,2776,2669,3806,1753,3415,2423,2042,4431,4968,3846,94,805,2340,1542,3116,3291,6178,267,2412,2645,2727,1787,1598,2477,2645,3146,2489,5308,2038,3623,981,10889
921,2807,831,3392,3279,2009,4063,173,2189,2797,1688,1019,1629,6223,1249,5856,3102,4788,3604,4154,2039,1650,5472,4265,2175,619,3280,6676,629,4028,982,2142,3205,3117,2628,1390,5078,3988,6250,3722,4060,1359,1077,5464,3670,1120,2909,3401,2719,738,3940,1966,3149,2776,2669,3806,1753,3415,2423,2042,4431,4968,3861,86,805,2326,1542,3116,3291,6163,267,2403,2645,2743,1787,1598,2477,2651,3152,2493,5324,2038,3623,981,10906
921,2807,831,3392,3279,2009,4063,173,2189,2797,1688,1019,1629,6223,1250,5859,3098,4805,3613,4161,2054,1661,5473,4279,2175,620,3291,6661,628,4028,969,2123,3205,3112,2613,1392,5087,3988,6239,3716,4082,1359,1078,5473,3670,1118,2909,3412,2719,739,3982,1952,3144,2772,2654,3791,1745,3403,2409,2029,4416,4976,3897,86,789,2326,1525,3101,3285,6163,259,2403,2631,2722,1787,1595,2465,2651,3152,2493,5324,2038,3623,981,10939
920,2807,829,3392,3274,2025,4063,165,2192,2811,1672,1019,1629,6223,1250,5859,3098,4781,3604,4154,2039,1661,5483,4265,2171,620,3291,6661,628,4028,969,2123,3205,3112,2613,1392,5087,3988,6239,3716,4082,1359,1078,5473,3670,1118,2909,3412,2719,739,3982,1952,3144,2772,2654,3791,1745,3403,2409,2029,4416,4976,3897,86,789,2326,1525,3101,3285,6163,259,2403,2631,2722,1787,1595,2465,2651,3140,2506,5324,2038,3623,966,10956
920,2807,829,3392,3274,2025,4063,165,2192,2811,1672,1019,1629,6223,1250,5859,3098,4781,3604,4154,2039,1661,5483,4265,2171,620,3285,6661,629,4017,982,2126,3185,3132,2628,1393,5087,3988,6250,3737,4060,1344,1070,5464,3670,1120,2909,3417,2719,732,3964,1952,3149,2758,2669,3791,1748,3421,2392,2029,4431,4976,3912,86,789,2340,1525,3097,3291,6148,259,2403,2631,2722,1787,1595,2465,2651,3140,2506,5324,2038,3623,966,10973
921,2802,831,3392,3279,2006,4063,165,2192,2797,1672,1019,1613,6208,1251,5842,3102,4788,3613,4139,2054,1661,5473,4265,2159,620,3280,6651,629,4017,983,2142,3185,3127,2613,1393,5096,3988,6250,3722,4082,1359,1070,5473,3670,1120,2909,3412,2719,732,3964,1952,3149,2776,2669,3791,1748,3421,2392,2029,4431,4976,3912,86,789,2340,1525,3097,3291,6148,267,2403,2631,2739,1769,1598,2458,2651,3140,2506,5324,2035,3617,981,11010
929,2807,831,3392,3279,2025,4063,173,2192,2797,1688,1004,1613,6223,1260,5842,3102,4788,3604,4145,2039,1662,5473,4260,2159,620,3285,6646,630,4017,983,2142,3185,3127,2613,1393,5096,3988,6250,3722,4082,1359,1070,5473,3670,1120,2909,3412,2719,732,3964,1952,3149,2776,2669,3791,1740,3438,2409,2029,4416,4976,3912,94,788,2340,1542,3116,3291,6163,260,2399,2631,2743,1784,1595,2477,2653,3152,2493,5308,2035,3617,966,11040
930,2807,831,3409,3279,2009,4063,165,2192,2811,1688,1004,1613,6223,1260,5842,3102,4788,3604,4145,2039,1662,5473,4260,2159,620,3285,6646,630,4017,968,2126,3190,3112,2613,1395,5087,3969,6260,3707,4082,1357,1071,5456,3670,1120,2909,3412,2719,740,3989,1952,3149,2776,2669,3797,1750,3456,2409,2048,4416,4976,3912,94,790,2340,1542,3101,3285,6157,260,2403,2631,2747,1772,1595,2458,2649,3157,2503,5308,2038,3623,981,11065
930,2807,831,3409,3279,2009,4063,165,2192,2811,1688,1019,1627,6232,1270,5842,3102,4788,3604,4139,2039,1681,5483,4279,2159,620,3291,6661,630,4024,983,2142,3205,3117,2628,1395,5087,3975,6250,3716,4082,1344,1071,5456,3670,1120,2909,3412,2719,740,3989,1952,3149,2776,2669,3797,1750,3456,2409,2048,4416,4976,3912,94,790,2340,1542,3101,3285,6157,260,2403,2631,2747,1772,1595,2458,2649,3157,2503,5308,2038,3623,981,11090
930,2807,831,3409,3279,2009,4063,165,2192,2811,1688,1019,1627,6232,1270,5842,3102,4788,3604,4139,2039,1681,5483,4279,2159,620,3291,6661,630,4024,983,2142,3205,3117,2628,1395,5087,3975,6250,3716,4082,1344,1072,5456,3670,1120,2909,3417,2719,733,3989,1952,3149,2776,2669,3797,1744,3438,2392,2029,4416,4984,3912,86,790,2326,1542,3116,3285,6148,260,2403,2631,2727,1772,1595,2458,2649,3157,2503,5308,2038,3623,981,11106
930,2829,844,3409,3279,2009,4063,173,2196,2811,1691,1019,1629,6232,1269,5852,3102,4796,3604,4161,2039,1679,5483,4279,2159,620,3291,6661,630,4024,983,2142,3205,3117,2628,1395,5087,3975,6250,3716,4082,1344,1072,5456,3670,1120,2909,3417,2719,733,3989,1952,3149,2776,2669,3797,1744,3438,2392,2029,4416,4984,3912,86,790,2326,1542,3116,3285,6148,260,2403,2631,2727,1784,1595,2462,2641,3163,2493,5308,2038,3639,981,11116
930,2829,844,3409,3279,2009,4063,173,2196,2811,1691,1019,1629,6232,1269,5852,3102,4796,3604,4161,2039,1679,5473,4260,2159,620,3291,6661,631,4024,983,2146,3205,3112,2613,1404,5070,3975,6250,3727,4075,1344,1074,5483,3670,1120,2909,3412,2723,734,4007,1952,3165,2776,2669,3797,1744,3438,2392,2029,4416,4984,3912,86,790,2326,1542,3116,3285,6148,260,2403,2631,2727,1784,1595,2462,2641,3163,2493,5308,2038,3639,981,11132
930,2829,844,3409,3279,2009,4063,173,2196,2811,1691,1019,1629,6232,1269,5852,3102,4796,3604,4161,2039,1679,5473,4260,2159,620,3291,6661,631,4024,983,2146,3205,3112,2613,1404,5070,3975,6250,3727,4075,1344,1074,5483,3670,1120,2909,3412,2723,734,4007,1952,3165,2776,2669,3791,1736,3462,2396,2029,4431,4984,3927,94,790,2326,1544,3116,3291,6142,260,2407,2645,2727,1784,1595,2462,2641,3163,2493,5308,2038,3639,981,11140
931,2834,831,3392,3274,2009,4069,165,2183,2797,1691,1004,1613,6217,1270,5834,3102,4796,3604,4161,2039,1679,5473,4260,2159,620,3291,6661,631,4024,983,2146,3205,3112,2613,1404,5070,3975,6250,3727,4075,1344,1074,5483,3670,1120,2909,3412,2723,734,4007,1952,3165,2776,2669,3791,1736,3462,2396,2029,4431,4984,3927,94,790,2326,1544,3116,3291,6142,260,2407,2645,2727,1787,1595,2465,2644,3169,2506,5317,2071,3623,981,11156
931,2834,831,3392,3274,2009,4069,165,2183,2797,1691,1004,1613,6217,1270,5834,3102,4796,3598,4139,2039,1682,5465,4279,2159,620,3291,6671,631,4024,983,2126,3190,3117,2613,1406,5079,3988,6250,3722,4082,1344,1074,5483,3656,1121,2909,3412,2723,734,4007,1952,3165,2776,2669,3791,1736,3462,2396,2029,4431,4984,3927,94,790,2326,1544,3116,3291,6142,260,2407,2645,2727,1787,1595,2465,2644,3169,2506,5317,2071,3623,981,11173
939,2816,831,3409,3284,2006,4063,165,2200,2797,1688,1019,1629,6217,1270,5834,3102,4796,3598,4139,2039,1682,5465,4279,2159,620,3291,6671,631,4024,983,2126,3190,3117,2613,1406,5079,3988,6250,3722,4082,1344,1074,5483,3656,1121,2909,3401,2708,734,4014,1952,3154,2776,2674,3791,1745,3444,2396,2032,4431,4984,3933,94,790,2340,1542,3101,3291,6132,252,2407,2631,2727,1789,1598,2465,2646,3163,2493,5317,2056,3623,981,11206
939,2816,831,3409,3284,2006,4063,165,2200,2797,1688,1019,1629,6217,1280,5852,3102,4813,3618,4139,2039,1699,5465,4279,2175,619,3285,6656,632,4024,969,2130,3190,3117,2613,1407,5088,3988,6250,3722,4082,1361,1083,5483,3656,1121,2909,3412,2723,735,4014,1952,3170,2776,2669,3797,1740,3468,2396,2029,4423,4984,3933,94,790,2340,1542,3101,3291,6132,252,2407,2631,2727,1789,1598,2465,2646,3163,2493,5317,2056,3623,981,11223
942,2834,831,3409,3284,2006,4063,165,2200,2797,1688,1019,1629,6217,1280,5852,3102,4813,3618,4139,2039,1699,5465,4279,2175,619,3285,6656,632,4024,969,2130,3190,3117,2613,1407,5088,3988,6250,3722,4082,1361,1083,5483,3656,1121,2909,3412,2723,735,4014,1952,3170,2776,2669,3797,1740,3468,2396,2029,4423,4984,3912,94,808,2326,1542,3116,3285,6132,261,2411,2631,2731,1787,1598,2465,2652,3169,2493,5308,2053,3639,983,11240
942,2834,831,3409,3264,2006,4048,166,2183,2811,1688,1004,1611,6232,1290,5845,3102,4772,3604,4145,2042,1716,5448,4265,2175,620,3291,6656,633,4031,983,2130,3190,3132,2613,1410,5079,3975,6260,3707,4075,1346,1069,5483,3670,1123,2909,3417,2708,736,4024,1952,3165,2762,2658,3797,1743,3485,2413,2032,4416,4984,3933,87,792,2326,1542,3116,3285,6132,261,2411,2631,2731,1787,1598,2465,2652,3169,2493,5308,2053,3639,983,11270
934,2811,831,3409,3279,2025,4069,174,2183,2797,1688,1020,1629,6217,1299,5845,3102,4796,3594,4145,2039,1727,5485,4265,2159,621,3291,6671,641,4014,983,2130,3190,3132,2613,1410,5079,3975,6260,3707,4075,1346,1069,5483,3670,1123,2909,3417,2708,736,4024,1952,3165,2762,2658,3797,1743,3485,2413,2032,4416,4984,3933,87,792,2326,1525,3121,3306,6142,261,2411,2631,2727,1787,1598,2481,2644,3163,2506,5308,2053,3655,983,11297
934,2811,831,3409,3279,2025,4069,174,2183,2797,1688,1020,1629,6217,1299,5845,3102,4796,3594,4145,2039,1727,5485,4265,2159,621,3291,6671,641,4014,983,2130,3195,3132,2617,1410,5088,3988,6260,3727,4075,1361,1077,5485,3670,1121,2914,3417,2723,736,4014,1952,3175,2781,2674,3797,1751,3450,2396,2032,4423,4984,3933,95,792,2326,1544,3121,3291,6157,261,2411,2641,2727,1804,1598,2465,2646,3169,2510,5333,2082,3655,983,11323
935,2829,831,3425,3269,2009,4063,166,2200,2811,1674,1020,1613,6208,1299,5862,3102,4788,3609,4139,2042,1735,5465,4265,2159,621,3291,6646,633,4014,983,2126,3195,3117,2617,1411,5088,3975,6250,3713,4082,1359,1070,5475,3670,1121,2914,3401,2703,737,4024,1952,3149,2766,2654,3797,1736,3468,2396,2032,4423,4968,3933,95,792,2326,1544,3121,3291,6157,261,2411,2641,2727,1804,1598,2465,2646,3169,2510,5333,2082,3670,983,11357
935,2829,831,3430,3269,2025,4069,174,2200,2811,1691,1004,1629,6223,1299,5862,3102,4788,3609,4139,2042,1735,5465,4265,2159,621,3291,6646,633,4014,983,2126,3195,3117,2617,1411,5088,3975,6250,3713,4082,1359,1070,5475,3670,1121,2914,3401,2703,737,4024,1952,3149,2766,2654,3797,1736,3468,2396,2032,4423,4968,3912,87,792,2326,1525,3121,3270,6132,261,2394,2631,2731,1804,1598,2465,2648,3151,2493,5317,2085,3670,983,11372
935,2829,831,3430,3269,2025,4069,174,2200,2811,1691,1004,1629,6223,1300,5845,3102,4796,3604,4145,2042,1736,5457,4265,2162,621,3291,6656,642,4014,983,2130,3195,3112,2617,1412,5088,3988,6260,3713,4082,1361,1078,5492,3670,1120,2914,3417,2723,738,4031,1952,3149,2766,2674,3797,1738,3468,2396,2032,4423,4984,3933,95,809,2337,1542,3121,3291,6142,261,2394,2631,2731,1804,1598,2469,2650,3151,2493,5317,2085,3670,983,11405
936,2816,817,3430,3269,1993,4069,166,2200,2815,1693,1020,1629,6232,1310,5845,3102,4796,3609,4139,2042,1747,5475,4265,2166,637,3291,6656,642,4014,983,2130,3195,3112,2617,1412,5088,3988,6260,3713,4082,1361,1078,5492,3670,1120,2914,3417,2723,738,4031,1952,3149,2766,2674,3797,1738,3468,2396,2032,4423,4984,3933,95,809,2337,1542,3121,3291,6142,261,2394,2631,2731,1804,1598,2469,2650,3169,2506,5308,2085,3655,983,11423
928,2794,816,3403,3264,1974,4048,166,2161,2780,1693,1020,1629,6232,1310,5845,3102,4796,3609,4139,2042,1747,5475,4265,2166,637,3291,6671,643,4031,983,2130,3195,3112,2617,1421,5097,3988,6260,3713,4075,1346,1080,5492,3661,1121,2914,3412,2703,738,4014,1950,3133,2747,2634,3776,1728,3444,2378,2012,4401,4936,3912,87,790,2309,1509,3101,3270,6117,254,2390,2614,2711,1802,1577,2447,2642,3128,2472,5267,2053,3622,966,11449
928,2794,816,3403,3264,1974,4048,166,2161,2780,1669,989,1593,6199,1301,5817,3070,4748,3589,4132,2009,1755,5448,4271,2162,621,3285,6656,635,4031,983,2130,3195,3127,2617,1414,5088,3988,6243,3713,4082,1346,1080,5492,3661,1121,2914,3412,2703,738,4014,1950,3133,2747,2634,3776,1728,3444,2378,2012,4401,4936,3912,87,790,2309,1509,3101,3270,6117,254,2390,2614,2711,1802,1577,2447,2642,3128,2472,5267,2053,3622,966,11465
928,2794,816,3403,3264,1974,4048,166,2161,2780,1669,989,1593,6199,1301,5817,3070,4748,3589,4132,2009,1755,5448,4271,2162,621,3285,6656,635,4031,983,2130,3195,3127,2617,1414,5088,3988,6243,3713,4082,1346,1072,5475,3656,1121,2914,3412,2723,731,4031,1952,3175,2781,2669,3797,1740,3462,2396,2032,4423,4976,3924,95,792,2343,1528,3106,3291,6142,262,2411,2631,2715,1802,1577,2447,2642,3128,2472,5267,2053,3622,966,11488
937,2816,846,3430,3284,2009,4054,174,2200,2815,1691,1005,1613,6238,1319,5827,3102,4796,3609,4145,2042,1756,5448,4271,2162,621,3285,6656,635,4031,983,2130,3195,3127,2617,1414,5088,3988,6243,3713,4082,1346,1072,5475,3656,1121,2914,3412,2723,731,4031,1952,3175,2781,2669,3797,1740,3462,2396,2032,4423,4976,3924,95,792,2343,1528,3106,3291,6142,262,2411,2631,2715,1819,1595,2469,2655,3151,2493,5317,2085,3655,983,11496
937,2816,846,3430,3284,2009,4054,174,2200,2815,1691,1005,1613,6238,1319,5827,3102,4796,3609,4145,2042,1756,5457,4279,2159,621,3291,6656,643,4007,983,2130,3210,3117,2613,1416,5088,3988,6260,3727,4082,1361,1073,5465,3670,1121,2914,3417,2723,731,4007,1955,3170,2781,2674,3797,1732,3468,2396,2032,4423,4976,3924,95,792,2343,1528,3106,3291,6142,262,2411,2631,2715,1819,1595,2469,2655,3151,2493,5317,2085,3655,983,11516
937,2834,844,3447,3284,2006,4054,174,2200,2815,1691,1005,1613,6238,1319,5827,3102,4796,3609,4145,2042,1756,5457,4279,2159,621,3291,6656,643,4007,983,2130,3210,3117,2613,1416,5088,3988,6260,3727,4082,1361,1073,5465,3670,1121,2914,3417,2723,731,4007,1955,3170,2781,2674,3797,1732,3468,2392,2029,4423,4968,3933,87,792,2326,1544,3121,3285,6157,262,2394,2631,2727,1819,1598,2465,2655,3169,2493,5317,2085,3665,983,11532
937,2834,844,3447,3284,2006,4063,174,2183,2797,1691,1022,1629,6238,1327,5845,3116,4788,3609,4139,2042,1766,5430,4265,2159,622,3285,6656,643,4014,983,2130,3200,3132,2617,1424,5088,3975,6260,3713,4082,1346,1081,5475,3656,1121,2914,3412,2723,731,4007,1955,3170,2781,2674,3797,1732,3468,2392,2029,4423,4968,3933,87,792,2326,1544,3121,3285,6157,262,2394,2631,2727,1819,1598,2465,2655,3169,2493,5317,2085,3665,983,11556
937,2834,844,3447,3284,2006,4063,174,2183,2797,1691,1022,1629,6238,1327,5845,3116,4788,3609,4139,2042,1766,5430,4265,2159,622,3285,6656,643,4014,983,2130,3200,3132,2617,1424,5088,3975,6260,3713,4082,1346,1081,5475,3656,1121,2914,3412,2723,731,4014,1952,3170,2785,2674,3797,1742,3468,2396,2035,4423,4984,3933,95,809,2330,1547,3125,3291,6157,262,2411,2631,2731,1822,1598,2481,2657,3151,2506,5317,2088,3665,983,11578
938,2816,831,3452,3269,2006,4063,167,2200,2797,1691,1022,1629,6248,1320,5845,3102,4788,3614,4161,2042,1775,5475,4265,2175,636,3291,6671,636,4031,983,2130,3200,3132,2617,1424,5088,3975,6260,3713,4082,1346,1081,5475,3656,1121,2914,3412,2723,731,4014,1952,3170,2785,2674,3797,1742,3468,2396,2035,4423,4984,3933,95,809,2330,1547,3125,3291,6157,262,2411,2631,2731,1822,1598,2481,2657,3151,2506,5317,2088,3633,983,11590
939,2816,831,3452,3269,2006,4063,167,2200,2797,1691,1022,1629,6248,1320,5845,3102,4788,3614,4161,2042,1775,5475,4265,2175,636,3291,6671,636,4031,983,2130,3200,3132,2617,1416,5088,3988,6260,3713,4082,1361,1073,5475,3656,1121,2918,3401,2708,731,4014,1952,3154,2785,2685,3797,1743,3468,2396,2032,4436,4984,3918,87,792,2326,1544,3125,3291,6157,262,2411,2649,2731,1819,1582,2465,2659,3151,2493,5317,2103,3686,983,11622
939,2816,831,3441,3269,2025,4069,175,2200,2801,1691,1022,1611,6248,1337,5845,3106,4804,3614,4145,2027,1775,5457,4279,2178,637,3291,6671,644,4031,983,2130,3195,3132,2617,1416,5088,3988,6260,3713,4082,1361,1073,5475,3656,1121,2918,3401,2708,731,4014,1952,3154,2785,2685,3797,1743,3468,2396,2032,4436,4984,3918,87,792,2326,1544,3125,3291,6157,262,2411,2649,2731,1819,1582,2465,2659,3151,2493,5317,2103,3686,983,11639
939,2816,831,3441,3269,2025,4069,175,2200,2801,1691,1022,1611,6248,1337,5845,3106,4804,3614,4145,2027,1775,5457,4279,2178,637,3291,6671,644,4031,983,2130,3195,3132,2617,1425,5088,3988,6260,3718,4075,1346,1074,5465,3656,1123,2918,3396,2723,733,4007,1952,3159,2785,2674,3782,1743,3468,2396,2035,4423,4968,3924,87,790,2343,1544,3125,3291,6157,262,2411,2649,2731,1819,1582,2465,2659,3151,2493,5317,2103,3686,983,11656
940,2816,831,3447,3274,2009,4069,167,2200,2797,1691,1022,1613,6232,1338,5845,3116,4780,3614,4161,2027,1786,5457,4265,2162,623,3291,6656,645,4031,969,2130,3200,3132,2617,1418,5079,4002,6233,3718,4082,1346,1075,5475,3675,1121,2918,3417,2708,733,4007,1952,3159,2785,2674,3782,1743,3468,2396,2035,4423,4968,3924,87,790,2343,1528,3125,3291,6142,262,2411,2645,2715,1819,1598,2465,2653,3151,2493,5342,2100,3670,998,11689
940,2816,831,3447,3274,2009,4069,167,2200,2797,1691,1022,1613,6232,1338,5845,3116,4780,3614,4161,2027,1786,5457,4265,2162,623,3291,6656,645,4031,969,2130,3200,3132,2617,1418,5079,4002,6233,3718,4082,1346,1075,5475,3675,1121,2918,3417,2708,733,4014,1955,3170,2785,2678,3782,1745,3468,2396,2032,4408,4968,3933,87,808,2326,1528,3121,3275,6151,262,2411,2617,2731,1819,1598,2481,2661,3151,2506,5325,2118,3670,998,11705
948,2816,832,3452,3269,2009,4069,167,2200,2797,1693,1007,1613,6257,1338,5845,3102,4796,3614,4167,2042,1794,5457,4265,2182,636,3275,6656,644,4014,984,2149,3185,3112,2617,1427,5105,3988,6260,3718,4082,1346,1076,5475,3670,1120,2903,3417,2723,733,4014,1955,3170,2785,2689,3797,1746,3462,2382,2035,4423,4976,3933,87,808,2326,1528,3121,3275,6151,262,2411,2617,2731,1819,1598,2481,2661,3151,2506,5325,2118,3702,998,11739
940,2829,831,3447,3274,2009,4069,175,2179,2797,1674,1007,1613,6248,1339,5845,3116,4780,3624,4145,2042,1786,5457,4279,2182,637,3291,6656,645,4024,983,2133,3195,3112,2617,1426,5088,3988,6260,3718,4082,1361,1075,5475,3675,1123,2903,3417,2723,733,4014,1955,3170,2785,2689,3797,1746,3462,2382,2035,4423,4976,3927,87,790,2340,1528,3111,3291,6157,262,2390,2631,2731,1807,1598,2465,2651,3169,2506,5333,2118,3718,998,11772
948,2834,831,3463,3269,2009,4069,167,2200,2815,1693,1022,1629,6248,1338,5834,3106,4780,3620,4145,2042,1794,5457,4265,2162,622,3291,6656,645,4031,983,2133,3195,3112,2617,1426,5088,3988,6260,3718,4082,1361,1075,5475,3675,1123,2914,3412,2703,741,4014,1952,3170,2785,2674,3787,1738,3468,2396,2035,4414,4968,3969,87,792,2326,1530,3130,3291,6142,263,2407,2635,2736,1807,1595,2465,2655,3151,2510,5325,2118,3718,1000,11806
948,2834,831,3469,3278,2009,4069,167,2196,2801,1693,1022,1629,6248,1338,5834,3106,4780,3620,4145,2042,1794,5457,4265,2162,622,3291,6656,645,4031,983,2130,3195,3117,2617,1426,5088,3988,6260,3718,4075,1346,1075,5465,3670,1121,2918,3401,2708,733,4014,1955,3154,2789,2669,3803,1746,3444,2396,2032,4408,4968,3963,95,792,2340,1547,3111,3275,6151,263,2411,2631,2719,1822,1598,2465,2661,3145,2496,5325,2118,3702,998,11839
948,2834,831,3469,3278,2009,4069,167,2196,2801,1691,1022,1616,6248,1339,5834,3106,4788,3614,4152,2042,1794,5457,4265,2162,622,3291,6681,645,4007,983,2110,3195,3112,2617,1427,5088,3988,6243,3718,4082,1346,1075,5465,3670,1121,2918,3401,2708,733,4014,1955,3154,2789,2669,3803,1746,3444,2396,2032,4408,4968,3963,95,792,2340,1547,3111,3275,6151,263,2411,2631,2719,1822,1598,2465,2661,3145,2496,5325,2118,3702,998,11850
940,2829,831,3469,3278,2009,4069,175,2196,2797,1691,1022,1616,6248,1339,5834,3106,4788,3614,4152,2042,1794,5457,4265,2162,622,3291,6681,645,4007,983,2110,3195,3112,2617,1427,5088,3988,6243,3718,4082,1346,1076,5465,3675,1121,2918,3417,2723,733,4007,1952,3159,2800,2689,3797,1746,3444,2399,2032,4429,4968,3978,95,790,2340,1528,3111,3275,6142,262,2390,2631,2736,1824,1598,2465,2663,3140,2493,5325,2118,3718,998,11873
940,2829,831,3469,3278,2009,4069,175,2196,2797,1693,1008,1632,6248,1347,5817,3102,4788,3614,4145,2042,1794,5448,4279,2166,623,3291,6656,646,4024,983,2130,3204,3117,2617,1427,5087,3988,6254,3724,4082,1346,1068,5465,3656,1123,2918,3401,2708,733,4014,1955,3159,2800,2674,3797,1738,3450,2399,2032,4429,4968,3978,95,790,2340,1528,3111,3275,6142,262,2390,2631,2736,1824,1598,2465,2663,3140,2493,5325,2118,3718,998,11896
948,2829,831,3485,3278,2025,4084,167,2200,2797,1693,1008,1632,6248,1347,5817,3102,4788,3614,4145,2042,1794,5448,4279,2166,623,3291,6656,646,4024,983,2130,3204,3117,2617,1427,5087,3988,6254,3724,4082,1346,1068,5465,3656,1123,2918,3401,2708,733,4014,1955,3159,2800,2674,3797,1738,3450,2396,2035,4436,4968,3963,95,790,2326,1530,3125,3275,6142,262,2403,2631,2731,1822,1598,2465,2663,3163,2493,5333,2118,3702,983,11915
948,2829,831,3485,3278,2025,4084,167,2200,2797,1691,1007,1613,6232,1347,5824,3102,4788,3629,4145,2042,1795,5438,4265,2169,622,3291,6656,645,4024,969,2133,3200,3132,2621,1427,5105,3988,6260,3718,4082,1346,1068,5465,3656,1123,2918,3401,2708,733,4014,1955,3159,2800,2674,3797,1738,3450,2396,2035,4436,4968,3963,95,790,2326,1530,3125,3275,6142,262,2403,2631,2731,1822,1598,2465,2663,3163,2493,5333,2118,3702,983,11945
948,2811,831,3485,3278,2025,4106,175,2196,2815,1693,1022,1613,6232,1347,5834,3102,4788,3629,4145,2042,1794,5438,4265,2169,622,3291,6656,645,4024,969,2133,3200,3132,2621,1427,5105,3988,6260,3718,4082,1346,1076,5465,3670,1123,2903,3401,2727,734,3989,1952,3175,2800,2689,3782,1738,3444,2396,2035,4436,4984,3978,87,790,2326,1530,3125,3275,6142,263,2411,2631,2719,1822,1598,2465,2665,3145,2493,5318,2118,3702,983,11975
948,2829,831,3485,3274,2025,4106,175,2196,2815,1693,1022,1613,6232,1347,5834,3102,4788,3629,4145,2042,1794,5448,4265,2182,637,3291,6666,645,4024,969,2133,3195,3112,2617,1427,5105,3988,6270,3724,4082,1348,1075,5475,3670,1121,2903,3412,2708,741,4007,1952,3170,2800,2689,3797,1746,3444,2399,2032,4414,4968,4015,87,792,2326,1528,3111,3275,6136,263,2411,2631,2719,1822,1582,2465,2663,3145,2493,5342,2133,3696,1000,12007
948,2829,831,3485,3274,2025,4084,167,2196,2797,1674,1022,1613,6232,1338,5845,3102,4788,3620,4129,2045,1794,5430,4265,2162,622,3291,6656,637,4000,955,2130,3200,3117,2617,1427,5096,3988,6260,3718,4082,1346,1076,5465,3670,1123,2918,3417,2723,733,4007,1955,3175,2800,2689,3797,1746,3444,2396,2035,4429,4968,3993,87,790,2340,1530,3111,3275,6127,263,2411,2631,2719,1822,1582,2465,2663,3145,2493,5342,2133,3696,1000,12039
1021,2957,831,3501,3274,2025,4099,167,2200,2801,1693,1022,1613,6248,1339,5845,3102,4788,3614,4145,2042,1786,5440,4271,2182,621,3275,6666,645,4031,969,2149,3185,3117,2617,1427,5105,3988,6254,3713,4082,1359,1076,5475,3670,1123,2903,3401,2723,734,4024,1952,3175,2800,2689,3797,1746,3444,2396,2035,4429,4968,3993,87,790,2340,1530,3111,3275,6127,262,2390,2631,2715,1822,1598,2465,2663,3133,2493,5317,2118,3718,1000,12071
1021,2957,831,3501,3274,2025,4106,167,2200,2797,1693,1020,1629,6242,1340,5817,3074,4764,3594,4123,2024,1794,5430,4246,2146,606,3254,6641,638,3989,954,2113,3180,3096,2617,1427,5105,3988,6254,3713,4082,1359,1076,5475,3670,1123,2903,3401,2723,734,4024,1952,3175,2800,2685,3797,1738,3427,2396,2035,4414,4968,3978,87,790,2326,1530,3111,3275,6142,263,2411,2631,2731,1807,1598,2465,2665,3151,2493,5325,2115,3718,983,12104
1030,2970,831,3501,3269,2025,4106,175,2179,2797,1677,1007,1629,6232,1340,5817,3074,4764,3594,4123,2024,1794,5430,4246,2146,606,3254,6641,638,3989,954,2113,3180,3096,2617,1428,5105,3988,6270,3718,4082,1363,1069,5475,3656,1123,2908,3396,2708,734,4007,1952,3175,2785,2674,3803,1749,3409,2396,2035,4423,4984,4000,87,792,2340,1530,3125,3275,6136,263,2407,2631,2736,1822,1582,2465,2667,3128,2506,5325,2118,3696,983,12139
1030,2970,831,3501,3269,2025,4106,175,2179,2797,1677,1007,1629,6232,1341,5817,3102,4788,3620,4145,2045,1805,5457,4265,2166,621,3280,6666,646,4014,968,2133,3200,3117,2617,1429,5096,3988,6237,3718,4082,1346,1071,5475,3670,1123,2914,3407,2712,743,4007,1952,3175,2785,2674,3803,1749,3409,2396,2035,4423,4984,4000,87,792,2340,1530,3125,3275,6136,263,2407,2631,2736,1822,1582,2465,2667,3128,2506,5325,2118,3696,983,12155
1031,2970,831,3501,3274,2028,4121,167,2196,2797,1674,1007,1613,6227,1350,5834,3102,4788,3635,4152,2045,1808,5448,4279,2166,622,3291,6666,648,4024,968,2133,3200,3117,2617,1429,5096,3988,6237,3718,4082,1346,1071,5475,3670,1123,2914,3407,2712,743,3989,1952,3175,2800,2685,3803,1742,3427,2396,2035,4414,4968,4000,87,808,2326,1547,3111,3275,6136,263,2407,2631,2736,1822,1582,2469,2672,3145,2493,5334,2121,3718,984,12189
1031,2970,831,3501,3274,2028,4121,167,2196,2797,1674,1007,1613,6227,1350,5834,3102,4788,3635,4152,2045,1808,5448,4279,2166,622,3291,6666,648,4024,983,2133,3204,3117,2621,1440,5105,3988,6270,3724,4082,1348,1079,5465,3675,1123,2903,3401,2727,735,3989,1966,3175,2800,2674,3787,1742,3433,2399,2039,4429,4968,4015,87,808,2340,1547,3111,3275,6136,263,2407,2631,2736,1822,1582,2469,2672,3145,2493,5334,2121,3718,984,12205
1024,2970,831,3501,3274,2025,4121,168,2196,2801,1677,1022,1616,6242,1350,5834,3102,4771,3629,4145,2045,1808,5448,4265,2169,623,3291,6651,648,4014,969,2133,3200,3117,2621,1432,5096,3988,6270,3724,4082,1348,1080,5475,3670,1123,2903,3401,2727,735,3989,1966,3175,2800,2674,3787,1742,3433,2399,2039,4429,4968,4015,87,808,2340,1530,3130,3291,6136,264,2411,2649,2736,1822,1598,2469,2672,3151,2506,5342,2106,3702,1000,12239
1024,2975,844,3501,3274,2028,4136,168,2200,2797,1677,1022,1613,6232,1352,5827,3102,4804,3635,4161,2045,1806,5448,4265,2166,622,3291,6666,648,4031,969,2133,3200,3117,2621,1432,5096,3988,6270,3724,4082,1348,1080,5475,3670,1123,2903,3396,2708,744,3989,1952,3159,2800,2689,3787,1744,3427,2396,2035,4429,4984,4045,88,792,2340,1530,3125,3275,6151,264,2407,2631,2736,1824,1595,2469,2672,3133,2493,5325,2103,3702,1000,12271
1024,2975,844,3501,3274,2028,4136,168,2200,2797,1677,1022,1613,6232,1352,5827,3102,4804,3635,4161,2045,1806,5448,4265,2166,622,3291,6666,648,4031,983,2133,3204,3117,2621,1432,5105,3988,6270,3718,4082,1348,1071,5475,3670,1123,2908,3401,2712,744,3989,1955,3159,2800,2689,3803,1744,3409,2396,2035,4429,4984,4045,88,792,2340,1530,3125,3275,6151,264,2407,2631,2736,1824,1595,2469,2672,3133,2493,5325,2103,3702,1000,12276
1024,2975,844,3501,3274,2028,4136,168,2200,2797,1677,1022,1613,6232,1352,5827,3102,4804,3635,4161,2045,1806,5448,4265,2166,622,3291,6666,648,4031,983,2133,3204,3117,2621,1432,5105,3988,6270,3718,4082,1348,1071,5475,3670,1123,2908,3401,2712,744,3989,1955,3159,2800,2689,3803,1744,3409,2396,2035,4421,4984,4121,88,790,2343,1530,3111,3275,6151,263,2407,2631,2719,1824,1582,2469,2669,3145,2493,5325,2106,3702,1000,12298
1023,2975,832,3501,3274,2025,4136,168,2183,2797,1693,1008,1613,6257,1350,5834,3106,4788,3629,4145,2060,1816,5457,4265,2166,623,3291,6666,648,4031,969,2149,3200,3117,2625,1440,5123,3988,6254,3718,4082,1348,1079,5465,3670,1123,2908,3417,2712,744,3989,1966,3175,2804,2689,3787,1742,3427,2396,2035,4421,4984,4121,88,790,2343,1530,3111,3275,6151,263,2407,2631,2719,1824,1582,2469,2669,3145,2493,5325,2106,3702,984,12323
1023,2970,831,3539,3278,2025,4151,175,2196,2797,1696,1022,1613,6227,1350,5827,3102,4796,3629,4145,2048,1816,5457,4265,2166,623,3291,6666,648,4031,969,2149,3200,3117,2625,1440,5123,3988,6254,3718,4082,1348,1079,5465,3670,1123,2908,3417,2712,744,3989,1966,3175,2804,2689,3787,1742,3427,2406,2035,4429,4968,4142,87,790,2326,1547,3130,3291,6136,263,2390,2645,2736,1822,1584,2469,2672,3145,2493,5325,2121,3702,1000,12360
1023,2970,831,3539,3278,2025,4151,175,2196,2797,1696,1022,1613,6227,1350,5827,3102,4796,3629,4145,2048,1816,5448,4265,2166,637,3291,6661,648,4024,982,2133,3200,3117,2625,1432,5096,3975,6264,3724,4082,1348,1079,5465,3670,1125,2908,3417,2712,735,3989,1952,3181,2804,2669,3803,1744,3409,2396,2035,4436,4984,4127,96,789,2340,1547,3130,3291,6136,263,2390,2645,2736,1822,1584,2469,2672,3145,2493,5325,2121,3702,1000,12373
1032,2970,831,3501,3274,2025,4151,176,2196,2815,1693,1007,1616,6236,1352,5817,3116,4788,3620,4129,2045,1806,5448,4265,2169,623,3275,6651,648,4024,969,2120,3200,3122,2621,1440,5079,3988,6254,3709,4066,1348,1079,5465,3670,1125,2908,3417,2712,735,3989,1952,3181,2804,2669,3803,1744,3409,2396,2035,4436,4984,4127,96,789,2340,1547,3111,3275,6136,263,2407,2645,2736,1824,1598,2473,2672,3145,2506,5325,2121,3702,984,12406
1032,2970,844,3539,3293,2044,4166,176,2196,2811,1696,1023,1613,6212,1352,5817,3102,4788,3635,4161,2045,1816,5448,4265,2169,623,3275,6651,648,4024,969,2120,3200,3122,2621,1440,5079,3988,6254,3709,4066,1348,1080,5465,3670,1123,2908,3407,2716,744,3971,1952,3181,2804,2674,3793,1752,3427,2409,2035,4421,4984,4136,96,808,2340,1514,3130,3275,6136,256,2407,2645,2719,1810,1582,2469,2672,3151,2496,5334,2121,3718,1003,12439
1032,2964,844,3539,3293,2044,4166,176,2196,2811,1696,1023,1613,6212,1352,5817,3102,4788,3635,4161,2045,1816,5448,4265,2169,637,3280,6636,648,4014,983,2149,3204,3122,2625,1440,5096,3994,6270,3724,4082,1350,1072,5465,3656,1123,2908,3417,2712,736,3989,1952,3181,2785,2694,3803,1752,3409,2399,2035,4421,4984,4157,88,790,2340,1530,3111,3275,6136,263,2403,2631,2719,1810,1582,2454,2664,3140,2489,5325,2109,3718,984,12466
1032,2964,831,3517,3278,2025,4166,168,2192,2797,1693,1008,1629,6236,1352,5834,3088,4788,3635,4152,2045,1816,5448,4265,2166,637,3291,6651,648,4024,983,2133,3204,3117,2621,1432,5096,3988,6270,3724,4082,1350,1072,5465,3656,1123,2908,3417,2712,736,3989,1952,3181,2785,2694,3803,1752,3409,2399,2035,4421,4984,4157,88,790,2340,1530,3111,3275,6136,263,2403,2631,2719,1810,1582,2454,2664,3140,2489,5325,2109,3718,984,12490
1032,2964,831,3517,3278,2025,4166,168,2192,2797,1693,1008,1629,6236,1352,5834,3088,4788,3635,4152,2045,1816,5448,4265,2166,637,3291,6651,648,4024,983,2133,3204,3117,2621,1432,5096,3988,6243,3724,4082,1350,1072,5465,3670,1123,2908,3423,2720,744,3971,1969,3181,2804,2694,3793,1744,3409,2409,2035,4421,4984,4157,88,789,2340,1514,3130,3280,6136,264,2407,2631,2724,1810,1582,2454,2664,3140,2489,5325,2109,3718,984,12505
1032,2982,831,3517,3278,2025,4166,168,2196,2811,1693,1007,1613,6227,1352,5824,3102,4796,3635,4152,2048,1816,5438,4265,2166,623,3291,6661,648,4017,983,2133,3204,3117,2621,1432,5096,3988,6243,3724,4082,1350,1072,5465,3670,1123,2908,3423,2720,744,3971,1969,3181,2804,2694,3793,1744,3409,2409,2035,4421,4984,4157,88,789,2340,1514,3130,3280,6136,264,2407,2631,2724,1822,1584,2469,2672,3140,2506,5325,2121,3718,984,12527
1032,2982,831,3517,3278,2025,4166,168,2196,2811,1693,1007,1613,6227,1352,5824,3102,4796,3635,4152,2048,1816,5438,4265,2166,623,3291,6661,648,4017,969,2133,3204,3117,2606,1432,5087,3988,6270,3709,4082,1348,1072,5438,3670,1125,2908,3401,2701,744,3947,1955,3181,2804,2685,3793,1752,3385,2409,2035,4400,4992,4157,88,789,2340,1514,3130,3280,6136,264,2407,2631,2724,1822,1584,2469,2672,3140,2506,5325,2121,3718,984,12540
1032,2964,831,3534,3278,2025,4166,168,2196,2811,1693,1023,1613,6212,1352,5824,3102,4796,3635,4152,2048,1816,5438,4265,2166,623,3291,6661,648,4017,969,2133,3204,3117,2606,1432,5087,3988,6270,3709,4082,1348,1072,5438,3670,1125,2908,3401,2701,744,3947,1955,3181,2804,2685,3793,1752,3385,2409,2035,4400,4992,4142,96,788,2340,1530,3115,3275,6130,264,2403,2645,2719,1824,1598,2454,2672,3140,2506,5325,2121,3702,984,12556
1032,2964,831,3534,3278,2025,4166,168,2196,2811,1693,1023,1613,6212,1352,5824,3102,4796,3635,4129,2045,1816,5456,4279,2166,623,3291,6651,640,4017,969,2133,3204,3117,2625,1432,5087,3988,6270,3724,4066,1350,1072,5456,3670,1123,2908,3401,2701,744,3947,1955,3181,2804,2685,3793,1752,3385,2409,2035,4400,4992,4142,96,788,2340,1530,3115,3275,6130,264,2403,2645,2719,1824,1598,2454,2672,3140,2506,5325,2121,3702,984,12573
1032,2964,831,3534,3278,2025,4166,168,2196,2811,1693,1023,1613,6212,1352,5824,3102,4796,3635,4129,2045,1816,5456,4279,2166,623,3291,6651,640,4017,969,2133,3204,3117,2625,1432,5087,3988,6270,3724,4066,1350,1072,5456,3670,1123,2903,3401,2712,744,3922,1952,3175,2804,2689,3793,1750,3380,2409,2035,4421,4984,4142,88,789,2340,1530,3111,3275,6130,264,2403,2645,2719,1824,1598,2454,2672,3140,2506,5325,2121,3702,984,12588
1056,3035,844,3517,3278,2041,4172,168,2192,2811,1693,1007,1613,6221,1352,5824,3106,4788,3635,4145,2048,1816,5465,4265,2166,623,3275,6661,648,4017,969,2137,3204,3117,2625,1432,5087,3988,6254,3724,4082,1365,1080,5456,3656,1123,2903,3401,2712,744,3922,1952,3175,2804,2689,3793,1750,3380,2409,2035,4421,4984,4142,88,789,2340,1530,3111,3275,6130,264,2403,2631,2736,1824,1598,2458,2664,3140,2493,5325,2124,3702,1001,12623
1032,2959,831,3534,3278,2025,4166,168,2192,2797,1693,1023,1613,6221,1360,5824,3102,4796,3635,4145,2048,1824,5456,4265,2169,623,3285,6646,648,4017,969,2137,3204,3117,2625,1432,5087,3988,6254,3724,4082,1365,1080,5456,3656,1123,2903,3401,2712,736,3947,1966,3164,2804,2689,3793,1745,3385,2409,2035,4421,4984,4127,88,788,2343,1530,3115,3254,6145,264,2403,2645,2719,1824,1598,2469,2672,3134,2506,5325,2121,3702,986,12656
1024,2954,829,3501,3259,2022,4151,167,2167,2793,1693,1023,1613,6221,1360,5824,3102,4796,3635,4145,2048,1824,5456,4265,2169,623,3285,6646,648,4017,969,2133,3204,3117,2621,1440,5087,3988,6254,3724,4082,1352,1072,5446,3656,1125,2908,3401,2716,744,3922,1966,3175,2804,2694,3808,1752,3385,2409,2035,4421,4992,4157,96,788,2340,1533,3130,3275,6130,264,2381,2631,2719,1810,1582,2473,2664,3134,2506,5334,2103,3686,986,12690
1024,2954,829,3501,3259,2022,4151,167,2167,2793,1674,1005,1595,6196,1352,5786,3084,4764,3614,4107,2030,1822,5419,4246,2149,621,3254,6636,640,3986,954,2117,3185,3096,2621,1424,5078,3983,6243,3703,4060,1333,1064,5429,3651,1107,2903,3396,2696,728,3922,1966,3175,2804,2694,3808,1752,3385,2409,2035,4421,4992,4157,96,788,2340,1533,3130,3275,6130,264,2381,2631,2719,1810,1582,2473,2664,3134,2506,5334,2103,3686,986,12709
1032,2964,831,3556,3264,2041,4179,168,2192,2797,1696,1008,1613,6221,1361,5824,3102,4779,3635,4145,2048,1833,5438,4265,2169,622,3254,6636,648,4000,954,2117,3185,3096,2621,1424,5078,3983,6243,3703,4060,1333,1064,5429,3651,1107,2903,3396,2696,728,3905,1950,3138,2785,2674,3808,1752,3362,2409,2022,4421,4984,4127,88,788,2326,1533,3115,3275,6130,264,2403,2631,2719,1824,1598,2458,2664,3134,2493,5325,2121,3718,1000,12739
1025,2959,831,3550,3278,2041,4179,168,2192,2797,1696,1008,1613,6221,1361,5824,3102,4779,3635,4145,2048,1833,5438,4265,2169,622,3254,6636,648,4000,983,2120,3204,3117,2625,1441,5087,4002,6280,3724,4066,1352,1080,5456,3670,1125,2908,3407,2720,745,3947,1966,3181,2804,2689,3803,1753,3368,2409,2035,4421,4984,4142,88,789,2343,1533,3115,3280,6124,264,2403,2645,2740,1810,1582,2477,2666,3140,2510,5334,2118,3702,986,12772
1025,2959,831,3550,3278,2041,4166,168,2171,2797,1693,1008,1613,6196,1362,5814,3102,4779,3635,4145,2048,1825,5446,4265,2166,622,3275,6661,649,4000,983,2120,3204,3117,2629,1442,5087,4008,6290,3724,4082,1352,1073,5456,3670,1125,2908,3401,2716,744,3929,1966,3164,2804,2689,3793,1746,3385,2409,2039,4421,4984,4148,96,789,2340,1533,3115,3275,6124,264,2403,2635,2736,1810,1582,2477,2666,3140,2510,5334,2118,3702,986,12806
1041,2982,831,3534,3264,2025,4172,168,2179,2797,1696,1008,1613,6221,1370,5824,3102,4788,3629,4145,2048,1834,5448,4265,2166,637,3270,6646,649,4024,983,2117,3204,3117,2629,1441,5096,4002,6254,3709,4066,1352,1073,5456,3670,1125,2918,3401,2720,744,3971,1952,3175,2804,2689,3808,1745,3391,2409,2039,4421,4984,4148,96,789,2340,1533,3115,3275,6124,264,2403,2635,2736,1824,1579,2473,2668,3134,2493,5318,2106,3718,987,12837
1033,2982,831,3534,3264,2025,4172,168,2179,2797,1696,1008,1613,6221,1370,5824,3102,4788,3629,4145,2048,1834,5448,4265,2166,637,3270,6646,649,4024,983,2117,3204,3117,2629,1441,5096,4002,6254,3709,4066,1352,1073,5456,3670,1125,2918,3401,2720,744,3971,1952,3175,2804,2689,3808,1745,3391,2409,2039,4421,4984,4209,88,790,2340,1533,3115,3275,6094,264,2403,2649,2724,1824,1600,2462,2668,3122,2496,5325,2121,3734,987,12855
1033,2982,844,3539,3278,2041,4179,168,2192,2797,1696,1023,1613,6215,1370,5824,3106,4796,3635,4145,2051,1834,5438,4265,2169,637,3291,6656,657,4017,983,2137,3200,3132,2629,1442,5105,4002,6264,3724,4066,1352,1073,5456,3670,1125,2922,3407,2720,745,3947,1969,3181,2804,2674,3799,1753,3368,2409,2039,4421,4984,4209,88,789,2340,1530,3125,3275,6103,264,2403,2649,2724,1824,1600,2462,2668,3122,2496,5325,2121,3734,987,12887
1033,2970,844,3550,3278,2041,4179,176,2192,2797,1696,1007,1627,6215,1370,5824,3106,4779,3635,4145,2051,1834,5446,4271,2166,623,3291,6656,648,4017,969,2137,3204,3117,2613,1441,5087,3988,6264,3709,4088,1352,1081,5446,3675,1125,2922,3412,2705,745,3947,1966,3164,2804,2674,3799,1753,3368,2409,2039,4421,4984,4209,88,789,2340,1530,3125,3275,6103,264,2403,2645,2719,1824,1600,2462,2678,3140,2506,5334,2121,3718,1004,12921
1033,2982,844,3550,3278,2041,4179,176,2192,2797,1696,1007,1627,6215,1370,5824,3106,4779,3635,4145,2051,1834,5446,4271,2166,623,3291,6656,648,4017,969,2137,3204,3117,2613,1441,5087,3988,6264,3709,4088,1352,1081,5446,3675,1125,2922,3412,2705,745,3947,1966,3164,2804,2685,3784,1746,3380,2409,2039,4421,4984,4209,88,789,2340,1530,3115,3275,6109,264,2403,2617,2740,1822,1579,2462,2666,3140,2493,5334,2136,3734,987,12937
1033,2982,817,3528,3274,2041,4179,168,2192,2811,1693,1023,1613,6215,1362,5814,3102,4796,3635,4145,2036,1826,5446,4252,2169,637,3291,6641,649,4017,969,2117,3204,3117,2629,1442,5105,3988,6264,3709,4066,1352,1073,5456,3670,1123,2908,3401,2720,744,3912,1966,3181,2804,2689,3805,1753,3368,2409,2035,4421,4968,4209,88,789,2340,1549,3130,3291,6100,264,2403,2617,2740,1822,1579,2462,2666,3140,2493,5334,2136,3734,987,12971
1041,2982,844,3539,3278,2041,4179,168,2192,2797,1693,1007,1616,6215,1363,5814,3088,4771,3635,4145,2036,1826,5446,4252,2169,637,3291,6641,649,4017,969,2117,3204,3117,2629,1442,5105,3988,6264,3709,4066,1352,1073,5456,3670,1123,2908,3401,2720,744,3912,1966,3181,2804,2689,3805,1753,3368,2409,2035,4421,4968,4209,88,789,2340,1549,3130,3291,6100,256,2399,2631,2719,1807,1598,2462,2668,3134,2506,5325,2118,3718,987,12987
1041,2982,844,3539,3278,2041,4179,168,2192,2797,1693,1007,1616,6215,1363,5814,3088,4771,3629,4145,2051,1836,5438,4265,2166,623,3291,6646,649,4017,984,2133,3204,3122,2629,1442,5105,3988,6264,3724,4072,1350,1073,5456,3670,1123,2908,3401,2720,744,3912,1966,3181,2804,2689,3805,1753,3368,2409,2035,4421,4968,4209,88,789,2340,1549,3130,3291,6100,256,2399,2631,2719,1807,1598,2462,2668,3134,2506,5325,2118,3718,987,13006
1050,3000,831,3534,3274,2044,4179,168,2189,2811,1693,1008,1613,6215,1371,5842,3102,4796,3635,4145,2051,1836,5456,4265,2166,623,3296,6656,649,4017,983,2149,3204,3117,2629,1442,5105,3988,6264,3724,4072,1350,1073,5456,3670,1123,2903,3401,2720,745,3929,1966,3175,2804,2689,3784,1756,3368,2409,2039,4421,4968,4209,88,789,2326,1530,3130,3275,6094,264,2403,2631,2719,1822,1582,2462,2670,3140,2493,5334,2136,3718,987,13039
1050,3000,831,3534,3274,2044,4179,168,2189,2811,1693,1008,1613,6215,1371,5842,3102,4796,3635,4145,2051,1836,5456,4265,2166,623,3296,6656,649,4017,983,2149,3204,3117,2613,1443,5105,4002,6264,3729,4082,1352,1082,5456,3670,1125,2922,3428,2705,745,3929,1966,3181,2804,2694,3799,1749,3403,2413,2035,4421,4976,4209,88,789,2340,1530,3130,3275,6094,264,2403,2631,2719,1822,1582,2462,2670,3140,2493,5334,2136,3718,987,13054
1050,3000,831,3534,3264,2044,4179,168,2196,2797,1696,994,1616,6215,1371,5824,3102,4788,3635,4136,2066,1844,5456,4265,2166,637,3280,6656,649,4017,969,2133,3204,3117,2613,1443,5087,3988,6264,3724,4082,1352,1074,5456,3670,1140,2908,3423,2720,738,3929,1966,3181,2804,2694,3799,1749,3403,2413,2035,4421,4976,4209,88,789,2340,1530,3130,3275,6109,264,2403,2631,2740,1824,1598,2462,2672,3140,2506,5334,2118,3724,987,13082
1050,3000,831,3534,3264,2044,4179,168,2196,2797,1696,994,1616,6215,1371,5824,3102,4788,3635,4136,2066,1844,5456,4265,2166,637,3280,6656,649,4017,969,2133,3204,3117,2613,1443,5087,3988,6264,3724,4082,1352,1074,5456,3670,1140,2908,3423,2720,738,3922,1952,3159,2804,2689,3799,1748,3368,2409,2035,4421,4968,4194,88,789,2340,1530,3115,3280,6094,264,2403,2631,2740,1824,1598,2462,2672,3140,2506,5334,2118,3724,987,13090
1049,3000,831,3534,3278,2044,4179,168,2192,2797,1696,994,1616,6215,1371,5824,3102,4788,3635,4136,2066,1844,5456,4265,2166,637,3280,6656,649,4017,969,2133,3204,3117,2613,1443,5087,3988,6264,3724,4082,1352,1074,5456,3670,1140,2908,3423,2720,738,3922,1952,3159,2804,2689,3799,1748,3368,2409,2035,4421,4968,4194,88,789,2340,1530,3115,3280,6094,264,2403,2631,2724,1810,1600,2477,2672,3140,2506,5325,2121,3724,987,13106
1049,3000,831,3534,3278,2044,4179,168,2192,2797,1677,1008,1616,6215,1372,5824,3088,4788,3635,4129,2051,1837,5456,4252,2169,623,3296,6656,649,4017,969,2133,3204,3117,2613,1443,5087,3988,6264,3724,4082,1352,1074,5456,3670,1140,2908,3423,2720,738,3922,1952,3159,2804,2689,3799,1748,3368,2409,2035,4421,4968,4194,88,789,2340,1530,3115,3280,6094,264,2403,2631,2724,1810,1600,2477,2672,3140,2506,5325,2121,3724,987,13123
1051,3000,844,3534,3278,2044,4179,168,2175,2797,1677,1008,1616,6215,1372,5824,3088,4788,3635,4129,2051,1837,5456,4252,2169,623,3296,6656,649,4017,969,2133,3204,3117,2629,1444,5087,3988,6254,3724,4066,1352,1075,5456,3670,1123,2908,3417,2705,745,3912,1966,3164,2804,2689,3784,1757,3368,2409,2035,4421,4968,4209,96,789,2340,1530,3115,3275,6094,264,2403,2631,2719,1822,1598,2462,2670,3134,2493,5334,2121,3724,987,13146
1051,3000,844,3534,3278,2044,4179,168,2175,2797,1677,1007,1613,6215,1372,5824,3102,4796,3635,4145,2051,1836,5456,4265,2153,623,3275,6656,650,4017,970,2137,3204,3117,2629,1435,5105,4002,6254,3724,4066,1352,1075,5456,3670,1125,2908,3417,2720,745,3947,1952,3181,2804,2689,3784,1757,3368,2409,2035,4421,4968,4209,96,789,2340,1530,3115,3275,6094,264,2403,2631,2719,1822,1598,2462,2670,3134,2493,5334,2121,3724,987,13173
1051,3000,844,3534,3278,2044,4179,168,2175,2797,1677,1007,1613,6215,1372,5824,3102,4796,3635,4145,2051,1836,5456,4265,2153,623,3275,6656,650,4017,970,2137,3204,3117,2629,1435,5105,4002,6254,3724,4066,1352,1075,5456,3670,1125,2908,3417,2720,745,3947,1952,3181,2804,2705,3799,1748,3385,2409,2039,4421,4968,4209,88,790,2340,1533,3130,3280,6109,256,2403,2635,2740,1824,1584,2477,2672,3134,2493,5334,2121,3724,987,13190
1051,3000,831,3534,3278,2044,4179,168,2175,2797,1696,1008,1613,6231,1371,5807,3106,4779,3629,4158,2054,1845,5438,4265,2169,637,3275,6656,650,4017,970,2137,3204,3117,2629,1435,5105,4002,6254,3724,4066,1352,1075,5456,3670,1125,2908,3417,2720,745,3947,1952,3181,2804,2705,3799,1748,3385,2409,2039,4421,4968,4209,88,790,2340,1533,3130,3280,6109,256,2403,2635,2740,1824,1584,2477,2672,3134,2506,5325,2121,3708,987,13205
1051,3005,846,3556,3278,2025,4179,168,2192,2811,1696,1008,1613,6231,1371,5807,3106,4779,3629,4158,2054,1845,5438,4265,2169,637,3275,6656,650,4017,969,2133,3204,3122,2629,1443,5096,4002,6280,3709,4072,1352,1075,5456,3670,1125,2908,3417,2709,738,3929,1955,3181,2804,2709,3799,1757,3385,2409,2039,4421,4992,4209,88,807,2340,1533,3130,3280,6103,264,2407,2645,2740,1824,1598,2462,2670,3122,2496,5334,2121,3702,989,13240
1051,3005,846,3556,3278,2025,4179,168,2192,2811,1693,1008,1613,6215,1371,5852,3106,4796,3635,4145,2051,1844,5448,4265,2169,623,3291,6641,649,4024,969,2137,3204,3117,2633,1443,5096,4002,6280,3714,4066,1354,1082,5456,3656,1125,2908,3401,2720,737,3947,1966,3175,2789,2689,3805,1748,3385,2396,2035,4421,4984,4216,88,789,2343,1533,3115,3275,6094,264,2407,2631,2724,1824,1598,2462,2670,3122,2496,5334,2121,3702,989,13273
1058,3017,846,3534,3278,2041,4179,168,2196,2797,1696,1008,1613,6215,1371,5807,3102,4771,3635,4145,2054,1837,5448,4252,2166,623,3275,6666,649,4024,969,2117,3204,3117,2629,1443,5096,4002,6264,3724,4066,1339,1074,5465,3675,1125,2908,3401,2724,737,3971,1969,3181,2804,2689,3799,1748,3391,2396,2035,4421,4984,4216,88,789,2343,1533,3115,3275,6094,264,2407,2631,2724,1824,1598,2462,2670,3145,2493,5334,2121,3702,972,13306
1058,3017,831,3534,3278,2041,4164,168,2196,2797,1677,1008,1611,6225,1372,5824,3102,4788,3635,4145,2051,1837,5448,4252,2166,623,3291,6651,650,4007,970,2137,3204,3117,2629,1444,5087,4002,6264,3724,4066,1339,1074,5465,3675,1125,2908,3401,2724,737,3971,1969,3181,2804,2689,3799,1748,3391,2396,2035,4406,4984,4209,88,790,2340,1533,3115,3275,6094,264,2407,2631,2724,1824,1598,2462,2672,3145,2506,5325,2121,3724,989,13339
1058,3017,831,3534,3278,2041,4164,168,2196,2797,1677,1008,1611,6225,1372,5824,3102,4788,3635,4145,2051,1837,5448,4252,2166,623,3291,6651,650,4007,970,2137,3204,3117,2629,1444,5087,4002,6270,3709,4066,1337,1075,5465,3670,1125,2908,3401,2720,738,3954,1952,3181,2804,2689,3805,1749,3409,2396,2039,4421,4968,4216,88,790,2326,1530,3100,3275,6094,264,2407,2631,2724,1824,1598,2462,2672,3145,2506,5325,2121,3724,989,13356
1076,3057,832,3550,3278,2041,4179,168,2179,2815,1680,1008,1611,6225,1380,5817,3102,4771,3635,4145,2051,1845,5448,4252,2169,623,3275,6656,650,4007,969,2137,3204,3117,2613,1444,5096,4002,6264,3709,4082,1354,1076,5465,3656,1125,2908,3401,2709,738,3961,1952,3181,2804,2689,3805,1749,3409,2396,2039,4421,4968,4216,88,790,2326,1530,3100,3275,6094,264,2390,2631,2740,1824,1598,2465,2672,3145,2506,5325,2121,3718,989,13387
1076,3057,832,3550,3278,2041,4179,168,2179,2815,1680,1008,1611,6225,1380,5817,3102,4771,3635,4145,2051,1845,5448,4252,2169,623,3275,6656,650,4007,969,2137,3204,3117,2613,1444,5096,4002,6264,3709,4082,1354,1076,5465,3656,1125,2908,3401,2709,738,3961,1952,3181,2804,2689,3799,1749,3385,2396,2039,4421,4968,4224,88,790,2340,1530,3115,3280,6103,264,2407,2631,2719,1824,1582,2462,2672,3122,2493,5325,2121,3718,989,13406
1067,3057,844,3550,3278,2041,4179,168,2200,2797,1680,1008,1613,6215,1372,5817,3116,4771,3635,4145,2070,1845,5430,4271,2166,623,3270,6641,642,4007,969,2137,3204,3112,2617,1444,5096,3988,6280,3709,4066,1352,1068,5457,3670,1125,2893,3401,2709,730,3954,1952,3181,2804,2689,3805,1751,3409,2409,2039,4427,4984,4246,96,790,2340,1530,3115,3275,6094,264,2407,2631,2719,1824,1582,2462,2672,3122,2493,5325,2121,3712,974,13438
1067,3040,831,3556,3283,2041,4179,168,2179,2797,1696,1008,1613,6210,1372,5817,3102,4771,3635,4145,2082,1845,5448,4252,2169,624,3275,6651,650,4007,969,2137,3189,3132,2613,1445,5105,4002,6264,3724,4066,1339,1075,5475,3670,1123,2893,3407,2720,738,3954,1952,3181,2804,2689,3805,1751,3409,2409,2039,4427,4984,4246,96,790,2340,1530,3115,3275,6094,264,2407,2645,2724,1824,1582,2462,2674,3145,2493,5334,2124,3708,989,13472
1068,3040,831,3556,3278,2041,4170,168,2179,2811,1680,1008,1613,6225,1381,5834,3102,4796,3635,4145,2100,1845,5440,4271,2169,623,3270,6651,650,4007,983,2137,3189,3117,2613,1445,5105,4002,6264,3724,4066,1339,1075,5475,3670,1123,2893,3407,2720,738,3971,1969,3164,2789,2689,3805,1741,3409,2396,2039,4427,4968,4246,96,790,2340,1533,3115,3275,6103,265,2407,2631,2719,1824,1582,2465,2674,3145,2493,5334,2121,3696,974,13505
1076,3057,831,3550,3264,2041,4179,168,2179,2797,1693,1008,1613,6200,1381,5834,3102,4796,3635,4145,2100,1845,5440,4271,2169,623,3270,6651,650,4007,983,2137,3189,3117,2629,1445,5096,4002,6254,3724,4088,1354,1076,5465,3670,1123,2897,3401,2724,730,3971,1952,3181,2804,2689,3805,1749,3415,2396,2039,4427,4968,4240,88,792,2340,1535,3115,3275,6103,257,2407,2631,2724,1842,1582,2465,2674,3151,2506,5325,2121,3702,989,13539
1076,3057,831,3550,3264,2041,4179,168,2179,2797,1693,1008,1613,6200,1372,5827,3102,4796,3635,4145,2085,1855,5440,4265,2169,623,3291,6651,658,4014,969,2120,3204,3117,2629,1444,5096,3988,6280,3724,4072,1354,1068,5465,3670,1125,2908,3401,2705,730,3971,1952,3181,2804,2689,3805,1749,3415,2396,2039,4427,4968,4240,88,792,2340,1535,3115,3275,6103,257,2407,2631,2724,1842,1582,2465,2674,3151,2506,5325,2121,3702,989,13555
1068,3045,831,3572,3283,2044,4185,168,2183,2797,1680,1008,1613,6219,1381,5827,3116,4788,3635,4161,2085,1856,5440,4265,2169,637,3275,6661,651,4007,969,2120,3204,3117,2629,1444,5096,3988,6280,3724,4072,1354,1068,5465,3670,1125,2908,3401,2705,730,3954,1952,3181,2804,2674,3805,1742,3415,2396,2039,4421,4992,4246,96,790,2326,1533,3115,3275,6103,257,2411,2631,2719,1824,1582,2462,2666,3145,2493,5334,2136,3718,989,13589
1068,3045,831,3572,3283,2044,4185,168,2183,2797,1680,1008,1613,6219,1381,5827,3116,4788,3635,4161,2085,1856,5440,4265,2169,637,3275,6661,651,4007,969,2137,3219,3117,2617,1454,5105,3994,6290,3709,4066,1354,1076,5465,3656,1109,2893,3401,2724,731,3954,1952,3175,2804,2689,3799,1752,3409,2399,2039,4421,4984,4246,96,790,2326,1533,3115,3275,6103,257,2411,2631,2719,1824,1582,2462,2666,3145,2493,5334,2136,3718,989,13605
1084,3063,831,3572,3278,2041,4185,168,2165,2797,1696,1008,1616,6210,1382,5827,3106,4779,3635,4145,2070,1864,5457,4271,2169,623,3291,6651,659,4014,970,2137,3209,3117,2637,1454,5096,4008,6264,3709,4082,1354,1076,5465,3656,1109,2893,3401,2724,731,3954,1952,3175,2804,2689,3799,1752,3409,2399,2039,4421,4984,4255,88,790,2343,1530,3115,3275,6079,257,2394,2635,2724,1824,1582,2469,2668,3151,2510,5334,2121,3702,989,13639
1092,3080,844,3572,3278,2041,4179,168,2183,2797,1680,1023,1613,6225,1382,5827,3102,4796,3635,4145,2066,1856,5440,4265,2169,637,3291,6651,659,4014,970,2137,3209,3117,2637,1454,5096,4008,6264,3709,4082,1354,1068,5465,3656,1125,2893,3407,2724,731,3996,1955,3181,2804,2694,3805,1744,3409,2396,2039,4427,4976,4261,88,792,2326,1533,3115,3275,6094,265,2407,2635,2719,1824,1582,2465,2674,3145,2493,5334,2121,3702,989,13672
1101,3110,831,3556,3278,2041,4185,168,2165,2801,1680,1023,1613,6225,1382,5827,3102,4796,3635,4145,2066,1856,5440,4265,2169,637,3275,6641,650,4014,970,2137,3204,3132,2629,1456,5105,4008,6264,3724,4066,1354,1077,5475,3670,1125,2893,3407,2724,739,3978,1952,3164,2804,2689,3805,1751,3415,2409,2039,4421,4968,4277,88,790,2326,1533,3115,3275,6079,265,2411,2635,2724,1827,1582,2465,2668,3151,2506,5334,2121,3686,987,13706
1101,3110,831,3556,3278,2041,4185,168,2165,2801,1693,1008,1600,6210,1382,5809,3106,4788,3635,4145,2070,1864,5440,4265,2166,624,3275,6651,651,4014,984,2120,3189,3117,2633,1454,5105,4002,6264,3724,4066,1354,1077,5475,3656,1125,2908,3423,2724,739,3978,1955,3181,2804,2689,3805,1752,3415,2396,2039,4421,4992,4277,96,792,2343,1530,3115,3259,6082,265,2411,2631,2724,1827,1582,2465,2668,3151,2506,5334,2121,3686,987,13739
1117,3110,832,3566,3278,2041,4192,168,2183,2801,1683,1010,1613,6210,1382,5827,3116,4796,3635,4145,2070,1864,5440,4265,2169,623,3275,6666,651,4014,969,2137,3204,3132,2617,1454,5088,3988,6264,3709,4066,1356,1069,5457,3656,1125,2897,3401,2709,731,3978,1952,3186,2804,2689,3799,1744,3409,2396,2039,4421,4992,4277,96,792,2343,1530,3115,3259,6082,265,2411,2631,2724,1824,1582,2465,2668,3151,2496,5334,2136,3718,989,13772
1126,3151,844,3572,3278,2041,4185,168,2183,2811,1696,1010,1613,6210,1382,5827,3102,4796,3635,4152,2070,1858,5430,4265,2169,623,3280,6651,651,4024,970,2137,3204,3117,2617,1448,5088,3988,6264,3709,4066,1354,1069,5457,3656,1125,2897,3401,2709,731,3978,1952,3186,2804,2689,3799,1744,3409,2396,2022,4413,4984,4298,88,792,2343,1533,3120,3259,6088,257,2394,2631,2724,1824,1582,2469,2668,3151,2493,5334,2136,3718,989,13805
1134,3169,831,3572,3278,2041,4185,168,2179,2797,1696,1010,1613,6210,1382,5809,3102,4779,3640,4145,2085,1866,5430,4265,2169,623,3280,6651,651,4024,970,2137,3204,3117,2617,1448,5088,3988,6264,3709,4066,1354,1077,5475,3661,1125,2893,3401,2724,740,3961,1952,3181,2804,2674,3805,1745,3397,2396,2039,4421,4968,4292,88,792,2343,1533,3130,3275,6088,265,2394,2631,2719,1827,1582,2465,2666,3169,2496,5343,2139,3702,987,13838
1134,3169,831,3572,3278,2041,4185,168,2179,2797,1696,1010,1613,6210,1382,5809,3102,4779,3640,4145,2085,1866,5457,4265,2169,624,3291,6651,651,4014,969,2137,3209,3122,2633,1448,5088,3994,6264,3714,4066,1339,1077,5475,3670,1127,2908,3423,2724,732,3961,1952,3186,2793,2674,3805,1745,3397,2396,2039,4421,4968,4292,88,792,2343,1533,3130,3275,6088,265,2394,2631,2719,1827,1582,2465,2666,3169,2496,5343,2139,3702,987,13854
1133,3151,831,3572,3278,2041,4170,168,2179,2797,1680,1008,1613,6210,1375,5827,3102,4803,3640,4145,2085,1864,5440,4265,2169,637,3275,6651,651,4014,969,2120,3189,3117,2621,1448,5088,3988,6264,3714,4066,1339,1077,5475,3670,1127,2908,3423,2724,732,3961,1952,3186,2793,2674,3789,1745,3397,2396,2039,4427,4984,4292,88,792,2343,1533,3120,3275,6073,257,2390,2617,2724,1824,1598,2462,2660,3151,2493,5334,2121,3718,989,13888
1133,3151,831,3572,3278,2041,4170,168,2179,2797,1680,1008,1613,6210,1375,5827,3102,4803,3640,4145,2085,1864,5440,4265,2169,637,3275,6651,651,4014,969,2120,3189,3117,2621,1448,5088,3988,6264,3709,4066,1337,1069,5475,3661,1109,2893,3401,2724,732,3961,1952,3181,2804,2674,3805,1744,3397,2396,2039,4406,4960,4292,80,792,2326,1533,3120,3275,6073,257,2390,2617,2724,1824,1598,2462,2660,3151,2493,5334,2121,3718,989,13905
1174,3216,831,3572,3264,2041,4170,168,2169,2797,1680,1008,1613,6219,1376,5809,3102,4779,3640,4129,2082,1859,5440,4271,2169,623,3291,6651,651,4014,969,2137,3209,3117,2633,1449,5088,4002,6264,3709,4066,1354,1078,5475,3656,1109,2893,3396,2709,740,3978,1952,3181,2808,2674,3805,1744,3397,2396,2039,4406,4960,4292,80,792,2326,1533,3111,3275,6073,257,2398,2631,2724,1824,1582,2469,2662,3151,2493,5334,2121,3702,989,13938
1174,3216,831,3572,3264,2041,4170,168,2169,2797,1680,1008,1613,6219,1376,5809,3102,4779,3640,4129,2082,1859,5440,4271,2169,623,3291,6651,651,4014,969,2137,3209,3117,2633,1449,5088,4002,6264,3709,4066,1354,1078,5475,3656,1109,2893,3396,2709,740,3978,1952,3181,2808,2689,3805,1745,3415,2396,2039,4421,4976,4307,88,774,2326,1514,3115,3275,6073,257,2394,2617,2724,1827,1582,2465,2662,3151,2493,5334,2124,3702,989,13955
1182,3239,831,3572,3283,2041,4185,168,2183,2815,1696,1010,1613,6234,1383,5820,3102,4796,3635,4145,2085,1858,5449,4265,2173,624,3275,6651,643,4014,969,2120,3189,3122,2617,1448,5088,3988,6264,3714,4066,1339,1069,5475,3656,1125,2912,3401,2709,732,3985,1952,3181,2804,2674,3805,1745,3415,2396,2039,4406,4984,4292,88,792,2326,1514,3115,3275,6073,257,2394,2617,2724,1827,1582,2465,2662,3151,2493,5334,2124,3718,989,13988
1174,3245,831,3572,3264,2041,4185,168,2165,2797,1680,994,1598,6210,1383,5820,3102,4796,3635,4145,2085,1858,5449,4265,2173,624,3275,6651,643,4014,969,2120,3189,3122,2617,1448,5088,3988,6264,3714,4066,1339,1069,5475,3656,1125,2912,3401,2709,732,3985,1952,3181,2804,2674,3805,1745,3415,2396,2039,4406,4984,4292,88,792,2326,1517,3100,3275,6063,265,2394,2617,2707,1824,1582,2469,2662,3151,2493,5334,2121,3702,989,14006
1174,3245,831,3572,3264,2041,4185,168,2165,2797,1680,994,1598,6210,1374,5809,3102,4779,3635,4129,2085,1858,5440,4252,2153,623,3275,6641,651,4014,969,2120,3194,3112,2617,1448,5088,3988,6264,3709,4066,1354,1078,5475,3642,1127,2908,3401,2709,732,3978,1955,3164,2789,2674,3789,1745,3397,2396,2039,4406,4968,4300,88,790,2326,1517,3100,3259,6073,257,2394,2617,2724,1824,1582,2465,2662,3151,2493,5318,2124,3702,989,14037
1198,3268,844,3572,3278,2041,4170,160,2165,2801,1680,1010,1598,6194,1383,5809,3102,4796,3635,4129,2085,1858,5422,4252,2153,624,3275,6641,651,4014,969,2120,3194,3112,2617,1448,5088,3988,6264,3709,4066,1354,1078,5475,3642,1127,2908,3401,2709,732,3978,1955,3164,2789,2674,3789,1745,3397,2396,2039,4406,4968,4300,88,790,2326,1517,3100,3259,6073,257,2394,2617,2724,1824,1582,2465,2662,3151,2493,5318,2124,3702,989,14055
1198,3274,844,3572,3264,2041,4170,168,2165,2797,1680,994,1613,6200,1383,5809,3102,4796,3635,4129,2085,1858,5422,4252,2153,624,3275,6651,643,3996,955,2120,3189,3117,2617,1448,5079,3988,6254,3694,4072,1354,1070,5457,3656,1109,2893,3401,2724,732,3961,1952,3181,2793,2689,3805,1745,3397,2396,2039,4421,4960,4300,88,792,2330,1533,3115,3275,6057,265,2390,2617,2724,1824,1582,2465,2662,3151,2479,5318,2121,3724,974,14089
1198,3274,844,3572,3264,2041,4170,168,2165,2797,1680,994,1613,6200,1383,5809,3102,4771,3635,4145,2085,1859,5430,4265,2169,623,3275,6626,652,3996,955,2120,3189,3117,2633,1449,5088,3988,6247,3714,4066,1339,1069,5457,3656,1109,2908,3401,2709,732,3961,1952,3181,2789,2674,3805,1747,3397,2396,2039,4413,4984,4322,88,792,2326,1517,3115,3264,6057,257,2394,2617,2707,1827,1582,2465,2662,3151,2479,5318,2121,3724,974,14122
1214,3309,844,3578,3268,2044,4170,168,2165,2797,1680,995,1613,6225,1384,5820,3106,4796,3640,4152,2082,1858,5422,4265,2153,623,3280,6651,643,4003,955,2120,3189,3117,2633,1449,5088,3988,6247,3714,4066,1339,1069,5457,3656,1109,2908,3401,2709,732,3961,1952,3181,2789,2674,3805,1747,3397,2396,2039,4413,4984,4322,88,792,2326,1517,3115,3264,6057,257,2394,2617,2707,1827,1582,2465,2662,3151,2493,5318,2136,3702,989,14138
1214,3309,844,3588,3278,2044,4170,161,2165,2801,1680,995,1613,6225,1384,5820,3106,4796,3640,4152,2082,1858,5422,4265,2153,623,3280,6651,643,4003,969,2124,3189,3122,2617,1449,5097,3988,6264,3714,4066,1354,1069,5485,3656,1125,2897,3423,2709,732,3961,1952,3181,2808,2694,3805,1747,3397,2396,2039,4406,4984,4307,88,790,2326,1517,3115,3259,6057,265,2394,2617,2707,1824,1568,2450,2665,3151,2493,5318,2121,3708,989,14171
1214,3309,844,3588,3278,2044,4170,161,2165,2801,1696,1008,1600,6210,1383,5809,3102,4787,3635,4152,2100,1867,5440,4252,2169,623,3275,6651,652,3996,969,2124,3209,3122,2617,1448,5097,3988,6264,3714,4072,1354,1078,5475,3656,1125,2912,3423,2724,732,3961,1966,3181,2793,2694,3805,1745,3403,2396,2039,4421,4992,4307,88,774,2326,1533,3120,3280,6057,265,2394,2631,2724,1827,1584,2465,2673,3151,2493,5318,2121,3708,989,14205
1231,3333,844,3588,3283,2044,4185,169,2186,2797,1699,1008,1616,6210,1384,5809,3106,4779,3635,4145,2100,1866,5432,4252,2169,624,3280,6651,652,4014,969,2117,3189,3122,2629,1449,5088,3988,6258,3699,4057,1339,1070,5457,3656,1109,2908,3423,2709,732,3961,1952,3181,2804,2694,3805,1745,3403,2396,2039,4421,4992,4307,88,774,2326,1533,3120,3280,6057,265,2394,2631,2724,1827,1584,2465,2673,3151,2493,5343,2136,3724,1006,14236
1231,3327,844,3588,3283,2044,4185,169,2186,2797,1699,1008,1616,6210,1384,5809,3106,4779,3635,4145,2100,1866,5432,4252,2169,624,3280,6651,652,4014,969,2117,3189,3122,2629,1449,5088,3988,6258,3699,4057,1339,1070,5457,3656,1109,2908,3423,2709,732,3961,1952,3181,2804,2674,3805,1747,3397,2396,2039,4406,4968,4300,88,792,2340,1514,3115,3275,6057,257,2394,2631,2724,1839,1579,2462,2662,3151,2493,5334,2136,3718,989,14251
1231,3327,831,3572,3264,2041,4170,169,2165,2797,1680,1008,1598,6234,1384,5809,3088,4779,3635,4145,2085,1866,5422,4252,2153,623,3275,6651,644,4014,969,2120,3219,3132,2633,1448,5088,3988,6247,3694,4060,1339,1069,5457,3656,1125,2908,3401,2724,740,3978,1966,3181,2808,2674,3805,1747,3397,2399,2039,4421,4968,4322,88,793,2326,1533,3115,3270,6042,265,2398,2617,2707,1839,1579,2462,2662,3151,2493,5334,2136,3718,989,14289
1239,3362,844,3588,3264,2056,4185,169,2165,2811,1680,1008,1613,6210,1384,5809,3102,4779,3649,4145,2085,1859,5449,4265,2169,637,3291,6651,652,4003,969,2124,3204,3117,2633,1449,5088,4008,6247,3694,4050,1339,1078,5475,3656,1107,2908,3391,2724,740,3961,1952,3181,2804,2674,3805,1747,3397,2399,2039,4421,4968,4322,88,793,2326,1533,3115,3270,6042,265,2398,2617,2707,1824,1582,2492,2665,3151,2493,5334,2136,3696,989,14322
1265,3386,844,3588,3264,2060,4185,169,2165,2811,1680,1008,1613,6210,1384,5809,3102,4779,3649,4145,2085,1859,5449,4265,2169,637,3291,6651,652,4003,969,2124,3204,3117,2633,1449,5088,4008,6247,3694,4050,1339,1078,5475,3656,1107,2908,3391,2724,740,3961,1952,3181,2804,2674,3805,1747,3397,2396,2039,4413,4984,4307,88,792,2326,1533,3115,3275,6042,257,2394,2617,2724,1824,1582,2465,2665,3156,2493,5318,2136,3702,989,14339
1265,3386,844,3588,3264,2060,4179,161,2169,2797,1680,1008,1613,6215,1376,5809,3102,4779,3635,4129,2082,1851,5422,4246,2153,623,3275,6651,652,3996,969,2120,3219,3132,2598,1449,5088,3988,6247,3664,4050,1339,1070,5485,3656,1107,2903,3386,2720,732,3961,1952,3181,2804,2674,3799,1747,3403,2396,2039,4421,4968,4300,88,792,2326,1533,3130,3275,6027,257,2394,2617,2724,1824,1582,2465,2665,3156,2493,5318,2136,3702,989,14372
1256,3397,844,3572,3264,2041,4185,161,2169,2797,1680,994,1598,6200,1384,5820,3102,4779,3649,4145,2085,1859,5432,4271,2173,637,3296,6651,652,4003,969,2140,3219,3117,2617,1449,5088,3988,6247,3679,4066,1337,1070,5494,3670,1123,2908,3401,2724,732,3968,1952,3181,2804,2674,3799,1747,3403,2396,2039,4421,4968,4300,88,792,2326,1533,3130,3275,6027,257,2394,2617,2707,1824,1582,2465,2665,3151,2506,5334,2136,3718,989,14405
1280,3421,844,3588,3278,2041,4170,161,2165,2783,1680,994,1613,6210,1384,5809,3102,4796,3640,4145,2085,1867,5432,4265,2169,624,3275,6651,652,4003,969,2120,3204,3127,2617,1449,5088,3988,6247,3679,4066,1337,1070,5494,3670,1123,2908,3401,2724,732,3968,1952,3181,2804,2674,3805,1745,3403,2396,2039,4421,4968,4322,88,793,2340,1533,3115,3275,6051,265,2394,2617,2724,1824,1582,2450,2673,3151,2493,5318,2139,3718,989,14439
1280,3421,844,3588,3278,2041,4170,161,2165,2783,1680,994,1613,6210,1384,5809,3102,4796,3640,4145,2085,1867,5432,4265,2169,624,3275,6651,652,4003,969,2120,3204,3127,2613,1449,5097,3988,6247,3664,4050,1354,1079,5467,3670,1125,2908,3401,2709,733,3961,1952,3181,2804,2674,3805,1748,3397,2396,2039,4421,4984,4300,88,792,2340,1533,3115,3259,6042,265,2394,2617,2724,1824,1582,2450,2673,3151,2493,5318,2139,3718,989,14456
1273,3415,844,3572,3278,2041,4185,161,2169,2797,1680,1008,1627,6215,1384,5802,3102,4779,3635,4145,2085,1869,5404,4265,2169,623,3270,6651,652,3996,955,2137,3209,3132,2617,1450,5070,3988,6247,3664,4060,1337,1071,5485,3656,1109,2908,3396,2709,733,3961,1952,3181,2804,2674,3805,1748,3397,2396,2039,4421,4984,4300,88,792,2340,1533,3115,3259,6042,257,2394,2617,2724,1824,1582,2465,2667,3139,2479,5318,2139,3696,990,14489
1273,3415,844,3572,3278,2041,4185,161,2169,2797,1680,1008,1627,6215,1384,5802,3102,4779,3635,4145,2085,1869,5404,4265,2169,623,3270,6651,652,3996,955,2137,3209,3132,2617,1450,5070,3988,6247,3664,4060,1337,1071,5485,3656,1109,2908,3396,2709,733,3968,1952,3181,2804,2674,3805,1748,3386,2396,2022,4421,4984,4322,88,792,2326,1533,3115,3270,6042,257,2398,2617,2707,1824,1582,2450,2667,3133,2493,5334,2136,3696,990,14506
1281,3427,846,3588,3278,2056,4185,161,2173,2797,1680,995,1627,6225,1387,5820,3102,4779,3635,4145,2085,1861,5432,4252,2169,623,3291,6641,652,4003,970,2137,3219,3117,2617,1450,5070,3988,6247,3664,4060,1337,1071,5485,3656,1109,2908,3396,2709,733,3968,1952,3181,2804,2674,3805,1748,3386,2396,2022,4421,4984,4322,88,792,2326,1533,3115,3270,6042,257,2398,2617,2707,1824,1582,2450,2667,3133,2493,5334,2136,3718,989,14522
1281,3421,844,3572,3264,2041,4179,161,2165,2797,1696,1010,1632,6225,1387,5820,3102,4779,3635,4145,2085,1861,5432,4252,2169,623,3291,6641,652,4003,970,2137,3219,3117,2613,1451,5097,3988,6247,3684,4066,1339,1071,5467,3656,1125,2922,3401,2724,733,3968,1969,3197,2804,2674,3805,1750,3386,2396,2022,4421,4984,4322,88,793,2326,1517,3130,3275,6003,257,2380,2617,2724,1824,1582,2465,2669,3156,2479,5334,2121,3702,989,14556
1281,3421,844,3572,3264,2041,4179,161,2165,2797,1696,1010,1632,6225,1385,5802,3102,4779,3635,4145,2082,1861,5432,4265,2169,623,3291,6651,652,4003,955,2137,3219,3112,2633,1450,5070,4002,6264,3670,4044,1354,1071,5485,3670,1125,2922,3401,2724,733,3968,1969,3197,2804,2674,3805,1750,3386,2396,2022,4421,4984,4322,88,793,2326,1517,3130,3275,6003,257,2380,2617,2724,1824,1582,2465,2669,3156,2479,5334,2121,3702,989,14571
1281,3421,844,3572,3264,2041,4179,161,2165,2797,1696,1010,1632,6225,1385,5802,3102,4779,3635,4145,2082,1861,5432,4265,2169,623,3291,6651,652,4003,955,2137,3219,3112,2633,1450,5070,4002,6264,3670,4044,1354,1071,5485,3670,1125,2908,3401,2724,741,3968,1966,3181,2808,2674,3805,1748,3403,2399,2042,4427,4984,4300,88,793,2340,1533,3120,3275,6003,265,2398,2617,2724,1824,1566,2465,2669,3156,2479,5334,2121,3702,989,14589
1281,3421,844,3588,3268,2041,4185,161,2169,2797,1680,1008,1613,6215,1377,5792,3088,4779,3635,4145,2085,1869,5422,4252,2169,623,3275,6651,645,3996,955,2137,3219,3112,2633,1450,5070,4002,6264,3670,4044,1354,1071,5485,3670,1125,2908,3401,2724,741,3968,1966,3181,2808,2674,3805,1748,3403,2399,2042,4427,4984,4300,88,793,2340,1533,3120,3275,6003,265,2398,2617,2724,1824,1566,2465,2669,3133,2479,5334,2130,3675,972,14601
1298,3456,832,3588,3264,2056,4179,161,2169,2797,1680,1008,1613,6215,1377,5792,3088,4779,3635,4145,2085,1869,5422,4252,2169,623,3275,6651,645,3996,969,2120,3219,3117,2617,1450,5097,3988,6247,3664,4050,1354,1072,5457,3642,1125,2908,3401,2724,733,3968,1966,3197,2808,2674,3810,1750,3362,2382,2022,4406,4984,4322,88,792,2340,1533,3115,3270,6012,265,2376,2627,2724,1824,1566,2446,2667,3133,2493,5334,2121,3702,989,14639
1298,3456,832,3588,3264,2056,4179,161,2169,2797,1677,1010,1613,6200,1385,5802,3102,4771,3640,4129,2085,1870,5422,4265,2169,623,3275,6641,653,3996,969,2120,3219,3132,2617,1451,5088,4002,6247,3664,4050,1322,1072,5457,3642,1125,2908,3401,2724,733,3968,1966,3197,2808,2674,3810,1750,3362,2382,2022,4406,4984,4322,88,792,2340,1533,3115,3270,6012,265,2376,2627,2724,1824,1566,2446,2667,3133,2493,5334,2121,3702,989,14655
1291,3456,844,3588,3278,2041,4185,161,2169,2797,1680,1008,1613,6215,1395,5792,3102,4779,3635,4145,2085,1870,5432,4252,2169,623,3275,6641,653,3996,969,2120,3219,3132,2617,1451,5088,4002,6247,3664,4050,1322,1072,5457,3656,1109,2908,3401,2724,733,3968,1966,3181,2804,2674,3799,1750,3368,2396,2022,4421,4984,4322,96,793,2323,1517,3115,3259,6003,266,2394,2617,2728,1824,1566,2465,2669,3144,2493,5318,2136,3696,989,14688
1290,3450,844,3588,3264,2041,4185,161,2169,2797,1680,1008,1613,6215,1395,5792,3102,4779,3635,4145,2085,1870,5432,4252,2169,623,3285,6641,653,3996,955,2137,3204,3112,2613,1451,5088,4002,6264,3679,4050,1339,1073,5475,3656,1107,2908,3386,2724,734,3968,1952,3181,2789,2662,3805,1750,3386,2382,2039,4423,4984,4287,88,776,2326,1517,3130,3275,5972,258,2398,2631,2724,1837,1582,2462,2669,3156,2493,5318,2121,3696,987,14722
1290,3450,844,3588,3264,2041,4188,161,2147,2797,1677,1008,1598,6206,1387,5809,3102,4779,3635,4139,2097,1870,5424,4252,2149,623,3275,6641,652,3996,969,2137,3204,3117,2625,1450,5079,3988,6254,3694,4050,1337,1073,5475,3656,1107,2908,3386,2724,734,3968,1952,3181,2789,2662,3805,1750,3386,2382,2039,4423,4984,4287,88,776,2326,1517,3130,3275,5972,258,2398,2631,2724,1837,1582,2462,2669,3156,2493,5318,2121,3696,987,14739
1290,3450,844,3588,3264,2041,4188,161,2147,2797,1677,1008,1598,6206,1387,5809,3102,4779,3635,4139,2097,1870,5424,4252,2149,623,3275,6641,652,3996,969,2137,3204,3117,2625,1450,5079,3988,6254,3694,4050,1337,1072,5467,3670,1125,2908,3401,2720,733,3961,1952,3164,2774,2674,3814,1750,3403,2396,2039,4427,4976,4316,88,776,2340,1533,3130,3280,5942,266,2398,2631,2724,1837,1582,2462,2669,3156,2493,5318,2121,3696,987,14755
1298,3450,846,3588,3264,2041,4194,161,2165,2797,1696,1008,1598,6215,1387,5792,3088,4796,3635,4145,2082,1870,5432,4252,2153,623,3296,6656,645,3996,969,2137,3204,3132,2629,1451,5070,4002,6264,3694,4060,1352,1072,5475,3656,1109,2912,3401,2716,734,3968,1952,3164,2774,2674,3814,1750,3403,2396,2039,4427,4976,4316,88,776,2340,1533,3130,3280,5942,266,2398,2631,2724,1824,1582,2443,2667,3133,2493,5318,2136,3702,986,14789
1307,3468,844,3588,3283,2041,4194,161,2165,2797,1696,1008,1598,6215,1387,5792,3088,4796,3635,4145,2082,1870,5432,4252,2153,623,3296,6656,645,3996,969,2137,3204,3132,2629,1451,5070,4002,6264,3694,4060,1352,1072,5475,3656,1109,2912,3401,2716,734,3968,1952,3164,2774,2694,3799,1750,3380,2396,2035,4421,4992,4300,96,793,2340,1517,3130,3280,5948,266,2398,2631,2724,1837,1582,2458,2669,3139,2493,5334,2136,3702,987,14806
1307,3468,844,3588,3283,2041,4188,161,2165,2797,1683,1008,1613,6206,1395,5792,3102,4779,3635,4145,2097,1879,5422,4265,2153,623,3285,6631,653,4003,969,2120,3204,3122,2613,1451,5097,3988,6258,3714,4066,1337,1071,5475,3656,1125,2908,3401,2716,733,3961,1952,2980,2559,2658,3814,1750,3380,2409,2068,4459,4984,4300,88,792,2340,1517,3125,3270,5942,266,2398,2631,2724,1837,1582,2458,2669,3139,2493,5334,2136,3702,987,14840
1306,3474,846,3599,3274,2041,4179,161,2165,2797,1693,1007,1613,6215,1395,5809,3102,4788,3624,4145,2094,1879,5422,4271,2166,622,3291,6656,653,3996,969,2133,3214,3117,2629,1459,5088,4002,6270,3724,4066,1337,1072,5475,3651,1123,2899,3386,2716,733,3926,1925,2952,2533,2658,3814,1750,3380,2409,2068,4459,4984,4300,88,792,2340,1517,3125,3270,5942,258,2398,2631,2719,1837,1582,2462,2669,3133,2493,5325,2130,3702,986,14871
1306,3479,844,3583,3269,2041,4194,161,2161,2797,1677,1007,1595,6215,1387,5792,3102,4796,3624,4145,2097,1879,5414,4265,2169,622,3291,6641,652,4014,970,2133,3214,3117,2629,1459,5088,4002,6270,3724,4066,1337,1072,5475,3651,1123,2899,3386,2716,733,3926,1925,2952,2533,2658,3814,1750,3374,2409,2084,4488,4984,4300,88,774,2340,1533,3125,3270,5957,266,2394,2631,2703,1819,1582,2443,2669,3145,2493,5325,2115,3702,987,14908
1313,3462,831,3605,3274,2060,4194,161,2165,2797,1677,1007,1613,6215,1385,5792,3102,4796,3624,4145,2097,1879,5414,4265,2169,622,3291,6641,652,4014,970,2133,3214,3117,2610,1458,5088,3988,6254,3688,4050,1350,1070,5457,3656,1123,2918,3401,2720,733,3926,1925,2947,2529,2642,3778,1756,3356,2409,2084,4474,5000,4294,88,792,2326,1530,3125,3275,5933,265,2394,2617,2724,1834,1582,2458,2665,3151,2493,5309,2118,3702,987,14934
1313,3462,831,3605,3274,2060,4194,161,2165,2797,1677,1007,1613,6215,1385,5792,3102,4796,3624,4145,2094,1869,5422,4265,2166,622,3275,6641,652,3996,969,2117,3210,3132,2629,1458,5088,3988,6254,3694,4066,1337,1079,5465,3656,1123,2922,3401,2720,741,3926,1925,2952,2533,2658,3799,1756,3339,2409,2084,4474,4992,4316,88,792,2340,1530,3125,3275,5933,265,2394,2617,2724,1834,1582,2458,2665,3151,2493,5309,2118,3702,987,14956
1313,3485,831,3599,3274,2037,4188,161,2161,2797,1693,1007,1598,6206,1385,5792,3102,4796,3624,4145,2094,1869,5422,4265,2166,622,3275,6641,652,3996,969,2117,3210,3132,2629,1458,5088,3988,6254,3694,4066,1337,1079,5465,3656,1123,2922,3401,2720,741,3926,1925,2952,2533,2658,3799,1756,3339,2409,2084,4474,4992,4316,88,792,2340,1530,3125,3275,5933,257,2394,2631,2719,1837,1582,2443,2667,3151,2493,5325,2133,3702,987,14973
1313,3485,831,3599,3274,2037,4188,161,2161,2797,1693,1007,1598,6206,1376,5782,3088,4788,3629,4139,2094,1869,5422,4271,2166,622,3275,6641,653,4014,969,2133,3214,3117,2629,1458,5088,3988,6254,3694,4066,1337,1079,5465,3656,1123,2922,3401,2720,741,3926,1925,2952,2533,2658,3799,1756,3339,2409,2084,4474,4992,4316,88,792,2340,1530,3125,3275,5933,257,2394,2631,2719,1837,1582,2443,2667,3151,2493,5325,2133,3702,987,14988
1313,3485,831,3599,3274,2037,4188,161,2161,2797,1693,1007,1598,6206,1376,5782,3088,4788,3629,4139,2094,1869,5422,4271,2166,622,3275,6641,653,4014,969,2133,3214,3117,2625,1450,5079,4002,6254,3688,4050,1350,1072,5465,3656,1123,2928,3396,2720,741,3926,1925,2947,2548,2662,3814,1748,3327,2409,2084,4474,5007,4316,88,792,2340,1530,3125,3275,5933,257,2394,2631,2719,1837,1582,2443,2667,3151,2493,5325,2133,3702,987,14994
1314,3485,846,3583,3274,2041,4188,153,2165,2797,1693,1007,1598,6206,1376,5782,3088,4788,3629,4139,2094,1869,5422,4271,2166,622,3275,6641,653,4014,969,2133,3214,3117,2625,1450,5079,4002,6254,3688,4050,1350,1072,5465,3656,1123,2928,3396,2720,741,3926,1925,2947,2548,2662,3814,1748,3327,2409,2084,4474,5007,4294,88,774,2323,1530,3125,3275,5948,265,2394,2631,2719,1824,1582,2458,2667,3133,2493,5325,2133,3718,987,15022
1314,3485,846,3583,3274,2041,4188,153,2165,2797,1693,1007,1598,6206,1385,5792,3102,4788,3644,4145,2097,1869,5422,4265,2169,623,3291,6631,653,3996,969,2133,3214,3132,2610,1451,5088,4002,6254,3679,4066,1337,1072,5457,3656,1125,2918,3401,2731,741,3943,1939,2947,2533,2646,3793,1758,3380,2409,2084,4474,4984,4309,88,793,2326,1533,3140,3275,5948,266,2380,2631,2719,1822,1582,2462,2669,3151,2475,5334,2133,3718,987,15056
1313,3503,844,3583,3274,2041,4188,161,2165,2797,1677,1007,1598,6215,1387,5792,3102,4771,3649,4145,2097,1879,5404,4252,2149,623,3291,6641,653,3996,969,2117,3195,3132,2610,1459,5088,3988,6270,3709,4066,1337,1072,5475,3656,1123,2918,3401,2720,733,3943,1925,2947,2537,2642,3799,1750,3368,2409,2084,4480,4984,4300,88,792,2326,1530,3140,3275,5957,266,2380,2631,2719,1822,1582,2462,2669,3151,2475,5334,2133,3702,987,15090
1322,3503,844,3599,3274,2041,4194,161,2165,2797,1693,1007,1613,6206,1387,5792,3102,4788,3635,4145,2097,1879,5404,4252,2149,622,3275,6631,653,4014,969,2137,3219,3117,2613,1451,5088,4002,6264,3674,4050,1337,1072,5475,3670,1125,2918,3401,2720,733,3943,1925,2947,2537,2642,3799,1750,3368,2409,2084,4480,4984,4300,88,792,2326,1530,3140,3275,5957,266,2376,2631,2719,1839,1566,2462,2669,3151,2496,5325,2133,3702,987,15122
1322,3503,844,3599,3278,2041,4194,161,2165,2797,1677,1008,1598,6206,1387,5792,3120,4788,3644,4145,2097,1879,5422,4252,2169,623,3275,6631,653,4014,969,2137,3219,3117,2613,1451,5088,4002,6264,3674,4050,1337,1072,5475,3670,1125,2918,3401,2716,733,3943,1939,2952,2551,2658,3799,1750,3380,2409,2084,4474,4984,4309,88,774,2340,1530,3140,3275,5933,258,2394,2617,2719,1837,1582,2462,2669,3151,2493,5325,2133,3708,987,15154
1322,3503,844,3583,3274,2041,4194,161,2161,2797,1677,1008,1598,6206,1387,5792,3120,4788,3644,4145,2097,1879,5422,4252,2169,623,3296,6641,653,4021,969,2137,3214,3132,2610,1459,5088,4008,6254,3694,4072,1337,1072,5475,3670,1125,2918,3396,2720,750,3884,1939,2947,2548,2658,3799,1750,3345,2409,2084,4474,5000,4324,88,774,2340,1533,3140,3280,5942,266,2394,2631,2719,1822,1584,2458,2671,3151,2506,5334,2118,3702,986,15189
1322,3503,844,3583,3274,2041,4194,161,2161,2797,1677,1007,1629,6215,1396,5792,3102,4779,3644,4145,2097,1879,5413,4265,2153,622,3291,6656,653,4014,955,2117,3214,3132,2613,1460,5088,4002,6264,3688,4066,1335,1072,5475,3670,1125,2918,3396,2720,750,3884,1939,2947,2548,2658,3799,1750,3345,2409,2084,4474,5000,4324,88,774,2340,1533,3140,3280,5942,266,2394,2631,2719,1822,1584,2458,2671,3151,2506,5334,2118,3702,986,15205
1322,3503,844,3599,3274,2041,4194,153,2165,2797,1693,1005,1613,6215,1396,5792,3088,4788,3644,4145,2097,1879,5413,4265,2153,622,3291,6656,653,4014,955,2117,3214,3132,2613,1460,5088,4002,6264,3688,4066,1335,1072,5475,3656,1123,2914,3401,2720,733,3926,1925,2947,2533,2658,3799,1758,3345,2409,2088,4474,4984,4316,96,790,2326,1514,3121,3275,5942,266,2394,2617,2724,1837,1582,2446,2669,3151,2493,5350,2133,3702,986,15237
1322,3503,844,3599,3274,2041,4194,153,2165,2797,1693,1005,1613,6215,1396,5792,3088,4788,3644,4145,2097,1879,5422,4265,2166,622,3291,6641,653,4014,969,2137,3214,3127,2610,1459,5070,4002,6264,3709,4066,1337,1072,5475,3656,1125,2918,3407,2716,742,3926,1925,2947,2533,2658,3799,1758,3345,2409,2088,4474,4984,4316,96,790,2326,1514,3121,3275,5942,266,2394,2617,2724,1837,1582,2446,2669,3151,2493,5350,2133,3702,986,15256
1330,3503,844,3599,3274,2041,4172,161,2161,2797,1693,1007,1598,6215,1396,5792,3102,4788,3649,4145,2097,1880,5432,4265,2166,622,3291,6641,653,3996,969,2133,3214,3132,2613,1451,5088,4002,6264,3709,4066,1337,1072,5475,3656,1125,2918,3407,2716,742,3943,1925,2952,2548,2658,3799,1750,3356,2413,2084,4474,5000,4294,88,790,2340,1514,3145,3275,5957,266,2394,2631,2719,1839,1582,2462,2671,3151,2479,5334,2133,3702,987,15288
1330,3503,844,3599,3274,2041,4172,161,2161,2797,1693,1007,1598,6215,1396,5792,3102,4788,3649,4145,2097,1880,5432,4265,2166,622,3291,6641,653,3996,969,2133,3214,3132,2613,1451,5088,4002,6270,3688,4066,1352,1080,5475,3670,1125,2918,3401,2720,733,3943,1941,2952,2548,2674,3799,1751,3362,2396,2084,4474,5000,4316,96,792,2340,1530,3145,3275,5957,266,2394,2631,2719,1839,1582,2462,2671,3151,2479,5334,2133,3702,987,15305
1330,3521,844,3599,3274,2041,4194,161,2165,2797,1693,1008,1613,6215,1387,5792,3106,4788,3644,4145,2097,1879,5404,4252,2166,622,3291,6641,653,4007,969,2133,3214,3122,2629,1451,5088,4002,6270,3688,4066,1352,1080,5475,3670,1125,2918,3401,2720,733,3943,1941,2952,2548,2674,3799,1751,3362,2396,2084,4474,5000,4316,96,792,2340,1530,3145,3275,5957,266,2394,2635,2719,1837,1582,2462,2669,3151,2493,5334,2136,3708,972,15323
1331,3521,844,3599,3274,2041,4194,161,2165,2797,1693,1008,1613,6215,1387,5792,3106,4788,3644,4145,2097,1879,5404,4252,2166,622,3291,6641,653,4007,969,2133,3214,3122,2629,1451,5088,4002,6254,3679,4066,1337,1072,5457,3656,1123,2918,3401,2716,733,3936,1939,2952,2533,2658,3799,1759,3362,2406,2088,4467,4984,4316,88,774,2330,1549,3145,3291,5933,266,2390,2617,2724,1837,1582,2446,2663,3145,2493,5334,2133,3702,987,15356
1331,3521,844,3599,3274,2056,4188,161,2165,2797,1696,1007,1616,6215,1396,5792,3102,4796,3644,4145,2094,1880,5422,4252,2166,623,3291,6641,653,3996,957,2117,3214,3132,2613,1460,5088,4002,6254,3674,4050,1337,1073,5475,3656,1125,2918,3401,2716,733,3926,1939,2952,2551,2658,3799,1759,3327,2427,2088,4474,4984,4331,96,790,2340,1549,3145,3291,5933,266,2390,2617,2724,1837,1582,2446,2663,3145,2493,5334,2133,3702,987,15388
1331,3521,844,3605,3278,2044,4194,161,2161,2801,1677,1007,1613,6215,1396,5799,3102,4812,3644,4145,2097,1880,5413,4257,2169,622,3291,6641,653,3989,969,2137,3219,3132,2613,1460,5088,4002,6254,3674,4050,1337,1073,5475,3656,1125,2918,3401,2716,733,3926,1939,2952,2551,2658,3799,1759,3327,2427,2088,4474,4984,4331,96,790,2340,1530,3145,3275,5942,266,2407,2635,2724,1837,1582,2462,2663,3151,2493,5334,2133,3702,987,15406
1331,3521,844,3605,3278,2044,4194,161,2161,2801,1677,1007,1613,6215,1396,5799,3102,4812,3644,4145,2097,1880,5413,4257,2169,622,3291,6641,653,3989,969,2137,3219,3132,2610,1451,5088,4002,6264,3674,4050,1352,1073,5475,3661,1123,2922,3407,2720,742,3926,1939,2947,2533,2658,3799,1759,3362,2409,2088,4480,5000,4331,96,790,2340,1530,3145,3275,5942,266,2407,2635,2724,1837,1582,2462,2663,3151,2493,5334,2133,3702,987,15423
1332,3544,844,3605,3274,2044,4179,161,2165,2801,1696,1007,1613,6215,1396,5792,3102,4796,3644,4152,2112,1888,5422,4257,2169,622,3296,6656,653,3996,969,2137,3214,3132,2629,1462,5088,4002,6280,3709,4066,1352,1073,5475,3670,1125,2922,3401,2720,735,3968,1941,2952,2548,2662,3814,1759,3362,2409,2084,4495,5000,4300,96,793,2340,1530,3145,3280,5957,266,2394,2617,2724,1837,1582,2458,2673,3139,2506,5334,2133,3724,987,15579
1332,3544,844,3605,3274,2044,4179,161,2165,2801,1696,1007,1613,6215,1396,5792,3102,4796,3644,4152,2112,1888,5422,4257,2169,622,3296,6656,653,3996,969,2133,3214,3137,2629,1462,5105,4002,6280,3724,4066,1337,1073,5475,3656,1125,2922,3401,2720,743,3950,1939,2952,2537,2662,3799,1759,3380,2409,2104,4480,4984,4300,96,793,2340,1533,3145,3264,5951,266,2380,2635,2724,1837,1582,2458,2673,3139,2506,5334,2133,3724,987,15594
1340,3538,844,3621,3278,2060,4194,161,2165,2801,1696,1008,1598,6215,1397,5802,3106,4796,3649,4129,2097,1882,5414,4265,2153,608,3291,6641,662,4021,969,2137,3204,3137,2629,1453,5114,4008,6280,3724,4066,1337,1073,5475,3656,1125,2922,3401,2720,743,3950,1939,2952,2537,2662,3799,1759,3380,2409,2104,4480,4984,4300,96,793,2340,1533,3145,3264,5951,266,2380,2635,2724,1839,1582,2446,2663,3156,2510,5334,2136,3702,987,15623
1340,3538,844,3599,3274,2044,4194,161,2169,2797,1696,1008,1598,6215,1397,5802,3106,4796,3649,4129,2097,1882,5414,4265,2153,608,3291,6641,662,4021,969,2137,3204,3137,2629,1453,5114,4008,6280,3724,4066,1337,1073,5467,3656,1125,2922,3401,2720,734,3926,1939,2947,2533,2662,3799,1751,3327,2413,2104,4495,5000,4331,96,773,2340,1533,3140,3275,5942,266,2398,2635,2724,1839,1566,2462,2673,3151,2493,5334,2133,3708,987,15654
